NDIME= 2
NELEM= 2048
9 0 64 65 1
9 1 65 66 2
9 2 66 67 3
9 3 67 68 4
9 4 68 69 5
9 5 69 70 6
9 6 70 71 7
9 7 71 72 8
9 8 72 73 9
9 9 73 74 10
9 10 74 75 11
9 11 75 76 12
9 12 76 77 13
9 13 77 78 14
9 14 78 79 15
9 15 79 80 16
9 16 80 81 17
9 17 81 82 18
9 18 82 83 19
9 19 83 84 20
9 20 84 85 21
9 21 85 86 22
9 22 86 87 23
9 23 87 88 24
9 24 88 89 25
9 25 89 90 26
9 26 90 91 27
9 27 91 92 28
9 28 92 93 29
9 29 93 94 30
9 30 94 95 31
9 31 95 96 32
9 32 96 97 33
9 33 97 98 34
9 34 98 99 35
9 35 99 100 36
9 36 100 101 37
9 37 101 102 38
9 38 102 103 39
9 39 103 104 40
9 40 104 105 41
9 41 105 106 42
9 42 106 107 43
9 43 107 108 44
9 44 108 109 45
9 45 109 110 46
9 46 110 111 47
9 47 111 112 48
9 48 112 113 49
9 49 113 114 50
9 50 114 115 51
9 51 115 116 52
9 52 116 117 53
9 53 117 118 54
9 54 118 119 55
9 55 119 120 56
9 56 120 121 57
9 57 121 122 58
9 58 122 123 59
9 59 123 124 60
9 60 124 125 61
9 61 125 126 62
9 62 126 127 63
9 63 127 64 0
9 64 128 129 65
9 65 129 130 66
9 66 130 131 67
9 67 131 132 68
9 68 132 133 69
9 69 133 134 70
9 70 134 135 71
9 71 135 136 72
9 72 136 137 73
9 73 137 138 74
9 74 138 139 75
9 75 139 140 76
9 76 140 141 77
9 77 141 142 78
9 78 142 143 79
9 79 143 144 80
9 80 144 145 81
9 81 145 146 82
9 82 146 147 83
9 83 147 148 84
9 84 148 149 85
9 85 149 150 86
9 86 150 151 87
9 87 151 152 88
9 88 152 153 89
9 89 153 154 90
9 90 154 155 91
9 91 155 156 92
9 92 156 157 93
9 93 157 158 94
9 94 158 159 95
9 95 159 160 96
9 96 160 161 97
9 97 161 162 98
9 98 162 163 99
9 99 163 164 100
9 100 164 165 101
9 101 165 166 102
9 102 166 167 103
9 103 167 168 104
9 104 168 169 105
9 105 169 170 106
9 106 170 171 107
9 107 171 172 108
9 108 172 173 109
9 109 173 174 110
9 110 174 175 111
9 111 175 176 112
9 112 176 177 113
9 113 177 178 114
9 114 178 179 115
9 115 179 180 116
9 116 180 181 117
9 117 181 182 118
9 118 182 183 119
9 119 183 184 120
9 120 184 185 121
9 121 185 186 122
9 122 186 187 123
9 123 187 188 124
9 124 188 189 125
9 125 189 190 126
9 126 190 191 127
9 127 191 128 64
9 128 192 193 129
9 129 193 194 130
9 130 194 195 131
9 131 195 196 132
9 132 196 197 133
9 133 197 198 134
9 134 198 199 135
9 135 199 200 136
9 136 200 201 137
9 137 201 202 138
9 138 202 203 139
9 139 203 204 140
9 140 204 205 141
9 141 205 206 142
9 142 206 207 143
9 143 207 208 144
9 144 208 209 145
9 145 209 210 146
9 146 210 211 147
9 147 211 212 148
9 148 212 213 149
9 149 213 214 150
9 150 214 215 151
9 151 215 216 152
9 152 216 217 153
9 153 217 218 154
9 154 218 219 155
9 155 219 220 156
9 156 220 221 157
9 157 221 222 158
9 158 222 223 159
9 159 223 224 160
9 160 224 225 161
9 161 225 226 162
9 162 226 227 163
9 163 227 228 164
9 164 228 229 165
9 165 229 230 166
9 166 230 231 167
9 167 231 232 168
9 168 232 233 169
9 169 233 234 170
9 170 234 235 171
9 171 235 236 172
9 172 236 237 173
9 173 237 238 174
9 174 238 239 175
9 175 239 240 176
9 176 240 241 177
9 177 241 242 178
9 178 242 243 179
9 179 243 244 180
9 180 244 245 181
9 181 245 246 182
9 182 246 247 183
9 183 247 248 184
9 184 248 249 185
9 185 249 250 186
9 186 250 251 187
9 187 251 252 188
9 188 252 253 189
9 189 253 254 190
9 190 254 255 191
9 191 255 192 128
9 192 256 257 193
9 193 257 258 194
9 194 258 259 195
9 195 259 260 196
9 196 260 261 197
9 197 261 262 198
9 198 262 263 199
9 199 263 264 200
9 200 264 265 201
9 201 265 266 202
9 202 266 267 203
9 203 267 268 204
9 204 268 269 205
9 205 269 270 206
9 206 270 271 207
9 207 271 272 208
9 208 272 273 209
9 209 273 274 210
9 210 274 275 211
9 211 275 276 212
9 212 276 277 213
9 213 277 278 214
9 214 278 279 215
9 215 279 280 216
9 216 280 281 217
9 217 281 282 218
9 218 282 283 219
9 219 283 284 220
9 220 284 285 221
9 221 285 286 222
9 222 286 287 223
9 223 287 288 224
9 224 288 289 225
9 225 289 290 226
9 226 290 291 227
9 227 291 292 228
9 228 292 293 229
9 229 293 294 230
9 230 294 295 231
9 231 295 296 232
9 232 296 297 233
9 233 297 298 234
9 234 298 299 235
9 235 299 300 236
9 236 300 301 237
9 237 301 302 238
9 238 302 303 239
9 239 303 304 240
9 240 304 305 241
9 241 305 306 242
9 242 306 307 243
9 243 307 308 244
9 244 308 309 245
9 245 309 310 246
9 246 310 311 247
9 247 311 312 248
9 248 312 313 249
9 249 313 314 250
9 250 314 315 251
9 251 315 316 252
9 252 316 317 253
9 253 317 318 254
9 254 318 319 255
9 255 319 256 192
9 256 320 321 257
9 257 321 322 258
9 258 322 323 259
9 259 323 324 260
9 260 324 325 261
9 261 325 326 262
9 262 326 327 263
9 263 327 328 264
9 264 328 329 265
9 265 329 330 266
9 266 330 331 267
9 267 331 332 268
9 268 332 333 269
9 269 333 334 270
9 270 334 335 271
9 271 335 336 272
9 272 336 337 273
9 273 337 338 274
9 274 338 339 275
9 275 339 340 276
9 276 340 341 277
9 277 341 342 278
9 278 342 343 279
9 279 343 344 280
9 280 344 345 281
9 281 345 346 282
9 282 346 347 283
9 283 347 348 284
9 284 348 349 285
9 285 349 350 286
9 286 350 351 287
9 287 351 352 288
9 288 352 353 289
9 289 353 354 290
9 290 354 355 291
9 291 355 356 292
9 292 356 357 293
9 293 357 358 294
9 294 358 359 295
9 295 359 360 296
9 296 360 361 297
9 297 361 362 298
9 298 362 363 299
9 299 363 364 300
9 300 364 365 301
9 301 365 366 302
9 302 366 367 303
9 303 367 368 304
9 304 368 369 305
9 305 369 370 306
9 306 370 371 307
9 307 371 372 308
9 308 372 373 309
9 309 373 374 310
9 310 374 375 311
9 311 375 376 312
9 312 376 377 313
9 313 377 378 314
9 314 378 379 315
9 315 379 380 316
9 316 380 381 317
9 317 381 382 318
9 318 382 383 319
9 319 383 320 256
9 320 384 385 321
9 321 385 386 322
9 322 386 387 323
9 323 387 388 324
9 324 388 389 325
9 325 389 390 326
9 326 390 391 327
9 327 391 392 328
9 328 392 393 329
9 329 393 394 330
9 330 394 395 331
9 331 395 396 332
9 332 396 397 333
9 333 397 398 334
9 334 398 399 335
9 335 399 400 336
9 336 400 401 337
9 337 401 402 338
9 338 402 403 339
9 339 403 404 340
9 340 404 405 341
9 341 405 406 342
9 342 406 407 343
9 343 407 408 344
9 344 408 409 345
9 345 409 410 346
9 346 410 411 347
9 347 411 412 348
9 348 412 413 349
9 349 413 414 350
9 350 414 415 351
9 351 415 416 352
9 352 416 417 353
9 353 417 418 354
9 354 418 419 355
9 355 419 420 356
9 356 420 421 357
9 357 421 422 358
9 358 422 423 359
9 359 423 424 360
9 360 424 425 361
9 361 425 426 362
9 362 426 427 363
9 363 427 428 364
9 364 428 429 365
9 365 429 430 366
9 366 430 431 367
9 367 431 432 368
9 368 432 433 369
9 369 433 434 370
9 370 434 435 371
9 371 435 436 372
9 372 436 437 373
9 373 437 438 374
9 374 438 439 375
9 375 439 440 376
9 376 440 441 377
9 377 441 442 378
9 378 442 443 379
9 379 443 444 380
9 380 444 445 381
9 381 445 446 382
9 382 446 447 383
9 383 447 384 320
9 384 448 449 385
9 385 449 450 386
9 386 450 451 387
9 387 451 452 388
9 388 452 453 389
9 389 453 454 390
9 390 454 455 391
9 391 455 456 392
9 392 456 457 393
9 393 457 458 394
9 394 458 459 395
9 395 459 460 396
9 396 460 461 397
9 397 461 462 398
9 398 462 463 399
9 399 463 464 400
9 400 464 465 401
9 401 465 466 402
9 402 466 467 403
9 403 467 468 404
9 404 468 469 405
9 405 469 470 406
9 406 470 471 407
9 407 471 472 408
9 408 472 473 409
9 409 473 474 410
9 410 474 475 411
9 411 475 476 412
9 412 476 477 413
9 413 477 478 414
9 414 478 479 415
9 415 479 480 416
9 416 480 481 417
9 417 481 482 418
9 418 482 483 419
9 419 483 484 420
9 420 484 485 421
9 421 485 486 422
9 422 486 487 423
9 423 487 488 424
9 424 488 489 425
9 425 489 490 426
9 426 490 491 427
9 427 491 492 428
9 428 492 493 429
9 429 493 494 430
9 430 494 495 431
9 431 495 496 432
9 432 496 497 433
9 433 497 498 434
9 434 498 499 435
9 435 499 500 436
9 436 500 501 437
9 437 501 502 438
9 438 502 503 439
9 439 503 504 440
9 440 504 505 441
9 441 505 506 442
9 442 506 507 443
9 443 507 508 444
9 444 508 509 445
9 445 509 510 446
9 446 510 511 447
9 447 511 448 384
9 448 512 513 449
9 449 513 514 450
9 450 514 515 451
9 451 515 516 452
9 452 516 517 453
9 453 517 518 454
9 454 518 519 455
9 455 519 520 456
9 456 520 521 457
9 457 521 522 458
9 458 522 523 459
9 459 523 524 460
9 460 524 525 461
9 461 525 526 462
9 462 526 527 463
9 463 527 528 464
9 464 528 529 465
9 465 529 530 466
9 466 530 531 467
9 467 531 532 468
9 468 532 533 469
9 469 533 534 470
9 470 534 535 471
9 471 535 536 472
9 472 536 537 473
9 473 537 538 474
9 474 538 539 475
9 475 539 540 476
9 476 540 541 477
9 477 541 542 478
9 478 542 543 479
9 479 543 544 480
9 480 544 545 481
9 481 545 546 482
9 482 546 547 483
9 483 547 548 484
9 484 548 549 485
9 485 549 550 486
9 486 550 551 487
9 487 551 552 488
9 488 552 553 489
9 489 553 554 490
9 490 554 555 491
9 491 555 556 492
9 492 556 557 493
9 493 557 558 494
9 494 558 559 495
9 495 559 560 496
9 496 560 561 497
9 497 561 562 498
9 498 562 563 499
9 499 563 564 500
9 500 564 565 501
9 501 565 566 502
9 502 566 567 503
9 503 567 568 504
9 504 568 569 505
9 505 569 570 506
9 506 570 571 507
9 507 571 572 508
9 508 572 573 509
9 509 573 574 510
9 510 574 575 511
9 511 575 512 448
9 512 576 577 513
9 513 577 578 514
9 514 578 579 515
9 515 579 580 516
9 516 580 581 517
9 517 581 582 518
9 518 582 583 519
9 519 583 584 520
9 520 584 585 521
9 521 585 586 522
9 522 586 587 523
9 523 587 588 524
9 524 588 589 525
9 525 589 590 526
9 526 590 591 527
9 527 591 592 528
9 528 592 593 529
9 529 593 594 530
9 530 594 595 531
9 531 595 596 532
9 532 596 597 533
9 533 597 598 534
9 534 598 599 535
9 535 599 600 536
9 536 600 601 537
9 537 601 602 538
9 538 602 603 539
9 539 603 604 540
9 540 604 605 541
9 541 605 606 542
9 542 606 607 543
9 543 607 608 544
9 544 608 609 545
9 545 609 610 546
9 546 610 611 547
9 547 611 612 548
9 548 612 613 549
9 549 613 614 550
9 550 614 615 551
9 551 615 616 552
9 552 616 617 553
9 553 617 618 554
9 554 618 619 555
9 555 619 620 556
9 556 620 621 557
9 557 621 622 558
9 558 622 623 559
9 559 623 624 560
9 560 624 625 561
9 561 625 626 562
9 562 626 627 563
9 563 627 628 564
9 564 628 629 565
9 565 629 630 566
9 566 630 631 567
9 567 631 632 568
9 568 632 633 569
9 569 633 634 570
9 570 634 635 571
9 571 635 636 572
9 572 636 637 573
9 573 637 638 574
9 574 638 639 575
9 575 639 576 512
9 576 640 641 577
9 577 641 642 578
9 578 642 643 579
9 579 643 644 580
9 580 644 645 581
9 581 645 646 582
9 582 646 647 583
9 583 647 648 584
9 584 648 649 585
9 585 649 650 586
9 586 650 651 587
9 587 651 652 588
9 588 652 653 589
9 589 653 654 590
9 590 654 655 591
9 591 655 656 592
9 592 656 657 593
9 593 657 658 594
9 594 658 659 595
9 595 659 660 596
9 596 660 661 597
9 597 661 662 598
9 598 662 663 599
9 599 663 664 600
9 600 664 665 601
9 601 665 666 602
9 602 666 667 603
9 603 667 668 604
9 604 668 669 605
9 605 669 670 606
9 606 670 671 607
9 607 671 672 608
9 608 672 673 609
9 609 673 674 610
9 610 674 675 611
9 611 675 676 612
9 612 676 677 613
9 613 677 678 614
9 614 678 679 615
9 615 679 680 616
9 616 680 681 617
9 617 681 682 618
9 618 682 683 619
9 619 683 684 620
9 620 684 685 621
9 621 685 686 622
9 622 686 687 623
9 623 687 688 624
9 624 688 689 625
9 625 689 690 626
9 626 690 691 627
9 627 691 692 628
9 628 692 693 629
9 629 693 694 630
9 630 694 695 631
9 631 695 696 632
9 632 696 697 633
9 633 697 698 634
9 634 698 699 635
9 635 699 700 636
9 636 700 701 637
9 637 701 702 638
9 638 702 703 639
9 639 703 640 576
9 640 704 705 641
9 641 705 706 642
9 642 706 707 643
9 643 707 708 644
9 644 708 709 645
9 645 709 710 646
9 646 710 711 647
9 647 711 712 648
9 648 712 713 649
9 649 713 714 650
9 650 714 715 651
9 651 715 716 652
9 652 716 717 653
9 653 717 718 654
9 654 718 719 655
9 655 719 720 656
9 656 720 721 657
9 657 721 722 658
9 658 722 723 659
9 659 723 724 660
9 660 724 725 661
9 661 725 726 662
9 662 726 727 663
9 663 727 728 664
9 664 728 729 665
9 665 729 730 666
9 666 730 731 667
9 667 731 732 668
9 668 732 733 669
9 669 733 734 670
9 670 734 735 671
9 671 735 736 672
9 672 736 737 673
9 673 737 738 674
9 674 738 739 675
9 675 739 740 676
9 676 740 741 677
9 677 741 742 678
9 678 742 743 679
9 679 743 744 680
9 680 744 745 681
9 681 745 746 682
9 682 746 747 683
9 683 747 748 684
9 684 748 749 685
9 685 749 750 686
9 686 750 751 687
9 687 751 752 688
9 688 752 753 689
9 689 753 754 690
9 690 754 755 691
9 691 755 756 692
9 692 756 757 693
9 693 757 758 694
9 694 758 759 695
9 695 759 760 696
9 696 760 761 697
9 697 761 762 698
9 698 762 763 699
9 699 763 764 700
9 700 764 765 701
9 701 765 766 702
9 702 766 767 703
9 703 767 704 640
9 704 768 769 705
9 705 769 770 706
9 706 770 771 707
9 707 771 772 708
9 708 772 773 709
9 709 773 774 710
9 710 774 775 711
9 711 775 776 712
9 712 776 777 713
9 713 777 778 714
9 714 778 779 715
9 715 779 780 716
9 716 780 781 717
9 717 781 782 718
9 718 782 783 719
9 719 783 784 720
9 720 784 785 721
9 721 785 786 722
9 722 786 787 723
9 723 787 788 724
9 724 788 789 725
9 725 789 790 726
9 726 790 791 727
9 727 791 792 728
9 728 792 793 729
9 729 793 794 730
9 730 794 795 731
9 731 795 796 732
9 732 796 797 733
9 733 797 798 734
9 734 798 799 735
9 735 799 800 736
9 736 800 801 737
9 737 801 802 738
9 738 802 803 739
9 739 803 804 740
9 740 804 805 741
9 741 805 806 742
9 742 806 807 743
9 743 807 808 744
9 744 808 809 745
9 745 809 810 746
9 746 810 811 747
9 747 811 812 748
9 748 812 813 749
9 749 813 814 750
9 750 814 815 751
9 751 815 816 752
9 752 816 817 753
9 753 817 818 754
9 754 818 819 755
9 755 819 820 756
9 756 820 821 757
9 757 821 822 758
9 758 822 823 759
9 759 823 824 760
9 760 824 825 761
9 761 825 826 762
9 762 826 827 763
9 763 827 828 764
9 764 828 829 765
9 765 829 830 766
9 766 830 831 767
9 767 831 768 704
9 768 832 833 769
9 769 833 834 770
9 770 834 835 771
9 771 835 836 772
9 772 836 837 773
9 773 837 838 774
9 774 838 839 775
9 775 839 840 776
9 776 840 841 777
9 777 841 842 778
9 778 842 843 779
9 779 843 844 780
9 780 844 845 781
9 781 845 846 782
9 782 846 847 783
9 783 847 848 784
9 784 848 849 785
9 785 849 850 786
9 786 850 851 787
9 787 851 852 788
9 788 852 853 789
9 789 853 854 790
9 790 854 855 791
9 791 855 856 792
9 792 856 857 793
9 793 857 858 794
9 794 858 859 795
9 795 859 860 796
9 796 860 861 797
9 797 861 862 798
9 798 862 863 799
9 799 863 864 800
9 800 864 865 801
9 801 865 866 802
9 802 866 867 803
9 803 867 868 804
9 804 868 869 805
9 805 869 870 806
9 806 870 871 807
9 807 871 872 808
9 808 872 873 809
9 809 873 874 810
9 810 874 875 811
9 811 875 876 812
9 812 876 877 813
9 813 877 878 814
9 814 878 879 815
9 815 879 880 816
9 816 880 881 817
9 817 881 882 818
9 818 882 883 819
9 819 883 884 820
9 820 884 885 821
9 821 885 886 822
9 822 886 887 823
9 823 887 888 824
9 824 888 889 825
9 825 889 890 826
9 826 890 891 827
9 827 891 892 828
9 828 892 893 829
9 829 893 894 830
9 830 894 895 831
9 831 895 832 768
9 832 896 897 833
9 833 897 898 834
9 834 898 899 835
9 835 899 900 836
9 836 900 901 837
9 837 901 902 838
9 838 902 903 839
9 839 903 904 840
9 840 904 905 841
9 841 905 906 842
9 842 906 907 843
9 843 907 908 844
9 844 908 909 845
9 845 909 910 846
9 846 910 911 847
9 847 911 912 848
9 848 912 913 849
9 849 913 914 850
9 850 914 915 851
9 851 915 916 852
9 852 916 917 853
9 853 917 918 854
9 854 918 919 855
9 855 919 920 856
9 856 920 921 857
9 857 921 922 858
9 858 922 923 859
9 859 923 924 860
9 860 924 925 861
9 861 925 926 862
9 862 926 927 863
9 863 927 928 864
9 864 928 929 865
9 865 929 930 866
9 866 930 931 867
9 867 931 932 868
9 868 932 933 869
9 869 933 934 870
9 870 934 935 871
9 871 935 936 872
9 872 936 937 873
9 873 937 938 874
9 874 938 939 875
9 875 939 940 876
9 876 940 941 877
9 877 941 942 878
9 878 942 943 879
9 879 943 944 880
9 880 944 945 881
9 881 945 946 882
9 882 946 947 883
9 883 947 948 884
9 884 948 949 885
9 885 949 950 886
9 886 950 951 887
9 887 951 952 888
9 888 952 953 889
9 889 953 954 890
9 890 954 955 891
9 891 955 956 892
9 892 956 957 893
9 893 957 958 894
9 894 958 959 895
9 895 959 896 832
9 896 960 961 897
9 897 961 962 898
9 898 962 963 899
9 899 963 964 900
9 900 964 965 901
9 901 965 966 902
9 902 966 967 903
9 903 967 968 904
9 904 968 969 905
9 905 969 970 906
9 906 970 971 907
9 907 971 972 908
9 908 972 973 909
9 909 973 974 910
9 910 974 975 911
9 911 975 976 912
9 912 976 977 913
9 913 977 978 914
9 914 978 979 915
9 915 979 980 916
9 916 980 981 917
9 917 981 982 918
9 918 982 983 919
9 919 983 984 920
9 920 984 985 921
9 921 985 986 922
9 922 986 987 923
9 923 987 988 924
9 924 988 989 925
9 925 989 990 926
9 926 990 991 927
9 927 991 992 928
9 928 992 993 929
9 929 993 994 930
9 930 994 995 931
9 931 995 996 932
9 932 996 997 933
9 933 997 998 934
9 934 998 999 935
9 935 999 1000 936
9 936 1000 1001 937
9 937 1001 1002 938
9 938 1002 1003 939
9 939 1003 1004 940
9 940 1004 1005 941
9 941 1005 1006 942
9 942 1006 1007 943
9 943 1007 1008 944
9 944 1008 1009 945
9 945 1009 1010 946
9 946 1010 1011 947
9 947 1011 1012 948
9 948 1012 1013 949
9 949 1013 1014 950
9 950 1014 1015 951
9 951 1015 1016 952
9 952 1016 1017 953
9 953 1017 1018 954
9 954 1018 1019 955
9 955 1019 1020 956
9 956 1020 1021 957
9 957 1021 1022 958
9 958 1022 1023 959
9 959 1023 960 896
9 960 1024 1025 961
9 961 1025 1026 962
9 962 1026 1027 963
9 963 1027 1028 964
9 964 1028 1029 965
9 965 1029 1030 966
9 966 1030 1031 967
9 967 1031 1032 968
9 968 1032 1033 969
9 969 1033 1034 970
9 970 1034 1035 971
9 971 1035 1036 972
9 972 1036 1037 973
9 973 1037 1038 974
9 974 1038 1039 975
9 975 1039 1040 976
9 976 1040 1041 977
9 977 1041 1042 978
9 978 1042 1043 979
9 979 1043 1044 980
9 980 1044 1045 981
9 981 1045 1046 982
9 982 1046 1047 983
9 983 1047 1048 984
9 984 1048 1049 985
9 985 1049 1050 986
9 986 1050 1051 987
9 987 1051 1052 988
9 988 1052 1053 989
9 989 1053 1054 990
9 990 1054 1055 991
9 991 1055 1056 992
9 992 1056 1057 993
9 993 1057 1058 994
9 994 1058 1059 995
9 995 1059 1060 996
9 996 1060 1061 997
9 997 1061 1062 998
9 998 1062 1063 999
9 999 1063 1064 1000
9 1000 1064 1065 1001
9 1001 1065 1066 1002
9 1002 1066 1067 1003
9 1003 1067 1068 1004
9 1004 1068 1069 1005
9 1005 1069 1070 1006
9 1006 1070 1071 1007
9 1007 1071 1072 1008
9 1008 1072 1073 1009
9 1009 1073 1074 1010
9 1010 1074 1075 1011
9 1011 1075 1076 1012
9 1012 1076 1077 1013
9 1013 1077 1078 1014
9 1014 1078 1079 1015
9 1015 1079 1080 1016
9 1016 1080 1081 1017
9 1017 1081 1082 1018
9 1018 1082 1083 1019
9 1019 1083 1084 1020
9 1020 1084 1085 1021
9 1021 1085 1086 1022
9 1022 1086 1087 1023
9 1023 1087 1024 960
9 1024 1088 1089 1025
9 1025 1089 1090 1026
9 1026 1090 1091 1027
9 1027 1091 1092 1028
9 1028 1092 1093 1029
9 1029 1093 1094 1030
9 1030 1094 1095 1031
9 1031 1095 1096 1032
9 1032 1096 1097 1033
9 1033 1097 1098 1034
9 1034 1098 1099 1035
9 1035 1099 1100 1036
9 1036 1100 1101 1037
9 1037 1101 1102 1038
9 1038 1102 1103 1039
9 1039 1103 1104 1040
9 1040 1104 1105 1041
9 1041 1105 1106 1042
9 1042 1106 1107 1043
9 1043 1107 1108 1044
9 1044 1108 1109 1045
9 1045 1109 1110 1046
9 1046 1110 1111 1047
9 1047 1111 1112 1048
9 1048 1112 1113 1049
9 1049 1113 1114 1050
9 1050 1114 1115 1051
9 1051 1115 1116 1052
9 1052 1116 1117 1053
9 1053 1117 1118 1054
9 1054 1118 1119 1055
9 1055 1119 1120 1056
9 1056 1120 1121 1057
9 1057 1121 1122 1058
9 1058 1122 1123 1059
9 1059 1123 1124 1060
9 1060 1124 1125 1061
9 1061 1125 1126 1062
9 1062 1126 1127 1063
9 1063 1127 1128 1064
9 1064 1128 1129 1065
9 1065 1129 1130 1066
9 1066 1130 1131 1067
9 1067 1131 1132 1068
9 1068 1132 1133 1069
9 1069 1133 1134 1070
9 1070 1134 1135 1071
9 1071 1135 1136 1072
9 1072 1136 1137 1073
9 1073 1137 1138 1074
9 1074 1138 1139 1075
9 1075 1139 1140 1076
9 1076 1140 1141 1077
9 1077 1141 1142 1078
9 1078 1142 1143 1079
9 1079 1143 1144 1080
9 1080 1144 1145 1081
9 1081 1145 1146 1082
9 1082 1146 1147 1083
9 1083 1147 1148 1084
9 1084 1148 1149 1085
9 1085 1149 1150 1086
9 1086 1150 1151 1087
9 1087 1151 1088 1024
9 1088 1152 1153 1089
9 1089 1153 1154 1090
9 1090 1154 1155 1091
9 1091 1155 1156 1092
9 1092 1156 1157 1093
9 1093 1157 1158 1094
9 1094 1158 1159 1095
9 1095 1159 1160 1096
9 1096 1160 1161 1097
9 1097 1161 1162 1098
9 1098 1162 1163 1099
9 1099 1163 1164 1100
9 1100 1164 1165 1101
9 1101 1165 1166 1102
9 1102 1166 1167 1103
9 1103 1167 1168 1104
9 1104 1168 1169 1105
9 1105 1169 1170 1106
9 1106 1170 1171 1107
9 1107 1171 1172 1108
9 1108 1172 1173 1109
9 1109 1173 1174 1110
9 1110 1174 1175 1111
9 1111 1175 1176 1112
9 1112 1176 1177 1113
9 1113 1177 1178 1114
9 1114 1178 1179 1115
9 1115 1179 1180 1116
9 1116 1180 1181 1117
9 1117 1181 1182 1118
9 1118 1182 1183 1119
9 1119 1183 1184 1120
9 1120 1184 1185 1121
9 1121 1185 1186 1122
9 1122 1186 1187 1123
9 1123 1187 1188 1124
9 1124 1188 1189 1125
9 1125 1189 1190 1126
9 1126 1190 1191 1127
9 1127 1191 1192 1128
9 1128 1192 1193 1129
9 1129 1193 1194 1130
9 1130 1194 1195 1131
9 1131 1195 1196 1132
9 1132 1196 1197 1133
9 1133 1197 1198 1134
9 1134 1198 1199 1135
9 1135 1199 1200 1136
9 1136 1200 1201 1137
9 1137 1201 1202 1138
9 1138 1202 1203 1139
9 1139 1203 1204 1140
9 1140 1204 1205 1141
9 1141 1205 1206 1142
9 1142 1206 1207 1143
9 1143 1207 1208 1144
9 1144 1208 1209 1145
9 1145 1209 1210 1146
9 1146 1210 1211 1147
9 1147 1211 1212 1148
9 1148 1212 1213 1149
9 1149 1213 1214 1150
9 1150 1214 1215 1151
9 1151 1215 1152 1088
9 1152 1216 1217 1153
9 1153 1217 1218 1154
9 1154 1218 1219 1155
9 1155 1219 1220 1156
9 1156 1220 1221 1157
9 1157 1221 1222 1158
9 1158 1222 1223 1159
9 1159 1223 1224 1160
9 1160 1224 1225 1161
9 1161 1225 1226 1162
9 1162 1226 1227 1163
9 1163 1227 1228 1164
9 1164 1228 1229 1165
9 1165 1229 1230 1166
9 1166 1230 1231 1167
9 1167 1231 1232 1168
9 1168 1232 1233 1169
9 1169 1233 1234 1170
9 1170 1234 1235 1171
9 1171 1235 1236 1172
9 1172 1236 1237 1173
9 1173 1237 1238 1174
9 1174 1238 1239 1175
9 1175 1239 1240 1176
9 1176 1240 1241 1177
9 1177 1241 1242 1178
9 1178 1242 1243 1179
9 1179 1243 1244 1180
9 1180 1244 1245 1181
9 1181 1245 1246 1182
9 1182 1246 1247 1183
9 1183 1247 1248 1184
9 1184 1248 1249 1185
9 1185 1249 1250 1186
9 1186 1250 1251 1187
9 1187 1251 1252 1188
9 1188 1252 1253 1189
9 1189 1253 1254 1190
9 1190 1254 1255 1191
9 1191 1255 1256 1192
9 1192 1256 1257 1193
9 1193 1257 1258 1194
9 1194 1258 1259 1195
9 1195 1259 1260 1196
9 1196 1260 1261 1197
9 1197 1261 1262 1198
9 1198 1262 1263 1199
9 1199 1263 1264 1200
9 1200 1264 1265 1201
9 1201 1265 1266 1202
9 1202 1266 1267 1203
9 1203 1267 1268 1204
9 1204 1268 1269 1205
9 1205 1269 1270 1206
9 1206 1270 1271 1207
9 1207 1271 1272 1208
9 1208 1272 1273 1209
9 1209 1273 1274 1210
9 1210 1274 1275 1211
9 1211 1275 1276 1212
9 1212 1276 1277 1213
9 1213 1277 1278 1214
9 1214 1278 1279 1215
9 1215 1279 1216 1152
9 1216 1280 1281 1217
9 1217 1281 1282 1218
9 1218 1282 1283 1219
9 1219 1283 1284 1220
9 1220 1284 1285 1221
9 1221 1285 1286 1222
9 1222 1286 1287 1223
9 1223 1287 1288 1224
9 1224 1288 1289 1225
9 1225 1289 1290 1226
9 1226 1290 1291 1227
9 1227 1291 1292 1228
9 1228 1292 1293 1229
9 1229 1293 1294 1230
9 1230 1294 1295 1231
9 1231 1295 1296 1232
9 1232 1296 1297 1233
9 1233 1297 1298 1234
9 1234 1298 1299 1235
9 1235 1299 1300 1236
9 1236 1300 1301 1237
9 1237 1301 1302 1238
9 1238 1302 1303 1239
9 1239 1303 1304 1240
9 1240 1304 1305 1241
9 1241 1305 1306 1242
9 1242 1306 1307 1243
9 1243 1307 1308 1244
9 1244 1308 1309 1245
9 1245 1309 1310 1246
9 1246 1310 1311 1247
9 1247 1311 1312 1248
9 1248 1312 1313 1249
9 1249 1313 1314 1250
9 1250 1314 1315 1251
9 1251 1315 1316 1252
9 1252 1316 1317 1253
9 1253 1317 1318 1254
9 1254 1318 1319 1255
9 1255 1319 1320 1256
9 1256 1320 1321 1257
9 1257 1321 1322 1258
9 1258 1322 1323 1259
9 1259 1323 1324 1260
9 1260 1324 1325 1261
9 1261 1325 1326 1262
9 1262 1326 1327 1263
9 1263 1327 1328 1264
9 1264 1328 1329 1265
9 1265 1329 1330 1266
9 1266 1330 1331 1267
9 1267 1331 1332 1268
9 1268 1332 1333 1269
9 1269 1333 1334 1270
9 1270 1334 1335 1271
9 1271 1335 1336 1272
9 1272 1336 1337 1273
9 1273 1337 1338 1274
9 1274 1338 1339 1275
9 1275 1339 1340 1276
9 1276 1340 1341 1277
9 1277 1341 1342 1278
9 1278 1342 1343 1279
9 1279 1343 1280 1216
9 1280 1344 1345 1281
9 1281 1345 1346 1282
9 1282 1346 1347 1283
9 1283 1347 1348 1284
9 1284 1348 1349 1285
9 1285 1349 1350 1286
9 1286 1350 1351 1287
9 1287 1351 1352 1288
9 1288 1352 1353 1289
9 1289 1353 1354 1290
9 1290 1354 1355 1291
9 1291 1355 1356 1292
9 1292 1356 1357 1293
9 1293 1357 1358 1294
9 1294 1358 1359 1295
9 1295 1359 1360 1296
9 1296 1360 1361 1297
9 1297 1361 1362 1298
9 1298 1362 1363 1299
9 1299 1363 1364 1300
9 1300 1364 1365 1301
9 1301 1365 1366 1302
9 1302 1366 1367 1303
9 1303 1367 1368 1304
9 1304 1368 1369 1305
9 1305 1369 1370 1306
9 1306 1370 1371 1307
9 1307 1371 1372 1308
9 1308 1372 1373 1309
9 1309 1373 1374 1310
9 1310 1374 1375 1311
9 1311 1375 1376 1312
9 1312 1376 1377 1313
9 1313 1377 1378 1314
9 1314 1378 1379 1315
9 1315 1379 1380 1316
9 1316 1380 1381 1317
9 1317 1381 1382 1318
9 1318 1382 1383 1319
9 1319 1383 1384 1320
9 1320 1384 1385 1321
9 1321 1385 1386 1322
9 1322 1386 1387 1323
9 1323 1387 1388 1324
9 1324 1388 1389 1325
9 1325 1389 1390 1326
9 1326 1390 1391 1327
9 1327 1391 1392 1328
9 1328 1392 1393 1329
9 1329 1393 1394 1330
9 1330 1394 1395 1331
9 1331 1395 1396 1332
9 1332 1396 1397 1333
9 1333 1397 1398 1334
9 1334 1398 1399 1335
9 1335 1399 1400 1336
9 1336 1400 1401 1337
9 1337 1401 1402 1338
9 1338 1402 1403 1339
9 1339 1403 1404 1340
9 1340 1404 1405 1341
9 1341 1405 1406 1342
9 1342 1406 1407 1343
9 1343 1407 1344 1280
9 1344 1408 1409 1345
9 1345 1409 1410 1346
9 1346 1410 1411 1347
9 1347 1411 1412 1348
9 1348 1412 1413 1349
9 1349 1413 1414 1350
9 1350 1414 1415 1351
9 1351 1415 1416 1352
9 1352 1416 1417 1353
9 1353 1417 1418 1354
9 1354 1418 1419 1355
9 1355 1419 1420 1356
9 1356 1420 1421 1357
9 1357 1421 1422 1358
9 1358 1422 1423 1359
9 1359 1423 1424 1360
9 1360 1424 1425 1361
9 1361 1425 1426 1362
9 1362 1426 1427 1363
9 1363 1427 1428 1364
9 1364 1428 1429 1365
9 1365 1429 1430 1366
9 1366 1430 1431 1367
9 1367 1431 1432 1368
9 1368 1432 1433 1369
9 1369 1433 1434 1370
9 1370 1434 1435 1371
9 1371 1435 1436 1372
9 1372 1436 1437 1373
9 1373 1437 1438 1374
9 1374 1438 1439 1375
9 1375 1439 1440 1376
9 1376 1440 1441 1377
9 1377 1441 1442 1378
9 1378 1442 1443 1379
9 1379 1443 1444 1380
9 1380 1444 1445 1381
9 1381 1445 1446 1382
9 1382 1446 1447 1383
9 1383 1447 1448 1384
9 1384 1448 1449 1385
9 1385 1449 1450 1386
9 1386 1450 1451 1387
9 1387 1451 1452 1388
9 1388 1452 1453 1389
9 1389 1453 1454 1390
9 1390 1454 1455 1391
9 1391 1455 1456 1392
9 1392 1456 1457 1393
9 1393 1457 1458 1394
9 1394 1458 1459 1395
9 1395 1459 1460 1396
9 1396 1460 1461 1397
9 1397 1461 1462 1398
9 1398 1462 1463 1399
9 1399 1463 1464 1400
9 1400 1464 1465 1401
9 1401 1465 1466 1402
9 1402 1466 1467 1403
9 1403 1467 1468 1404
9 1404 1468 1469 1405
9 1405 1469 1470 1406
9 1406 1470 1471 1407
9 1407 1471 1408 1344
9 1408 1472 1473 1409
9 1409 1473 1474 1410
9 1410 1474 1475 1411
9 1411 1475 1476 1412
9 1412 1476 1477 1413
9 1413 1477 1478 1414
9 1414 1478 1479 1415
9 1415 1479 1480 1416
9 1416 1480 1481 1417
9 1417 1481 1482 1418
9 1418 1482 1483 1419
9 1419 1483 1484 1420
9 1420 1484 1485 1421
9 1421 1485 1486 1422
9 1422 1486 1487 1423
9 1423 1487 1488 1424
9 1424 1488 1489 1425
9 1425 1489 1490 1426
9 1426 1490 1491 1427
9 1427 1491 1492 1428
9 1428 1492 1493 1429
9 1429 1493 1494 1430
9 1430 1494 1495 1431
9 1431 1495 1496 1432
9 1432 1496 1497 1433
9 1433 1497 1498 1434
9 1434 1498 1499 1435
9 1435 1499 1500 1436
9 1436 1500 1501 1437
9 1437 1501 1502 1438
9 1438 1502 1503 1439
9 1439 1503 1504 1440
9 1440 1504 1505 1441
9 1441 1505 1506 1442
9 1442 1506 1507 1443
9 1443 1507 1508 1444
9 1444 1508 1509 1445
9 1445 1509 1510 1446
9 1446 1510 1511 1447
9 1447 1511 1512 1448
9 1448 1512 1513 1449
9 1449 1513 1514 1450
9 1450 1514 1515 1451
9 1451 1515 1516 1452
9 1452 1516 1517 1453
9 1453 1517 1518 1454
9 1454 1518 1519 1455
9 1455 1519 1520 1456
9 1456 1520 1521 1457
9 1457 1521 1522 1458
9 1458 1522 1523 1459
9 1459 1523 1524 1460
9 1460 1524 1525 1461
9 1461 1525 1526 1462
9 1462 1526 1527 1463
9 1463 1527 1528 1464
9 1464 1528 1529 1465
9 1465 1529 1530 1466
9 1466 1530 1531 1467
9 1467 1531 1532 1468
9 1468 1532 1533 1469
9 1469 1533 1534 1470
9 1470 1534 1535 1471
9 1471 1535 1472 1408
9 1472 1536 1537 1473
9 1473 1537 1538 1474
9 1474 1538 1539 1475
9 1475 1539 1540 1476
9 1476 1540 1541 1477
9 1477 1541 1542 1478
9 1478 1542 1543 1479
9 1479 1543 1544 1480
9 1480 1544 1545 1481
9 1481 1545 1546 1482
9 1482 1546 1547 1483
9 1483 1547 1548 1484
9 1484 1548 1549 1485
9 1485 1549 1550 1486
9 1486 1550 1551 1487
9 1487 1551 1552 1488
9 1488 1552 1553 1489
9 1489 1553 1554 1490
9 1490 1554 1555 1491
9 1491 1555 1556 1492
9 1492 1556 1557 1493
9 1493 1557 1558 1494
9 1494 1558 1559 1495
9 1495 1559 1560 1496
9 1496 1560 1561 1497
9 1497 1561 1562 1498
9 1498 1562 1563 1499
9 1499 1563 1564 1500
9 1500 1564 1565 1501
9 1501 1565 1566 1502
9 1502 1566 1567 1503
9 1503 1567 1568 1504
9 1504 1568 1569 1505
9 1505 1569 1570 1506
9 1506 1570 1571 1507
9 1507 1571 1572 1508
9 1508 1572 1573 1509
9 1509 1573 1574 1510
9 1510 1574 1575 1511
9 1511 1575 1576 1512
9 1512 1576 1577 1513
9 1513 1577 1578 1514
9 1514 1578 1579 1515
9 1515 1579 1580 1516
9 1516 1580 1581 1517
9 1517 1581 1582 1518
9 1518 1582 1583 1519
9 1519 1583 1584 1520
9 1520 1584 1585 1521
9 1521 1585 1586 1522
9 1522 1586 1587 1523
9 1523 1587 1588 1524
9 1524 1588 1589 1525
9 1525 1589 1590 1526
9 1526 1590 1591 1527
9 1527 1591 1592 1528
9 1528 1592 1593 1529
9 1529 1593 1594 1530
9 1530 1594 1595 1531
9 1531 1595 1596 1532
9 1532 1596 1597 1533
9 1533 1597 1598 1534
9 1534 1598 1599 1535
9 1535 1599 1536 1472
9 1536 1600 1601 1537
9 1537 1601 1602 1538
9 1538 1602 1603 1539
9 1539 1603 1604 1540
9 1540 1604 1605 1541
9 1541 1605 1606 1542
9 1542 1606 1607 1543
9 1543 1607 1608 1544
9 1544 1608 1609 1545
9 1545 1609 1610 1546
9 1546 1610 1611 1547
9 1547 1611 1612 1548
9 1548 1612 1613 1549
9 1549 1613 1614 1550
9 1550 1614 1615 1551
9 1551 1615 1616 1552
9 1552 1616 1617 1553
9 1553 1617 1618 1554
9 1554 1618 1619 1555
9 1555 1619 1620 1556
9 1556 1620 1621 1557
9 1557 1621 1622 1558
9 1558 1622 1623 1559
9 1559 1623 1624 1560
9 1560 1624 1625 1561
9 1561 1625 1626 1562
9 1562 1626 1627 1563
9 1563 1627 1628 1564
9 1564 1628 1629 1565
9 1565 1629 1630 1566
9 1566 1630 1631 1567
9 1567 1631 1632 1568
9 1568 1632 1633 1569
9 1569 1633 1634 1570
9 1570 1634 1635 1571
9 1571 1635 1636 1572
9 1572 1636 1637 1573
9 1573 1637 1638 1574
9 1574 1638 1639 1575
9 1575 1639 1640 1576
9 1576 1640 1641 1577
9 1577 1641 1642 1578
9 1578 1642 1643 1579
9 1579 1643 1644 1580
9 1580 1644 1645 1581
9 1581 1645 1646 1582
9 1582 1646 1647 1583
9 1583 1647 1648 1584
9 1584 1648 1649 1585
9 1585 1649 1650 1586
9 1586 1650 1651 1587
9 1587 1651 1652 1588
9 1588 1652 1653 1589
9 1589 1653 1654 1590
9 1590 1654 1655 1591
9 1591 1655 1656 1592
9 1592 1656 1657 1593
9 1593 1657 1658 1594
9 1594 1658 1659 1595
9 1595 1659 1660 1596
9 1596 1660 1661 1597
9 1597 1661 1662 1598
9 1598 1662 1663 1599
9 1599 1663 1600 1536
9 1600 1664 1665 1601
9 1601 1665 1666 1602
9 1602 1666 1667 1603
9 1603 1667 1668 1604
9 1604 1668 1669 1605
9 1605 1669 1670 1606
9 1606 1670 1671 1607
9 1607 1671 1672 1608
9 1608 1672 1673 1609
9 1609 1673 1674 1610
9 1610 1674 1675 1611
9 1611 1675 1676 1612
9 1612 1676 1677 1613
9 1613 1677 1678 1614
9 1614 1678 1679 1615
9 1615 1679 1680 1616
9 1616 1680 1681 1617
9 1617 1681 1682 1618
9 1618 1682 1683 1619
9 1619 1683 1684 1620
9 1620 1684 1685 1621
9 1621 1685 1686 1622
9 1622 1686 1687 1623
9 1623 1687 1688 1624
9 1624 1688 1689 1625
9 1625 1689 1690 1626
9 1626 1690 1691 1627
9 1627 1691 1692 1628
9 1628 1692 1693 1629
9 1629 1693 1694 1630
9 1630 1694 1695 1631
9 1631 1695 1696 1632
9 1632 1696 1697 1633
9 1633 1697 1698 1634
9 1634 1698 1699 1635
9 1635 1699 1700 1636
9 1636 1700 1701 1637
9 1637 1701 1702 1638
9 1638 1702 1703 1639
9 1639 1703 1704 1640
9 1640 1704 1705 1641
9 1641 1705 1706 1642
9 1642 1706 1707 1643
9 1643 1707 1708 1644
9 1644 1708 1709 1645
9 1645 1709 1710 1646
9 1646 1710 1711 1647
9 1647 1711 1712 1648
9 1648 1712 1713 1649
9 1649 1713 1714 1650
9 1650 1714 1715 1651
9 1651 1715 1716 1652
9 1652 1716 1717 1653
9 1653 1717 1718 1654
9 1654 1718 1719 1655
9 1655 1719 1720 1656
9 1656 1720 1721 1657
9 1657 1721 1722 1658
9 1658 1722 1723 1659
9 1659 1723 1724 1660
9 1660 1724 1725 1661
9 1661 1725 1726 1662
9 1662 1726 1727 1663
9 1663 1727 1664 1600
9 1664 1728 1729 1665
9 1665 1729 1730 1666
9 1666 1730 1731 1667
9 1667 1731 1732 1668
9 1668 1732 1733 1669
9 1669 1733 1734 1670
9 1670 1734 1735 1671
9 1671 1735 1736 1672
9 1672 1736 1737 1673
9 1673 1737 1738 1674
9 1674 1738 1739 1675
9 1675 1739 1740 1676
9 1676 1740 1741 1677
9 1677 1741 1742 1678
9 1678 1742 1743 1679
9 1679 1743 1744 1680
9 1680 1744 1745 1681
9 1681 1745 1746 1682
9 1682 1746 1747 1683
9 1683 1747 1748 1684
9 1684 1748 1749 1685
9 1685 1749 1750 1686
9 1686 1750 1751 1687
9 1687 1751 1752 1688
9 1688 1752 1753 1689
9 1689 1753 1754 1690
9 1690 1754 1755 1691
9 1691 1755 1756 1692
9 1692 1756 1757 1693
9 1693 1757 1758 1694
9 1694 1758 1759 1695
9 1695 1759 1760 1696
9 1696 1760 1761 1697
9 1697 1761 1762 1698
9 1698 1762 1763 1699
9 1699 1763 1764 1700
9 1700 1764 1765 1701
9 1701 1765 1766 1702
9 1702 1766 1767 1703
9 1703 1767 1768 1704
9 1704 1768 1769 1705
9 1705 1769 1770 1706
9 1706 1770 1771 1707
9 1707 1771 1772 1708
9 1708 1772 1773 1709
9 1709 1773 1774 1710
9 1710 1774 1775 1711
9 1711 1775 1776 1712
9 1712 1776 1777 1713
9 1713 1777 1778 1714
9 1714 1778 1779 1715
9 1715 1779 1780 1716
9 1716 1780 1781 1717
9 1717 1781 1782 1718
9 1718 1782 1783 1719
9 1719 1783 1784 1720
9 1720 1784 1785 1721
9 1721 1785 1786 1722
9 1722 1786 1787 1723
9 1723 1787 1788 1724
9 1724 1788 1789 1725
9 1725 1789 1790 1726
9 1726 1790 1791 1727
9 1727 1791 1728 1664
9 1728 1792 1793 1729
9 1729 1793 1794 1730
9 1730 1794 1795 1731
9 1731 1795 1796 1732
9 1732 1796 1797 1733
9 1733 1797 1798 1734
9 1734 1798 1799 1735
9 1735 1799 1800 1736
9 1736 1800 1801 1737
9 1737 1801 1802 1738
9 1738 1802 1803 1739
9 1739 1803 1804 1740
9 1740 1804 1805 1741
9 1741 1805 1806 1742
9 1742 1806 1807 1743
9 1743 1807 1808 1744
9 1744 1808 1809 1745
9 1745 1809 1810 1746
9 1746 1810 1811 1747
9 1747 1811 1812 1748
9 1748 1812 1813 1749
9 1749 1813 1814 1750
9 1750 1814 1815 1751
9 1751 1815 1816 1752
9 1752 1816 1817 1753
9 1753 1817 1818 1754
9 1754 1818 1819 1755
9 1755 1819 1820 1756
9 1756 1820 1821 1757
9 1757 1821 1822 1758
9 1758 1822 1823 1759
9 1759 1823 1824 1760
9 1760 1824 1825 1761
9 1761 1825 1826 1762
9 1762 1826 1827 1763
9 1763 1827 1828 1764
9 1764 1828 1829 1765
9 1765 1829 1830 1766
9 1766 1830 1831 1767
9 1767 1831 1832 1768
9 1768 1832 1833 1769
9 1769 1833 1834 1770
9 1770 1834 1835 1771
9 1771 1835 1836 1772
9 1772 1836 1837 1773
9 1773 1837 1838 1774
9 1774 1838 1839 1775
9 1775 1839 1840 1776
9 1776 1840 1841 1777
9 1777 1841 1842 1778
9 1778 1842 1843 1779
9 1779 1843 1844 1780
9 1780 1844 1845 1781
9 1781 1845 1846 1782
9 1782 1846 1847 1783
9 1783 1847 1848 1784
9 1784 1848 1849 1785
9 1785 1849 1850 1786
9 1786 1850 1851 1787
9 1787 1851 1852 1788
9 1788 1852 1853 1789
9 1789 1853 1854 1790
9 1790 1854 1855 1791
9 1791 1855 1792 1728
9 1792 1856 1857 1793
9 1793 1857 1858 1794
9 1794 1858 1859 1795
9 1795 1859 1860 1796
9 1796 1860 1861 1797
9 1797 1861 1862 1798
9 1798 1862 1863 1799
9 1799 1863 1864 1800
9 1800 1864 1865 1801
9 1801 1865 1866 1802
9 1802 1866 1867 1803
9 1803 1867 1868 1804
9 1804 1868 1869 1805
9 1805 1869 1870 1806
9 1806 1870 1871 1807
9 1807 1871 1872 1808
9 1808 1872 1873 1809
9 1809 1873 1874 1810
9 1810 1874 1875 1811
9 1811 1875 1876 1812
9 1812 1876 1877 1813
9 1813 1877 1878 1814
9 1814 1878 1879 1815
9 1815 1879 1880 1816
9 1816 1880 1881 1817
9 1817 1881 1882 1818
9 1818 1882 1883 1819
9 1819 1883 1884 1820
9 1820 1884 1885 1821
9 1821 1885 1886 1822
9 1822 1886 1887 1823
9 1823 1887 1888 1824
9 1824 1888 1889 1825
9 1825 1889 1890 1826
9 1826 1890 1891 1827
9 1827 1891 1892 1828
9 1828 1892 1893 1829
9 1829 1893 1894 1830
9 1830 1894 1895 1831
9 1831 1895 1896 1832
9 1832 1896 1897 1833
9 1833 1897 1898 1834
9 1834 1898 1899 1835
9 1835 1899 1900 1836
9 1836 1900 1901 1837
9 1837 1901 1902 1838
9 1838 1902 1903 1839
9 1839 1903 1904 1840
9 1840 1904 1905 1841
9 1841 1905 1906 1842
9 1842 1906 1907 1843
9 1843 1907 1908 1844
9 1844 1908 1909 1845
9 1845 1909 1910 1846
9 1846 1910 1911 1847
9 1847 1911 1912 1848
9 1848 1912 1913 1849
9 1849 1913 1914 1850
9 1850 1914 1915 1851
9 1851 1915 1916 1852
9 1852 1916 1917 1853
9 1853 1917 1918 1854
9 1854 1918 1919 1855
9 1855 1919 1856 1792
9 1856 1920 1921 1857
9 1857 1921 1922 1858
9 1858 1922 1923 1859
9 1859 1923 1924 1860
9 1860 1924 1925 1861
9 1861 1925 1926 1862
9 1862 1926 1927 1863
9 1863 1927 1928 1864
9 1864 1928 1929 1865
9 1865 1929 1930 1866
9 1866 1930 1931 1867
9 1867 1931 1932 1868
9 1868 1932 1933 1869
9 1869 1933 1934 1870
9 1870 1934 1935 1871
9 1871 1935 1936 1872
9 1872 1936 1937 1873
9 1873 1937 1938 1874
9 1874 1938 1939 1875
9 1875 1939 1940 1876
9 1876 1940 1941 1877
9 1877 1941 1942 1878
9 1878 1942 1943 1879
9 1879 1943 1944 1880
9 1880 1944 1945 1881
9 1881 1945 1946 1882
9 1882 1946 1947 1883
9 1883 1947 1948 1884
9 1884 1948 1949 1885
9 1885 1949 1950 1886
9 1886 1950 1951 1887
9 1887 1951 1952 1888
9 1888 1952 1953 1889
9 1889 1953 1954 1890
9 1890 1954 1955 1891
9 1891 1955 1956 1892
9 1892 1956 1957 1893
9 1893 1957 1958 1894
9 1894 1958 1959 1895
9 1895 1959 1960 1896
9 1896 1960 1961 1897
9 1897 1961 1962 1898
9 1898 1962 1963 1899
9 1899 1963 1964 1900
9 1900 1964 1965 1901
9 1901 1965 1966 1902
9 1902 1966 1967 1903
9 1903 1967 1968 1904
9 1904 1968 1969 1905
9 1905 1969 1970 1906
9 1906 1970 1971 1907
9 1907 1971 1972 1908
9 1908 1972 1973 1909
9 1909 1973 1974 1910
9 1910 1974 1975 1911
9 1911 1975 1976 1912
9 1912 1976 1977 1913
9 1913 1977 1978 1914
9 1914 1978 1979 1915
9 1915 1979 1980 1916
9 1916 1980 1981 1917
9 1917 1981 1982 1918
9 1918 1982 1983 1919
9 1919 1983 1920 1856
9 1920 1984 1985 1921
9 1921 1985 1986 1922
9 1922 1986 1987 1923
9 1923 1987 1988 1924
9 1924 1988 1989 1925
9 1925 1989 1990 1926
9 1926 1990 1991 1927
9 1927 1991 1992 1928
9 1928 1992 1993 1929
9 1929 1993 1994 1930
9 1930 1994 1995 1931
9 1931 1995 1996 1932
9 1932 1996 1997 1933
9 1933 1997 1998 1934
9 1934 1998 1999 1935
9 1935 1999 2000 1936
9 1936 2000 2001 1937
9 1937 2001 2002 1938
9 1938 2002 2003 1939
9 1939 2003 2004 1940
9 1940 2004 2005 1941
9 1941 2005 2006 1942
9 1942 2006 2007 1943
9 1943 2007 2008 1944
9 1944 2008 2009 1945
9 1945 2009 2010 1946
9 1946 2010 2011 1947
9 1947 2011 2012 1948
9 1948 2012 2013 1949
9 1949 2013 2014 1950
9 1950 2014 2015 1951
9 1951 2015 2016 1952
9 1952 2016 2017 1953
9 1953 2017 2018 1954
9 1954 2018 2019 1955
9 1955 2019 2020 1956
9 1956 2020 2021 1957
9 1957 2021 2022 1958
9 1958 2022 2023 1959
9 1959 2023 2024 1960
9 1960 2024 2025 1961
9 1961 2025 2026 1962
9 1962 2026 2027 1963
9 1963 2027 2028 1964
9 1964 2028 2029 1965
9 1965 2029 2030 1966
9 1966 2030 2031 1967
9 1967 2031 2032 1968
9 1968 2032 2033 1969
9 1969 2033 2034 1970
9 1970 2034 2035 1971
9 1971 2035 2036 1972
9 1972 2036 2037 1973
9 1973 2037 2038 1974
9 1974 2038 2039 1975
9 1975 2039 2040 1976
9 1976 2040 2041 1977
9 1977 2041 2042 1978
9 1978 2042 2043 1979
9 1979 2043 2044 1980
9 1980 2044 2045 1981
9 1981 2045 2046 1982
9 1982 2046 2047 1983
9 1983 2047 1984 1920
9 1984 2048 2049 1985
9 1985 2049 2050 1986
9 1986 2050 2051 1987
9 1987 2051 2052 1988
9 1988 2052 2053 1989
9 1989 2053 2054 1990
9 1990 2054 2055 1991
9 1991 2055 2056 1992
9 1992 2056 2057 1993
9 1993 2057 2058 1994
9 1994 2058 2059 1995
9 1995 2059 2060 1996
9 1996 2060 2061 1997
9 1997 2061 2062 1998
9 1998 2062 2063 1999
9 1999 2063 2064 2000
9 2000 2064 2065 2001
9 2001 2065 2066 2002
9 2002 2066 2067 2003
9 2003 2067 2068 2004
9 2004 2068 2069 2005
9 2005 2069 2070 2006
9 2006 2070 2071 2007
9 2007 2071 2072 2008
9 2008 2072 2073 2009
9 2009 2073 2074 2010
9 2010 2074 2075 2011
9 2011 2075 2076 2012
9 2012 2076 2077 2013
9 2013 2077 2078 2014
9 2014 2078 2079 2015
9 2015 2079 2080 2016
9 2016 2080 2081 2017
9 2017 2081 2082 2018
9 2018 2082 2083 2019
9 2019 2083 2084 2020
9 2020 2084 2085 2021
9 2021 2085 2086 2022
9 2022 2086 2087 2023
9 2023 2087 2088 2024
9 2024 2088 2089 2025
9 2025 2089 2090 2026
9 2026 2090 2091 2027
9 2027 2091 2092 2028
9 2028 2092 2093 2029
9 2029 2093 2094 2030
9 2030 2094 2095 2031
9 2031 2095 2096 2032
9 2032 2096 2097 2033
9 2033 2097 2098 2034
9 2034 2098 2099 2035
9 2035 2099 2100 2036
9 2036 2100 2101 2037
9 2037 2101 2102 2038
9 2038 2102 2103 2039
9 2039 2103 2104 2040
9 2040 2104 2105 2041
9 2041 2105 2106 2042
9 2042 2106 2107 2043
9 2043 2107 2108 2044
9 2044 2108 2109 2045
9 2045 2109 2110 2046
9 2046 2110 2111 2047
9 2047 2111 2048 1984
NPOIN= 2112
0.5 0 0
0.4975923633360985 0.0490085701647803 1
0.4903926402016152 0.09754516100806412 2
0.4784701678661044 0.1451423386272312 3
0.4619397662556434 0.1913417161825449 4
0.4409606321741775 0.2356983684129988 5
0.4157348061512726 0.2777851165098011 6
0.3865052266813685 0.3171966420818227 7
0.3535533905932738 0.3535533905932738 8
0.3171966420818227 0.3865052266813684 9
0.2777851165098011 0.4157348061512726 10
0.2356983684129989 0.4409606321741775 11
0.1913417161825449 0.4619397662556434 12
0.1451423386272312 0.4784701678661045 13
0.09754516100806417 0.4903926402016152 14
0.04900857016478039 0.4975923633360984 15
3.061616997868383e-17 0.5 16
-0.04900857016478032 0.4975923633360985 17
-0.0975451610080641 0.4903926402016152 18
-0.1451423386272311 0.4784701678661045 19
-0.1913417161825449 0.4619397662556434 20
-0.2356983684129988 0.4409606321741775 21
-0.277785116509801 0.4157348061512727 22
-0.3171966420818227 0.3865052266813686 23
-0.3535533905932737 0.3535533905932738 24
-0.3865052266813685 0.3171966420818227 25
-0.4157348061512727 0.2777851165098011 26
-0.4409606321741775 0.2356983684129989 27
-0.4619397662556434 0.1913417161825449 28
-0.4784701678661044 0.1451423386272312 29
-0.4903926402016152 0.0975451610080643 30
-0.4975923633360984 0.04900857016478041 31
-0.5 6.123233995736766e-17 32
-0.4975923633360985 -0.04900857016478029 33
-0.4903926402016152 -0.09754516100806418 34
-0.4784701678661045 -0.1451423386272311 35
-0.4619397662556434 -0.1913417161825448 36
-0.4409606321741775 -0.2356983684129988 37
-0.4157348061512727 -0.277785116509801 38
-0.3865052266813686 -0.3171966420818226 39
-0.3535533905932738 -0.3535533905932737 40
-0.317196642081823 -0.3865052266813683 41
-0.2777851165098011 -0.4157348061512726 42
-0.2356983684129989 -0.4409606321741775 43
-0.1913417161825452 -0.4619397662556433 44
-0.1451423386272312 -0.4784701678661044 45
-0.09754516100806433 -0.4903926402016152 46
-0.04900857016478023 -0.4975923633360985 47
-9.184850993605148e-17 -0.5 48
0.04900857016478005 -0.4975923633360985 49
0.09754516100806415 -0.4903926402016152 50
0.145142338627231 -0.4784701678661045 51
0.191341716182545 -0.4619397662556433 52
0.2356983684129988 -0.4409606321741775 53
0.2777851165098009 -0.4157348061512727 54
0.3171966420818228 -0.3865052266813684 55
0.3535533905932737 -0.3535533905932738 56
0.3865052266813683 -0.317196642081823 57
0.4157348061512726 -0.2777851165098011 58
0.4409606321741774 -0.235698368412999 59
0.4619397662556433 -0.1913417161825452 60
0.4784701678661044 -0.1451423386272312 61
0.4903926402016152 -0.09754516100806436 62
0.4975923633360985 -0.04900857016478025 63
0.5610923907536056 0 64
0.5583905775299766 0.05499667160234482 65
0.550311157797394 0.1094636951929202 66
0.5369319407845431 0.1628765235598451 67
0.5183817756650814 0.214720761967524 68
0.4948393106696611 0.2644971220591473 69
0.4665312726058087 0.3117262302765064 70
0.4337302833548267 0.3559532444894113 71
0.3967522343740467 0.3967522343740467 72
0.3559532444894113 0.4337302833548266 73
0.3117262302765064 0.4665312726058087 74
0.2644971220591473 0.4948393106696611 75
0.214720761967524 0.5183817756650814 76
0.1628765235598451 0.5369319407845431 77
0.1094636951929202 0.550311157797394 78
0.05499667160234491 0.5583905775299765 79
3.435700001811695e-17 0.5610923907536056 80
-0.05499667160234484 0.5583905775299766 81
-0.1094636951929202 0.550311157797394 82
-0.162876523559845 0.5369319407845431 83
-0.2147207619675239 0.5183817756650814 84
-0.2644971220591473 0.4948393106696611 85
-0.3117262302765062 0.4665312726058087 86
-0.3559532444894113 0.4337302833548267 87
-0.3967522343740466 0.3967522343740467 88
-0.4337302833548267 0.3559532444894113 89
-0.4665312726058087 0.3117262302765064 90
-0.4948393106696611 0.2644971220591473 91
-0.5183817756650814 0.214720761967524 92
-0.5369319407845431 0.1628765235598451 93
-0.550311157797394 0.1094636951929204 94
-0.5583905775299765 0.05499667160234494 95
-0.5610923907536056 6.87140000362339e-17 96
-0.5583905775299766 -0.05499667160234481 97
-0.550311157797394 -0.1094636951929202 98
-0.5369319407845431 -0.1628765235598449 99
-0.5183817756650815 -0.2147207619675239 100
-0.4948393106696611 -0.2644971220591473 101
-0.4665312726058088 -0.3117262302765062 102
-0.4337302833548267 -0.3559532444894112 103
-0.3967522343740467 -0.3967522343740466 104
-0.3559532444894116 -0.4337302833548265 105
-0.3117262302765064 -0.4665312726058087 106
-0.2644971220591474 -0.4948393106696611 107
-0.2147207619675243 -0.5183817756650813 108
-0.1628765235598451 -0.5369319407845431 109
-0.1094636951929204 -0.5503111577973939 110
-0.05499667160234473 -0.5583905775299766 111
-1.030710000543509e-16 -0.5610923907536056 112
0.05499667160234453 -0.5583905775299766 113
0.1094636951929202 -0.550311157797394 114
0.1628765235598449 -0.5369319407845431 115
0.2147207619675241 -0.5183817756650814 116
0.2644971220591472 -0.4948393106696611 117
0.3117262302765061 -0.4665312726058088 118
0.3559532444894114 -0.4337302833548266 119
0.3967522343740466 -0.3967522343740467 120
0.4337302833548264 -0.3559532444894116 121
0.4665312726058087 -0.3117262302765064 122
0.494839310669661 -0.2644971220591474 123
0.5183817756650813 -0.2147207619675243 124
0.5369319407845431 -0.1628765235598452 125
0.5503111577973939 -0.1094636951929204 126
0.5583905775299766 -0.05499667160234476 127
0.6296493419231937 0 128
0.6266174082411622 0.06171642790570116 129
0.617550806373849 0.1228384928730391 130
0.6025368526535453 0.1827775560036589 131
0.5817201396620395 0.2409563713535878 132
0.5553011437250127 0.2968146451272303 133
0.5235342942154306 0.3498144316129079 134
0.4867255232595969 0.399445313894133 135
0.4452293194435374 0.4452293194435374 136
0.399445313894133 0.4867255232595968 137
0.3498144316129079 0.5235342942154306 138
0.2968146451272304 0.5553011437250126 139
0.2409563713535878 0.5817201396620395 140
0.1827775560036589 0.6025368526535454 141
0.1228384928730391 0.617550806373849 142
0.06171642790570126 0.6266174082411621 143
3.855490255857383e-17 0.6296493419231937 144
-0.06171642790570118 0.6266174082411622 145
-0.1228384928730391 0.617550806373849 146
-0.1827775560036588 0.6025368526535454 147
-0.2409563713535877 0.5817201396620395 148
-0.2968146451272304 0.5553011437250127 149
-0.3498144316129077 0.5235342942154306 150
-0.3994453138941329 0.486725523259597 151
-0.4452293194435373 0.4452293194435374 152
-0.4867255232595969 0.399445313894133 153
-0.5235342942154306 0.3498144316129079 154
-0.5553011437250126 0.2968146451272304 155
-0.5817201396620395 0.2409563713535878 156
-0.6025368526535453 0.1827775560036589 157
-0.617550806373849 0.1228384928730393 158
-0.6266174082411621 0.0617164279057013 159
-0.6296493419231937 7.710980511714765e-17 160
-0.6266174082411622 -0.06171642790570115 161
-0.617550806373849 -0.1228384928730392 162
-0.6025368526535454 -0.1827775560036587 163
-0.5817201396620396 -0.2409563713535877 164
-0.5553011437250127 -0.2968146451272303 165
-0.5235342942154307 -0.3498144316129077 166
-0.486725523259597 -0.3994453138941328 167
-0.4452293194435374 -0.4452293194435373 168
-0.3994453138941332 -0.4867255232595967 169
-0.3498144316129079 -0.5235342942154306 170
-0.2968146451272305 -0.5553011437250126 171
-0.2409563713535881 -0.5817201396620394 172
-0.1827775560036589 -0.6025368526535453 173
-0.1228384928730394 -0.617550806373849 174
-0.06171642790570106 -0.6266174082411622 175
-1.156647076757215e-16 -0.6296493419231937 176
0.06171642790570084 -0.6266174082411622 177
0.1228384928730391 -0.617550806373849 178
0.1827775560036587 -0.6025368526535454 179
0.2409563713535879 -0.5817201396620394 180
0.2968146451272303 -0.5553011437250127 181
0.3498144316129077 -0.5235342942154307 182
0.3994453138941331 -0.4867255232595968 183
0.4452293194435372 -0.4452293194435374 184
0.4867255232595967 -0.3994453138941332 185
0.5235342942154306 -0.3498144316129079 186
0.5553011437250125 -0.2968146451272305 187
0.5817201396620394 -0.2409563713535882 188
0.6025368526535453 -0.182777556003659 189
0.617550806373849 -0.1228384928730394 190
0.6266174082411622 -0.0617164279057011 191
0.7065829091922384 0 192
0.7031805193557236 0.06925723616476481 193
0.6930061167202398 0.1378474872854065 194
0.6761576863450615 0.205110191748388 195
0.6527974878249903 0.2703975729401963 196
0.6231504926417578 0.3330808776902414 197
0.587502217565675 0.3925564315076003 198
0.5461959749730538 0.448251452296367 199
0.4996295665603503 0.4996295665603503 200
0.448251452296367 0.5461959749730537 201
0.3925564315076004 0.587502217565675 202
0.3330808776902415 0.6231504926417578 203
0.2703975729401964 0.6527974878249903 204
0.205110191748388 0.6761576863450616 205
0.1378474872854066 0.6930061167202398 206
0.06925723616476492 0.7031805193557235 207
4.326572490372498e-17 0.7065829091922384 208
-0.06925723616476484 0.7031805193557236 209
-0.1378474872854065 0.6930061167202398 210
-0.2051101917483879 0.6761576863450616 211
-0.2703975729401963 0.6527974878249903 212
-0.3330808776902415 0.6231504926417578 213
-0.3925564315076002 0.5875022175656751 214
-0.4482514522963669 0.5461959749730539 215
-0.4996295665603503 0.4996295665603503 216
-0.5461959749730538 0.448251452296367 217
-0.5875022175656751 0.3925564315076003 218
-0.6231504926417578 0.3330808776902415 219
-0.6527974878249903 0.2703975729401965 220
-0.6761576863450615 0.205110191748388 221
-0.6930061167202398 0.1378474872854067 222
-0.7031805193557235 0.06925723616476497 223
-0.7065829091922384 8.653144980744997e-17 224
-0.7031805193557236 -0.0692572361647648 225
-0.6930061167202398 -0.1378474872854066 226
-0.6761576863450616 -0.2051101917483878 227
-0.6527974878249903 -0.2703975729401963 228
-0.6231504926417578 -0.3330808776902414 229
-0.5875022175656752 -0.3925564315076002 230
-0.5461959749730539 -0.4482514522963669 231
-0.4996295665603505 -0.4996295665603503 232
-0.4482514522963674 -0.5461959749730536 233
-0.3925564315076003 -0.587502217565675 234
-0.3330808776902416 -0.6231504926417578 235
-0.2703975729401967 -0.65279748782499 236
-0.2051101917483881 -0.6761576863450615 237
-0.1378474872854068 -0.6930061167202398 238
-0.0692572361647647 -0.7031805193557236 239
-1.297971747111749e-16 -0.7065829091922384 240
0.06925723616476445 -0.7031805193557236 241
0.1378474872854066 -0.6930061167202398 242
0.2051101917483878 -0.6761576863450616 243
0.2703975729401965 -0.6527974878249901 244
0.3330808776902414 -0.6231504926417578 245
0.3925564315076001 -0.5875022175656752 246
0.4482514522963671 -0.5461959749730537 247
0.4996295665603502 -0.4996295665603505 248
0.5461959749730535 -0.4482514522963674 249
0.587502217565675 -0.3925564315076003 250
0.6231504926417577 -0.3330808776902416 251
0.65279748782499 -0.2703975729401968 252
0.6761576863450615 -0.2051101917483881 253
0.6930061167202398 -0.1378474872854068 254
0.7031805193557236 -0.06925723616476474 255
0.7929165875686217 0 256
0.78909847747333 0.07771941643334992 257
0.7776809176748632 0.154690352400692 258
0.7587738655155543 0.230171535712067 259
0.7325594062433429 0.3034360413099744 260
0.699289999431302 0.3737782919550537 261
0.6592860476539391 0.440520853320607 262
0.6129328108352546 0.5030209580554887 263
0.5606766959850694 0.5606766959850694 264
0.5030209580554887 0.6129328108352545 265
0.440520853320607 0.6592860476539391 266
0.3737782919550538 0.699289999431302 267
0.3034360413099745 0.7325594062433429 268
0.230171535712067 0.7587738655155543 269
0.154690352400692 0.7776809176748632 270
0.07771941643335005 0.7890984774733298 271
4.855213804783773e-17 0.7929165875686217 272
-0.07771941643334995 0.78909847747333 273
-0.1546903524006919 0.7776809176748632 274
-0.2301715357120668 0.7587738655155543 275
-0.3034360413099744 0.7325594062433429 276
-0.3737782919550537 0.699289999431302 277
-0.4405208533206068 0.6592860476539392 278
-0.5030209580554886 0.6129328108352547 279
-0.5606766959850693 0.5606766959850694 280
-0.6129328108352546 0.5030209580554887 281
-0.6592860476539392 0.440520853320607 282
-0.699289999431302 0.3737782919550538 283
-0.7325594062433429 0.3034360413099745 284
-0.7587738655155543 0.230171535712067 285
-0.7776809176748632 0.1546903524006923 286
-0.7890984774733298 0.07771941643335011 287
-0.7929165875686217 9.710427609567546e-17 288
-0.78909847747333 -0.07771941643334991 289
-0.7776809176748632 -0.154690352400692 290
-0.7587738655155543 -0.2301715357120668 291
-0.732559406243343 -0.3034360413099744 292
-0.699289999431302 -0.3737782919550537 293
-0.6592860476539393 -0.4405208533206068 294
-0.6129328108352547 -0.5030209580554885 295
-0.5606766959850694 -0.5606766959850693 296
-0.5030209580554891 -0.6129328108352543 297
-0.440520853320607 -0.6592860476539391 298
-0.3737782919550539 -0.699289999431302 299
-0.3034360413099749 -0.7325594062433428 300
-0.2301715357120671 -0.7587738655155543 301
-0.1546903524006923 -0.7776809176748631 302
-0.0777194164333498 -0.78909847747333 303
-1.456564141435132e-16 -0.7929165875686217 304
0.07771941643334952 -0.78909847747333 305
0.154690352400692 -0.7776809176748632 306
0.2301715357120667 -0.7587738655155543 307
0.3034360413099746 -0.7325594062433429 308
0.3737782919550536 -0.699289999431302 309
0.4405208533206067 -0.6592860476539393 310
0.5030209580554889 -0.6129328108352545 311
0.5606766959850692 -0.5606766959850694 312
0.6129328108352543 -0.5030209580554891 313
0.6592860476539391 -0.440520853320607 314
0.6992899994313019 -0.3737782919550539 315
0.7325594062433428 -0.3034360413099749 316
0.7587738655155543 -0.2301715357120671 317
0.7776809176748631 -0.1546903524006923 318
0.78909847747333 -0.07771941643334984 319
0.8897989275741373 0 320
0.8855143025310818 0.08721554634912675 321
0.872701690683294 0.173591159310044 322
0.8514844844869542 0.2582949945122252 323
0.8220670172362382 0.3405113077188468 324
0.7847325952219936 0.4194483108897205 325
0.7398407693372885 0.4943457975329555 326
0.687823872405761 0.5644824639090467 327
0.6291828555801902 0.6291828555801902 328
0.5644824639090467 0.6878238724057609 329
0.4943457975329557 0.7398407693372885 330
0.4194483108897207 0.7847325952219935 331
0.3405113077188468 0.8220670172362382 332
0.2582949945122252 0.8514844844869544 333
0.1735911593100441 0.872701690683294 334
0.08721554634912689 0.8855143025310817 335
5.448447042692074e-17 0.8897989275741373 336
-0.08721554634912677 0.8855143025310818 337
-0.173591159310044 0.872701690683294 338
-0.258294994512225 0.8514844844869544 339
-0.3405113077188467 0.8220670172362382 340
-0.4194483108897206 0.7847325952219936 341
-0.4943457975329554 0.7398407693372885 342
-0.5644824639090466 0.6878238724057611 343
-0.62918285558019 0.6291828555801902 344
-0.687823872405761 0.5644824639090467 345
-0.7398407693372885 0.4943457975329555 346
-0.7847325952219935 0.4194483108897207 347
-0.8220670172362382 0.3405113077188469 348
-0.8514844844869542 0.2582949945122252 349
-0.872701690683294 0.1735911593100443 350
-0.8855143025310817 0.08721554634912694 351
-0.8897989275741373 1.089689408538415e-16 352
-0.8855143025310818 -0.08721554634912673 353
-0.872701690683294 -0.1735911593100441 354
-0.8514844844869544 -0.2582949945122249 355
-0.8220670172362383 -0.3405113077188467 356
-0.7847325952219936 -0.4194483108897205 357
-0.7398407693372886 -0.4943457975329554 358
-0.6878238724057611 -0.5644824639090464 359
-0.6291828555801903 -0.62918285558019 360
-0.5644824639090471 -0.6878238724057607 361
-0.4943457975329555 -0.7398407693372885 362
-0.4194483108897207 -0.7847325952219935 363
-0.3405113077188472 -0.822067017236238 364
-0.2582949945122253 -0.8514844844869542 365
-0.1735911593100444 -0.8727016906832938 366
-0.08721554634912661 -0.8855143025310818 367
-1.634534112807622e-16 -0.8897989275741373 368
0.08721554634912629 -0.8855143025310818 369
0.1735911593100441 -0.872701690683294 370
0.2582949945122249 -0.8514844844869544 371
0.340511307718847 -0.8220670172362381 372
0.4194483108897205 -0.7847325952219936 373
0.4943457975329553 -0.7398407693372886 374
0.5644824639090468 -0.6878238724057609 375
0.6291828555801899 -0.6291828555801903 376
0.6878238724057606 -0.5644824639090471 377
0.7398407693372885 -0.4943457975329555 378
0.7847325952219933 -0.4194483108897208 379
0.822067017236238 -0.3405113077188473 380
0.8514844844869542 -0.2582949945122253 381
0.8727016906832938 -0.1735911593100444 382
0.8855143025310818 -0.08721554634912666 383
0.998518815125134 0 384
0.9937106741073524 0.09787195882382684 385
0.9793325560804059 0.1948013571819252 386
0.9555229301807731 0.2898547119811076 387
0.9225110961215327 0.3821166074532088 388
0.8806149759107795 0.4706985111093498 389
0.830238052088892 0.5547473307935278 390
0.7718654819711027 0.6334536304264257 391
0.7060594253173389 0.7060594253173389 392
0.6334536304264257 0.7718654819711026 393
0.5547473307935279 0.830238052088892 394
0.47069851110935 0.8806149759107794 395
0.3821166074532089 0.9225110961215327 396
0.2898547119811076 0.9555229301807732 397
0.1948013571819253 0.9793325560804059 398
0.097871958823827 0.9937106741073523 399
6.114164354157015e-17 0.998518815125134 400
-0.09787195882382688 0.9937106741073524 401
-0.1948013571819251 0.9793325560804059 402
-0.2898547119811075 0.9555229301807732 403
-0.3821166074532087 0.9225110961215327 404
-0.4706985111093498 0.8806149759107795 405
-0.5547473307935276 0.8302380520888921 406
-0.6334536304264256 0.7718654819711028 407
-0.7060594253173388 0.7060594253173389 408
-0.7718654819711027 0.6334536304264257 409
-0.8302380520888921 0.5547473307935278 410
-0.8806149759107794 0.47069851110935 411
-0.9225110961215327 0.3821166074532089 412
-0.9555229301807731 0.2898547119811077 413
-0.9793325560804059 0.1948013571819256 414
-0.9937106741073523 0.09787195882382706 415
-0.998518815125134 1.222832870831403e-16 416
-0.9937106741073524 -0.09787195882382682 417
-0.9793325560804059 -0.1948013571819253 418
-0.9555229301807732 -0.2898547119811074 419
-0.9225110961215328 -0.3821166074532087 420
-0.8806149759107795 -0.4706985111093498 421
-0.8302380520888922 -0.5547473307935276 422
-0.7718654819711028 -0.6334536304264254 423
-0.706059425317339 -0.7060594253173388 424
-0.6334536304264261 -0.7718654819711024 425
-0.5547473307935278 -0.830238052088892 426
-0.47069851110935 -0.8806149759107794 427
-0.3821166074532094 -0.9225110961215325 428
-0.2898547119811077 -0.9555229301807731 429
-0.1948013571819256 -0.9793325560804058 430
-0.09787195882382668 -0.9937106741073524 431
-1.834249306247104e-16 -0.998518815125134 432
0.09787195882382632 -0.9937106741073524 433
0.1948013571819253 -0.9793325560804059 434
0.2898547119811073 -0.9555229301807732 435
0.382116607453209 -0.9225110961215326 436
0.4706985111093497 -0.8806149759107795 437
0.5547473307935274 -0.8302380520888922 438
0.6334536304264258 -0.7718654819711026 439
0.7060594253173387 -0.706059425317339 440
0.7718654819711023 -0.6334536304264261 441
0.830238052088892 -0.5547473307935278 442
0.8806149759107793 -0.4706985111093501 443
0.9225110961215325 -0.3821166074532094 444
0.9555229301807731 -0.2898547119811078 445
0.9793325560804058 -0.1948013571819257 446
0.9937106741073524 -0.09787195882382674 447
1.120522618382038 0 448
1.115126995704543 0.1098304227283989 449
1.098992090467989 0.218603118446507 450
1.072273290630041 0.3252705466333549 451
1.03522791283912 0.4288054416451559 452
0.9882127243344161 0.5282107058450153 453
0.9316805070823458 0.6225290121982435 454
0.8661756972387001 0.7108520238550282 455
0.7923291419308449 0.7923291419308449 456
0.7108520238550282 0.8661756972387 457
0.6225290121982436 0.9316805070823458 458
0.5282107058450155 0.988212724334416 459
0.4288054416451559 1.03522791283912 460
0.3252705466333549 1.072273290630041 461
0.218603118446507 1.098992090467989 462
0.1098304227283991 1.115126995704543 463
6.861222189868869e-17 1.120522618382038 464
-0.1098304227283989 1.115126995704543 465
-0.2186031184465069 1.098992090467989 466
-0.3252705466333547 1.072273290630041 467
-0.4288054416451558 1.03522791283912 468
-0.5282107058450153 0.9882127243344161 469
-0.6225290121982433 0.931680507082346 470
-0.7108520238550281 0.8661756972387004 471
-0.7923291419308448 0.7923291419308449 472
-0.8661756972387001 0.7108520238550282 473
-0.931680507082346 0.6225290121982435 474
-0.988212724334416 0.5282107058450155 475
-1.03522791283912 0.428805441645156 476
-1.072273290630041 0.325270546633355 477
-1.098992090467989 0.2186031184465073 478
-1.115126995704543 0.1098304227283991 479
-1.120522618382038 1.372244437973774e-16 480
-1.115126995704543 -0.1098304227283989 481
-1.098992090467989 -0.2186031184465071 482
-1.072273290630041 -0.3252705466333546 483
-1.03522791283912 -0.4288054416451558 484
-0.9882127243344161 -0.5282107058450153 485
-0.9316805070823461 -0.6225290121982433 486
-0.8661756972387004 -0.710852023855028 487
-0.7923291419308451 -0.7923291419308448 488
-0.7108520238550287 -0.8661756972386998 489
-0.6225290121982435 -0.9316805070823458 490
-0.5282107058450155 -0.988212724334416 491
-0.4288054416451565 -1.03522791283912 492
-0.325270546633355 -1.072273290630041 493
-0.2186031184465074 -1.098992090467989 494
-0.1098304227283987 -1.115126995704543 495
-2.058366656960661e-16 -1.120522618382038 496
0.1098304227283983 -1.115126995704543 497
0.218603118446507 -1.098992090467989 498
0.3252705466333546 -1.072273290630041 499
0.4288054416451561 -1.03522791283912 500
0.5282107058450152 -0.9882127243344161 501
0.6225290121982432 -0.9316805070823461 502
0.7108520238550283 -0.8661756972387 503
0.7923291419308447 -0.7923291419308451 504
0.8661756972386997 -0.7108520238550287 505
0.9316805070823458 -0.6225290121982435 506
0.9882127243344159 -0.5282107058450156 507
1.03522791283912 -0.4288054416451565 508
1.072273290630041 -0.3252705466333551 509
1.098992090467989 -0.2186031184465075 510
1.115126995704543 -0.1098304227283988 511
1.257433429682935 0 512
1.251378544027495 0.123250028932313 513
1.233272198919974 0.2453130927106884 514
1.203288768361691 0.3650136573044826 515
1.161717009179534 0.4811989408416725 516
1.108957280139863 0.5927500155284583 517
1.04551768627473 0.6985925835355861 518
0.9720091855526672 0.7977073230737138 519
0.8891397050194615 0.8891397050194615 520
0.7977073230737138 0.9720091855526671 521
0.6985925835355862 1.04551768627473 522
0.5927500155284585 1.108957280139863 523
0.4811989408416726 1.161717009179534 524
0.3650136573044826 1.203288768361691 525
0.2453130927106885 1.233272198919974 526
0.1232500289323132 1.251378544027495 527
7.699559124010427e-17 1.257433429682935 528
-0.123250028932313 1.251378544027495 529
-0.2453130927106884 1.233272198919974 530
-0.3650136573044824 1.203288768361691 531
-0.4811989408416725 1.161717009179534 532
-0.5927500155284584 1.108957280139863 533
-0.6985925835355857 1.04551768627473 534
-0.7977073230737137 0.9720091855526674 535
-0.8891397050194614 0.8891397050194615 536
-0.9720091855526672 0.7977073230737138 537
-1.04551768627473 0.6985925835355861 538
-1.108957280139863 0.5927500155284585 539
-1.161717009179534 0.4811989408416726 540
-1.203288768361691 0.3650136573044827 541
-1.233272198919974 0.2453130927106889 542
-1.251378544027495 0.1232500289323132 543
-1.257433429682935 1.539911824802085e-16 544
-1.251378544027495 -0.1232500289323129 545
-1.233272198919974 -0.2453130927106886 546
-1.203288768361691 -0.3650136573044823 547
-1.161717009179535 -0.4811989408416724 548
-1.108957280139863 -0.5927500155284583 549
-1.04551768627473 -0.6985925835355857 550
-0.9720091855526674 -0.7977073230737135 551
-0.8891397050194616 -0.8891397050194614 552
-0.7977073230737144 -0.9720091855526668 553
-0.6985925835355861 -1.04551768627473 554
-0.5927500155284586 -1.108957280139863 555
-0.4811989408416732 -1.161717009179534 556
-0.3650136573044827 -1.203288768361691 557
-0.245313092710689 -1.233272198919974 558
-0.1232500289323128 -1.251378544027495 559
-2.309867737203128e-16 -1.257433429682935 560
0.1232500289323123 -1.251378544027495 561
0.2453130927106885 -1.233272198919974 562
0.3650136573044822 -1.203288768361691 563
0.4811989408416728 -1.161717009179534 564
0.5927500155284583 -1.108957280139863 565
0.6985925835355856 -1.04551768627473 566
0.7977073230737139 -0.9720091855526671 567
0.8891397050194613 -0.8891397050194616 568
0.9720091855526667 -0.7977073230737144 569
1.04551768627473 -0.6985925835355861 570
1.108957280139863 -0.5927500155284587 571
1.161717009179534 -0.4811989408416733 572
1.203288768361691 -0.3650136573044828 573
1.233272198919974 -0.245313092710689 574
1.251378544027495 -0.1232500289323128 575
1.411072658548608 0 576
1.404277958012307 0.1383093067881651 577
1.383959293083928 0.2752866193444021 578
1.350312343614045 0.4096127712693788 579
1.303661148119347 0.5399941282899137 580
1.244454983114583 0.665175046664199 581
1.173264036334133 0.7839499657174397 582
1.090773915512422 0.8951750180501777 583
0.9977790456066505 0.9977790456066505 584
0.8951750180501777 1.090773915512422 585
0.7839499657174398 1.173264036334133 586
0.6651750466641992 1.244454983114583 587
0.5399941282899138 1.303661148119347 588
0.4096127712693788 1.350312343614046 589
0.2752866193444022 1.383959293083928 590
0.1383093067881653 1.404277958012307 591
8.640328073279494e-17 1.411072658548608 592
-0.1383093067881651 1.404277958012307 593
-0.275286619344402 1.383959293083928 594
-0.4096127712693786 1.350312343614046 595
-0.5399941282899136 1.303661148119347 596
-0.665175046664199 1.244454983114583 597
-0.7839499657174394 1.173264036334133 598
-0.8951750180501776 1.090773915512422 599
-0.9977790456066503 0.9977790456066505 600
-1.090773915512422 0.8951750180501777 601
-1.173264036334133 0.7839499657174397 602
-1.244454983114583 0.6651750466641992 603
-1.303661148119347 0.5399941282899138 604
-1.350312343614045 0.4096127712693789 605
-1.383959293083928 0.2752866193444026 606
-1.404277958012307 0.1383093067881654 607
-1.411072658548608 1.728065614655899e-16 608
-1.404277958012307 -0.1383093067881651 609
-1.383959293083928 -0.2752866193444023 610
-1.350312343614046 -0.4096127712693785 611
-1.303661148119347 -0.5399941282899134 612
-1.244454983114583 -0.665175046664199 613
-1.173264036334133 -0.7839499657174394 614
-1.090773915512422 -0.8951750180501774 615
-0.9977790456066506 -0.9977790456066503 616
-0.8951750180501784 -1.090773915512422 617
-0.7839499657174397 -1.173264036334133 618
-0.6651750466641992 -1.244454983114583 619
-0.5399941282899144 -1.303661148119346 620
-0.409612771269379 -1.350312343614045 621
-0.2752866193444027 -1.383959293083928 622
-0.1383093067881649 -1.404277958012307 623
-2.592098421983848e-16 -1.411072658548608 624
0.1383093067881643 -1.404277958012307 625
0.2752866193444022 -1.383959293083928 626
0.4096127712693784 -1.350312343614046 627
0.539994128289914 -1.303661148119346 628
0.6651750466641989 -1.244454983114583 629
0.7839499657174392 -1.173264036334133 630
0.895175018050178 -1.090773915512422 631
0.9977790456066502 -0.9977790456066506 632
1.090773915512421 -0.8951750180501784 633
1.173264036334133 -0.7839499657174397 634
1.244454983114583 -0.6651750466641994 635
1.303661148119346 -0.5399941282899146 636
1.350312343614045 -0.409612771269379 637
1.383959293083928 -0.2752866193444028 638
1.404277958012307 -0.1383093067881649 639
1.583484263024169 0 640
1.575859353487433 0.1552085992184909 641
1.553058056924263 0.3089224547808567 642
1.515299962285018 0.4596612182294912 643
1.462948700661749 0.6059731928701938 644
1.396508443321999 0.7464493144049132 645
1.316619046263888 0.8797367209912108 646
1.224049888053073 1.004551782041353 647
1.119692460286573 1.119692460286573 648
1.004551782041353 1.224049888053073 649
0.879736720991211 1.316619046263888 650
0.7464493144049135 1.396508443321999 651
0.6059731928701939 1.462948700661749 652
0.4596612182294912 1.515299962285018 653
0.3089224547808569 1.553058056924263 654
0.1552085992184911 1.575859353487433 655
9.696044671063773e-17 1.583484263024169 656
-0.1552085992184909 1.575859353487433 657
-0.3089224547808567 1.553058056924263 658
-0.4596612182294909 1.515299962285018 659
-0.6059731928701937 1.462948700661749 660
-0.7464493144049134 1.396508443321999 661
-0.8797367209912105 1.316619046263888 662
-1.004551782041353 1.224049888053073 663
-1.119692460286573 1.119692460286573 664
-1.224049888053073 1.004551782041353 665
-1.316619046263888 0.8797367209912108 666
-1.396508443321999 0.7464493144049135 667
-1.462948700661749 0.6059731928701939 668
-1.515299962285018 0.4596612182294912 669
-1.553058056924263 0.3089224547808573 670
-1.575859353487433 0.1552085992184912 671
-1.583484263024169 1.939208934212755e-16 672
-1.575859353487433 -0.1552085992184908 673
-1.553058056924263 -0.3089224547808569 674
-1.515299962285018 -0.4596612182294908 675
-1.462948700661749 -0.6059731928701936 676
-1.396508443321999 -0.7464493144049132 677
-1.316619046263888 -0.8797367209912105 678
-1.224049888053073 -1.004551782041352 679
-1.119692460286573 -1.119692460286573 680
-1.004551782041353 -1.224049888053072 681
-0.8797367209912108 -1.316619046263888 682
-0.7464493144049136 -1.396508443321999 683
-0.6059731928701947 -1.462948700661749 684
-0.4596612182294914 -1.515299962285018 685
-0.3089224547808574 -1.553058056924262 686
-0.1552085992184906 -1.575859353487433 687
-2.908813401319132e-16 -1.583484263024169 688
0.1552085992184901 -1.575859353487433 689
0.3089224547808568 -1.553058056924263 690
0.4596612182294907 -1.515299962285018 691
0.6059731928701941 -1.462948700661749 692
0.7464493144049131 -1.396508443321999 693
0.8797367209912104 -1.316619046263888 694
1.004551782041353 -1.224049888053073 695
1.119692460286573 -1.119692460286573 696
1.224049888053072 -1.004551782041353 697
1.316619046263888 -0.8797367209912108 698
1.396508443321998 -0.7464493144049137 699
1.462948700661749 -0.6059731928701948 700
1.515299962285018 -0.4596612182294914 701
1.553058056924262 -0.3089224547808575 702
1.575859353487433 -0.1552085992184907 703
1.776961941721885 0 704
1.76840538427939 0.1741727280020425 705
1.742818116277568 0.346668077420927 706
1.700446557094698 0.5158248237462001 707
1.641698768008363 0.6800138950402655 708
1.567140522342273 0.8376540607916851 709
1.477489856759874 0.9872271600293924 710
1.373610156178764 1.127292722042755 711
1.25650183890196 1.25650183890196 712
1.127292722042755 1.373610156178763 713
0.9872271600293926 1.477489856759874 714
0.8376540607916855 1.567140522342273 715
0.6800138950402657 1.641698768008363 716
0.5158248237462001 1.700446557094698 717
0.3466680774209272 1.742818116277568 718
0.1741727280020428 1.76840538427939 719
1.088075377068186e-16 1.776961941721885 720
-0.1741727280020426 1.76840538427939 721
-0.3466680774209269 1.742818116277568 722
-0.5158248237461998 1.700446557094698 723
-0.6800138950402654 1.641698768008363 724
-0.8376540607916853 1.567140522342273 725
-0.9872271600293919 1.477489856759874 726
-1.127292722042755 1.373610156178764 727
-1.256501838901959 1.25650183890196 728
-1.373610156178764 1.127292722042755 729
-1.477489856759874 0.9872271600293924 730
-1.567140522342273 0.8376540607916855 731
-1.641698768008363 0.6800138950402658 732
-1.700446557094698 0.5158248237462002 733
-1.742818116277568 0.3466680774209277 734
-1.76840538427939 0.1741727280020429 735
-1.776961941721885 2.176150754136372e-16 736
-1.76840538427939 -0.1741727280020424 737
-1.742818116277568 -0.3466680774209273 738
-1.700446557094698 -0.5158248237461996 739
-1.641698768008364 -0.6800138950402653 740
-1.567140522342273 -0.8376540607916851 741
-1.477489856759874 -0.9872271600293919 742
-1.373610156178764 -1.127292722042755 743
-1.25650183890196 -1.256501838901959 744
-1.127292722042756 -1.373610156178763 745
-0.9872271600293924 -1.477489856759874 746
-0.8376540607916856 -1.567140522342273 747
-0.6800138950402665 -1.641698768008363 748
-0.5158248237462003 -1.700446557094698 749
-0.3466680774209278 -1.742818116277568 750
-0.1741727280020422 -1.76840538427939 751
-3.264226131204558e-16 -1.776961941721885 752
0.1741727280020416 -1.76840538427939 753
0.3466680774209271 -1.742818116277568 754
0.5158248237461995 -1.700446557094698 755
0.680013895040266 -1.641698768008363 756
0.837654060791685 -1.567140522342273 757
0.9872271600293918 -1.477489856759874 758
1.127292722042755 -1.373610156178763 759
1.256501838901959 -1.25650183890196 760
1.373610156178763 -1.127292722042756 761
1.477489856759874 -0.9872271600293924 762
1.567140522342272 -0.8376540607916857 763
1.641698768008363 -0.6800138950402667 764
1.700446557094698 -0.5158248237462003 765
1.742818116277568 -0.3466680774209279 766
1.76840538427939 -0.1741727280020423 767
1.994079648317803 0 768
1.984477609773744 0.195453984717487 769
1.955763967021752 0.389025640716128 770
1.908215248138003 0.5788507671316252 771
1.842289373278123 0.763101244227628 772
1.75862124465576 0.9400026391881454 773
1.6580166320872 1.107851294875568 774
1.541444412987552 1.265030736980218 775
1.410027241551605 1.410027241551605 776
1.265030736980218 1.541444412987552 777
1.107851294875569 1.6580166320872 778
0.9400026391881457 1.75862124465576 779
0.7631012442276282 1.842289373278123 780
0.5788507671316252 1.908215248138004 781
0.3890256407161282 1.955763967021752 782
0.1954539847174873 1.984477609773743 783
1.221021629278639e-16 1.994079648317803 784
-0.195453984717487 1.984477609773744 785
-0.3890256407161279 1.955763967021752 786
-0.5788507671316249 1.908215248138004 787
-0.7631012442276279 1.842289373278123 788
-0.9400026391881455 1.75862124465576 789
-1.107851294875568 1.6580166320872 790
-1.265030736980218 1.541444412987552 791
-1.410027241551604 1.410027241551605 792
-1.541444412987552 1.265030736980218 793
-1.6580166320872 1.107851294875568 794
-1.75862124465576 0.9400026391881457 795
-1.842289373278123 0.7631012442276283 796
-1.908215248138003 0.5788507671316253 797
-1.955763967021752 0.3890256407161287 798
-1.984477609773743 0.1954539847174874 799
-1.994079648317803 2.442043258557277e-16 800
-1.984477609773744 -0.1954539847174869 801
-1.955763967021752 -0.3890256407161282 802
-1.908215248138004 -0.5788507671316248 803
-1.842289373278123 -0.7631012442276278 804
-1.75862124465576 -0.9400026391881454 805
-1.6580166320872 -1.107851294875568 806
-1.541444412987552 -1.265030736980218 807
-1.410027241551605 -1.410027241551604 808
-1.265030736980219 -1.541444412987552 809
-1.107851294875568 -1.6580166320872 810
-0.9400026391881459 -1.75862124465576 811
-0.7631012442276291 -1.842289373278123 812
-0.5788507671316254 -1.908215248138003 813
-0.3890256407161288 -1.955763967021751 814
-0.1954539847174867 -1.984477609773744 815
-3.663064887835916e-16 -1.994079648317803 816
0.195453984717486 -1.984477609773744 817
0.3890256407161281 -1.955763967021752 818
0.5788507671316246 -1.908215248138004 819
0.7631012442276285 -1.842289373278123 820
0.9400026391881453 -1.75862124465576 821
1.107851294875568 -1.6580166320872 822
1.265030736980219 -1.541444412987552 823
1.410027241551604 -1.410027241551605 824
1.541444412987551 -1.265030736980219 825
1.6580166320872 -1.107851294875568 826
1.75862124465576 -0.940002639188146 827
1.842289373278123 -0.7631012442276293 828
1.908215248138003 -0.5788507671316255 829
1.955763967021751 -0.3890256407161289 830
1.984477609773744 -0.1954539847174868 831
2.23772583445549 0 832
2.226950572929901 0.2193354871349069 833
2.194728560011981 0.4365586536277309 834
2.141370111300474 0.6495775216388844 835
2.067389097825167 0.8563406030214616 836
1.973497997187964 1.054856656273551 837
1.860601032014096 1.24321386328242 838
1.729785461793947 1.419598241178053 839
1.582311111979803 1.582311111979803 840
1.419598241178053 1.729785461793947 841
1.243213863282421 1.860601032014096 842
1.054856656273551 1.973497997187964 843
0.8563406030214619 2.067389097825167 844
0.6495775216388844 2.141370111300474 845
0.4365586536277311 2.194728560011981 846
0.2193354871349072 2.2269505729299 847
1.370211890267628e-16 2.23772583445549 848
-0.219335487134907 2.226950572929901 849
-0.4365586536277308 2.194728560011981 850
-0.649577521638884 2.141370111300474 851
-0.8563406030214615 2.067389097825167 852
-1.054856656273551 1.973497997187964 853
-1.24321386328242 1.860601032014096 854
-1.419598241178052 1.729785461793948 855
-1.582311111979803 1.582311111979803 856
-1.729785461793947 1.419598241178053 857
-1.860601032014096 1.24321386328242 858
-1.973497997187964 1.054856656273551 859
-2.067389097825167 0.856340603021462 860
-2.141370111300474 0.6495775216388845 861
-2.194728560011981 0.4365586536277317 862
-2.2269505729299 0.2193354871349074 863
-2.23772583445549 2.740423780535256e-16 864
-2.226950572929901 -0.2193354871349069 865
-2.194728560011981 -0.4365586536277311 866
-2.141370111300474 -0.6495775216388839 867
-2.067389097825167 -0.8563406030214614 868
-1.973497997187964 -1.054856656273551 869
-1.860601032014096 -1.24321386328242 870
-1.729785461793948 -1.419598241178052 871
-1.582311111979803 -1.582311111979803 872
-1.419598241178053 -1.729785461793947 873
-1.24321386328242 -1.860601032014096 874
-1.054856656273551 -1.973497997187964 875
-0.856340603021463 -2.067389097825167 876
-0.6495775216388846 -2.141370111300474 877
-0.4365586536277318 -2.19472856001198 878
-0.2193354871349066 -2.226950572929901 879
-4.110635670802884e-16 -2.23772583445549 880
0.2193354871349057 -2.226950572929901 881
0.436558653627731 -2.194728560011981 882
0.6495775216388837 -2.141370111300474 883
0.8563406030214622 -2.067389097825167 884
1.054856656273551 -1.973497997187964 885
1.24321386328242 -1.860601032014096 886
1.419598241178053 -1.729785461793947 887
1.582311111979802 -1.582311111979803 888
1.729785461793947 -1.419598241178053 889
1.860601032014096 -1.24321386328242 890
1.973497997187963 -1.054856656273551 891
2.067389097825167 -0.8563406030214631 892
2.141370111300474 -0.6495775216388847 893
2.19472856001198 -0.4365586536277319 894
2.226950572929901 -0.2193354871349067 895
2.511141876611476 0 896
2.499050042110699 0.2461349457072632 897
2.462890989584681 0.4898994773363174 898
2.403012950475795 0.7289460091923272 899
2.319992583033326 0.9609723924973924 900
2.214629418779294 1.183744086341762 901
2.08793816258283 1.395115677534319 902
1.941138920497591 1.593051542104414 903
1.775645449473487 1.775645449473487 904
1.593051542104414 1.941138920497591 905
1.395115677534319 2.08793816258283 906
1.183744086341762 2.214629418779294 907
0.9609723924973926 2.319992583033326 908
0.7289460091923272 2.403012950475795 909
0.4898994773363177 2.462890989584681 910
0.2461349457072636 2.499050042110699 911
1.537630930698561e-16 2.511141876611476 912
-0.2461349457072633 2.499050042110699 913
-0.4898994773363173 2.462890989584681 914
-0.7289460091923268 2.403012950475795 915
-0.9609723924973923 2.319992583033326 916
-1.183744086341762 2.214629418779294 917
-1.395115677534318 2.08793816258283 918
-1.593051542104414 1.941138920497592 919
-1.775645449473487 1.775645449473487 920
-1.941138920497591 1.593051542104414 921
-2.08793816258283 1.395115677534319 922
-2.214629418779294 1.183744086341762 923
-2.319992583033326 0.9609723924973927 924
-2.403012950475795 0.7289460091923273 925
-2.462890989584681 0.4898994773363184 926
-2.499050042110699 0.2461349457072638 927
-2.511141876611476 3.075261861397122e-16 928
-2.499050042110699 -0.2461349457072632 929
-2.462890989584681 -0.4898994773363177 930
-2.403012950475795 -0.7289460091923267 931
-2.319992583033326 -0.9609723924973922 932
-2.214629418779294 -1.183744086341762 933
-2.087938162582831 -1.395115677534318 934
-1.941138920497592 -1.593051542104414 935
-1.775645449473488 -1.775645449473487 936
-1.593051542104415 -1.94113892049759 937
-1.395115677534319 -2.08793816258283 938
-1.183744086341762 -2.214629418779294 939
-0.9609723924973939 -2.319992583033325 940
-0.7289460091923275 -2.403012950475795 941
-0.4898994773363185 -2.462890989584681 942
-0.2461349457072628 -2.499050042110699 943
-4.612892792095683e-16 -2.511141876611476 944
0.2461349457072619 -2.499050042110699 945
0.4898994773363176 -2.462890989584681 946
0.7289460091923265 -2.403012950475795 947
0.960972392497393 -2.319992583033326 948
1.183744086341762 -2.214629418779294 949
1.395115677534318 -2.087938162582831 950
1.593051542104414 -1.941138920497591 951
1.775645449473487 -1.775645449473488 952
1.94113892049759 -1.593051542104415 953
2.08793816258283 -1.395115677534319 954
2.214629418779293 -1.183744086341763 955
2.319992583033325 -0.960972392497394 956
2.403012950475795 -0.7289460091923277 957
2.462890989584681 -0.4898994773363187 958
2.499050042110699 -0.246134945707263 959
2.817965198138858 0 960
2.804395925481582 0.2762088902697945 961
2.763818787023165 0.5497577379351524 962
2.696624562788679 0.8180121180560453 963
2.603460369889603 1.078388594309148 964
2.485223430432284 1.328379598891883 965
2.343052430778581 1.565577581771135 966
2.178316555373733 1.787698196706168 967
1.99260230075168 1.99260230075168 968
1.787698196706168 2.178316555373733 969
1.565577581771135 2.343052430778581 970
1.328379598891884 2.485223430432284 971
1.078388594309149 2.603460369889603 972
0.8180121180560453 2.696624562788679 973
0.5497577379351527 2.763818787023165 974
0.2762088902697949 2.804395925481582 975
1.725506030004695e-16 2.817965198138858 976
-0.2762088902697946 2.804395925481582 977
-0.5497577379351523 2.763818787023165 978
-0.8180121180560449 2.696624562788679 979
-1.078388594309148 2.603460369889603 980
-1.328379598891884 2.485223430432284 981
-1.565577581771134 2.343052430778581 982
-1.787698196706168 2.178316555373734 983
-1.992602300751679 1.99260230075168 984
-2.178316555373733 1.787698196706168 985
-2.343052430778581 1.565577581771135 986
-2.485223430432284 1.328379598891884 987
-2.603460369889603 1.078388594309149 988
-2.696624562788679 0.8180121180560455 989
-2.763818787023165 0.5497577379351535 990
-2.804395925481582 0.2762088902697951 991
-2.817965198138858 3.451012060009389e-16 992
-2.804395925481582 -0.2762088902697944 993
-2.763818787023165 -0.5497577379351527 994
-2.696624562788679 -0.8180121180560447 995
-2.603460369889604 -1.078388594309148 996
-2.485223430432284 -1.328379598891883 997
-2.343052430778582 -1.565577581771134 998
-2.178316555373734 -1.787698196706167 999
-1.99260230075168 -1.992602300751679 1000
-1.787698196706169 -2.178316555373732 1001
-1.565577581771135 -2.343052430778581 1002
-1.328379598891884 -2.485223430432284 1003
-1.07838859430915 -2.603460369889603 1004
-0.8180121180560457 -2.696624562788679 1005
-0.5497577379351536 -2.763818787023164 1006
-0.2762088902697941 -2.804395925481582 1007
-5.176518090014083e-16 -2.817965198138858 1008
0.276208890269793 -2.804395925481582 1009
0.5497577379351526 -2.763818787023165 1010
0.8180121180560446 -2.696624562788679 1011
1.078388594309149 -2.603460369889603 1012
1.328379598891883 -2.485223430432284 1013
1.565577581771134 -2.343052430778582 1014
1.787698196706168 -2.178316555373733 1015
1.992602300751679 -1.99260230075168 1016
2.178316555373732 -1.787698196706169 1017
2.343052430778581 -1.565577581771135 1018
2.485223430432284 -1.328379598891884 1019
2.603460369889603 -1.07838859430915 1020
2.696624562788679 -0.8180121180560458 1021
2.763818787023164 -0.5497577379351537 1022
2.804395925481582 -0.2762088902697942 1023
3.16227766016838 0 1024
3.147050428896263 0.3099574131777586 1025
3.101515381641116 0.6169297670266577 1026
3.026111045799993 0.9179607499709743 1027
2.921563606347248 1.210151269084681 1028
2.788879912276255 1.490687369941125 1029
2.629337780093203 1.756867336532429 1030
2.444473687745614 2.006127710271547 1031
2.23606797749979 2.23606797749979 1032
2.006127710271547 2.444473687745614 1033
1.756867336532429 2.629337780093203 1034
1.490687369941126 2.788879912276255 1035
1.210151269084681 2.921563606347248 1036
0.9179607499709743 3.026111045799993 1037
0.616929767026658 3.101515381641116 1038
0.3099574131777592 3.147050428896263 1039
1.936336607270194e-16 3.16227766016838 1040
-0.3099574131777588 3.147050428896263 1041
-0.6169297670266576 3.101515381641116 1042
-0.9179607499709739 3.026111045799993 1043
-1.21015126908468 2.921563606347248 1044
-1.490687369941125 2.788879912276255 1045
-1.756867336532428 2.629337780093203 1046
-2.006127710271546 2.444473687745615 1047
-2.23606797749979 2.23606797749979 1048
-2.444473687745614 2.006127710271547 1049
-2.629337780093203 1.756867336532429 1050
-2.788879912276255 1.490687369941126 1051
-2.921563606347248 1.210151269084681 1052
-3.026111045799993 0.9179607499709745 1053
-3.101515381641116 0.6169297670266589 1054
-3.147050428896263 0.3099574131777593 1055
-3.16227766016838 3.872673214540387e-16 1056
-3.147050428896263 -0.3099574131777585 1057
-3.101515381641116 -0.6169297670266581 1058
-3.026111045799993 -0.9179607499709737 1059
-2.921563606347248 -1.21015126908468 1060
-2.788879912276255 -1.490687369941125 1061
-2.629337780093203 -1.756867336532428 1062
-2.444473687745615 -2.006127710271546 1063
-2.23606797749979 -2.23606797749979 1064
-2.006127710271548 -2.444473687745613 1065
-1.756867336532429 -2.629337780093203 1066
-1.490687369941126 -2.788879912276255 1067
-1.210151269084682 -2.921563606347247 1068
-0.9179607499709748 -3.026111045799993 1069
-0.616929767026659 -3.101515381641115 1070
-0.3099574131777582 -3.147050428896263 1071
-5.809009821810581e-16 -3.16227766016838 1072
0.309957413177757 -3.147050428896263 1073
0.6169297670266579 -3.101515381641116 1074
0.9179607499709734 -3.026111045799993 1075
1.210151269084681 -2.921563606347248 1076
1.490687369941125 -2.788879912276255 1077
1.756867336532428 -2.629337780093203 1078
2.006127710271547 -2.444473687745614 1079
2.236067977499789 -2.23606797749979 1080
2.444473687745613 -2.006127710271548 1081
2.629337780093203 -1.756867336532429 1082
2.788879912276254 -1.490687369941126 1083
2.921563606347247 -1.210151269084682 1084
3.026111045799993 -0.9179607499709749 1085
3.101515381641115 -0.6169297670266592 1086
3.147050428896263 -0.3099574131777583 1087
3.548659865141188 0 1088
3.531572097943128 0.3478294919834234 1089
3.48047336088819 0.6923091958161046 1090
3.395855762747623 1.030121583638373 1091
3.278534217248207 1.358013337488466 1092
3.12963859500758 1.672826680532941 1093
2.950602842262546 1.9715297881838 1094
2.743151171182939 2.251245986226638 1095
2.509281454765873 2.509281454765873 1096
2.251245986226638 2.743151171182938 1097
1.9715297881838 2.950602842262546 1098
1.672826680532941 3.129638595007579 1099
1.358013337488467 3.278534217248207 1100
1.030121583638373 3.395855762747623 1101
0.6923091958161048 3.48047336088819 1102
0.347829491983424 3.531572097943128 1103
2.172927472553917e-16 3.548659865141188 1104
-0.3478294919834236 3.531572097943128 1105
-0.6923091958161044 3.48047336088819 1106
-1.030121583638373 3.395855762747623 1107
-1.358013337488466 3.278534217248207 1108
-1.672826680532941 3.12963859500758 1109
-1.971529788183799 2.950602842262546 1110
-2.251245986226637 2.743151171182939 1111
-2.509281454765873 2.509281454765873 1112
-2.743151171182939 2.251245986226638 1113
-2.950602842262546 1.9715297881838 1114
-3.129638595007579 1.672826680532941 1115
-3.278534217248207 1.358013337488467 1116
-3.395855762747623 1.030121583638374 1117
-3.48047336088819 0.6923091958161058 1118
-3.531572097943128 0.3478294919834242 1119
-3.548659865141188 4.345854945107834e-16 1120
-3.531572097943128 -0.3478294919834234 1121
-3.48047336088819 -0.6923091958161049 1122
-3.395855762747623 -1.030121583638373 1123
-3.278534217248207 -1.358013337488466 1124
-3.12963859500758 -1.672826680532941 1125
-2.950602842262547 -1.971529788183799 1126
-2.743151171182939 -2.251245986226637 1127
-2.509281454765873 -2.509281454765873 1128
-2.251245986226639 -2.743151171182938 1129
-1.9715297881838 -2.950602842262546 1130
-1.672826680532941 -3.129638595007579 1131
-1.358013337488468 -3.278534217248206 1132
-1.030121583638374 -3.395855762747623 1133
-0.6923091958161061 -3.480473360888189 1134
-0.3478294919834229 -3.531572097943128 1135
-6.51878241766175e-16 -3.548659865141188 1136
0.3478294919834216 -3.531572097943128 1137
0.6923091958161047 -3.48047336088819 1138
1.030121583638373 -3.395855762747623 1139
1.358013337488467 -3.278534217248206 1140
1.672826680532941 -3.12963859500758 1141
1.971529788183799 -2.950602842262547 1142
2.251245986226638 -2.743151171182938 1143
2.509281454765873 -2.509281454765873 1144
2.743151171182937 -2.251245986226639 1145
2.950602842262546 -1.9715297881838 1146
3.129638595007579 -1.672826680532942 1147
3.278534217248206 -1.358013337488469 1148
3.395855762747623 -1.030121583638374 1149
3.480473360888189 -0.6923091958161063 1150
3.531572097943128 -0.3478294919834231 1151
3.982252095406873 0 1152
3.963076463107273 0.3903289624631823 1153
3.905734238029982 0.7768988436423284 1154
3.810777657148945 1.155986764261091 1155
3.679121204246594 1.523941900413373 1156
3.512032802935116 1.877220642993292 1157
3.311121605858951 2.212420724587996 1158
3.078322497675177 2.526313985172725 1159
2.815877461056539 2.815877461056539 1160
2.526313985172725 3.078322497675176 1161
2.212420724587996 3.311121605858951 1162
1.877220642993292 3.512032802935116 1163
1.523941900413374 3.679121204246594 1164
1.155986764261091 3.810777657148946 1165
0.7768988436423288 3.905734238029982 1166
0.3903289624631829 3.963076463107273 1167
2.438426141018934e-16 3.982252095406873 1168
-0.3903289624631824 3.963076463107273 1169
-0.7768988436423282 3.905734238029982 1170
-1.15598676426109 3.810777657148946 1171
-1.523941900413373 3.679121204246594 1172
-1.877220642993292 3.512032802935116 1173
-2.212420724587995 3.311121605858952 1174
-2.526313985172725 3.078322497675177 1175
-2.815877461056538 2.815877461056539 1176
-3.078322497675177 2.526313985172725 1177
-3.311121605858952 2.212420724587996 1178
-3.512032802935116 1.877220642993292 1179
-3.679121204246594 1.523941900413374 1180
-3.810777657148945 1.155986764261091 1181
-3.905734238029982 0.7768988436423299 1182
-3.963076463107273 0.3903289624631832 1183
-3.982252095406873 4.876852282037868e-16 1184
-3.963076463107273 -0.3903289624631822 1185
-3.905734238029982 -0.7768988436423289 1186
-3.810777657148946 -1.15598676426109 1187
-3.679121204246595 -1.523941900413373 1188
-3.512032802935116 -1.877220642993292 1189
-3.311121605858952 -2.212420724587995 1190
-3.078322497675177 -2.526313985172724 1191
-2.815877461056539 -2.815877461056538 1192
-2.526313985172727 -3.078322497675175 1193
-2.212420724587996 -3.311121605858951 1194
-1.877220642993292 -3.512032802935116 1195
-1.523941900413375 -3.679121204246593 1196
-1.155986764261091 -3.810777657148945 1197
-0.7768988436423301 -3.905734238029982 1198
-0.3903289624631817 -3.963076463107273 1199
-7.315278423056802e-16 -3.982252095406873 1200
0.3903289624631802 -3.963076463107273 1201
0.7768988436423286 -3.905734238029982 1202
1.155986764261089 -3.810777657148946 1203
1.523941900413374 -3.679121204246594 1204
1.877220642993291 -3.512032802935116 1205
2.212420724587994 -3.311121605858952 1206
2.526313985172726 -3.078322497675176 1207
2.815877461056538 -2.815877461056539 1208
3.078322497675175 -2.526313985172727 1209
3.311121605858951 -2.212420724587996 1210
3.512032802935115 -1.877220642993293 1211
3.679121204246593 -1.523941900413376 1212
3.810777657148945 -1.155986764261091 1213
3.905734238029982 -0.7768988436423303 1214
3.963076463107273 -0.3903289624631819 1215
4.468822697590796 0 1216
4.447304094848406 0.4380212214576826 1217
4.38295552252891 0.8718240591059713 1218
4.276396692560252 1.29723075447756 1219
4.128653824726012 1.710144408545065 1220
3.941149763607902 2.106588437098253 1221
3.715690275814634 2.482744867423806 1222
3.45444665946235 2.834991107469667 1223
3.159934833386812 3.159934833386812 1224
2.834991107469667 3.45444665946235 1225
2.482744867423806 3.715690275814634 1226
2.106588437098254 3.941149763607901 1227
1.710144408545066 4.128653824726012 1228
1.29723075447756 4.276396692560252 1229
0.8718240591059717 4.38295552252891 1230
0.4380212214576834 4.447304094848405 1231
2.736364706280804e-16 4.468822697590796 1232
-0.4380212214576828 4.447304094848406 1233
-0.871824059105971 4.38295552252891 1234
-1.297230754477559 4.276396692560252 1235
-1.710144408545065 4.128653824726012 1236
-2.106588437098253 3.941149763607902 1237
-2.482744867423805 3.715690275814634 1238
-2.834991107469666 3.454446659462351 1239
-3.159934833386812 3.159934833386812 1240
-3.45444665946235 2.834991107469667 1241
-3.715690275814634 2.482744867423806 1242
-3.941149763607901 2.106588437098254 1243
-4.128653824726012 1.710144408545066 1244
-4.276396692560252 1.29723075447756 1245
-4.38295552252891 0.8718240591059729 1246
-4.447304094848405 0.4380212214576836 1247
-4.468822697590796 5.472729412561609e-16 1248
-4.447304094848406 -0.4380212214576826 1249
-4.38295552252891 -0.8718240591059718 1250
-4.276396692560252 -1.297230754477559 1251
-4.128653824726013 -1.710144408545065 1252
-3.941149763607902 -2.106588437098253 1253
-3.715690275814635 -2.482744867423805 1254
-3.454446659462351 -2.834991107469666 1255
-3.159934833386813 -3.159934833386812 1256
-2.834991107469669 -3.454446659462349 1257
-2.482744867423806 -3.715690275814634 1258
-2.106588437098254 -3.941149763607901 1259
-1.710144408545068 -4.128653824726011 1260
-1.297230754477561 -4.276396692560252 1261
-0.8718240591059732 -4.382955522528909 1262
-0.438021221457682 -4.447304094848406 1263
-8.209094118842413e-16 -4.468822697590796 1264
0.4380212214576804 -4.447304094848406 1265
0.8718240591059716 -4.38295552252891 1266
1.297230754477559 -4.276396692560252 1267
1.710144408545067 -4.128653824726012 1268
2.106588437098253 -3.941149763607902 1269
2.482744867423804 -3.715690275814635 1270
2.834991107469667 -3.45444665946235 1271
3.159934833386811 -3.159934833386813 1272
3.454446659462349 -2.834991107469669 1273
3.715690275814634 -2.482744867423806 1274
3.941149763607901 -2.106588437098254 1275
4.128653824726011 -1.710144408545068 1276
4.276396692560252 -1.297230754477561 1277
4.382955522528909 -0.8718240591059734 1278
4.447304094848406 -0.4380212214576822 1279
5.014844822490394 0 1280
4.990696973973585 0.4915407486970114 1281
4.91848598540493 0.9783476912805645 1282
4.798907288078887 1.455732610777835 1283
4.633112490219072 1.919098029448923 1284
4.422698286361531 2.363981485010721 1285
4.169691080313514 2.786098506588134 1286
3.876527469777074 3.181383876510735 1287
3.546030780581206 3.546030780581206 1288
3.181383876510735 3.876527469777074 1289
2.786098506588135 4.169691080313514 1290
2.363981485010722 4.42269828636153 1291
1.919098029448924 4.633112490219072 1292
1.455732610777835 4.798907288078888 1293
0.9783476912805649 4.91848598540493 1294
0.4915407486970123 4.990696973973584 1295
3.070706830041769e-16 5.014844822490394 1296
-0.4915407486970116 4.990696973973585 1297
-0.9783476912805642 4.91848598540493 1298
-1.455732610777835 4.798907288078888 1299
-1.919098029448923 4.633112490219072 1300
-2.363981485010721 4.422698286361531 1301
-2.786098506588133 4.169691080313515 1302
-3.181383876510735 3.876527469777074 1303
-3.546030780581205 3.546030780581206 1304
-3.876527469777074 3.181383876510735 1305
-4.169691080313515 2.786098506588134 1306
-4.42269828636153 2.363981485010722 1307
-4.633112490219072 1.919098029448924 1308
-4.798907288078887 1.455732610777836 1309
-4.91848598540493 0.9783476912805663 1310
-4.990696973973584 0.4915407486970125 1311
-5.014844822490394 6.141413660083538e-16 1312
-4.990696973973585 -0.4915407486970113 1313
-4.91848598540493 -0.9783476912805651 1314
-4.798907288078888 -1.455732610777834 1315
-4.633112490219073 -1.919098029448923 1316
-4.422698286361531 -2.363981485010721 1317
-4.169691080313515 -2.786098506588133 1318
-3.876527469777074 -3.181383876510734 1319
-3.546030780581207 -3.546030780581205 1320
-3.181383876510737 -3.876527469777072 1321
-2.786098506588134 -4.169691080313514 1322
-2.363981485010722 -4.42269828636153 1323
-1.919098029448926 -4.633112490219071 1324
-1.455732610777836 -4.798907288078887 1325
-0.9783476912805665 -4.918485985404929 1326
-0.4915407486970106 -4.990696973973585 1327
-9.212120490125306e-16 -5.014844822490394 1328
0.4915407486970088 -4.990696973973585 1329
0.9783476912805648 -4.91848598540493 1330
1.455732610777834 -4.798907288078888 1331
1.919098029448925 -4.633112490219071 1332
2.363981485010721 -4.422698286361531 1333
2.786098506588132 -4.169691080313515 1334
3.181383876510735 -3.876527469777074 1335
3.546030780581205 -3.546030780581207 1336
3.876527469777072 -3.181383876510737 1337
4.169691080313514 -2.786098506588134 1338
4.42269828636153 -2.363981485010723 1339
4.633112490219071 -1.919098029448926 1340
4.798907288078887 -1.455732610777836 1341
4.918485985404929 -0.9783476912805669 1342
4.990696973973585 -0.4915407486970109 1343
5.627582541418952 0 1344
5.600484193307246 0.5515995476784467 1345
5.51945012087791 1.097886890177765 1346
5.385260726546169 1.633600981758647 1347
5.19920832753482 2.15358260286806 1348
4.963084710152931 2.652824046243849 1349
4.679163873914188 3.126517343873172 1350
4.350180131678488 3.570100570352763 1351
3.979301776724366 3.979301776724366 1352
3.570100570352763 4.350180131678487 1353
3.126517343873173 4.679163873914188 1354
2.652824046243849 4.963084710152931 1355
2.15358260286806 5.19920832753482 1356
1.633600981758647 5.38526072654617 1357
1.097886890177765 5.51945012087791 1358
0.5515995476784477 5.600484193307246 1359
3.445900473143123e-16 5.627582541418952 1360
-0.5515995476784469 5.600484193307246 1361
-1.097886890177764 5.51945012087791 1362
-1.633600981758646 5.38526072654617 1363
-2.153582602868059 5.19920832753482 1364
-2.652824046243849 4.963084710152931 1365
-3.126517343873171 4.679163873914189 1366
-3.570100570352763 4.350180131678488 1367
-3.979301776724365 3.979301776724366 1368
-4.350180131678488 3.570100570352763 1369
-4.679163873914189 3.126517343873172 1370
-4.963084710152931 2.652824046243849 1371
-5.19920832753482 2.15358260286806 1372
-5.385260726546169 1.633600981758648 1373
-5.51945012087791 1.097886890177767 1374
-5.600484193307246 0.551599547678448 1375
-5.627582541418952 6.891800946286247e-16 1376
-5.600484193307246 -0.5515995476784467 1377
-5.51945012087791 -1.097886890177765 1378
-5.38526072654617 -1.633600981758646 1379
-5.199208327534821 -2.153582602868059 1380
-4.963084710152931 -2.652824046243849 1381
-4.679163873914189 -3.126517343873171 1382
-4.350180131678488 -3.570100570352762 1383
-3.979301776724367 -3.979301776724365 1384
-3.570100570352766 -4.350180131678486 1385
-3.126517343873172 -4.679163873914188 1386
-2.65282404624385 -4.963084710152931 1387
-2.153582602868063 -5.199208327534818 1388
-1.633600981758648 -5.385260726546169 1389
-1.097886890177767 -5.51945012087791 1390
-0.5515995476784459 -5.600484193307246 1391
-1.033770141942937e-15 -5.627582541418952 1392
0.5515995476784438 -5.600484193307246 1393
1.097886890177765 -5.51945012087791 1394
1.633600981758646 -5.38526072654617 1395
2.153582602868061 -5.199208327534819 1396
2.652824046243848 -4.963084710152931 1397
3.12651734387317 -4.679163873914189 1398
3.570100570352764 -4.350180131678487 1399
3.979301776724365 -3.979301776724367 1400
4.350180131678485 -3.570100570352766 1401
4.679163873914188 -3.126517343873172 1402
4.96308471015293 -2.65282404624385 1403
5.199208327534818 -2.153582602868063 1404
5.385260726546169 -1.633600981758648 1405
5.51945012087791 -1.097886890177767 1406
5.600484193307246 -0.5515995476784461 1407
6.315187484656023 0 1408
6.284778130801083 0.6189966178910142 1409
6.193842927937329 1.232031959973766 1410
6.043257631778578 1.833202160784793 1411
5.834472461045135 2.416717622657225 1412
5.569498131064748 2.976958772711229 1413
5.250886489484829 3.508530182412822 1414
4.881705940584635 4.006312528500086 1415
4.46551189486469 4.46551189486469 1416
4.006312528500086 4.881705940584634 1417
3.508530182412823 5.250886489484829 1418
2.97695877271123 5.569498131064747 1419
2.416717622657225 5.834472461045135 1420
1.833202160784793 6.043257631778578 1421
1.232031959973767 6.193842927937329 1422
0.6189966178910152 6.284778130801082 1423
3.866937069549712e-16 6.315187484656023 1424
-0.6189966178910145 6.284778130801083 1425
-1.232031959973766 6.193842927937329 1426
-1.833202160784792 6.043257631778578 1427
-2.416717622657224 5.834472461045135 1428
-2.976958772711229 5.569498131064748 1429
-3.50853018241282 5.25088648948483 1430
-4.006312528500085 4.881705940584635 1431
-4.465511894864689 4.46551189486469 1432
-4.881705940584635 4.006312528500086 1433
-5.25088648948483 3.508530182412822 1434
-5.569498131064747 2.97695877271123 1435
-5.834472461045135 2.416717622657225 1436
-6.043257631778578 1.833202160784794 1437
-6.193842927937329 1.232031959973769 1438
-6.284778130801082 0.6189966178910157 1439
-6.315187484656023 7.733874139099423e-16 1440
-6.284778130801083 -0.6189966178910141 1441
-6.193842927937329 -1.232031959973767 1442
-6.043257631778578 -1.833202160784792 1443
-5.834472461045136 -2.416717622657224 1444
-5.569498131064748 -2.976958772711229 1445
-5.250886489484831 -3.50853018241282 1446
-4.881705940584635 -4.006312528500084 1447
-4.465511894864691 -4.465511894864689 1448
-4.006312528500088 -4.881705940584633 1449
-3.508530182412822 -5.250886489484829 1450
-2.976958772711231 -5.569498131064747 1451
-2.416717622657228 -5.834472461045134 1452
-1.833202160784794 -6.043257631778578 1453
-1.232031959973769 -6.193842927937328 1454
-0.6189966178910132 -6.284778130801083 1455
-1.160081120864913e-15 -6.315187484656023 1456
0.618996617891011 -6.284778130801083 1457
1.232031959973767 -6.193842927937329 1458
1.833202160784792 -6.043257631778578 1459
2.416717622657226 -5.834472461045134 1460
2.976958772711229 -5.569498131064748 1461
3.50853018241282 -5.250886489484831 1462
4.006312528500087 -4.881705940584634 1463
4.465511894864688 -4.465511894864691 1464
4.881705940584632 -4.006312528500088 1465
5.250886489484829 -3.508530182412822 1466
5.569498131064746 -2.976958772711231 1467
5.834472461045134 -2.416717622657228 1468
6.043257631778578 -1.833202160784794 1469
6.193842927937328 -1.232031959973769 1470
6.284778130801083 -0.6189966178910136 1471
7.086807287645794 0 1472
7.052682373534313 0.6946285844017305 1473
6.950636272777337 1.382567515813062 1474
6.78165174510923 2.057191566258831 1475
6.547356203907776 2.712003737346224 1476
6.250006043313715 3.340697829910926 1477
5.8924649079217 3.937219176162388 1478
5.478176114317423 4.495822949444472 1479
5.011129490056585 5.011129490056585 1480
4.495822949444472 5.478176114317423 1481
3.937219176162389 5.8924649079217 1482
3.340697829910928 6.250006043313714 1483
2.712003737346225 6.547356203907776 1484
2.057191566258831 6.78165174510923 1485
1.382567515813063 6.950636272777337 1486
0.6946285844017317 7.052682373534312 1487
4.339417930494779e-16 7.086807287645794 1488
-0.6946285844017308 7.052682373534313 1489
-1.382567515813062 6.950636272777337 1490
-2.05719156625883 6.78165174510923 1491
-2.712003737346224 6.547356203907776 1492
-3.340697829910927 6.250006043313715 1493
-3.937219176162387 5.892464907921701 1494
-4.495822949444471 5.478176114317424 1495
-5.011129490056584 5.011129490056585 1496
-5.478176114317423 4.495822949444472 1497
-5.892464907921701 3.937219176162388 1498
-6.250006043313714 3.340697829910928 1499
-6.547356203907776 2.712003737346225 1500
-6.78165174510923 2.057191566258831 1501
-6.950636272777337 1.382567515813065 1502
-7.052682373534312 0.6946285844017321 1503
-7.086807287645794 8.678835860989558e-16 1504
-7.052682373534313 -0.6946285844017305 1505
-6.950636272777337 -1.382567515813063 1506
-6.78165174510923 -2.057191566258829 1507
-6.547356203907777 -2.712003737346224 1508
-6.250006043313715 -3.340697829910926 1509
-5.892464907921702 -3.937219176162387 1510
-5.478176114317424 -4.49582294944447 1511
-5.011129490056586 -5.011129490056584 1512
-4.495822949444475 -5.478176114317421 1513
-3.937219176162388 -5.8924649079217 1514
-3.340697829910928 -6.250006043313714 1515
-2.712003737346228 -6.547356203907774 1516
-2.057191566258832 -6.78165174510923 1517
-1.382567515813065 -6.950636272777336 1518
-0.6946285844017295 -7.052682373534313 1519
-1.301825379148433e-15 -7.086807287645794 1520
0.6946285844017269 -7.052682373534313 1521
1.382567515813063 -6.950636272777337 1522
2.057191566258829 -6.78165174510923 1523
2.712003737346226 -6.547356203907775 1524
3.340697829910926 -6.250006043313715 1525
3.937219176162386 -5.892464907921702 1526
4.495822949444473 -5.478176114317423 1527
5.011129490056583 -5.011129490056586 1528
5.47817611431742 -4.495822949444475 1529
5.8924649079217 -3.937219176162388 1530
6.250006043313713 -3.340697829910928 1531
6.547356203907774 -2.712003737346229 1532
6.78165174510923 -2.057191566258832 1533
6.950636272777336 -1.382567515813066 1534
7.052682373534313 -0.6946285844017298 1535
7.952707287670506 0 1536
7.914412828384362 0.7795016262155193 1537
7.799898247102732 1.551496225651649 1538
7.610266381843398 2.308549068300644 1539
7.347343491132131 3.043369321440613 1540
7.01366166613475 3.748880264340207 1541
6.612434445235022 4.418287440947791 1542
6.147525865903321 5.045144094217449 1543
5.623413251903491 5.623413251903491 1544
5.045144094217449 6.14752586590332 1545
4.418287440947792 6.612434445235022 1546
3.748880264340209 7.013661666134749 1547
3.043369321440613 7.347343491132131 1548
2.308549068300644 7.610266381843399 1549
1.55149622565165 7.799898247102732 1550
0.7795016262155207 7.914412828384361 1551
4.869628762200757e-16 7.952707287670506 1552
-0.7795016262155197 7.914412828384362 1553
-1.551496225651648 7.799898247102732 1554
-2.308549068300642 7.610266381843399 1555
-3.043369321440613 7.347343491132131 1556
-3.748880264340208 7.01366166613475 1557
-4.41828744094779 6.612434445235023 1558
-5.045144094217449 6.147525865903321 1559
-5.62341325190349 5.623413251903491 1560
-6.147525865903321 5.045144094217449 1561
-6.612434445235023 4.418287440947791 1562
-7.013661666134749 3.748880264340209 1563
-7.347343491132131 3.043369321440614 1564
-7.610266381843398 2.308549068300644 1565
-7.799898247102732 1.551496225651652 1566
-7.914412828384361 0.7795016262155211 1567
-7.952707287670506 9.739257524401515e-16 1568
-7.914412828384362 -0.7795016262155192 1569
-7.799898247102732 -1.55149622565165 1570
-7.610266381843399 -2.308549068300642 1571
-7.347343491132131 -3.043369321440612 1572
-7.01366166613475 -3.748880264340207 1573
-6.612434445235023 -4.41828744094779 1574
-6.147525865903321 -5.045144094217448 1575
-5.623413251903492 -5.62341325190349 1576
-5.045144094217453 -6.147525865903318 1577
-4.418287440947791 -6.612434445235022 1578
-3.748880264340209 -7.013661666134749 1579
-3.043369321440617 -7.347343491132129 1580
-2.308549068300644 -7.610266381843398 1581
-1.551496225651652 -7.799898247102731 1582
-0.7795016262155181 -7.914412828384362 1583
-1.460888628660227e-15 -7.952707287670506 1584
0.7795016262155152 -7.914412828384362 1585
1.551496225651649 -7.799898247102732 1586
2.308549068300641 -7.610266381843399 1587
3.043369321440614 -7.34734349113213 1588
3.748880264340207 -7.01366166613475 1589
4.418287440947789 -6.612434445235023 1590
5.04514409421745 -6.14752586590332 1591
5.623413251903489 -5.623413251903492 1592
6.147525865903317 -5.045144094217453 1593
6.612434445235022 -4.418287440947791 1594
7.013661666134748 -3.748880264340209 1595
7.347343491132129 -3.043369321440617 1596
7.610266381843398 -2.308549068300645 1597
7.799898247102731 -1.551496225651653 1598
7.914412828384362 -0.7795016262155186 1599
8.924407090005333 0 1600
8.881433630578375 0.8747448620991783 1601
8.752927110203458 1.741065452992159 1602
8.540125116920608 2.590618631809634 1603
8.24507705025454 3.415222737026584 1604
7.870624384376928 4.206936380335311 1605
7.42037330315682 4.958134926556053 1606
6.898659970638647 5.661583923041806 1607
6.310508771412075 6.310508771412075 1608
5.661583923041806 6.898659970638646 1609
4.958134926556053 7.42037330315682 1610
4.206936380335313 7.870624384376927 1611
3.415222737026584 8.24507705025454 1612
2.590618631809634 8.54012511692061 1613
1.741065452992159 8.752927110203458 1614
0.8747448620991798 8.881433630578373 1615
5.464623288531488e-16 8.924407090005333 1616
-0.8747448620991787 8.881433630578375 1617
-1.741065452992158 8.752927110203458 1618
-2.590618631809632 8.54012511692061 1619
-3.415222737026583 8.24507705025454 1620
-4.206936380335312 7.870624384376928 1621
-4.958134926556051 7.420373303156821 1622
-5.661583923041805 6.898659970638648 1623
-6.310508771412074 6.310508771412075 1624
-6.898659970638647 5.661583923041806 1625
-7.420373303156821 4.958134926556053 1626
-7.870624384376927 4.206936380335313 1627
-8.24507705025454 3.415222737026585 1628
-8.540125116920608 2.590618631809634 1629
-8.752927110203458 1.741065452992162 1630
-8.881433630578373 0.8747448620991803 1631
-8.924407090005333 1.092924657706298e-15 1632
-8.881433630578375 -0.8747448620991782 1633
-8.752927110203458 -1.741065452992159 1634
-8.54012511692061 -2.590618631809631 1635
-8.245077050254542 -3.415222737026583 1636
-7.870624384376928 -4.206936380335311 1637
-7.420373303156823 -4.958134926556051 1638
-6.898659970638648 -5.661583923041804 1639
-6.310508771412076 -6.310508771412074 1640
-5.66158392304181 -6.898659970638644 1641
-4.958134926556053 -7.42037330315682 1642
-4.206936380335313 -7.870624384376927 1643
-3.415222737026589 -8.245077050254539 1644
-2.590618631809634 -8.540125116920608 1645
-1.741065452992162 -8.752927110203458 1646
-0.874744862099177 -8.881433630578375 1647
-1.639386986559446e-15 -8.924407090005333 1648
0.8747448620991738 -8.881433630578375 1649
1.741065452992159 -8.752927110203458 1650
2.590618631809631 -8.54012511692061 1651
3.415222737026586 -8.245077050254539 1652
4.206936380335311 -7.870624384376928 1653
4.95813492655605 -7.420373303156823 1654
5.661583923041807 -6.898659970638646 1655
6.310508771412073 -6.310508771412076 1656
6.898659970638644 -5.66158392304181 1657
7.42037330315682 -4.958134926556053 1658
7.870624384376925 -4.206936380335314 1659
8.245077050254539 -3.415222737026589 1660
8.540125116920608 -2.590618631809635 1661
8.752927110203458 -1.741065452992163 1662
8.881433630578375 -0.8747448620991775 1663
10.01483382037904 0 1664
9.96660965820139 0.9816253719493221 1665
9.822401596712215 1.953797154955759 1666
9.5835984383758 2.907152803305805 1667
9.252499988150014 3.832510980948637 1668
8.832294905107352 4.72095998278132 1669
8.327029993904981 5.563943559240577 1670
7.741571231843674 6.353343317663409 1671
7.0815569068464 7.0815569068464 1672
6.353343317663409 7.741571231843674 1673
5.563943559240578 8.327029993904981 1674
4.720959982781322 8.83229490510735 1675
3.832510980948638 9.252499988150014 1676
2.907152803305805 9.583598438375802 1677
1.95379715495576 9.822401596712215 1678
0.9816253719493238 9.96660965820139 1679
6.132317091059926e-16 10.01483382037904 1680
-0.9816253719493225 9.96660965820139 1681
-1.953797154955759 9.822401596712215 1682
-2.907152803305803 9.583598438375802 1683
-3.832510980948637 9.252499988150014 1684
-4.720959982781321 8.832294905107352 1685
-5.563943559240575 8.327029993904981 1686
-6.353343317663408 7.741571231843676 1687
-7.081556906846399 7.0815569068464 1688
-7.741571231843674 6.353343317663409 1689
-8.327029993904981 5.563943559240577 1690
-8.83229490510735 4.720959982781322 1691
-9.252499988150014 3.832510980948638 1692
-9.5835984383758 2.907152803305805 1693
-9.822401596712215 1.953797154955763 1694
-9.96660965820139 0.9816253719493243 1695
-10.01483382037904 1.226463418211985e-15 1696
-9.96660965820139 -0.981625371949322 1697
-9.822401596712215 -1.95379715495576 1698
-9.583598438375802 -2.907152803305802 1699
-9.252499988150015 -3.832510980948636 1700
-8.832294905107352 -4.72095998278132 1701
-8.327029993904983 -5.563943559240575 1702
-7.741571231843676 -6.353343317663407 1703
-7.081556906846401 -7.081556906846399 1704
-6.353343317663414 -7.741571231843672 1705
-5.563943559240577 -8.327029993904981 1706
-4.720959982781322 -8.83229490510735 1707
-3.832510980948642 -9.252499988150012 1708
-2.907152803305805 -9.5835984383758 1709
-1.953797154955763 -9.822401596712213 1710
-0.9816253719493206 -9.96660965820139 1711
-1.839695127317978e-15 -10.01483382037904 1712
0.981625371949317 -9.96660965820139 1713
1.95379715495576 -9.822401596712215 1714
2.907152803305801 -9.583598438375802 1715
3.832510980948639 -9.252499988150012 1716
4.720959982781319 -8.832294905107352 1717
5.563943559240574 -8.327029993904983 1718
6.35334331766341 -7.741571231843674 1719
7.081556906846398 -7.081556906846401 1720
7.74157123184367 -6.353343317663414 1721
8.327029993904981 -5.563943559240577 1722
8.83229490510735 -4.720959982781323 1723
9.252499988150012 -3.832510980948643 1724
9.5835984383758 -2.907152803305806 1725
9.822401596712213 -1.953797154955764 1726
9.96660965820139 -0.9816253719493212 1727
11.23849410255308 0 1728
11.18437768165639 1.101565053542885 1729
11.02254958968258 2.19252143344344 1730
10.7545683196216 3.2623626333858 1731
10.3830146775976 4.300785497779834 1732
9.911466928295146 5.297789446781742 1733
9.344466334314253 6.243772787344842 1734
8.687473421329004 7.129625182772412 1735
7.946815390240308 7.946815390240308 1736
7.129625182772412 8.687473421329004 1737
6.243772787344843 9.344466334314253 1738
5.297789446781745 9.911466928295146 1739
4.300785497779834 10.3830146775976 1740
3.2623626333858 10.7545683196216 1741
2.19252143344344 11.02254958968258 1742
1.101565053542887 11.18437768165639 1743
6.881592914964019e-16 11.23849410255308 1744
-1.101565053542885 11.18437768165639 1745
-2.192521433443439 11.02254958968258 1746
-3.262362633385798 10.7545683196216 1747
-4.300785497779833 10.3830146775976 1748
-5.297789446781743 9.911466928295146 1749
-6.243772787344839 9.344466334314255 1750
-7.129625182772411 8.687473421329006 1751
-7.946815390240308 7.946815390240308 1752
-8.687473421329004 7.129625182772412 1753
-9.344466334314255 6.243772787344842 1754
-9.911466928295146 5.297789446781745 1755
-10.3830146775976 4.300785497779835 1756
-10.7545683196216 3.262362633385801 1757
-11.02254958968258 2.192521433443444 1758
-11.18437768165639 1.101565053542887 1759
-11.23849410255308 1.376318582992804e-15 1760
-11.18437768165639 -1.101565053542885 1761
-11.02254958968258 -2.19252143344344 1762
-10.7545683196216 -3.262362633385798 1763
-10.3830146775976 -4.300785497779832 1764
-9.911466928295146 -5.297789446781742 1765
-9.344466334314255 -6.243772787344839 1766
-8.687473421329006 -7.12962518277241 1767
-7.94681539024031 -7.946815390240308 1768
-7.129625182772418 -8.687473421329001 1769
-6.243772787344842 -9.344466334314253 1770
-5.297789446781745 -9.911466928295146 1771
-4.30078549777984 -10.38301467759759 1772
-3.262362633385802 -10.7545683196216 1773
-2.192521433443444 -11.02254958968258 1774
-1.101565053542883 -11.18437768165639 1775
-2.064477874489206e-15 -11.23849410255308 1776
1.101565053542879 -11.18437768165639 1777
2.19252143344344 -11.02254958968258 1778
3.262362633385797 -10.7545683196216 1779
4.300785497779835 -10.3830146775976 1780
5.297789446781742 -9.911466928295146 1781
6.243772787344838 -9.344466334314255 1782
7.129625182772414 -8.687473421329004 1783
7.946815390240306 -7.94681539024031 1784
8.687473421329001 -7.129625182772418 1785
9.344466334314253 -6.243772787344842 1786
9.911466928295145 -5.297789446781746 1787
10.38301467759759 -4.30078549777984 1788
10.7545683196216 -3.262362633385802 1789
11.02254958968258 -2.192521433443444 1790
11.18437768165639 -1.101565053542884 1791
12.61166704894361 0 1792
12.5509384249837 1.236159538926002 1793
12.36933740295034 2.460414185738604 1794
12.06861289995894 3.660973698943335 1795
11.65166105736603 4.826276034135445 1796
11.12249734934484 5.94509869280798 1797
10.48621791167393 7.006666801147242 1798
9.748950463163794 8.000756877957771 1799
8.917795292374965 8.917795292374965 1800
8.000756877957771 9.748950463163792 1801
7.006666801147244 10.48621791167393 1802
5.945098692807981 11.12249734934484 1803
4.826276034135446 11.65166105736603 1804
3.660973698943335 12.06861289995894 1805
2.460414185738605 12.36933740295034 1806
1.236159538926004 12.5509384249837 1807
7.722418841700472e-16 12.61166704894361 1808
-1.236159538926002 12.5509384249837 1809
-2.460414185738603 12.36933740295034 1810
-3.660973698943332 12.06861289995894 1811
-4.826276034135445 11.65166105736603 1812
-5.94509869280798 11.12249734934484 1813
-7.006666801147239 10.48621791167393 1814
-8.00075687795777 9.748950463163796 1815
-8.917795292374963 8.917795292374965 1816
-9.748950463163794 8.000756877957771 1817
-10.48621791167393 7.006666801147242 1818
-11.12249734934484 5.945098692807981 1819
-11.65166105736603 4.826276034135446 1820
-12.06861289995894 3.660973698943335 1821
-12.36933740295034 2.460414185738608 1822
-12.5509384249837 1.236159538926004 1823
-12.61166704894361 1.544483768340094e-15 1824
-12.5509384249837 -1.236159538926002 1825
-12.36933740295034 -2.460414185738605 1826
-12.06861289995894 -3.660973698943331 1827
-11.65166105736603 -4.826276034135444 1828
-11.12249734934484 -5.94509869280798 1829
-10.48621791167393 -7.006666801147239 1830
-9.748950463163796 -8.000756877957768 1831
-8.917795292374965 -8.917795292374963 1832
-8.000756877957777 -9.748950463163791 1833
-7.006666801147242 -10.48621791167393 1834
-5.945098692807982 -11.12249734934484 1835
-4.826276034135452 -11.65166105736602 1836
-3.660973698943336 -12.06861289995894 1837
-2.460414185738609 -12.36933740295034 1838
-1.236159538926 -12.5509384249837 1839
-2.316725652510141e-15 -12.61166704894361 1840
1.236159538925995 -12.5509384249837 1841
2.460414185738604 -12.36933740295034 1842
3.660973698943331 -12.06861289995894 1843
4.826276034135448 -11.65166105736602 1844
5.945098692807979 -11.12249734934484 1845
7.006666801147238 -10.48621791167393 1846
8.000756877957771 -9.748950463163792 1847
8.917795292374961 -8.917795292374965 1848
9.748950463163789 -8.000756877957777 1849
10.48621791167393 -7.006666801147242 1850
11.12249734934484 -5.945098692807982 1851
11.65166105736602 -4.826276034135453 1852
12.06861289995894 -3.660973698943336 1853
12.36933740295034 -2.460414185738609 1854
12.5509384249837 -1.236159538926001 1855
14.15262083176049 0 1856
14.0844720941508 1.38719942209773 1857
13.88068219091881 2.761039355440318 1858
13.54321373023553 4.108288970452373 1859
13.07531671785637 5.415973516859775 1860
12.48149725778907 6.67149927762753 1861
11.76747415604882 7.862774853339249 1862
10.94012384543009 8.978327608983358 1863
10.00741416169984 10.00741416169984 1864
8.978327608983358 10.94012384543009 1865
7.86277485333925 11.76747415604882 1866
6.671499277627531 12.48149725778907 1867
5.415973516859775 13.07531671785637 1868
4.108288970452373 13.54321373023553 1869
2.761039355440319 13.88068219091881 1870
1.387199422097733 14.0844720941508 1871
8.665980900580815e-16 14.15262083176049 1872
-1.387199422097731 14.0844720941508 1873
-2.761039355440317 13.88068219091881 1874
-4.10828897045237 13.54321373023553 1875
-5.415973516859774 13.07531671785637 1876
-6.67149927762753 12.48149725778907 1877
-7.862774853339245 11.76747415604882 1878
-8.978327608983356 10.94012384543009 1879
-10.00741416169983 10.00741416169984 1880
-10.94012384543009 8.978327608983358 1881
-11.76747415604882 7.862774853339249 1882
-12.48149725778907 6.671499277627531 1883
-13.07531671785637 5.415973516859776 1884
-13.54321373023553 4.108288970452374 1885
-13.88068219091881 2.761039355440323 1886
-14.0844720941508 1.387199422097733 1887
-14.15262083176049 1.733196180116163e-15 1888
-14.0844720941508 -1.38719942209773 1889
-13.88068219091881 -2.76103935544032 1890
-13.54321373023553 -4.108288970452369 1891
-13.07531671785638 -5.415973516859773 1892
-12.48149725778907 -6.67149927762753 1893
-11.76747415604882 -7.862774853339245 1894
-10.94012384543009 -8.978327608983355 1895
-10.00741416169984 -10.00741416169983 1896
-8.978327608983365 -10.94012384543008 1897
-7.862774853339249 -11.76747415604882 1898
-6.671499277627532 -12.48149725778907 1899
-5.415973516859782 -13.07531671785637 1900
-4.108288970452374 -13.54321373023553 1901
-2.761039355440324 -13.88068219091881 1902
-1.387199422097728 -14.0844720941508 1903
-2.599794270174244e-15 -14.15262083176049 1904
1.387199422097723 -14.0844720941508 1905
2.761039355440319 -13.88068219091881 1906
4.108288970452369 -13.54321373023553 1907
5.415973516859777 -13.07531671785637 1908
6.671499277627529 -12.48149725778907 1909
7.862774853339244 -11.76747415604882 1910
8.97832760898336 -10.94012384543009 1911
10.00741416169983 -10.00741416169984 1912
10.94012384543008 -8.978327608983365 1913
11.76747415604882 -7.862774853339249 1914
12.48149725778907 -6.671499277627533 1915
13.07531671785637 -5.415973516859783 1916
13.54321373023553 -4.108288970452375 1917
13.88068219091881 -2.761039355440325 1918
14.0844720941508 -1.387199422097729 1919
15.88185571584354 0 1920
15.80538023961903 1.556694080393671 1921
15.57669031158726 3.098396345817604 1922
15.19798834076982 4.610259360675581 1923
14.67292143416524 6.077723057666128 1924
14.00654627311489 7.486654959189965 1925
13.20528041469739 8.823486280834899 1926
12.27684048714579 10.07534260618715 1927
11.2301678744993 11.2301678744993 1928
10.07534260618715 12.27684048714579 1929
8.823486280834901 13.20528041469739 1930
7.486654959189968 14.00654627311489 1931
6.077723057666129 14.67292143416524 1932
4.610259360675581 15.19798834076982 1933
3.098396345817605 15.57669031158726 1934
1.556694080393674 15.80538023961902 1935
9.724831883463947e-16 15.88185571584354 1936
-1.556694080393672 15.80538023961903 1937
-3.098396345817603 15.57669031158726 1938
-4.610259360675578 15.19798834076982 1939
-6.077723057666127 14.67292143416524 1940
-7.486654959189966 14.00654627311489 1941
-8.823486280834896 13.20528041469739 1942
-10.07534260618715 12.2768404871458 1943
-11.2301678744993 11.2301678744993 1944
-12.27684048714579 10.07534260618715 1945
-13.20528041469739 8.823486280834899 1946
-14.00654627311489 7.486654959189968 1947
-14.67292143416524 6.077723057666129 1948
-15.19798834076982 4.610259360675582 1949
-15.57669031158726 3.09839634581761 1950
-15.80538023961902 1.556694080393674 1951
-15.88185571584354 1.944966376692789e-15 1952
-15.80538023961903 -1.556694080393671 1953
-15.57669031158726 -3.098396345817606 1954
-15.19798834076982 -4.610259360675578 1955
-14.67292143416524 -6.077723057666126 1956
-14.00654627311489 -7.486654959189965 1957
-13.2052804146974 -8.823486280834896 1958
-12.2768404871458 -10.07534260618715 1959
-11.2301678744993 -11.2301678744993 1960
-10.07534260618716 -12.27684048714579 1961
-8.823486280834899 -13.20528041469739 1962
-7.486654959189969 -14.00654627311489 1963
-6.077723057666137 -14.67292143416524 1964
-4.610259360675583 -15.19798834076982 1965
-3.098396345817611 -15.57669031158726 1966
-1.556694080393668 -15.80538023961903 1967
-2.917449565039184e-15 -15.88185571584354 1968
1.556694080393663 -15.80538023961903 1969
3.098396345817605 -15.57669031158726 1970
4.610259360675577 -15.19798834076982 1971
6.077723057666131 -14.67292143416524 1972
7.486654959189964 -14.00654627311489 1973
8.823486280834894 -13.2052804146974 1974
10.07534260618715 -12.27684048714579 1975
11.2301678744993 -11.2301678744993 1976
12.27684048714579 -10.07534260618716 1977
13.20528041469739 -8.823486280834899 1978
14.00654627311488 -7.48665495918997 1979
14.67292143416524 -6.077723057666137 1980
15.19798834076982 -4.610259360675584 1981
15.57669031158726 -3.098396345817612 1982
15.80538023961903 -1.556694080393669 1983
17.82237678641294 0 1984
17.73655717083527 1.746898406480141 1985
17.47992481391404 3.47697322635407 1986
17.05495122553593 5.173562893351303 1987
16.4657291336712 6.820328321528403 1988
15.71793306916607 8.401410259598471 1989
14.81876471690865 9.901582024190587 1990
13.77688355966659 11.30639614113442 1991
12.6023234825343 12.6023234825343 1992
11.30639614113442 13.77688355966659 1993
9.901582024190589 14.81876471690865 1994
8.401410259598475 15.71793306916607 1995
6.820328321528404 16.4657291336712 1996
5.173562893351303 17.05495122553593 1997
3.476973226354071 17.47992481391404 1998
1.746898406480144 17.73655717083527 1999
1.091305834233935e-15 17.82237678641294 2000
-1.746898406480141 17.73655717083527 2001
-3.476973226354069 17.47992481391404 2002
-5.173562893351299 17.05495122553593 2003
-6.820328321528402 16.4657291336712 2004
-8.401410259598473 15.71793306916607 2005
-9.901582024190583 14.81876471690865 2006
-11.30639614113442 13.77688355966659 2007
-12.6023234825343 12.6023234825343 2008
-13.77688355966659 11.30639614113442 2009
-14.81876471690865 9.901582024190587 2010
-15.71793306916607 8.401410259598475 2011
-16.4657291336712 6.820328321528406 2012
-17.05495122553593 5.173562893351304 2013
-17.47992481391404 3.476973226354076 2014
-17.73655717083527 1.746898406480145 2015
-17.82237678641294 2.18261166846787e-15 2016
-17.73655717083527 -1.74689840648014 2017
-17.47992481391404 -3.476973226354072 2018
-17.05495122553593 -5.173562893351298 2019
-16.4657291336712 -6.820328321528401 2020
-15.71793306916607 -8.401410259598471 2021
-14.81876471690865 -9.901582024190583 2022
-13.77688355966659 -11.30639614113442 2023
-12.6023234825343 -12.6023234825343 2024
-11.30639614113443 -13.77688355966658 2025
-9.901582024190587 -14.81876471690865 2026
-8.401410259598475 -15.71793306916607 2027
-6.820328321528414 -16.46572913367119 2028
-5.173562893351304 -17.05495122553593 2029
-3.476973226354077 -17.47992481391404 2030
-1.746898406480138 -17.73655717083527 2031
-3.273917502701805e-15 -17.82237678641294 2032
1.746898406480132 -17.73655717083527 2033
3.476973226354071 -17.47992481391404 2034
5.173562893351297 -17.05495122553593 2035
6.820328321528407 -16.4657291336712 2036
8.401410259598471 -15.71793306916607 2037
9.901582024190581 -14.81876471690865 2038
11.30639614113443 -13.77688355966659 2039
12.6023234825343 -12.6023234825343 2040
13.77688355966658 -11.30639614113443 2041
14.81876471690865 -9.901582024190587 2042
15.71793306916607 -8.401410259598476 2043
16.46572913367119 -6.820328321528415 2044
17.05495122553593 -5.173562893351305 2045
17.47992481391404 -3.476973226354078 2046
17.73655717083527 -1.746898406480139 2047
20 0 2048
19.90369453344394 1.960342806591212 2049
19.61570560806461 3.901806440322565 2050
19.13880671464418 5.805693545089246 2051
18.47759065022574 7.653668647301796 2052
17.6384252869671 9.427934736519953 2053
16.62939224605091 11.11140466039204 2054
15.46020906725474 12.68786568327291 2055
14.14213562373095 14.14213562373095 2056
12.68786568327291 15.46020906725474 2057
11.11140466039205 16.62939224605091 2058
9.427934736519957 17.6384252869671 2059
7.653668647301797 18.47759065022574 2060
5.805693545089246 19.13880671464418 2061
3.901806440322567 19.61570560806461 2062
1.960342806591215 19.90369453344394 2063
1.224646799147353e-15 20 2064
-1.960342806591213 19.90369453344394 2065
-3.901806440322564 19.61570560806461 2066
-5.805693545089243 19.13880671464418 2067
-7.653668647301794 18.47759065022574 2068
-9.427934736519955 17.6384252869671 2069
-11.11140466039204 16.62939224605091 2070
-12.68786568327291 15.46020906725474 2071
-14.14213562373095 14.14213562373095 2072
-15.46020906725474 12.68786568327291 2073
-16.62939224605091 11.11140466039204 2074
-17.6384252869671 9.427934736519957 2075
-18.47759065022574 7.653668647301798 2076
-19.13880671464418 5.805693545089248 2077
-19.61570560806461 3.901806440322572 2078
-19.90369453344394 1.960342806591217 2079
-20 2.449293598294707e-15 2080
-19.90369453344394 -1.960342806591212 2081
-19.61570560806461 -3.901806440322567 2082
-19.13880671464418 -5.805693545089242 2083
-18.47759065022574 -7.653668647301793 2084
-17.6384252869671 -9.427934736519953 2085
-16.62939224605091 -11.11140466039204 2086
-15.46020906725474 -12.68786568327291 2087
-14.14213562373095 -14.14213562373095 2088
-12.68786568327292 -15.46020906725473 2089
-11.11140466039204 -16.62939224605091 2090
-9.427934736519957 -17.6384252869671 2091
-7.653668647301807 -18.47759065022573 2092
-5.805693545089249 -19.13880671464418 2093
-3.901806440322573 -19.61570560806461 2094
-1.960342806591209 -19.90369453344394 2095
-3.673940397442059e-15 -20 2096
1.960342806591202 -19.90369453344394 2097
3.901806440322566 -19.61570560806461 2098
5.805693545089241 -19.13880671464418 2099
7.6536686473018 -18.47759065022573 2100
9.427934736519951 -17.6384252869671 2101
11.11140466039204 -16.62939224605091 2102
12.68786568327291 -15.46020906725474 2103
14.14213562373095 -14.14213562373095 2104
15.46020906725473 -12.68786568327292 2105
16.62939224605091 -11.11140466039204 2106
17.6384252869671 -9.427934736519958 2107
18.47759065022573 -7.653668647301808 2108
19.13880671464418 -5.80569354508925 2109
19.61570560806461 -3.901806440322575 2110
19.90369453344394 -1.96034280659121 2111
NMARK= 2
MARKER_TAG= cylinder
MARKER_ELEMS= 64
3 0 1
3 1 2
3 2 3
3 3 4
3 4 5
3 5 6
3 6 7
3 7 8
3 8 9
3 9 10
3 10 11
3 11 12
3 12 13
3 13 14
3 14 15
3 15 16
3 16 17
3 17 18
3 18 19
3 19 20
3 20 21
3 21 22
3 22 23
3 23 24
3 24 25
3 25 26
3 26 27
3 27 28
3 28 29
3 29 30
3 30 31
3 31 32
3 32 33
3 33 34
3 34 35
3 35 36
3 36 37
3 37 38
3 38 39
3 39 40
3 40 41
3 41 42
3 42 43
3 43 44
3 44 45
3 45 46
3 46 47
3 47 48
3 48 49
3 49 50
3 50 51
3 51 52
3 52 53
3 53 54
3 54 55
3 55 56
3 56 57
3 57 58
3 58 59
3 59 60
3 60 61
3 61 62
3 62 63
3 63 0
MARKER_TAG= farfield
MARKER_ELEMS= 64
3 2048 2049
3 2049 2050
3 2050 2051
3 2051 2052
3 2052 2053
3 2053 2054
3 2054 2055
3 2055 2056
3 2056 2057
3 2057 2058
3 2058 2059
3 2059 2060
3 2060 2061
3 2061 2062
3 2062 2063
3 2063 2064
3 2064 2065
3 2065 2066
3 2066 2067
3 2067 2068
3 2068 2069
3 2069 2070
3 2070 2071
3 2071 2072
3 2072 2073
3 2073 2074
3 2074 2075
3 2075 2076
3 2076 2077
3 2077 2078
3 2078 2079
3 2079 2080
3 2080 2081
3 2081 2082
3 2082 2083
3 2083 2084
3 2084 2085
3 2085 2086
3 2086 2087
3 2087 2088
3 2088 2089
3 2089 2090
3 2090 2091
3 2091 2092
3 2092 2093
3 2093 2094
3 2094 2095
3 2095 2096
3 2096 2097
3 2097 2098
3 2098 2099
3 2099 2100
3 2100 2101
3 2101 2102
3 2102 2103
3 2103 2104
3 2104 2105
3 2105 2106
3 2106 2107
3 2107 2108
3 2108 2109
3 2109 2110
3 2110 2111
3 2111 2048
