case	analysis_confidence	CL	CD	CM	Top_Xtr	Bot_Xtr	upper_bl_theta_0	upper_bl_theta_1	upper_bl_theta_2	upper_bl_theta_3	upper_bl_theta_4	upper_bl_theta_5	upper_bl_theta_6	upper_bl_theta_7	upper_bl_theta_8	upper_bl_theta_9	upper_bl_theta_10	upper_bl_theta_11	upper_bl_theta_12	upper_bl_theta_13	upper_bl_theta_14	upper_bl_theta_15	upper_bl_theta_16	upper_bl_theta_17	upper_bl_theta_18	upper_bl_theta_19	upper_bl_theta_20	upper_bl_theta_21	upper_bl_theta_22	upper_bl_theta_23	upper_bl_theta_24	upper_bl_theta_25	upper_bl_theta_26	upper_bl_theta_27	upper_bl_theta_28	upper_bl_theta_29	upper_bl_theta_30	upper_bl_theta_31	upper_bl_H_0	upper_bl_H_1	upper_bl_H_2	upper_bl_H_3	upper_bl_H_4	upper_bl_H_5	upper_bl_H_6	upper_bl_H_7	upper_bl_H_8	upper_bl_H_9	upper_bl_H_10	upper_bl_H_11	upper_bl_H_12	upper_bl_H_13	upper_bl_H_14	upper_bl_H_15	upper_bl_H_16	upper_bl_H_17	upper_bl_H_18	upper_bl_H_19	upper_bl_H_20	upper_bl_H_21	upper_bl_H_22	upper_bl_H_23	upper_bl_H_24	upper_bl_H_25	upper_bl_H_26	upper_bl_H_27	upper_bl_H_28	upper_bl_H_29	upper_bl_H_30	upper_bl_H_31	upper_bl_ue/vinf_0	upper_bl_ue/vinf_1	upper_bl_ue/vinf_2	upper_bl_ue/vinf_3	upper_bl_ue/vinf_4	upper_bl_ue/vinf_5	upper_bl_ue/vinf_6	upper_bl_ue/vinf_7	upper_bl_ue/vinf_8	upper_bl_ue/vinf_9	upper_bl_ue/vinf_10	upper_bl_ue/vinf_11	upper_bl_ue/vinf_12	upper_bl_ue/vinf_13	upper_bl_ue/vinf_14	upper_bl_ue/vinf_15	upper_bl_ue/vinf_16	upper_bl_ue/vinf_17	upper_bl_ue/vinf_18	upper_bl_ue/vinf_19	upper_bl_ue/vinf_20	upper_bl_ue/vinf_21	upper_bl_ue/vinf_22	upper_bl_ue/vinf_23	upper_bl_ue/vinf_24	upper_bl_ue/vinf_25	upper_bl_ue/vinf_26	upper_bl_ue/vinf_27	upper_bl_ue/vinf_28	upper_bl_ue/vinf_29	upper_bl_ue/vinf_30	upper_bl_ue/vinf_31	lower_bl_theta_0	lower_bl_theta_1	lower_bl_theta_2	lower_bl_theta_3	lower_bl_theta_4	lower_bl_theta_5	lower_bl_theta_6	lower_bl_theta_7	lower_bl_theta_8	lower_bl_theta_9	lower_bl_theta_10	lower_bl_theta_11	lower_bl_theta_12	lower_bl_theta_13	lower_bl_theta_14	lower_bl_theta_15	lower_bl_theta_16	lower_bl_theta_17	lower_bl_theta_18	lower_bl_theta_19	lower_bl_theta_20	lower_bl_theta_21	lower_bl_theta_22	lower_bl_theta_23	lower_bl_theta_24	lower_bl_theta_25	lower_bl_theta_26	lower_bl_theta_27	lower_bl_theta_28	lower_bl_theta_29	lower_bl_theta_30	lower_bl_theta_31	lower_bl_H_0	lower_bl_H_1	lower_bl_H_2	lower_bl_H_3	lower_bl_H_4	lower_bl_H_5	lower_bl_H_6	lower_bl_H_7	lower_bl_H_8	lower_bl_H_9	lower_bl_H_10	lower_bl_H_11	lower_bl_H_12	lower_bl_H_13	lower_bl_H_14	lower_bl_H_15	lower_bl_H_16	lower_bl_H_17	lower_bl_H_18	lower_bl_H_19	lower_bl_H_20	lower_bl_H_21	lower_bl_H_22	lower_bl_H_23	lower_bl_H_24	lower_bl_H_25	lower_bl_H_26	lower_bl_H_27	lower_bl_H_28	lower_bl_H_29	lower_bl_H_30	lower_bl_H_31	lower_bl_ue/vinf_0	lower_bl_ue/vinf_1	lower_bl_ue/vinf_2	lower_bl_ue/vinf_3	lower_bl_ue/vinf_4	lower_bl_ue/vinf_5	lower_bl_ue/vinf_6	lower_bl_ue/vinf_7	lower_bl_ue/vinf_8	lower_bl_ue/vinf_9	lower_bl_ue/vinf_10	lower_bl_ue/vinf_11	lower_bl_ue/vinf_12	lower_bl_ue/vinf_13	lower_bl_ue/vinf_14	lower_bl_ue/vinf_15	lower_bl_ue/vinf_16	lower_bl_ue/vinf_17	lower_bl_ue/vinf_18	lower_bl_ue/vinf_19	lower_bl_ue/vinf_20	lower_bl_ue/vinf_21	lower_bl_ue/vinf_22	lower_bl_ue/vinf_23	lower_bl_ue/vinf_24	lower_bl_ue/vinf_25	lower_bl_ue/vinf_26	lower_bl_ue/vinf_27	lower_bl_ue/vinf_28	lower_bl_ue/vinf_29	lower_bl_ue/vinf_30	lower_bl_ue/vinf_31
naca0012:a-6:re200000:n2	0.97678774581894712	-0.66016197558439349	0.015705481464511319	-0.0020838233711861442	0.98510004976838628	0.0707018022810358	0.00012966111827086252	0.00021960740761653151	0.00029168438068614749	0.0003524177386627771	0.00040835587915986698	0.00045870145967628271	0.00050632312730189649	0.00055278163432728809	0.00059716602213030258	0.0006407110299469751	0.00068658660113129772	0.00073098653951826317	0.00077182413673870538	0.00081134997104021899	0.00085122712532556945	0.0008879028065795553	0.00092635277423842475	0.00096720830853495605	0.0010092646654714934	0.0010507038738877604	0.0010878369530341484	0.0011241077942904397	0.0011629750159651128	0.0012030615211793283	0.0012463251189721504	0.0012895798152194491	0.0013354101814222559	0.001383056224698191	0.0014388805152254721	0.0014994763751344771	0.0015537462500675775	0.0016481492835121808	2.254665453316214	2.3213259512939359	2.344695606902865	2.3777930715728286	2.3929480606068227	2.4074805215924271	2.4253631457447375	2.4459577917481461	2.4600165957045612	2.4753486899533801	2.4856587194483719	2.508330866874926	2.5230241220089371	2.5254055605623442	2.5384115539959922	2.5623896580728283	2.5707356125692846	2.5805888487102076	2.598490371188833	2.6140945550960453	2.6366468618699561	2.6643692456999761	2.6885827612885285	2.7215654083017498	2.7503314342767138	2.7897587369018417	2.8537961362246809	2.9546418764730817	3.0855041728497228	3.2396372909094779	3.4821897457559112	3.7499263350398566	0.26485694541551474	0.66566661043145525	0.79630419285981735	0.86440458218671301	0.90662152944110441	0.93606485732964662	0.95752444702231654	0.97290122396210554	0.98337877006074237	0.99080772833121522	0.9960995766573717	0.99976883062577504	1.0018436517707987	1.0031265942464815	1.004313116308418	1.0051559648148591	1.004384166369263	1.002697773435508	1.000676007698988	0.99821904751467905	0.99581549741413478	0.99331448116191523	0.99035420651424622	0.98725834847063698	0.98376479922365034	0.98011782679106774	0.97678871274094725	0.97364013804582883	0.96901832314112712	0.96147138284520506	0.95163102417889234	0.93858626182998139	0.000179176673032826	0.00033362962838171195	0.00044839519017474166	0.00064833597318406696	0.00079922655283052712	0.00095008193031068903	0.0011045868809835798	0.001265832339130373	0.0014318306932380822	0.0015843033572057561	0.0017467986565687179	0.0019167826517006634	0.0020849033956814086	0.0022501221272135806	0.002418036117773571	0.0025905995024337364	0.0027677627988212761	0.002950798975400082	0.0031369750604071721	0.0033328942202246682	0.003541351760940112	0.0037613490212874351	0.0039950305101512842	0.0042428147341189845	0.0045063555455231155	0.004794751297045546	0.0051121911027269228	0.0054684765862823767	0.0058885594759076716	0.0064118401487071762	0.0070584154939518232	0.0077265548726375578	2.7499492667892094	3.2429284077646781	2.9638369406334313	1.9962232145594712	1.7820727587647864	1.7207444769409941	1.6865590085219335	1.648633395652505	1.6213630824129455	1.6069026644008577	1.587578839342163	1.5864138030504542	1.581560383869973	1.5792261388599531	1.5753512521200002	1.5742006114439511	1.5740887995238457	1.572938784421509	1.57454171346965	1.5786051406616113	1.5843280883373938	1.5919295900521582	1.6011960391714035	1.611382654094865	1.6239097223882233	1.6376140455907684	1.6558542218447074	1.6807504111083558	1.7161581030083293	1.7656211662066974	1.8380863128788096	1.9358675568421759	-1.8087233332613926	-1.662741297297669	-1.5687183637988449	-1.4886493132935283	-1.4462843433351282	-1.4139926281373456	-1.3856809359524482	-1.3598711079718768	-1.3360910632852898	-1.3143766414414328	-1.2935516936706266	-1.2739631310842809	-1.2549211780410436	-1.2373166002072877	-1.2210132181006919	-1.2059622036401234	-1.1915747070041203	-1.177266535126428	-1.1628112139266302	-1.1481652856064302	-1.1332667670364789	-1.1182865977328378	-1.1033616876428622	-1.0885041050686459	-1.0736443043140811	-1.0585483945215377	-1.0428641332469801	-1.0261823466444666	-1.0075558679931513	-0.98564653210688946	-0.9607786792527977	-0.93891185274181499
naca0012:a-6:re200000:n4	0.98082624388893735	-0.69573759065686924	0.015437552240493282	0.0047355968723245823	1	0.099097044055986905	0.0001321983116311238	0.00022084600771632258	0.00029230997701346886	0.00035444820154288133	0.00041094415324213589	0.00046188809590524867	0.00050946432292216346	0.00055590817415619471	0.0005998129751623463	0.00064326465687982012	0.00068908081802895405	0.00073362346266826815	0.0007753960415960747	0.00081591283294751642	0.00085616570739650746	0.00089498040305686238	0.0009345402688125075	0.00097432534536693411	0.0010141980575205966	0.0010534432779129427	0.0010905922362362216	0.0011272326449893557	0.0011668611669545244	0.0012100025769261941	0.0012556922533337475	0.0012996880401112472	0.0013517913827545069	0.0014071640472463744	0.0014669943488841222	0.0015336582320592202	0.0015828309532738805	0.001595985497197602	2.2533734929078735	2.3178185909368341	2.3432167377672628	2.373761367514287	2.3907349580274122	2.4046162707841128	2.4220437794129852	2.4382659154785959	2.4542030479970256	2.4710243045052791	2.4818496088713227	2.5031044481522189	2.5182591265154994	2.5252865202407819	2.540644243215882	2.5635438236829797	2.576693912988762	2.5888142334375699	2.6063068326023613	2.6230368756505449	2.6440710993892185	2.6689637350027913	2.6928780008172253	2.7261735299011147	2.767186927300493	2.8351724021173994	2.925228697224513	3.079550093975036	3.3223903152071892	3.6071710231445193	4.0543708425011529	4.8133211595941736	0.24578000586885573	0.65220498989381226	0.78787868354602331	0.85667052907698049	0.89817795645045695	0.9270197543584342	0.94868408911257962	0.96483241948894316	0.97635065963238654	0.9846308756968154	0.99046334492695309	0.99444879192080382	0.99663913587590669	0.99789601759555757	0.9986853431891809	0.9991101815918263	0.99854399973873997	0.99753608967854512	0.99623654072214807	0.99447599104384055	0.99227196045403754	0.989592492776592	0.98632008722740216	0.98251386066325586	0.97817018052420424	0.97361929484221821	0.96866456102661602	0.96399436888127443	0.95872869692647456	0.95112806238214498	0.94358215395006573	0.93949701677101172	0.00018174233903107872	0.00034267898571848238	0.00044600132367651789	0.00053251515524841537	0.00075328942331477308	0.00091916221731708539	0.0010435945387497296	0.0012107736782260346	0.0013767181996363405	0.0015215129444260966	0.0016765875638150227	0.0018426387928791603	0.0020071712875149852	0.0021660792524815569	0.00233676761543084	0.0025115868463763055	0.0026895482223056656	0.0028732393761481644	0.0030602923277296855	0.0032573489707598134	0.0034659843723640329	0.0036826339838154499	0.003911450425446614	0.0041547828588551989	0.0044135252658781664	0.004694445349503606	0.0050004299729775326	0.0053407142138616271	0.005736028158154511	0.0062264202654880542	0.0068287856374015946	0.0074657971169445267	2.7851671986606905	3.3571315012928595	3.7880992617317215	3.1712716936070797	2.0180112140890429	1.7335027207355986	1.6795329048009831	1.6339536000030237	1.6033304943582356	1.5955740834085848	1.5788258887929898	1.5722386398889598	1.5703626394585046	1.5766205248167957	1.5677511586782245	1.5709669416960748	1.5736463975290234	1.572587196586315	1.5743624366796418	1.5773171480916452	1.5811879012366477	1.5870959007970771	1.594762538806068	1.6042671372173616	1.6154535122511036	1.6281767838986174	1.6453447440099154	1.6680378546891732	1.6993719668416367	1.7406498640280688	1.8035879867666	1.893921031767436	-1.8256731371268251	-1.6688238274528957	-1.5882249998752931	-1.5222901616785789	-1.4572059734574707	-1.4166944471567908	-1.3888229829780232	-1.3647136311993293	-1.3415864205855055	-1.3205338078976281	-1.300225774807676	-1.2807385324288998	-1.2622284003991411	-1.2451563678012951	-1.2284870715627236	-1.2131896323332412	-1.1983823317886932	-1.1836123227036504	-1.1688042784137416	-1.1538919971588975	-1.13887649018102	-1.1239085329897138	-1.1090551758825731	-1.094223986838982	-1.0794082882782103	-1.0644551796473749	-1.0490933994964939	-1.0329780256617638	-1.0152043443929339	-0.99431748791592223	-0.97075768341424773	-0.94959281949043772
naca0012:a-6:re200000:n9	0.94784294973816541	-0.69468703559504275	0.015287198346805397	0.0037812591594649113	1	0.15275527661023497	0.00012435399013442051	0.00022204026877342591	0.00029544468041417922	0.00035766278399838571	0.00041382408079259454	0.00046545888391668678	0.00051312465740816578	0.00056035649226713897	0.00060598776361250428	0.00064927142700237789	0.00069478635574717095	0.00074041537826837877	0.00078349320615229956	0.00082208860352205157	0.00085920534633923337	0.00089791952518348791	0.00093831719836417961	0.00097658370474525504	0.0010155181802413251	0.0010549038555635942	0.0010925997274843331	0.001129508330967434	0.0011671412010106153	0.0012075960416764225	0.001253073414888227	0.0013032476348448167	0.001366166542036604	0.0014324294511980601	0.0014949879797772731	0.0015542350031425905	0.0015957594755293613	0.0016473440685463657	2.2525132935403662	2.3147130161436427	2.3462718490516807	2.3746794536472193	2.3902347468495115	2.404681413970136	2.4250891163904553	2.4395190611944022	2.4525677513334769	2.4665713016180137	2.47824337850275	2.50113679337074	2.5114315960692153	2.5230755444515038	2.5361946017319257	2.5519572569475346	2.5719170401780356	2.5925453470748212	2.6086512391662486	2.627604214083342	2.6481878687788183	2.6711758217997517	2.6928828318668923	2.7218152557756019	2.7560399325199412	2.8174526575726819	2.9028750660104903	3.0504084629526234	3.3045923125865504	3.6295543258181762	4.0681966947276464	4.7021042937172393	0.25414614524766455	0.65560508391956662	0.78913508685873779	0.85736267655747078	0.89907814904695682	0.92782948138762744	0.94918872462766635	0.96499692368488765	0.97599872571870727	0.98390163179753831	0.98960991152837918	0.99349891543369684	0.9953683642414437	0.99673473617664943	0.99750389783867921	0.9978006471480102	0.9977951225670374	0.99753506640263556	0.9967627511040309	0.99539751385429698	0.9933389854469904	0.99059393214024771	0.98738549766111572	0.9837713733525999	0.97978229880721845	0.97493419763055122	0.9686249018980746	0.96176275573191616	0.95551985507820059	0.95021694602139206	0.94737721473273395	0.94179536811271736	0.00018600632521793207	0.00034659775845055445	0.0004507043618385285	0.00052617757637409013	0.00059686434417574802	0.00083176016423623796	0.0010758930106970997	0.0012558283431066066	0.0013726151312450255	0.0014939269754632438	0.0016358391346841591	0.0017942172588229868	0.0019636550727783176	0.0021310775139620863	0.0023008437791774685	0.0024743145434541446	0.0026564145296518781	0.0028410154764772319	0.0030272053138456134	0.0032218045409127434	0.0034261990527452782	0.0036397809407910826	0.0038691075259614876	0.0041142550116918123	0.0043794685897952162	0.0046638253138211782	0.0049692639267649398	0.0053042572040296531	0.0056909194917275458	0.0061641454608261387	0.0067239296017666261	0.0073585543305251175	2.7972178927844715	3.639964878095383	4.6158781083077836	5.2961484638967375	5.0573356115460184	2.8650920922650891	1.8248565712521143	1.5410562599760127	1.5174419080230308	1.503622729555216	1.5090108740619397	1.5195558682701933	1.5302405222381914	1.5368118288729751	1.5364381793718962	1.5461031508674461	1.5497579600989333	1.5497280397940674	1.5545293958798594	1.5613044658085016	1.5693897314335516	1.5777203918462805	1.5860937982431904	1.5968135577877631	1.6079169159815618	1.6216883687062362	1.6396865862807597	1.6623638765756392	1.6905201639134919	1.7280764010856269	1.786142505434583	1.8725403981901918	-1.8218337832628086	-1.6590264992218613	-1.588979245671255	-1.5434136094689506	-1.4988999099894627	-1.4330383676814489	-1.3833152632146972	-1.3542712597342763	-1.3344732242858022	-1.3143005489120845	-1.2963037996680116	-1.2784313923295638	-1.2609404199627239	-1.2441865850164664	-1.2278404303789587	-1.212548082336363	-1.1973902323096721	-1.1823953881908991	-1.1677563392807255	-1.1533876373545904	-1.1391406447197128	-1.1247885089198508	-1.1100711092524018	-1.0948996877204438	-1.0794409345638032	-1.0639410771088245	-1.0484077804179734	-1.0324623240851487	-1.0152350458253878	-0.99549937283150614	-0.97423165698340153	-0.95332983976249164
naca0012:a-6:re1000000:n2	0.98124342750675353	-0.65116623940242768	0.010401376387379561	-0.003373685152464001	0.84143680985106339	0.037749761859678238	5.569889156748919E-05	9.8683160874277973E-05	0.0001316085324133745	0.00015915709309363712	0.00018414876759561326	0.00020677369874444424	0.00022826570261014285	0.00024926580706324797	0.00026986147914001085	0.00028914833141275691	0.00030788479043370251	0.00032673455993479777	0.00034460867266308587	0.0003627163163095414	0.00038059424464687188	0.00039847228045419413	0.00041650932489744046	0.00043509867789563923	0.00045444050265264641	0.00047376365142059166	0.00049346444497476482	0.00051214482517781352	0.00052907557782798018	0.00054715507441959463	0.00055803223261280768	0.00055913869549111125	0.00056614235295526089	0.00060561823978224564	0.00068558133079581792	0.00078102633943880745	0.00088146183104682028	0.0010173578620830135	2.2573925509638126	2.3132568501693447	2.3515643955541634	2.376108493797477	2.3912318616433517	2.4110887492103696	2.427468235930295	2.4455044908829873	2.4576182356934413	2.4696896146276033	2.4783147738649349	2.492954434661125	2.5195839066280703	2.5219953882330945	2.5336542505325328	2.5453966769323357	2.5591506603464369	2.574401276545065	2.5924923741178771	2.6093282360478529	2.6284620226929465	2.6513270173880432	2.6856313980217683	2.6978844707918319	2.7284748855177758	2.7495267092765996	2.5987740136588688	2.2878207045104904	1.8680809056132266	1.6322850455491975	1.5227544056357156	1.5141795484829534	0.28045795036337595	0.67348685003033615	0.80035328316316401	0.86631646493807268	0.90788665162963522	0.93671031722526343	0.95758891516376532	0.97276700512668546	0.98327574503477999	0.99058961371519128	0.995840622968717	0.99958603301874827	1.0026760505856729	1.0040483926563155	1.0047125302136113	1.0044838970846355	1.0036025252907017	1.0022411075309274	1.0006329421240689	0.99899689045898465	0.99736689067187279	0.99606310815672439	0.9948976660090062	0.99214340582163185	0.98901226491063843	0.9868578040281385	0.98378645364597284	0.97662620152597679	0.96483219381666163	0.95208162817196862	0.93791692187846876	0.91595770004202159	8.0305574666557177E-05	0.00015257934329798972	0.00028246218002858192	0.00039294122082349979	0.00050441219849747039	0.00061537324615979145	0.00072286676659665493	0.00082705704311640841	0.0009345222150246163	0.001048869012305781	0.0011636489490499118	0.0012780244630390669	0.0013952912051528558	0.0015156888978926962	0.0016413561358647182	0.0017709243411022182	0.0019015937295861927	0.002033491007742996	0.0021691461731600651	0.0023103747159728969	0.0024558205609678334	0.0026048680843293081	0.0027626047657857305	0.0029349588526655515	0.0031240015988037023	0.0033326618875609317	0.0035651184762925006	0.0038363929061936549	0.0041657503365823819	0.0045793810438382017	0.0051162706174061427	0.005795789111739981	2.7500956859081005	2.1617449452737301	1.5359263979577895	1.5090232360250315	1.496385249979723	1.4881735321993046	1.4834723854683016	1.4829833771074024	1.4843084129608068	1.4813608596482493	1.4839245234883476	1.4836489904587207	1.4807512255757904	1.483277702326584	1.4815902547472637	1.4815553777282127	1.4829687537989105	1.4834475102057172	1.4852121641338389	1.4874095945990733	1.4901735655363653	1.4940765713907895	1.4982881447613825	1.5027988246891189	1.5089904227949245	1.5177936858010614	1.530483678636859	1.5479173690468329	1.5736553368790822	1.6163902468726474	1.6846443976657417	1.7905331848466797	-1.7944378589380159	-1.6479639236756962	-1.5480454582686927	-1.4920315560172701	-1.4494702034361846	-1.4146037017948496	-1.3845814300982953	-1.3581449995416341	-1.3346761488504586	-1.3126609311823092	-1.2919982255476539	-1.2724523582297014	-1.254024877025161	-1.2366112433394654	-1.2196592369346608	-1.2034165857129371	-1.187842333290472	-1.1728673687213564	-1.1581717286738873	-1.1438115793643637	-1.1297450189215184	-1.1159106256451026	-1.1020835872328596	-1.0878111906284555	-1.0728824090459574	-1.0571763292636134	-1.0404268342394911	-1.0221857986867144	-1.0015105091505472	-0.97731778429666549	-0.94879213124769768	-0.91764191379116178
naca0012:a-6:re1000000:n4	0.96420769360796532	-0.64568023385957007	0.009844589708667929	-0.0053691307367614623	0.95451659480266737	0.057485928493811796	5.4521675788475698E-05	9.9413999981473798E-05	0.00013163540224708401	0.00015858431394381677	0.00018299057048806801	0.00020599143437847418	0.00022743871451096905	0.00024840466693140374	0.00026917153672051944	0.00028923971476059132	0.0003084112755113515	0.00032748643750896898	0.0003458871928162949	0.00036485394427298326	0.00038341884172435721	0.00040089023123379924	0.00041800377430972643	0.0004351452212001049	0.00045213482393378126	0.00046978836574626493	0.00048684286732274138	0.00050256551505732758	0.00051811108960902064	0.0005344078362982663	0.00055546657814516847	0.00058146255318455538	0.00060880022565545954	0.00063067620202561232	0.00064277706854623127	0.00065368187427554359	0.00069434946986088222	0.00084258327767275246	2.2562197158907513	2.3112644664945239	2.3431269485744406	2.3662504627328995	2.3848127782263386	2.4034364568598372	2.4248127883798896	2.4408335359228492	2.4587095028718462	2.4740077716072699	2.4866104208553037	2.4976748789231498	2.5169651397568482	2.5265567344048203	2.5390388177191614	2.5595548137575066	2.5697777395196733	2.5834688762729003	2.5990909389506376	2.6115343338076324	2.6344546268018236	2.6637593071699204	2.6874022238563429	2.7157636099422025	2.7281352975899091	2.7396624673038583	2.7809875963485551	2.868254549813992	3.0197456468006632	3.1693448978690895	3.0184974822694302	2.284132906853662	0.28327637119330706	0.67533206307430849	0.80317414584721691	0.86965190611784493	0.91155336963067746	0.94016066615799876	0.9604672116239632	0.97499154123749188	0.98537448865355048	0.99256880517283785	0.9975747033901976	1.0007502563156641	1.002705785801189	1.0034944483135033	1.0038687244650466	1.0043361171140535	1.0042548958322177	1.0037547899492418	1.0027566116289608	1.0008921172188812	0.99883519669161913	0.99673751619812689	0.99455445243023699	0.99239641194782191	0.98919751305745707	0.98488814928205826	0.98012412207959621	0.97550033238132161	0.97197534323771362	0.96834649184825561	0.95691503399314981	0.9218326556427352	8.063213314566013E-05	0.00014003697929377111	0.00024591701902269109	0.00035221376990367845	0.00045714396137827828	0.00056114770179782972	0.00066875764279590165	0.00077077352311279016	0.00087639820297161165	0.00098643384697175325	0.0010962694112697355	0.0012086502119183016	0.0013242078642261837	0.0014417586087724873	0.0015657896460604761	0.0016915748175606493	0.0018183367320441723	0.0019469008812181394	0.0020783340928491496	0.0022153870259284517	0.0023575049946719913	0.0025037046456911137	0.0026581265912571446	0.0028264886491882919	0.0030081821098189498	0.0032100443614779851	0.0034353987391224231	0.0036975498376882175	0.0040159306532470945	0.0044176871446568681	0.0049426466769938015	0.0055986404688850213	2.7589780849616243	3.3080159494391843	1.6512097732419106	1.5004043555398121	1.506134301465538	1.4993822903825365	1.4875623767315425	1.4838954262807955	1.4817158626036426	1.4794232493433466	1.48047020089075	1.4789404341291057	1.4768102807867469	1.4805951551350267	1.4787875623090754	1.4818111340410638	1.4839074232187419	1.4846072174089915	1.4865840547262905	1.4877226894590483	1.4889711375629042	1.4919595780829351	1.4959433108426075	1.4999348382474462	1.5070209056688826	1.5159848561295997	1.5290380515098898	1.5473480609077805	1.5741834366485876	1.6164692643678644	1.6846393802066457	1.7911899837253724	-1.7984148020339359	-1.664555130141558	-1.5404296850593111	-1.4890336012866991	-1.4487781982274315	-1.4150394188710664	-1.385180978155647	-1.3585629276811393	-1.3350693090831891	-1.3132767928479665	-1.2926990427539826	-1.2730131712942521	-1.2543387475117047	-1.2367524320300245	-1.219564915147259	-1.2032952393985501	-1.187619469724178	-1.1726001654924467	-1.1580169704835195	-1.143667463046087	-1.1295009629299968	-1.115538743430855	-1.1016368139846007	-1.0873305967709772	-1.0724309882710426	-1.0567019774226685	-1.0399085084741029	-1.021647423331506	-1.0008960757499363	-0.97644396333470251	-0.94755227077472359	-0.91704853048286339
naca0012:a-6:re1000000:n9	0.96413458400130769	-0.6994778747202226	0.0098067549156456817	0.0051725551239332531	1	0.081195335170905963	5.9537580890485388E-05	9.8937604566365535E-05	0.00013146101440561833	0.00015898132880001791	0.00018367338771950714	0.00020648789828673421	0.00022771270359648804	0.00024917105979328606	0.00027010226903071837	0.00029019475293595211	0.00031012392704566011	0.00032998969734713895	0.00034932526927374663	0.00036820628353417936	0.00038655479873545305	0.00040439613752452596	0.00042228065232729063	0.00044025651576088011	0.00045746091769959955	0.00047512086214161899	0.00049226743180427626	0.00050952546417850405	0.00052754478928859956	0.00054678546694475071	0.00056911307755972242	0.00059053325405901511	0.00061495890842680099	0.00064323638286838656	0.00067191301192243895	0.00069219067835957757	0.00069108691248097353	0.0007076804462868918	2.253186915442229	2.3188827679880215	2.3474155208445922	2.3694482617234209	2.3869203795512637	2.4031956633915348	2.4246545921266347	2.4380071657745535	2.4541549442719517	2.4727342943971502	2.487685103482677	2.5016582361373989	2.5177192951044689	2.5323601089562628	2.5455810091754323	2.5659373329153365	2.579538104957837	2.5959262043669495	2.6173307124569765	2.6312045968375921	2.6505013915611619	2.6713796646839789	2.6921319180830938	2.7247310107349842	2.75379139653566	2.8245995789832454	2.9588630137228482	3.1842291707395152	3.5594564309657333	4.2021689835485789	5.4437998526712379	6.8821640816556595	0.24772483725235961	0.6544595359580283	0.78611540516997969	0.85433107514156637	0.8970588303959135	0.92629376685616527	0.94748001917617719	0.96282778409256009	0.97391257605716497	0.98198840156069034	0.98773017265398355	0.99174973222501772	0.99425480039020653	0.99578651054101819	0.99653148207345144	0.99701450586323426	0.99654546292447432	0.99540533740760617	0.99385565739437243	0.99170209680736909	0.9894359846135008	0.98685433221113539	0.98387915972662565	0.98033278873693641	0.97541058699544747	0.9702934584706564	0.96513759264819154	0.95969764052663775	0.95342328101217877	0.94617784212149791	0.94155755750056558	0.93792729075960379	8.2811486286348392E-05	0.00015265328375906249	0.00019338600872323276	0.00033373256627620691	0.00041176247382452267	0.00050597369338722248	0.00061632289497491404	0.00072205996489509735	0.00082780539703825864	0.00093590721335026176	0.0010465993235536332	0.0011604390739153988	0.0012744086999423034	0.0013882709899856449	0.0015087208193316581	0.0016321597759370551	0.0017559359599572447	0.0018815499293653229	0.0020120422240021319	0.0021477638994509755	0.0022882049802179505	0.0024338051258821175	0.0025872677251930543	0.002752369176076156	0.002928461453511967	0.0031225275347179777	0.0033381080450462144	0.0035833179331968695	0.0038753533079628776	0.0042447409622477349	0.0047322172636279627	0.0053474552977041557	2.807565449022531	3.5760404433893909	3.4367089959934289	1.5555430111606492	1.4384575713522205	1.4666702303066612	1.4822011492665477	1.4859244755603784	1.4847020086993543	1.4861322231420042	1.4895376256982851	1.4850198851020879	1.4818297070690241	1.4825476584980579	1.4816557476007417	1.4821804860372008	1.4836536513949818	1.484626392562427	1.4852571080527799	1.4849270831470021	1.4856391593416765	1.4880645266544759	1.4926170220647785	1.4972690116479599	1.5037989943777772	1.5109756739944322	1.5209949868543413	1.5349930500035298	1.5563016092263799	1.590297120980301	1.6494323993604598	1.7507003845975024	-1.8214138956588262	-1.66740468385788	-1.5871880344967293	-1.4849702959025399	-1.4510490432629113	-1.4245208144443833	-1.3967783537217437	-1.370028088360534	-1.3455420808829364	-1.3231720221764365	-1.3025524482545205	-1.2824543578391583	-1.2635263583569132	-1.2456215852966568	-1.2284239518044808	-1.2120634072629277	-1.1965024218793858	-1.1816003862421902	-1.1670076435824377	-1.1525268103870314	-1.1380985092387959	-1.1236986949286576	-1.1092601058740823	-1.0945300283604922	-1.07938789937715	-1.0636896652949719	-1.047219573873917	-1.0296911244669202	-1.010192155960659	-0.98712827094272748	-0.9595807637279774	-0.93014966045997638
naca0012:a-3:re200000:n2	0.98091149528234711	-0.31277326839770697	0.011867717820705372	-0.0055645327847167469	0.82954447030551026	0.26879166778354591	0.00013844637342554002	0.00023766106598554842	0.00031650930725599504	0.00038368862604651717	0.00044247065095459831	0.00049558680954160444	0.00054694917083627115	0.00059861351350193033	0.00064806003897102768	0.00069391382263890892	0.00074230362198031386	0.00079062929535336508	0.00083604430457163482	0.00088165984992597034	0.00092715613765843462	0.00096986455769508019	0.0010137661345072373	0.0010591149202763728	0.0011077746749233617	0.0011584832387955797	0.0012077564249210822	0.0012518665393975053	0.0012914978270692147	0.0013323110621327654	0.0013753277457217636	0.001401686233017993	0.0014431677565891904	0.0015418578767496317	0.0016845070667117299	0.0018554009739916526	0.0020628565281728397	0.0023093300458443319	2.2946210099081084	2.3767058181867649	2.4217082236006218	2.4453711716049797	2.4612474713267618	2.4773575587897705	2.4920947677855012	2.5110208763152366	2.5323887595426315	2.5549935650967055	2.5712509799850158	2.6011806478780914	2.6350337460261346	2.6428494500877902	2.6603851837546824	2.6826711911501326	2.7017598968370224	2.725396772499125	2.7594650283129658	2.7876329953022014	2.8170592100835306	2.8467264023158028	2.8940475116954341	2.9415203222754802	2.9720777740812383	3.025063817664654	2.9515536355964223	2.7124971896827401	2.3867763586335395	2.1350227438124194	1.9400692553130798	1.8741172262637578	0.66917869538346464	0.92579150860445136	0.99701615536087518	1.0311004799079093	1.0518863864362529	1.065651492236837	1.0745817757926528	1.0796384999997992	1.0814319939395665	1.0813475585146035	1.0800510622189901	1.0779408685017593	1.0752370780315572	1.0716148900317983	1.0680067656752197	1.0639354566504757	1.058998070552889	1.053781537652652	1.0486728372805705	1.0436796643260391	1.0390189350268113	1.034937568625506	1.031286586346787	1.0274854923653109	1.0231029820404554	1.0193285940212442	1.0133821214514915	1.0018323537529179	0.98673881256803275	0.96904627429236634	0.94805999632791638	0.92520515206935405	0.00016524843407441256	0.00029249339068291566	0.00039069068627391732	0.00048245605808575146	0.00055630168558328994	0.00062663844981192588	0.00068233243280638937	0.00073919649813517288	0.00078706911586644919	0.00086865512820235864	0.00098603439769350486	0.0011189290956786376	0.0012422471260231632	0.0013646486165869518	0.0014807491511561212	0.0016101891097811476	0.0017454927872389394	0.0018758198582708948	0.00201259199149466	0.002152634537074068	0.0022968614483976466	0.0024470615921054479	0.002604452474307828	0.0027713951480602995	0.0029519148627557444	0.003146815195342649	0.0033552337555585905	0.0035931650627096944	0.0038721163485908316	0.0042194523906975553	0.0046732168401701583	0.0052551556742567946	2.5007819752407645	2.6765891296018478	2.7703175431739471	2.7986735433354109	2.8586429691879021	2.8841292863951904	2.9541850146033357	2.9616882727817284	2.903529599439818	2.4890720766365515	2.086394340440942	1.8289720109555638	1.7218084012188688	1.6370588642830073	1.6039987747964288	1.579409447393705	1.5715583930974808	1.5666670355846253	1.554138090644938	1.5473434555564531	1.5461931523042867	1.5468938337955376	1.5481494204792061	1.5517797964790472	1.5551886469026441	1.5614919008238701	1.5726910477294753	1.5862485585080934	1.6071448655936171	1.6414216742314569	1.697393859397115	1.7876819480028829	-1.4088523847072401	-1.406456336211769	-1.373025973875305	-1.3445876245251598	-1.3224973341682222	-1.3048763184898697	-1.2912735183687523	-1.2782993466814803	-1.2646595426502436	-1.2430872218899465	-1.2215701258069216	-1.2041492057726548	-1.1905415060014888	-1.1774040836752571	-1.1671428156197092	-1.1565629894031235	-1.1462504311220663	-1.1358260920611229	-1.124767347174386	-1.1138133272840633	-1.1027545331344459	-1.0913396136052318	-1.0795155233720535	-1.0672240520905256	-1.0544974497293635	-1.0415125203416378	-1.0281410723591029	-1.0135932184239995	-0.99694705326463273	-0.97677862514459468	-0.95210291418100013	-0.92401151827099204
naca0012:a-3:re200000:n4	0.97384822996742504	-0.33409297878874061	0.011106239891492588	-0.0032804496278973417	0.93897613529775348	0.409432806132773	0.0001375021689566721	0.00024033513352484217	0.00031632285286412867	0.00038256381822670567	0.00044257476493228558	0.00049629124084449316	0.00054763017190777264	0.00060059173265292133	0.00064972403173289199	0.00069526173385501763	0.00074414039573065052	0.00079356312049132314	0.00084139815338746553	0.00088646641197251299	0.0009322986202627353	0.00097449437212450722	0.0010183750053373928	0.0010635872751151257	0.0011104094429849071	0.0011580983478935488	0.0012013852771620012	0.0012414879687085328	0.0012860243039387658	0.0013329667706058542	0.001387890764692415	0.0014387227145742458	0.0014858241448896857	0.0015364057900367038	0.0015811899614140549	0.0016476786984567229	0.0018075841059297967	0.0022089074729772402	2.2968945592020855	2.3742964246388674	2.4150694485766082	2.4423787984406018	2.4594456404891014	2.4775265104823738	2.4970682641650157	2.5143685257188277	2.5362282260756723	2.558524926219071	2.5758029890615046	2.6029393546315145	2.6269573855132236	2.6522242315372533	2.6744182231726312	2.7110072062997626	2.7346839019780544	2.7624784115589556	2.7974136981906379	2.8253102667069814	2.8628311890039302	2.906892160495933	2.9529740765275263	3.0331225978159471	3.1165642539813647	3.2358999710126457	3.3955588815579083	3.5794552700111688	3.8158583253754874	3.973846235290464	3.7980567130114	3.115506834152193	0.65519307969509866	0.91208935894916709	0.98845402775938451	1.0251028029802787	1.0460234289548231	1.0592116131406648	1.0679721831807627	1.0730625650125305	1.0750007467504048	1.0753003672118566	1.0744284537518625	1.0722948216021473	1.0689065970895428	1.065449013706548	1.0619266195205326	1.0586008462998617	1.0543473086430581	1.0498126320863024	1.0451364708827813	1.0400231892420884	1.0349531416738369	1.0297007056678305	1.0238473791809732	1.018228962001384	1.0123953540658677	1.0070936856772574	1.0020864178809599	0.99677972355494981	0.99145721598094161	0.98374250232602323	0.96678629353221313	0.93064429813014171	0.00016458334974596249	0.00029453013492089226	0.00039170809817728065	0.00047991833228298002	0.00055924812802381413	0.00063246875033604228	0.00069492614936015869	0.00075987428570646728	0.0008250901139349935	0.00088962893147301444	0.00095057717725134129	0.00099895234759378492	0.0010233793003709575	0.0010835539160119162	0.0011901929200737273	0.001326459105126654	0.0014609713825459412	0.0015857677863782705	0.0017032079611896988	0.0018274261683609331	0.0019610090034065573	0.0021026496143910925	0.0022560079020711183	0.0024225303849533569	0.0025979654415327763	0.0027797695811006208	0.0029673715530863175	0.0031737861101459241	0.0034178507784701057	0.0037306148746823922	0.0041387022732079729	0.0046713747339806929	2.5103169405681949	2.7133934123678678	2.7798614068424166	2.8118221822606109	2.8496977447421719	2.8817923503359841	2.9621910269056251	3.0055855819036879	3.0672253049019482	3.1430742839035504	3.200412071740609	3.2536513425678617	3.3209414714386871	2.9322267285410253	2.372816141720385	1.9435364791795231	1.7211207134006612	1.6223256246859299	1.5878910374167894	1.5595203854045796	1.5386980355812578	1.5313984209739213	1.5252555215039265	1.5222829717917215	1.5227089565922596	1.526415820392637	1.5353552723517365	1.5506980956986685	1.5734220770003662	1.6025201285268806	1.6504544746874417	1.7323104791345876	-1.4231459339283816	-1.4152911785237701	-1.3792148467260117	-1.3499286406550999	-1.3271061683676417	-1.3064325384846787	-1.2882603979803029	-1.2709092918568632	-1.2570429922477993	-1.2451724018200592	-1.2333286307136171	-1.2220863300292206	-1.2129816345715785	-1.1962176695728837	-1.1766873191720868	-1.1592651365255116	-1.1458867564955975	-1.1350143600623723	-1.1243126342014338	-1.1129384240922517	-1.1017571977691465	-1.0908692845748322	-1.0799501130982372	-1.0686370485989882	-1.0568313121535753	-1.0445506595960818	-1.0317705537990824	-1.0179299679705347	-1.001551763278504	-0.98090190838724189	-0.95583270826126565	-0.92739113795154116
naca0012:a-3:re200000:n9	0.96325452344696605	-0.4535614495482202	0.011182585268152783	0.019349913396707285	1	0.56483028666678625	0.00013782776302713177	0.00023774873625658269	0.00031513254044818325	0.00038055889739377726	0.00044025838253416213	0.0004945239441341532	0.00054644814902366499	0.00059964564630365816	0.00065001316536944661	0.00069830969791353375	0.00075000185302996072	0.00080053087919151607	0.0008499118624577432	0.00089336145666541529	0.00093869793601197794	0.00098351004188504984	0.0010283423607592404	0.0010734423201513245	0.0011222284303454609	0.0011772608339156126	0.0012356377937420427	0.0012922924391594315	0.0013447245372803338	0.001391394487239448	0.0014425346186121141	0.0014927676866869216	0.0015477999067091913	0.0015899857587296049	0.0016046909889194311	0.0016066223254738959	0.0015921735825392541	0.0016054244318885913	2.2877229527656362	2.3650563004949294	2.4003919535615235	2.4321007431539163	2.4488850565289622	2.4694213033660768	2.4929223017422308	2.5074011864780008	2.5248752908159924	2.5528174035964954	2.5688868967466267	2.6010933641756213	2.6136628733314415	2.6483306317259849	2.6668438215438899	2.7025469561117297	2.7437022048986677	2.7899352226825789	2.8425354861696155	2.8998798551228888	2.9801284299651165	3.1009152620692642	3.2775598586782606	3.5333435138687124	3.8358051755273519	4.231334518517464	4.722685109784444	5.363827561738935	6.1949185993679157	7.138376441341812	8.4022338993393682	9.8216198816072833	0.585350221772588	0.86474147038644833	0.95083782416922269	0.99273433628732244	1.0164279468335002	1.0314377076198562	1.041222982036097	1.0470546311360969	1.0495920124852431	1.0503823610583531	1.0497297957145046	1.0481297035315758	1.0448009071752051	1.0419275811092383	1.0384033937310237	1.0349349720531027	1.0311913746185761	1.0270493510958407	1.0217060616755538	1.0145390745587117	1.0062530978708679	0.99797955427345109	0.99086309003321782	0.9851484636130442	0.97965282679873122	0.97452146433939801	0.96965484393025836	0.96577473031044248	0.96298749990681309	0.9603723959792575	0.96000195113963571	0.96001033159118321	0.00016811984386370449	0.00030296268621331278	0.00040636601169982044	0.00049967736805917723	0.00057757627593714282	0.00064666094773705308	0.00071474795903595976	0.00079053957895326417	0.00085889232042037978	0.00091681329775167677	0.00098220521680899122	0.0010456495008980655	0.0010952239877921825	0.0011461099154366303	0.0011961540738740935	0.0012370848621147971	0.0012650700868623447	0.0013052846659768226	0.0014096481246033451	0.0016347043908812981	0.0018758084162439359	0.0020283429765531888	0.0021198187771063778	0.002216024225467737	0.0023379828620252166	0.0024922387095892978	0.0026620861251575663	0.0028459128326872593	0.0030492591185828761	0.0032980354892164542	0.0036072275576826134	0.0039923587726373314	2.5612698349665259	2.772573342220356	2.8331940387978838	2.8902467966718124	2.9515124388757785	3.0041555447417418	3.0567787454438067	3.0983852071614844	3.175678933659833	3.3034497931487268	3.4092478471828991	3.5650643253981351	3.7596323700091725	3.9171522137755668	4.0396113429557419	4.1729041758058756	4.2088593941203785	4.0193266715825482	3.4561527639197895	2.544834686615276	1.9598054589547316	1.678215826456473	1.5806435747061709	1.5348094087601125	1.512148930390222	1.4996255290960294	1.4949245258272783	1.4948233502958541	1.4963520461175694	1.5010281119043829	1.5177464146080577	1.5581290091576117	-1.488771516945931	-1.4614127322699293	-1.4149046972546169	-1.3798378636973827	-1.3524933659143608	-1.329665729647292	-1.3102929238974297	-1.2924858539415292	-1.2752360688546471	-1.2596964819331111	-1.2453297916900201	-1.2335670702629626	-1.2241913267380395	-1.2156506084072216	-1.2074642119776926	-1.199937030231859	-1.1909941142022209	-1.1807608127676446	-1.1653473343015732	-1.1407090859027906	-1.1176747706246331	-1.1028081570736306	-1.0926120279078058	-1.0834677553126317	-1.0735812796672968	-1.062987553150196	-1.0519990220781663	-1.0401978154091251	-1.0268373921509759	-1.0101787444612362	-0.99031448624151608	-0.96779957256288185
naca0012:a-3:re1000000:n2	0.97077201949992864	-0.32844003593618043	0.0090293790198490067	-0.00098125609248734809	0.57767205685893308	0.11704897708117953	6.1314106570947911E-05	0.0001073111512571867	0.00014281224690394147	0.00017408132790829104	0.00020007501171076511	0.00022358375293489967	0.00024671805570610427	0.00026914564334656763	0.00029110373408869513	0.00031141486697639425	0.00033233070317011007	0.00035335275762475376	0.00037607657124183642	0.00039685612925456903	0.00042002807590186002	0.00044159664573327332	0.00045750964519113732	0.00046350071587986596	0.00047200906334646887	0.00052136599637226473	0.0005998227018997438	0.00068282681250454963	0.00075467169528562047	0.00082456808211838796	0.00089856119149930229	0.0009772432905601348	0.0010627020519489835	0.0011570897945204714	0.0012599514618329931	0.0013838981860945971	0.001542571590204494	0.0017596473735205377	2.297853112719443	2.3755273923297833	2.4235142075207512	2.4439581982850842	2.4659789457414267	2.4834426846476254	2.4971236719726218	2.5149412265802562	2.5329384988086558	2.5693494922374787	2.587631630390153	2.6190035064355559	2.6307893625238803	2.6630315402038054	2.6765069873998248	2.7158258020779544	2.734911706435081	2.7319927652906806	2.5783075087482641	2.0700722696586928	1.6947362093768452	1.4885253255490132	1.4496924292533571	1.4474734221861578	1.4478133779892486	1.4500841538923108	1.4514685556279059	1.4540156247802889	1.4638252511175913	1.4745135100105942	1.4939536372741531	1.5413751990391453	0.66071679622104651	0.92230032996442657	0.99543530332485397	1.0280955728348573	1.0473704799630386	1.0601357213553895	1.0687671567233237	1.0735853925454542	1.0753299953850797	1.0752064657463292	1.0732223825033125	1.0708507848578952	1.0681346552603341	1.0659890101518741	1.0634993547430684	1.0608418771004089	1.0568669001145048	1.0537109405891436	1.049269913306059	1.0385507957601585	1.0280194588189935	1.022174794545883	1.0193456527355593	1.0162009519477868	1.011471364247885	1.0056916522780861	0.99851713617675064	0.98945789729120293	0.9783885507027521	0.96376425999066195	0.94441963950664132	0.91762749187571091	7.4561828339767255E-05	0.00013406645458323961	0.00017843820175695685	0.00020077119941394299	0.00027888899867039874	0.00036718716982723029	0.00044555325004379861	0.00053117531026870086	0.00062079176196057882	0.00071121236270481304	0.00080187601625919547	0.00089326104002613585	0.00098675815341894911	0.0010831525668542603	0.0011822128800994698	0.0012820395069382017	0.0013816198817637043	0.0014822257409356065	0.0015859988108312421	0.0016928867023492497	0.0018021014226946702	0.0019136784540566552	0.0020314536836842671	0.0021578819731351982	0.0022943047985807537	0.002440531224392107	0.0025994975625817508	0.00277947179285412	0.0029921820005726733	0.0032594076097360288	0.003617613702138955	0.0041253841297997623	2.516455814160063	2.6936949685966889	2.8378430489510995	2.6526347958916645	1.7726039200808821	1.4989896492117958	1.5004687046080218	1.5016923477583455	1.4871697636884187	1.4852710610995061	1.4767716142523266	1.4721133321697424	1.4717361164158576	1.4702148017895884	1.4687820536431038	1.4683873383003001	1.4682447566984413	1.4659311979767644	1.4656137791312189	1.4653527248619511	1.465569368097821	1.4672518152653873	1.4687754017038239	1.4708602980081582	1.4730163369952385	1.4761915510022141	1.4833167841365542	1.4933286252423557	1.509058445938624	1.5349130831389752	1.5795382442785781	1.6607090540706806	-1.4221647959145705	-1.4106510761580491	-1.3770288727249147	-1.3478581360168431	-1.3100756554263868	-1.2902589564115929	-1.2795179010545077	-1.2666735413864298	-1.2526524588165553	-1.2383271754310929	-1.2232943730541366	-1.2089671917460407	-1.19563014866893	-1.1825391728433108	-1.1698200204400584	-1.1575014512199973	-1.145724596091779	-1.1344425364379629	-1.12323952690525	-1.1120941508140119	-1.1010523274106498	-1.0900682472340966	-1.0790068722028374	-1.0675361978176439	-1.0553422444174978	-1.0424912282550678	-1.0287529090382628	-1.0138551437304693	-0.99687083373943286	-0.97620515098065752	-0.95026366974091059	-0.91810219158305406
naca0012:a-3:re1000000:n4	0.97527135839557511	-0.32682191781438752	0.0078606372149980855	-0.0015216708736436324	0.74781825949405811	0.19634014800547553	6.1002858363264564E-05	0.0001071042827962257	0.00014272197028076535	0.00017351131957528049	0.00020029692608491322	0.00022442187555272739	0.00024741538261623933	0.00027037270856013912	0.0002927785395403648	0.00031420478984408434	0.00033489418285160459	0.00035529445129333731	0.00037489902833861389	0.00039644763262475425	0.00041882942724247898	0.00044061416353804241	0.00046125483470684967	0.00048139829820647228	0.00050163947074391652	0.00052105460566377322	0.00054220222655741539	0.0005603178130362057	0.00056893438626697608	0.00058157333561376296	0.000617242323575021	0.0006978794154321109	0.00079106139180333578	0.00087128934250712772	0.00095074772796611051	0.0010559403884966554	0.0011928561136098541	0.0013673750489264301	2.3011892375782264	2.378421018905517	2.4220226872894433	2.4473692597371612	2.4592852085819992	2.4748406827357354	2.4994001147666616	2.5229698899120359	2.5426936993626916	2.5629627350980919	2.5835990316351305	2.6084250966090727	2.6475025713872791	2.6535174796901719	2.6681192068444242	2.6871296440104309	2.7151640725914228	2.7454545665599492	2.7768525011708918	2.8090875601786536	2.8275247499299216	2.8564773807212851	2.8947941352978859	2.7377598102034741	2.3768028967309638	1.8771358154459075	1.5852543653558411	1.4850029809944518	1.4786796217441323	1.4740102442182161	1.4805667859643199	1.5256528990462959	0.66631151410744882	0.92389868349566551	0.99519713042657343	1.0285696653272134	1.0481427147151703	1.0608836506466714	1.069371891780927	1.074023656701264	1.0758593589684782	1.0756634900368633	1.0741012094569726	1.0717496826079125	1.0693138212332176	1.0654138171275218	1.0613477215885876	1.0568775879072176	1.0523528453375133	1.0480020291650298	1.0441845447499225	1.0410231126003753	1.0377499138120152	1.0345159855490964	1.0317711237904033	1.0271509642138312	1.0187785775133853	1.0052786383063244	0.99375518238740568	0.9868018925823806	0.97886652781628469	0.96486431798050143	0.94432410618898854	0.91712288170762968	7.367685729148844E-05	0.00013221357347074567	0.00018022471430740729	0.00021975727845658191	0.00025116229567867336	0.0002712526971558891	0.00030105820176454121	0.00037666303452212589	0.000462962984286034	0.00054352334026962342	0.00062974711606566885	0.00072155992747181829	0.00081290779933967439	0.0009070765286316552	0.0010005995834890008	0.0010971094186569348	0.0011968762972771325	0.0012925585277537052	0.0013887581316260158	0.0014876935639848753	0.0015905051407911703	0.0016971316002899048	0.001808413953016107	0.0019258489316376611	0.0020502423944951465	0.0021831107383655868	0.0023284713067565515	0.0024970859040780299	0.0027002131094706733	0.0029584220430913925	0.0033033089266804386	0.0037818653019438316	2.5183597023871198	2.6979546128553391	2.751745307305971	2.7984515398206762	2.8428445323171765	2.8388068871164402	2.4061795082620554	1.6992876972794804	1.4876676472981931	1.4641416963430516	1.4588681359533162	1.4546443770759643	1.4638660186866133	1.4613216233003405	1.4632404048582635	1.4663770577195234	1.4660908487812374	1.4647688047373573	1.461581524755097	1.4610236010765709	1.462086974832413	1.4639583408759662	1.466577502874939	1.4696857958465017	1.4728895726378257	1.477044618414153	1.4830688406858459	1.4915037412181709	1.5061198362022301	1.5313022444736639	1.5767886219735743	1.6572117196253968	-1.4242363834282736	-1.4085073576048615	-1.3692138886147269	-1.3409771299316833	-1.3216301767006966	-1.3071573416505264	-1.2866014768574603	-1.2586228998369327	-1.2449959121099465	-1.2347136419262839	-1.2231105522958359	-1.2098200664814009	-1.196231029173638	-1.1821489356039903	-1.1690598762758282	-1.1567605935718077	-1.1451970970988581	-1.1342571785049937	-1.1233335028668268	-1.1123643340499894	-1.1012554283041922	-1.0900812138835367	-1.0788877946301052	-1.0674833484537367	-1.0555910705576452	-1.0431558040027682	-1.0297600459420391	-1.0148101304835655	-0.99727561960192501	-0.97558958595178047	-0.94856473536668684	-0.91578585534870394
naca0012:a-3:re1000000:n9	0.97214679418807137	-0.31918062620200766	0.0063935133421080155	-0.0049155367724719509	0.92950262390853111	0.3646412139858583	6.1615585613872389E-05	0.00010875501094748628	0.00014410774149761467	0.00017400781737485208	0.00020062510157923313	0.00022556179243786074	0.00024890257654073031	0.00027153565703924804	0.00029412831119150074	0.00031661878195976805	0.00033796112943722825	0.00035843124597872923	0.00037862627955137187	0.00040037206531934029	0.00042310650168611363	0.00044485962781263156	0.00046542554311435497	0.00048500553294758027	0.00050368205768458387	0.00052426233927084607	0.00054727058413359131	0.00057025557407923758	0.00059100986303167844	0.00061189022823032529	0.00063581507360293546	0.00066576912032583792	0.0006982366178421097	0.00070462645653891667	0.00068571811251515028	0.00072600318042791753	0.00087800951984836012	0.0011503933624288647	2.2967176679919303	2.3789790838999521	2.4207333462936145	2.4405671028191986	2.4533105361479453	2.4687898407130797	2.4924246850831837	2.513062484937886	2.5375860191065005	2.5601384679574242	2.5821917788272337	2.5989674012722825	2.6252241272736963	2.6491343653509305	2.6718148189739988	2.7029184533147754	2.7318671935895273	2.7680281126200295	2.8077173436104594	2.8372864102343356	2.8637625922541572	2.8971247379538663	2.9435120423072716	3.0060809845636984	3.0858883941228297	3.1859345068145508	3.3044758019041138	3.5692925269729971	3.8836411919901721	3.5565440679870588	2.5538922828675603	1.7683477857583034	0.66657170654000308	0.92170813409836516	0.99262966825216359	1.0274013945709883	1.0488016442458328	1.0624883446325315	1.0708815271111634	1.0753555855508981	1.077384635390938	1.0771964075864568	1.0753829826741126	1.0727616185065623	1.0697904263990687	1.0662226968185564	1.0624253968090236	1.0586555658684567	1.0548596411646116	1.0510545590356029	1.046770397392522	1.041622904972991	1.0360296683266994	1.0306993629872809	1.0259484500188738	1.0213714701711551	1.0165373927169776	1.0107680075043566	1.0028095440685385	0.99739914871732305	0.99531985249236565	0.98315669792088656	0.95400819948382731	0.9092166969398543	7.5101485151917471E-05	0.00013166187892734587	0.00017642998278048257	0.00021546787927434957	0.00024875680778626853	0.00027903213726864997	0.00031009612172182781	0.00033181105141182651	0.0003567143580941335	0.00038469799373095406	0.00040251824387809706	0.00043205992623024467	0.00049140891610403826	0.00059002451902303188	0.00067617088046825551	0.0007575585424836321	0.00083218867904436998	0.00091254686388338798	0.0010065641931387955	0.0011051341087523923	0.001205855115542669	0.0013087640005185271	0.001412028860137491	0.0015189599470641247	0.0016299437703267666	0.0017514171338856735	0.0018832881709561957	0.0020305304734570644	0.0022060568659235552	0.0024349846623056373	0.0027523147123484745	0.0031952760222542457	2.5006637982530955	2.6939251365185699	2.7556924346651122	2.8170924680422562	2.8146294133898038	2.8668281897846852	2.9038133760963132	2.9973491712328024	3.0732050144200072	3.1728045835506671	3.2115228160749241	2.6879174572915252	1.996294609823468	1.5325069597684509	1.470912233507305	1.438894825633644	1.4383082547117774	1.4537202603810973	1.4491248000535144	1.4475537970185006	1.4520418942378805	1.4567654888286434	1.4618602412075898	1.465494653487829	1.46929773550706	1.4709256723167081	1.4761897723821904	1.4870784819883203	1.5038159838953058	1.5273863248405766	1.5726423743137168	1.6609190109318623	-1.4147908303245909	-1.4035660073013729	-1.3643758255303076	-1.3373186325593409	-1.3151390339065141	-1.2990982946164085	-1.282925529956451	-1.2681925078576766	-1.256007611439816	-1.244653743547836	-1.2333097990405846	-1.2146229530868711	-1.1899928133872981	-1.1693994108278503	-1.162547515574186	-1.153309611207846	-1.1443755435800169	-1.1347797245734514	-1.1228653178574057	-1.1109707734796537	-1.0994263679244796	-1.0881830709440625	-1.0772742691054562	-1.0661222227291829	-1.0544030400481148	-1.0418330956370958	-1.0282769390414068	-1.0133615128175781	-0.9958852363722358	-0.97356584548799352	-0.94472769266704892	-0.90984272110035791
naca0012:a0:re200000:n2	0.98314672680534465	0	0.010673557311766065	7.7715611723760953E-17	0.56183985287308047	0.56183985287308036	0.00015321951154021946	0.00026451902541562735	0.00035110461717846478	0.00042725500825033198	0.00049188928711391849	0.00054960511096111865	0.00060643813723844147	0.00066318773424602431	0.00071959639249074897	0.00077267422661548505	0.00082682652523549639	0.00088182108285928755	0.00093979964432601936	0.00099151724014924481	0.0010407802495969527	0.0010896131630212817	0.0011302746564870729	0.0011617870099259898	0.001205226872652617	0.0013040415993119604	0.0014393015945274993	0.0015737315138030464	0.00168711222994133	0.0017881178187673825	0.0018966204990662815	0.0020229784077098831	0.002169149351285054	0.0023397268404186508	0.0025315136652448974	0.002765595308706818	0.003064267776118193	0.0034353058606872724	2.374793542667204	2.4808328172944027	2.5424148788695766	2.5661964879509407	2.5867210136469878	2.6046884476486842	2.6251709273797537	2.6570723539703343	2.6938901927724226	2.7479580922030769	2.7866226792208626	2.828699531153414	2.8536582891044668	2.8916977740243563	2.9234446462787238	2.9592011989912868	2.975023431349872	2.9279971054997831	2.76514930907293	2.3897976298208046	2.0486010565990065	1.8033095879457572	1.6922216824607177	1.6393823000727394	1.6020629470176215	1.5752370080873752	1.5614991601210131	1.5551452281029949	1.558988148384677	1.5708065705364447	1.5993394516277353	1.6648886180366631	1.0373679111847034	1.1670431938354375	1.1882479402576025	1.191152868281995	1.1898277036849736	1.1866108161321711	1.1823152599799762	1.1762762321113809	1.1687202490908586	1.1606544003368331	1.1520389593480505	1.143850142561222	1.1364018681031975	1.1300016239496511	1.1242841209407366	1.1185670492457112	1.1121991815563201	1.1058514739536256	1.0977749149580611	1.0855279591056863	1.0719683403265665	1.0598789921251788	1.0498021184289819	1.0411251160556416	1.031964987254272	1.0225210686282638	1.0122892927317604	1.0001142941740979	0.98600949477913868	0.96871647626667801	0.94747270610923562	0.92306477638551143	0.00015321951154021959	0.00026451902541562718	0.00035110461717846435	0.00042725500825033111	0.00049188928711391795	0.000549605110961118	0.00060643813723844137	0.00066318773424602301	0.0007195963924907481	0.00077267422661548321	0.00082682652523549574	0.00088182108285928744	0.00093979964432602012	0.00099151724014924373	0.0010407802495969512	0.00108961316302128	0.001130274656487074	0.0011617870099259911	0.0012052268726526166	0.0013040415993119602	0.0014393015945274993	0.0015737315138030443	0.00168711222994133	0.0017881178187673825	0.0018966204990662834	0.0020229784077098823	0.002169149351285051	0.0023397268404186499	0.0025315136652448913	0.0027655953087068119	0.003064267776118193	0.0034353058606872789	2.3747935426672044	2.480832817294401	2.5424148788695744	2.566196487950938	2.586721013646986	2.6046884476486833	2.6251709273797537	2.6570723539703343	2.6938901927724226	2.7479580922030755	2.7866226792208613	2.8286995311534113	2.8536582891044633	2.8916977740243524	2.9234446462787211	2.9592011989912845	2.9750234313498711	2.9279971054997862	2.7651493090729349	2.3897976298208086	2.0486010565990083	1.8033095879457577	1.6922216824607172	1.6393823000727394	1.6020629470176204	1.5752370080873748	1.561499160121012	1.5551452281029945	1.5589881483846759	1.5708065705364447	1.5993394516277348	1.6648886180366635	-1.0373679111847014	-1.1670431938354358	-1.1882479402576016	-1.191152868281995	-1.1898277036849736	-1.1866108161321711	-1.1823152599799764	-1.1762762321113809	-1.1687202490908586	-1.1606544003368335	-1.1520389593480513	-1.1438501425612222	-1.1364018681031978	-1.1300016239496511	-1.124284120940737	-1.1185670492457116	-1.1121991815563201	-1.1058514739536256	-1.0977749149580616	-1.0855279591056866	-1.0719683403265665	-1.0598789921251792	-1.0498021184289819	-1.0411251160556416	-1.031964987254272	-1.022521068628264	-1.0122892927317608	-1.0001142941740981	-0.98600949477913891	-0.96871647626667801	-0.94747270610923562	-0.92306477638551165
naca0012:a0:re200000:n4	0.99009075717681372	0	0.0094823773183864164	4.4408920985006264E-17	0.7335420831768914	0.73354208317688996	0.00015349685229770692	0.00026595474937551167	0.00035153091174856273	0.00042766931085731107	0.00049471657899816102	0.00055508782929328943	0.00061350578684797553	0.00066936579482992594	0.00072335667712277796	0.00077687879071964205	0.00082839111298674175	0.00087915716736626189	0.0009275768021612987	0.00098300145181732233	0.0010437455683086493	0.0010996746757975322	0.0011504788778119359	0.0011998863780052658	0.0012468344174721663	0.0012884769726341958	0.0013277054978736815	0.0013601054848963886	0.0013925376993318347	0.0014592481681951616	0.001582239378868681	0.0017923328995110093	0.001995441431659725	0.0021452735354699879	0.0022930488890603598	0.0024879060672848338	0.0027465716591124492	0.0030756790273198395	2.3754155988700218	2.4737658590391973	2.5347612803779924	2.5656648701189622	2.5784501289130302	2.5923078868287837	2.6158842873238082	2.6479040640075957	2.6824222194958591	2.7179715932807285	2.7618252084394554	2.7941334865338421	2.8534324535638835	2.8783021731541463	2.907593940132073	2.9511752410773879	3.0010239566891084	3.0574019788579387	3.1271167946325624	3.1985280419408215	3.2476290191770394	3.2913886164573367	3.3110259125891974	3.1297606091798986	2.7608202243121767	2.2536919050006921	1.9266523882417683	1.7842648381648445	1.7204426375031729	1.6735478566775202	1.6646747743318087	1.7076942071157903	1.0435488116163361	1.167316209014684	1.1871714243182256	1.1902588182058893	1.1882563677243385	1.1844779859546739	1.1796237658950683	1.1737120530651586	1.1671296542600955	1.1599338597150757	1.1522112985623298	1.1438935182371988	1.1366129651143924	1.1283742615395931	1.1206888112046718	1.1132447989185248	1.1057715489611284	1.0988650920042855	1.0927161532039555	1.0873683535615024	1.0826052457756006	1.078476711822479	1.0736637295526403	1.0645978168528014	1.0499046275759749	1.0292643151594043	1.0108745028275417	0.99782928707533025	0.98419111333206499	0.96609950138056488	0.94250601554557667	0.91515629118836728	0.00015349685229770692	0.00026595474937551189	0.00035153091174856214	0.00042766931085730966	0.00049471657899816004	0.00055508782929328856	0.00061350578684797445	0.00066936579482992529	0.00072335667712277872	0.00077687879071964183	0.00082839111298674121	0.00087915716736626168	0.00092757680216129837	0.00098300145181732103	0.0010437455683086493	0.0010996746757975324	0.0011504788778119363	0.0011998863780052652	0.001246834417472168	0.0012884769726341926	0.0013277054978736809	0.0013601054848963886	0.0013925376993318356	0.0014592481681951633	0.0015822393788686817	0.0017923328995110119	0.0019954414316597289	0.00214527353546999	0.0022930488890603577	0.0024879060672848251	0.0027465716591124584	0.0030756790273198361	2.3754155988700227	2.4737658590391955	2.5347612803779902	2.5656648701189599	2.5784501289130293	2.5923078868287832	2.6158842873238082	2.6479040640075961	2.6824222194958591	2.7179715932807271	2.7618252084394546	2.7941334865338394	2.8534324535638818	2.8783021731541458	2.907593940132073	2.9511752410773897	3.0010239566891106	3.0574019788579356	3.1271167946325655	3.1985280419408268	3.2476290191770421	3.2913886164573407	3.3110259125891961	3.1297606091798871	2.7608202243121562	2.2536919050006747	1.9266523882417568	1.7842648381648378	1.7204426375031698	1.6735478566775173	1.6646747743318058	1.7076942071157881	-1.0435488116163345	-1.1673162090146825	-1.1871714243182252	-1.1902588182058895	-1.1882563677243385	-1.1844779859546744	-1.1796237658950681	-1.1737120530651584	-1.1671296542600955	-1.1599338597150759	-1.1522112985623307	-1.143893518237199	-1.1366129651143919	-1.1283742615395935	-1.120688811204672	-1.1132447989185246	-1.1057715489611282	-1.0988650920042859	-1.0927161532039551	-1.0873683535615029	-1.0826052457756012	-1.078476711822479	-1.0736637295526408	-1.0645978168528012	-1.0499046275759745	-1.0292643151594039	-1.0108745028275417	-0.99782928707533003	-0.98419111333206488	-0.96609950138056533	-0.94250601554557645	-0.9151562911883675
naca0012:a0:re200000:n9	0.96977523749367422	-1.6653345369377348E-16	0.010066158912812371	-1.1102230246251566E-17	0.90492652986542932	0.9049265298654291	0.00015392708296223893	0.00026887415754738855	0.00035219210294023097	0.00042553149960495549	0.00049332398064282133	0.00055671742769406059	0.00061643962963563496	0.00066949026680706864	0.00072135175501451419	0.00077382116317801489	0.00082549077517943574	0.00087799174715122896	0.00093160073695681207	0.00098283096876859038	0.001039613952542655	0.001097222393696057	0.0011522563709732722	0.0012014870529812294	0.0012454568923130371	0.0012961614770146319	0.0013495989051787248	0.0014011003076199015	0.001447003843544619	0.001485065979528163	0.0015219058556884407	0.0015369348222514644	0.0015542145144227034	0.0016140830005994945	0.0017469032087828627	0.0020271582038310209	0.0025348578494055057	0.0032688825769622834	2.374224865479392	2.4780528706029461	2.5345277564143571	2.5634227489324797	2.5813382022240341	2.605061524713371	2.6318952818161092	2.6712765121487347	2.7060339323624594	2.7413714790045245	2.7828149357258871	2.813364981831902	2.840616212260981	2.9038770912391878	2.9566975508854925	3.028260158089517	3.1047467811236302	3.2061141306749028	3.3379330372990981	3.4880810059582608	3.6613717516101167	3.852355238212319	4.0542735180488449	4.3011892752732201	4.5371656550819264	4.8342934599619571	5.1542832838982671	5.3058224943278907	5.0660195308014462	4.2876094388396284	3.1353575299583918	2.3810489359485323	1.0427685137283658	1.162241993633097	1.1848095655250173	1.1892782418978882	1.1872910960487486	1.1827245747986317	1.1769261169080918	1.1711134847786866	1.1649484459480828	1.1582659421339425	1.1507560769881118	1.1421964258518911	1.1331213796168031	1.12469217288823	1.1159555172218325	1.1075640821289441	1.0996880377161693	1.0926939384050098	1.0862354474795293	1.0795501373002807	1.0729818379541918	1.0673020650358422	1.0626870234516972	1.0586438125553321	1.0533225665208024	1.0485510711906572	1.042850330661921	1.0343545080475562	1.0224921536112113	1.000723715739164	0.96655156254442964	0.92206569528042159	0.0001539270829622389	0.00026887415754738925	0.00035219210294022999	0.00042553149960495532	0.00049332398064282068	0.00055671742769406026	0.00061643962963563539	0.00066949026680706842	0.00072135175501451387	0.0007738211631780138	0.00082549077517943541	0.00087799174715122918	0.00093160073695681229	0.00098283096876858951	0.0010396139525426561	0.0010972223936960592	0.0011522563709732748	0.001201487052981227	0.0012454568923130371	0.0012961614770146319	0.0013495989051787217	0.0014011003076199015	0.0014470038435446214	0.001485065979528163	0.0015219058556884407	0.0015369348222514644	0.0015542145144227032	0.0016140830005994962	0.0017469032087828644	0.0020271582038310278	0.0025348578494055174	0.0032688825769622925	2.3742248654793929	2.4780528706029452	2.5345277564143549	2.5634227489324783	2.5813382022240332	2.6050615247133715	2.6318952818161097	2.6712765121487361	2.7060339323624603	2.7413714790045258	2.7828149357258871	2.8133649818319006	2.8406162122609802	2.9038770912391856	2.9566975508854898	3.028260158089517	3.1047467811236324	3.2061141306749055	3.3379330372990998	3.4880810059582741	3.6613717516101261	3.8523552382123185	4.0542735180488574	4.3011892752732352	4.5371656550819317	4.8342934599619589	5.1542832838982626	5.30582249432788	5.066019530801424	4.2876094388396009	3.1353575299583718	2.3810489359485247	-1.0427685137283653	-1.162241993633097	-1.1848095655250179	-1.1892782418978887	-1.1872910960487488	-1.1827245747986326	-1.1769261169080922	-1.171113484778687	-1.1649484459480832	-1.158265942133943	-1.1507560769881122	-1.1421964258518909	-1.1331213796168029	-1.12469217288823	-1.1159555172218325	-1.1075640821289441	-1.0996880377161693	-1.0926939384050098	-1.086235447479529	-1.0795501373002807	-1.072981837954192	-1.0673020650358422	-1.0626870234516974	-1.0586438125553321	-1.0533225665208024	-1.0485510711906572	-1.0428503306619212	-1.0343545080475562	-1.022492153611211	-1.0007237157391637	-0.96655156254442909	-0.92206569528042104
naca0012:a0:re1000000:n2	0.97718886515426839	-1.6653345369377348E-16	0.008265596388361978	8.8817841970012528E-17	0.34595694609478311	0.345956946094783	6.9850968480766955E-05	0.00011792283370749539	0.00015564862950571495	0.00018980090368077055	0.00021925047730459181	0.00024859526767329943	0.00027570044176643613	0.00029821030261926421	0.00032218984785299952	0.00034147026664121656	0.00035480995451543212	0.00039547450293178328	0.00046815197383450835	0.00055248073045020059	0.00062882190640629768	0.00070625940162602789	0.00078133880858364646	0.0008579731381350243	0.00094184897623960501	0.0010270556480232115	0.0011130789975636963	0.0012005628462838907	0.001289174354764778	0.0013810345589268034	0.0014780949272004565	0.0015834153876766734	0.0016965531078964229	0.0018198538367524002	0.0019620052656135066	0.0021380885956659062	0.0023706407740801448	0.0027091500461720926	2.3662536615625824	2.4580021259826763	2.5174079148809962	2.5409406051580761	2.5835913629218781	2.6002553581260539	2.6159475341026792	2.6579278729500313	2.6830411785307264	2.748986733168878	2.7527689400169151	2.208687021606488	1.6764908502827711	1.4739881837621522	1.4671895717190939	1.4579094225737648	1.461246895742375	1.4666621408169531	1.4586065859050492	1.4554950112157352	1.4579203100836853	1.4607251528474103	1.4626830038950491	1.4636843094032659	1.4651568648621729	1.4653336214973476	1.4682731731979173	1.475568057695118	1.486415423568975	1.5016720811964825	1.5308959396139818	1.5901611843427106	1.0312335952112472	1.1624403178944578	1.1862485876665665	1.1900752002115067	1.1889441144449493	1.1848230737971743	1.1788501287831523	1.1721512080519787	1.1651179570794117	1.159861067556625	1.155557120986781	1.1410445159217106	1.1233531787890529	1.1156590363117016	1.1132341214430315	1.1072731265422049	1.1009340327858284	1.0939859265645195	1.0857258528677858	1.0776207172876018	1.0696242667279912	1.0616058648386537	1.0535423999129068	1.045153238835856	1.0360510336369988	1.0260581723558309	1.0151863612087866	1.0031977478509229	0.98920542402861167	0.97163050963295483	0.94900977085121263	0.91911118344861764	6.9850968480767049E-05	0.00011792283370749548	0.00015564862950571514	0.00018980090368077014	0.00021925047730459146	0.00024859526767329911	0.00027570044176643613	0.00029821030261926448	0.00032218984785299952	0.00034147026664121683	0.00035480995451543212	0.00039547450293178442	0.00046815197383450878	0.00055248073045020157	0.00062882190640629757	0.00070625940162602778	0.00078133880858364689	0.00085797313813502506	0.00094184897623960653	0.0010270556480232137	0.0011130789975636983	0.0012005628462838907	0.0012891743547647806	0.001381034558926805	0.0014780949272004578	0.0015834153876766769	0.0016965531078964229	0.0018198538367524024	0.0019620052656135045	0.0021380885956659062	0.0023706407740801475	0.0027091500461720913	2.3662536615625833	2.4580021259826745	2.517407914880994	2.5409406051580756	2.5835913629218776	2.6002553581260544	2.615947534102681	2.657927872950034	2.6830411785307282	2.7489867331688798	2.7527689400169164	2.2086870216064867	1.6764908502827685	1.4739881837621511	1.4671895717190964	1.4579094225737639	1.4612468957423741	1.4666621408169536	1.4586065859050483	1.4554950112157352	1.4579203100836853	1.4607251528474103	1.4626830038950482	1.4636843094032652	1.4651568648621729	1.4653336214973476	1.4682731731979179	1.4755680576951187	1.4864154235689759	1.5016720811964825	1.5308959396139807	1.5901611843427113	-1.0312335952112459	-1.1624403178944569	-1.186248587666566	-1.1900752002115071	-1.18894411444495	-1.1848230737971746	-1.1788501287831523	-1.1721512080519787	-1.1651179570794117	-1.1598610675566252	-1.155557120986781	-1.1410445159217109	-1.1233531787890532	-1.1156590363117018	-1.1132341214430317	-1.1072731265422053	-1.100934032785829	-1.0939859265645198	-1.0857258528677862	-1.0776207172876018	-1.0696242667279905	-1.0616058648386537	-1.0535423999129068	-1.045153238835856	-1.0360510336369988	-1.0260581723558309	-1.0151863612087866	-1.0031977478509226	-0.989205424028612	-0.97163050963295483	-0.94900977085121263	-0.9191111834486182
naca0012:a0:re1000000:n4	0.9731787263094932	-1.1102230246251565E-16	0.007088184123910767	3.3306690738754695E-17	0.48049231703320072	0.48049231703320122	6.8893245752714978E-05	0.00011896285648745697	0.00015679142615469564	0.00018981399940367282	0.0002189976848755895	0.0002452419039437174	0.00027183572439023725	0.00029821519054101743	0.00032433340508746661	0.00034888328938557515	0.00037367192366701988	0.00039693166788364265	0.00042118188019193205	0.00043653658961841633	0.00044752866563038473	0.00047954191059344667	0.000542503711574966	0.00062251239754098481	0.00069893219326936555	0.000771774210219457	0.00084848254928764283	0.0009297194909204515	0.0010118385053539218	0.0010990233304823262	0.0011906310416509201	0.0012876911664476212	0.0013908449445343284	0.0015030426257030165	0.0016335848279946232	0.0017988752362669298	0.0020137891110502287	0.0023097688202015666	2.3709656584605958	2.4726507515565226	2.5208630932652061	2.5455034943395898	2.5734558489275048	2.6046899140043753	2.6324238780576441	2.6678241413760366	2.6920930661934559	2.7407745081454045	2.7706495355275447	2.8085614403046999	2.8051562106289656	2.8713577601037175	2.8886109466117742	2.4721361340309138	1.9133653792979641	1.5859053655797952	1.4589890007427482	1.4509261033490979	1.4523709045868125	1.4515546078013588	1.4510298991103199	1.4498488710245416	1.4519051808539285	1.4543115735203818	1.4582662537549373	1.4678080159954683	1.4816193884461453	1.4967648100602697	1.5255150034501899	1.5876055101668478	1.0374138239227504	1.1624612853940388	1.1846354575782507	1.1889873711736456	1.1878103578084969	1.1837059945776554	1.1782702803873231	1.1715058328520136	1.164203536036251	1.1573496622228272	1.1497250492874524	1.1423580517865877	1.1347363442277363	1.1299468133677402	1.1253711310494547	1.1132219029937573	1.0971709780609042	1.0850822922145889	1.0782900712393619	1.072951718510347	1.0666301215886471	1.05953337941077	1.0525764242598425	1.0450919639845313	1.0368370704546992	1.0276183434761847	1.0172525039271698	1.005501188623086	0.99105988004126266	0.97219084681557333	0.948299328178005	0.91799017536445993	6.8893245752715086E-05	0.00011896285648745694	0.00015679142615469547	0.00018981399940367261	0.00021899768487558945	0.00024524190394371685	0.00027183572439023725	0.00029821519054101662	0.0003243334050874659	0.00034888328938557461	0.00037367192366701934	0.00039693166788364227	0.00042118188019193162	0.00043653658961841579	0.00044752866563038457	0.00047954191059344645	0.0005425037115749647	0.00062251239754098481	0.00069893219326936393	0.00077177421021945624	0.00084848254928764262	0.00092971949092045096	0.0010118385053539212	0.0010990233304823238	0.0011906310416509201	0.0012876911664476214	0.0013908449445343256	0.001503042625703015	0.0016335848279946271	0.0017988752362669267	0.0020137891110502334	0.0023097688202015666	2.3709656584605976	2.4726507515565208	2.5208630932652043	2.545503494339588	2.5734558489275039	2.6046899140043753	2.6324238780576441	2.6678241413760384	2.6920930661934563	2.740774508145404	2.7706495355275433	2.8085614403046981	2.8051562106289634	2.8713577601037152	2.8886109466117742	2.4721361340309227	1.9133653792979726	1.5859053655797994	1.4589890007427488	1.4509261033490979	1.4523709045868134	1.4515546078013593	1.4510298991103194	1.4498488710245416	1.4519051808539289	1.4543115735203813	1.4582662537549376	1.4678080159954685	1.4816193884461455	1.49676481006027	1.5255150034501903	1.5876055101668478	-1.0374138239227495	-1.1624612853940379	-1.1846354575782507	-1.1889873711736458	-1.1878103578084971	-1.1837059945776556	-1.1782702803873231	-1.1715058328520143	-1.1642035360362513	-1.1573496622228276	-1.1497250492874529	-1.1423580517865877	-1.1347363442277363	-1.1299468133677404	-1.1253711310494552	-1.1132219029937578	-1.0971709780609045	-1.0850822922145889	-1.0782900712393622	-1.072951718510347	-1.0666301215886473	-1.0595333794107695	-1.0525764242598423	-1.0450919639845315	-1.0368370704546992	-1.0276183434761845	-1.0172525039271698	-1.0055011886230858	-0.99105988004126244	-0.97219084681557311	-0.94829932817800477	-0.91799017536445982
naca0012:a0:re1000000:n9	0.97090607498468207	0	0.0054000179637334143	4.4408920985006264E-17	0.6914565450658634	0.69145654506586296	6.8299481622458093E-05	0.00011898839513035089	0.00015781963079256858	0.00019152043062517434	0.00022183673708180021	0.00024940179963959711	0.00027519048360763031	0.00029908316878111062	0.00032246031783019115	0.00034614320248726582	0.0003690092494488477	0.00039219908444522363	0.00041621978499897485	0.00044124898143225425	0.00046696830378412167	0.00049268829107391911	0.0005174266134134641	0.00054071516835048404	0.00056410966552761775	0.00058063059296679063	0.00058465332710998035	0.00059100373202201396	0.00064024894714718561	0.00073626193381981769	0.00083739640531194039	0.00090939746607816678	0.00099025094630969209	0.0010904287718484472	0.0011974467963085243	0.0013326094676082594	0.0015162407603550852	0.0017619259356893111	2.3754695224088413	2.4865192152908318	2.5245512709021658	2.5577857708795908	2.5765791803725642	2.599348999607431	2.6358310260599849	2.6763389998937965	2.7122870027951813	2.7460900594013977	2.7888772547846949	2.8242187068647819	2.8652732807873038	2.8992898334592541	2.9338793313877902	2.9782684131528931	3.0374410942860091	3.1068885633454406	3.166040454777046	3.2447072357608278	3.3251986053513427	3.2216250980548842	2.5870540657079184	1.9215773759625669	1.5406572949248043	1.4655519882747294	1.4481968599434736	1.4403114297336141	1.4507651402017618	1.464738434093493	1.4829990614775919	1.5334966617879406	1.0403347260962434	1.1647507796924932	1.1827891427440798	1.186329177236926	1.1852847728613227	1.1821725652960062	1.1777008568449328	1.1718402706145961	1.1652126589910032	1.1576890060574205	1.1497061580384771	1.1414374480586125	1.1339232253797409	1.1259088464588354	1.1180328542795879	1.1105253593225319	1.1041078807382712	1.0984726128028415	1.0922534932944106	1.0855284615105656	1.0799515894913994	1.0728686353005532	1.0588696703274394	1.040010394776661	1.0265540266847533	1.0211158082746938	1.0136781157813939	1.0023707913712938	0.98895021869644084	0.97062721381034334	0.94556486047257848	0.91307547000367861	6.8299481622458147E-05	0.00011898839513035086	0.00015781963079256812	0.00019152043062517388	0.00022183673708179997	0.00024940179963959646	0.00027519048360763037	0.00029908316878111095	0.00032246031783019115	0.00034614320248726538	0.0003690092494488477	0.00039219908444522352	0.00041621978499897512	0.00044124898143225463	0.00046696830378412259	0.00049268829107391911	0.00051742661341346279	0.00054071516835048491	0.0005641096655276171	0.00058063059296679183	0.00058465332710998035	0.0005910037320220145	0.00064024894714718853	0.0007362619338198217	0.00083739640531194364	0.00090939746607816916	0.00099025094630969426	0.0010904287718484489	0.0011974467963085267	0.0013326094676082601	0.0015162407603550915	0.001761925935689315	2.3754695224088413	2.4865192152908304	2.5245512709021636	2.5577857708795895	2.5765791803725637	2.599348999607431	2.6358310260599862	2.676338999893797	2.7122870027951818	2.7460900594013977	2.7888772547846941	2.8242187068647802	2.8652732807873038	2.8992898334592527	2.9338793313877898	2.9782684131528909	3.0374410942860108	3.1068885633454486	3.1660404547770535	3.244707235760834	3.3251986053513476	3.2216250980548837	2.5870540657078989	1.9215773759625516	1.5406572949247987	1.4655519882747272	1.4481968599434722	1.4403114297336141	1.4507651402017616	1.4647384340934937	1.4829990614775919	1.5334966617879398	-1.0403347260962417	-1.1647507796924923	-1.1827891427440795	-1.1863291772369264	-1.1852847728613227	-1.1821725652960069	-1.1777008568449325	-1.1718402706145961	-1.1652126589910032	-1.1576890060574208	-1.1497061580384771	-1.1414374480586127	-1.1339232253797413	-1.1259088464588356	-1.1180328542795879	-1.1105253593225319	-1.1041078807382716	-1.0984726128028419	-1.0922534932944106	-1.0855284615105656	-1.0799515894913996	-1.0728686353005532	-1.0588696703274389	-1.0400103947766606	-1.0265540266847535	-1.0211158082746943	-1.0136781157813937	-1.0023707913712943	-0.98895021869644084	-0.97062721381034378	-0.94556486047257837	-0.9130754700036785
naca0012:a3:re200000:n2	0.98091149528234711	0.31277326839770647	0.011867717820705394	0.005564532784716858	0.26879166778354369	0.82954447030550993	0.00016524843407441221	0.00029249339068291555	0.00039069068627391803	0.00048245605808575282	0.00055630168558329135	0.0006266384498119261	0.00068233243280638883	0.00073919649813517299	0.00078706911586644962	0.00086865512820236287	0.00098603439769351007	0.0011189290956786428	0.0012422471260231673	0.0013646486165869568	0.0014807491511561245	0.0016101891097811524	0.0017454927872389472	0.0018758198582709031	0.00201259199149466	0.0021526345370740728	0.0022968614483976535	0.0024470615921054475	0.0026044524743078358	0.0027713951480603052	0.0029519148627557483	0.0031468151953426555	0.0033552337555586009	0.0035931650627096983	0.0038721163485908386	0.0042194523906975649	0.0046732168401701678	0.0052551556742567937	2.5007819752407627	2.6765891296018505	2.7703175431739528	2.7986735433354166	2.8586429691879047	2.8841292863951922	2.9541850146033348	2.9616882727817235	2.9035295994397976	2.4890720766365102	2.0863943404409153	1.8289720109555549	1.7218084012188644	1.6370588642830051	1.603998774796429	1.5794094473937048	1.5715583930974792	1.5666670355846248	1.554138090644938	1.5473434555564525	1.5461931523042864	1.5468938337955376	1.5481494204792059	1.551779796479047	1.555188646902645	1.5614919008238703	1.5726910477294764	1.5862485585080928	1.6071448655936167	1.6414216742314569	1.6973938593971154	1.7876819480028823	1.4088523847072407	1.4064563362117697	1.3730259738753054	1.3445876245251589	1.3224973341682216	1.3048763184898693	1.2912735183687518	1.27829934668148	1.2646595426502429	1.2430872218899456	1.2215701258069211	1.2041492057726542	1.1905415060014883	1.1774040836752566	1.167142815619709	1.1565629894031235	1.1462504311220658	1.1358260920611225	1.124767347174386	1.1138133272840633	1.1027545331344459	1.091339613605232	1.0795155233720535	1.0672240520905256	1.0544974497293631	1.0415125203416378	1.0281410723591029	1.0135932184239995	0.99694705326463295	0.97677862514459468	0.95210291418100024	0.92401151827099226	0.00013844637342554038	0.00023766106598554845	0.00031650930725599455	0.0003836886260465168	0.00044247065095459831	0.00049558680954160422	0.00054694917083627061	0.00059861351350192925	0.00064806003897102736	0.00069391382263890773	0.00074230362198031386	0.00079062929535336432	0.00083604430457163493	0.00088165984992596654	0.00092715613765843364	0.000969864557695079	0.0010137661345072373	0.0010591149202763717	0.0011077746749233617	0.0011584832387955795	0.0012077564249210822	0.0012518665393975047	0.0012914978270692123	0.0013323110621327649	0.0013753277457217651	0.0014016862330179939	0.0014431677565891917	0.0015418578767496284	0.0016845070667117303	0.0018554009739916528	0.0020628565281728363	0.0023093300458443323	2.2946210099081088	2.376705818186764	2.4217082236006204	2.4453711716049789	2.4612474713267609	2.4773575587897709	2.4920947677855017	2.511020876315238	2.5323887595426324	2.5549935650967055	2.5712509799850154	2.6011806478780901	2.6350337460261328	2.6428494500877893	2.660385183754681	2.6826711911501331	2.7017598968370224	2.7253967724991255	2.7594650283129658	2.7876329953022023	2.8170592100835328	2.8467264023158081	2.8940475116954358	2.9415203222754811	2.9720777740812383	3.0250638176646518	2.9515536355964191	2.7124971896827357	2.3867763586335333	2.1350227438124141	1.9400692553130769	1.8741172262637549	-0.66917869538346297	-0.92579150860445081	-0.99701615536087473	-1.0311004799079093	-1.0518863864362529	-1.0656514922368374	-1.0745817757926528	-1.079638499999799	-1.081431993939566	-1.0813475585146031	-1.0800510622189901	-1.0779408685017593	-1.075237078031557	-1.0716148900317986	-1.0680067656752197	-1.063935456650476	-1.058998070552889	-1.053781537652652	-1.0486728372805705	-1.0436796643260393	-1.0390189350268113	-1.0349375686255065	-1.0312865863467868	-1.0274854923653112	-1.0231029820404554	-1.0193285940212444	-1.0133821214514915	-1.0018323537529179	-0.98673881256803253	-0.96904627429236612	-0.94805999632791593	-0.92520515206935383
naca0012:a3:re200000:n4	0.97384822996742482	0.33409297878874045	0.011106239891492599	0.003280449627897497	0.40943280613277089	0.93897613529775359	0.00016458334974596198	0.00029453013492089237	0.00039170809817728081	0.00047991833228298002	0.00055924812802381468	0.00063246875033604315	0.0006949261493601601	0.00075987428570646826	0.00082509011393499252	0.00088962893147301477	0.00095057717725134433	0.0009989523475937847	0.0010233793003709567	0.0010835539160119223	0.0011901929200737362	0.0013264591051266651	0.0014609713825459475	0.0015857677863782736	0.0017032079611896981	0.0018274261683609368	0.0019610090034065629	0.0021026496143910986	0.0022560079020711261	0.0024225303849533617	0.0025979654415327854	0.0027797695811006265	0.0029673715530863258	0.0031737861101459306	0.003417850778470117	0.0037306148746824013	0.0041387022732079747	0.004671374733980712	2.5103169405681935	2.7133934123678705	2.779861406842421	2.8118221822606153	2.8496977447421759	2.8817923503359868	2.962191026905626	3.0055855819036887	3.06722530490195	3.1430742839035508	3.2004120717406086	3.2536513425678617	3.3209414714386796	2.9322267285409964	2.3728161417203477	1.9435364791795049	1.721120713400653	1.6223256246859259	1.5878910374167878	1.5595203854045776	1.5386980355812565	1.5313984209739204	1.5252555215039272	1.5222829717917221	1.5227089565922587	1.5264158203926372	1.5353552723517359	1.5506980956986702	1.5734220770003673	1.6025201285268811	1.6504544746874426	1.7323104791345887	1.4231459339283825	1.4152911785237712	1.3792148467260124	1.3499286406550999	1.3271061683676417	1.306432538484678	1.2882603979803029	1.2709092918568627	1.2570429922477995	1.2451724018200587	1.2333286307136169	1.2220863300292208	1.2129816345715783	1.1962176695728832	1.1766873191720855	1.1592651365255113	1.1458867564955972	1.1350143600623723	1.1243126342014342	1.1129384240922517	1.1017571977691467	1.0908692845748325	1.0799501130982367	1.0686370485989882	1.0568313121535748	1.0445506595960816	1.0317705537990816	1.0179299679705345	1.0015517632785038	0.98090190838724145	0.95583270826126521	0.92739113795154116	0.00013750216895667218	0.00024033513352484181	0.00031632285286412775	0.00038256381822670589	0.00044257476493228542	0.00049629124084449284	0.00054763017190777254	0.00060059173265292198	0.0006497240317328908	0.00069526173385501763	0.00074414039573065128	0.00079356312049132217	0.00084139815338746347	0.00088646641197251332	0.00093229862026273508	0.00097449437212450798	0.0010183750053373928	0.0010635872751151242	0.0011104094429849087	0.0011580983478935482	0.0012013852771620012	0.0012414879687085341	0.0012860243039387658	0.0013329667706058561	0.0013878907646924122	0.001438722714574248	0.0014858241448896835	0.0015364057900367021	0.0015811899614140534	0.0016476786984567227	0.0018075841059297948	0.0022089074729772407	2.2968945592020855	2.3742964246388669	2.4150694485766073	2.4423787984406014	2.4594456404891014	2.4775265104823738	2.4970682641650166	2.5143685257188291	2.5362282260756728	2.5585249262190715	2.5758029890615042	2.6029393546315136	2.6269573855132227	2.652224231537252	2.6744182231726286	2.7110072062997594	2.7346839019780562	2.7624784115589596	2.7974136981906423	2.8253102667069814	2.862831189003932	2.9068921604959366	2.9529740765275263	3.0331225978159471	3.1165642539813661	3.235899971012643	3.3955588815579025	3.579455270011167	3.8158583253754847	3.9738462352904609	3.7980567130113947	3.1155068341521863	-0.65519307969509788	-0.91208935894916598	-0.98845402775938429	-1.0251028029802787	-1.0460234289548229	-1.0592116131406655	-1.0679721831807629	-1.0730625650125305	-1.0750007467504046	-1.0753003672118566	-1.0744284537518625	-1.0722948216021475	-1.0689065970895433	-1.0654490137065475	-1.0619266195205328	-1.058600846299862	-1.0543473086430581	-1.0498126320863026	-1.0451364708827811	-1.0400231892420879	-1.0349531416738369	-1.0297007056678305	-1.023847379180973	-1.0182289620013836	-1.0123953540658677	-1.0070936856772579	-1.0020864178809603	-0.99677972355494981	-0.9914572159809415	-0.98374250232602345	-0.96678629353221335	-0.9306442981301416
naca0012:a3:re200000:n9	0.96325452344696583	0.45356144954821959	0.011182585268152792	-0.019349913396707052	0.56483028666678503	1	0.00016811984386370382	0.0003029626862133118	0.00040636601169982082	0.00049967736805917799	0.00057757627593714249	0.00064666094773705308	0.00071474795903596117	0.00079053957895326601	0.00085889232042038108	0.00091681329775167959	0.00098220521680898948	0.0010456495008980657	0.0010952239877921829	0.0011461099154366308	0.0011961540738740985	0.0012370848621147984	0.0012650700868623423	0.001305284665976822	0.001409648124603354	0.0016347043908813076	0.0018758084162439367	0.002028342976553191	0.0021198187771063783	0.0022160242254677326	0.0023379828620252135	0.0024922387095892952	0.0026620861251575689	0.0028459128326872658	0.0030492591185828834	0.0032980354892164629	0.0036072275576826147	0.0039923587726373357	2.5612698349665242	2.7725733422203618	2.8331940387978909	2.8902467966718191	2.9515124388757843	3.0041555447417445	3.0567787454438067	3.0983852071614817	3.1756789336598303	3.3034497931487272	3.4092478471829031	3.5650643253981427	3.7596323700091787	3.9171522137755725	4.0396113429557428	4.1729041758058774	4.2088593941203731	4.0193266715825242	3.4561527639197371	2.5448346866152312	1.9598054589547065	1.6782158264564653	1.5806435747061685	1.5348094087601101	1.5121489303902214	1.4996255290960299	1.4949245258272783	1.494823350295855	1.4963520461175714	1.5010281119043847	1.5177464146080577	1.558129009157613	1.4887715169459332	1.4614127322699306	1.4149046972546167	1.3798378636973818	1.3524933659143601	1.3296657296472918	1.3102929238974286	1.2924858539415287	1.2752360688546465	1.2596964819331098	1.2453297916900197	1.2335670702629624	1.2241913267380391	1.2156506084072209	1.2074642119776926	1.199937030231859	1.1909941142022207	1.1807608127676439	1.1653473343015719	1.14070908590279	1.1176747706246326	1.1028081570736306	1.0926120279078055	1.0834677553126317	1.073581279667297	1.062987553150196	1.0519990220781663	1.0401978154091249	1.0268373921509757	1.0101787444612356	0.99031448624151563	0.96779957256288163	0.00013782776302713177	0.0002377487362565828	0.00031513254044818293	0.00038055889739377699	0.00044025838253416142	0.0004945239441341531	0.00054644814902366477	0.0005996456463036587	0.00065001316536944661	0.00069830969791353343	0.00075000185302995931	0.00080053087919151542	0.00084991186245774147	0.00089336145666541323	0.00093869793601197545	0.0009835100418850481	0.0010283423607592396	0.0010734423201513249	0.0011222284303454596	0.0011772608339156113	0.0012356377937420427	0.0012922924391594317	0.0013447245372803316	0.0013913944872394484	0.0014425346186121156	0.0014927676866869214	0.0015477999067091915	0.001589985758729604	0.0016046909889194272	0.0016066223254738929	0.0015921735825392502	0.0016054244318885948	2.2877229527656358	2.3650563004949285	2.4003919535615217	2.4321007431539159	2.4488850565289617	2.4694213033660772	2.4929223017422313	2.5074011864780013	2.5248752908159928	2.5528174035964954	2.5688868967466267	2.6010933641756204	2.6136628733314402	2.6483306317259845	2.6668438215438885	2.7025469561117306	2.7437022048986695	2.7899352226825811	2.8425354861696159	2.8998798551228924	2.980128429965121	3.1009152620692717	3.2775598586782677	3.5333435138687208	3.8358051755273572	4.2313345185174667	4.7226851097844458	5.3638275617389413	6.1949185993679254	7.1383764413418245	8.4022338993393912	9.8216198816072815	-0.58535022177258722	-0.86474147038644744	-0.95083782416922225	-0.99273433628732211	-1.0164279468335002	-1.0314377076198564	-1.0412229820360974	-1.0470546311360969	-1.0495920124852431	-1.0503823610583525	-1.0497297957145046	-1.0481297035315755	-1.0448009071752051	-1.0419275811092386	-1.0384033937310242	-1.0349349720531034	-1.0311913746185759	-1.0270493510958403	-1.021706061675554	-1.0145390745587117	-1.0062530978708679	-0.99797955427345098	-0.9908630900332176	-0.98514846361304387	-0.97965282679873122	-0.97452146433939824	-0.96965484393025825	-0.96577473031044303	-0.96298749990681343	-0.96037239597925739	-0.96000195113963604	-0.9600103315911831
naca0012:a3:re1000000:n2	0.97077201949992842	0.32844003593617976	0.0090293790198490154	0.00098125609248758119	0.11704897708117748	0.5776720568589333	7.4561828339767051E-05	0.00013406645458323969	0.00017843820175695644	0.00020077119941394334	0.00027888899867040346	0.00036718716982723446	0.00044555325004380278	0.00053117531026870585	0.00062079176196058522	0.00071121236270481553	0.00080187601625920024	0.00089326104002614181	0.00098675815341895453	0.0010831525668542673	0.0011822128800994774	0.0012820395069382113	0.0013816198817637102	0.0014822257409356156	0.0015859988108312508	0.0016928867023492512	0.0018021014226946798	0.0019136784540566693	0.002031453683684274	0.002157881973135206	0.0022943047985807619	0.0024405312243921187	0.0025994975625817612	0.0027794717928541312	0.0029921820005726824	0.0032594076097360431	0.0036176137021389668	0.0041253841297997753	2.5164558141600617	2.6936949685966902	2.8378430489511124	2.6526347958916294	1.7726039200808392	1.4989896492117929	1.5004687046080214	1.5016923477583437	1.4871697636884194	1.485271061099505	1.4767716142523246	1.4721133321697408	1.4717361164158564	1.4702148017895877	1.4687820536431035	1.4683873383003012	1.4682447566984418	1.4659311979767626	1.4656137791312187	1.46535272486195	1.4655693680978199	1.4672518152653868	1.468775401703823	1.4708602980081582	1.473016336995238	1.4761915510022137	1.4833167841365544	1.4933286252423554	1.5090584459386234	1.5349130831389755	1.5795382442785777	1.6607090540706806	1.4221647959145716	1.4106510761580511	1.3770288727249149	1.3478581360168422	1.3100756554263859	1.2902589564115929	1.2795179010545075	1.2666735413864294	1.2526524588165553	1.2383271754310925	1.2232943730541368	1.2089671917460401	1.1956301486689296	1.1825391728433106	1.1698200204400582	1.1575014512199968	1.1457245960917788	1.1344425364379629	1.1232395269052495	1.1120941508140121	1.1010523274106494	1.0900682472340963	1.079006872202837	1.0675361978176432	1.0553422444174974	1.0424912282550671	1.0287529090382628	1.0138551437304693	0.99687083373943275	0.9762051509806573	0.95026366974091037	0.91810219158305384	6.1314106570947965E-05	0.0001073111512571867	0.00014281224690394114	0.00017408132790829091	0.00020007501171076511	0.00022358375293489961	0.00024671805570610443	0.00026914564334656757	0.00029110373408869572	0.00031141486697639496	0.00033233070317011029	0.00035335275762475376	0.00037607657124183642	0.00039685612925457049	0.00042002807590185985	0.00044159664573327413	0.00045750964519113759	0.00046350071587986661	0.00047200906334646887	0.00052136599637226603	0.0005998227018997438	0.00068282681250455115	0.00075467169528562101	0.00082456808211839002	0.00089856119149930229	0.0009772432905601361	0.0010627020519489853	0.0011570897945204707	0.0012599514618329935	0.0013838981860945976	0.0015425715902044974	0.0017596473735205422	2.2978531127194444	2.3755273923297833	2.4235142075207512	2.4439581982850838	2.4659789457414267	2.4834426846476259	2.4971236719726231	2.5149412265802567	2.5329384988086558	2.5693494922374778	2.5876316303901516	2.6190035064355537	2.6307893625238776	2.6630315402038023	2.6765069873998222	2.7158258020779549	2.734911706435081	2.7319927652906837	2.578307508748269	2.070072269658696	1.6947362093768459	1.4885253255490132	1.4496924292533573	1.4474734221861583	1.4478133779892486	1.4500841538923106	1.4514685556279057	1.4540156247802891	1.463825251117592	1.4745135100105953	1.493953637274154	1.541375199039146	-0.66071679622104551	-0.92230032996442568	-0.99543530332485397	-1.0280955728348571	-1.0473704799630386	-1.0601357213553897	-1.0687671567233239	-1.0735853925454544	-1.0753299953850797	-1.0752064657463292	-1.0732223825033129	-1.0708507848578952	-1.0681346552603341	-1.0659890101518745	-1.0634993547430689	-1.0608418771004091	-1.0568669001145052	-1.0537109405891443	-1.049269913306059	-1.0385507957601583	-1.0280194588189935	-1.0221747945458828	-1.0193456527355595	-1.0162009519477864	-1.011471364247885	-1.0056916522780859	-0.99851713617675097	-0.98945789729120337	-0.97838855070275188	-0.96376425999066173	-0.94441963950664132	-0.91762749187571047
naca0012:a3:re1000000:n4	0.97527135839557499	0.32682191781438752	0.0078606372149980994	0.00152167087364371	0.19634014800547314	0.74781825949405678	7.3676857291488467E-05	0.00013221357347074599	0.00018022471430740797	0.00021975727845658258	0.00025116229567867429	0.00027125269715588905	0.00030105820176454479	0.00037666303452213277	0.00046296298428604083	0.00054352334026962874	0.00062974711606567329	0.00072155992747182415	0.00081290779933968253	0.00090707652863166247	0.0010005995834890086	0.0010971094186569439	0.0011968762972771382	0.0012925585277537139	0.0013887581316260281	0.0014876935639848857	0.001590505140791175	0.0016971316002899184	0.0018084139530161229	0.0019258489316376708	0.002050242394495156	0.0021831107383655977	0.0023284713067565676	0.002497085904078042	0.002700213109470685	0.0029584220430914111	0.0033033089266804581	0.0037818653019438459	2.5183597023871185	2.6979546128553422	2.7517453073059763	2.7984515398206833	2.8428445323171796	2.83880688711643	2.4061795082619839	1.699287697279438	1.4876676472981885	1.4641416963430507	1.4588681359533171	1.4546443770759649	1.4638660186866144	1.4613216233003428	1.4632404048582639	1.466377057719523	1.4660908487812383	1.464768804737357	1.4615815247550972	1.4610236010765714	1.4620869748324123	1.4639583408759655	1.466577502874939	1.4696857958465011	1.4728895726378253	1.477044618414153	1.4830688406858457	1.4915037412181702	1.5061198362022281	1.5313022444736635	1.5767886219735743	1.6572117196253959	1.4242363834282747	1.4085073576048623	1.3692138886147274	1.3409771299316833	1.3216301767006973	1.3071573416505267	1.2866014768574596	1.2586228998369329	1.2449959121099472	1.2347136419262847	1.2231105522958372	1.2098200664814009	1.1962310291736382	1.1821489356039905	1.1690598762758284	1.1567605935718075	1.1451970970988585	1.1342571785049942	1.123333502866827	1.1123643340499898	1.1012554283041922	1.090081213883537	1.0788877946301056	1.0674833484537367	1.0555910705576457	1.0431558040027684	1.0297600459420395	1.0148101304835657	0.99727561960192501	0.97558958595178025	0.94856473536668706	0.91578585534870416	6.1002858363264693E-05	0.00010710428279622579	0.00014272197028076554	0.00017351131957528057	0.00020029692608491306	0.00022442187555272769	0.00024741538261623943	0.00027037270856013944	0.00029277853954036534	0.0003142047898440851	0.00033489418285160546	0.00035529445129333747	0.00037489902833861438	0.00039644763262475615	0.00041882942724247882	0.00044061416353804225	0.00046125483470684962	0.00048139829820647266	0.00050163947074391706	0.000521054605663773	0.00054220222655741496	0.00056031781303620581	0.00056893438626697717	0.00058157333561376448	0.00061724232357502425	0.00069787941543211524	0.00079106139180333947	0.00087128934250713086	0.00095074772796611485	0.0010559403884966591	0.0011928561136098608	0.0013673750489264381	2.3011892375782264	2.3784210189055162	2.4220226872894415	2.4473692597371604	2.4592852085819987	2.4748406827357359	2.4994001147666629	2.5229698899120367	2.5426936993626921	2.5629627350980919	2.5835990316351305	2.6084250966090723	2.6475025713872773	2.653517479690171	2.6681192068444246	2.6871296440104304	2.7151640725914268	2.7454545665599523	2.7768525011708909	2.8090875601786558	2.8275247499299252	2.8564773807212887	2.8947941352978854	2.7377598102034626	2.3768028967309434	1.8771358154458928	1.5852543653558344	1.4850029809944487	1.4786796217441318	1.4740102442182161	1.4805667859643206	1.5256528990462959	-0.66631151410744838	-0.92389868349566473	-0.99519713042657298	-1.0285696653272138	-1.0481427147151712	-1.0608836506466721	-1.0693718917809276	-1.0740236567012649	-1.0758593589684784	-1.075663490036864	-1.0741012094569733	-1.0717496826079131	-1.0693138212332183	-1.065413817127522	-1.061347721588588	-1.0568775879072181	-1.0523528453375135	-1.0480020291650303	-1.0441845447499234	-1.0410231126003757	-1.0377499138120159	-1.0345159855490962	-1.0317711237904035	-1.0271509642138317	-1.0187785775133853	-1.0052786383063244	-0.99375518238740601	-0.98680189258238116	-0.97886652781628514	-0.96486431798050187	-0.94432410618898888	-0.91712288170763001
naca0012:a3:re1000000:n9	0.97214679418807137	0.31918062620200705	0.0063935133421080155	0.0049155367724721174	0.36464121398585669	0.92950262390853167	7.5101485151917336E-05	0.00013166187892734574	0.00017642998278048284	0.00021546787927434959	0.00024875680778626918	0.00027903213726865003	0.00031009612172182852	0.00033181105141182705	0.00035671435809413437	0.00038469799373095324	0.00040251824387809663	0.00043205992623024733	0.00049140891610404162	0.00059002451902303568	0.00067617088046826028	0.00075755854248363383	0.00083218867904437496	0.00091254686388339361	0.0010065641931387985	0.0011051341087523947	0.0012058551155426723	0.0013087640005185325	0.0014120288601374984	0.001518959947064129	0.001629943770326774	0.0017514171338856759	0.0018832881709562078	0.0020305304734570726	0.0022060568659235638	0.0024349846623056503	0.0027523147123484828	0.0031952760222542483	2.5006637982530941	2.6939251365185721	2.7556924346651175	2.817092468042262	2.8146294133898015	2.8668281897846866	2.9038133760963118	2.9973491712328024	3.0732050144200085	3.1728045835506689	3.2115228160749214	2.6879174572914826	1.996294609823438	1.5325069597684409	1.4709122335073039	1.4388948256336442	1.4383082547117776	1.4537202603810975	1.4491248000535153	1.4475537970185002	1.4520418942378801	1.4567654888286437	1.4618602412075896	1.4654946534878299	1.4692977355070609	1.4709256723167092	1.4761897723821911	1.4870784819883205	1.5038159838953058	1.5273863248405768	1.5726423743137152	1.6609190109318617	1.4147908303245922	1.4035660073013743	1.3643758255303082	1.3373186325593407	1.3151390339065137	1.2990982946164082	1.2829255299564508	1.268192507857677	1.2560076114398155	1.2446537435478362	1.2333097990405846	1.2146229530868711	1.1899928133872972	1.1693994108278498	1.162547515574186	1.1533096112078458	1.1443755435800171	1.1347797245734514	1.1228653178574057	1.1109707734796535	1.09942636792448	1.0881830709440625	1.077274269105456	1.0661222227291831	1.0544030400481144	1.0418330956370965	1.0282769390414066	1.0133615128175784	0.99588523637223592	0.97356584548799341	0.94472769266704892	0.90984272110035813	6.1615585613872592E-05	0.00010875501094748632	0.00014410774149761478	0.00017400781737485202	0.0002006251015792331	0.00022556179243786074	0.00024890257654073075	0.00027153565703924809	0.00029412831119150057	0.00031661878195976827	0.00033796112943722858	0.00035843124597872945	0.00037862627955137192	0.00040037206531933959	0.00042310650168611482	0.00044485962781263221	0.00046542554311435633	0.00048500553294758217	0.00050368205768458365	0.00052426233927084639	0.00054727058413359131	0.00057025557407923899	0.00059100986303167963	0.00061189022823032702	0.00063581507360293773	0.00066576912032583824	0.00069823661784210926	0.00070462645653891786	0.00068571811251514855	0.0007260031804279184	0.00087800951984835947	0.0011503933624288649	2.2967176679919303	2.3789790838999512	2.4207333462936127	2.4405671028191978	2.4533105361479448	2.4687898407130802	2.4924246850831846	2.5130624849378864	2.5375860191065009	2.5601384679574233	2.5821917788272324	2.5989674012722812	2.6252241272736954	2.6491343653509296	2.6718148189739988	2.7029184533147723	2.7318671935895269	2.7680281126200326	2.807717343610463	2.8372864102343409	2.8637625922541643	2.8971247379538694	2.9435120423072729	3.0060809845636958	3.0858883941228252	3.1859345068145464	3.3044758019041058	3.5692925269729843	3.8836411919901632	3.5565440679870637	2.5538922828675767	1.7683477857583083	-0.66657170654000153	-0.92170813409836394	-0.9926296682521637	-1.0274013945709886	-1.0488016442458339	-1.0624883446325315	-1.0708815271111636	-1.0753555855508978	-1.0773846353909384	-1.0771964075864573	-1.0753829826741126	-1.0727616185065627	-1.0697904263990685	-1.0662226968185571	-1.0624253968090238	-1.0586555658684573	-1.0548596411646118	-1.0510545590356033	-1.0467703973925224	-1.0416229049729915	-1.0360296683266994	-1.0306993629872807	-1.0259484500188738	-1.0213714701711551	-1.0165373927169781	-1.0107680075043572	-1.0028095440685392	-0.99739914871732349	-0.9953198524923661	-0.98315669792088733	-0.95400819948382809	-0.90921669693985407
naca0012:a6:re200000:n2	0.97678774581894712	0.66016197558439305	0.015705481464511332	0.0020838233711862773	0.07070180228103605	0.98510004976838661	0.00017917667303282548	0.00033362962838171201	0.00044839519017474236	0.00064833597318406913	0.00079922655283053146	0.00095008193031069087	0.00110458688098358	0.0012658323391303754	0.0014318306932380863	0.0015843033572057596	0.0017467986565687249	0.0019167826517006669	0.0020849033956814133	0.002250122127213585	0.0024180361177735762	0.0025905995024337399	0.0027677627988212839	0.0029507989754000911	0.0031369750604071803	0.0033328942202246769	0.0035413517609401198	0.0037613490212874434	0.0039950305101512954	0.0042428147341189932	0.0045063555455231389	0.0047947512970455608	0.0051121911027269288	0.005468476586282388	0.0058885594759076803	0.0064118401487071892	0.0070584154939518397	0.0077265548726375734	2.7499492667892054	3.2429284077646852	2.9638369406334313	1.9962232145594643	1.7820727587647842	1.7207444769409921	1.6865590085219324	1.6486333956525048	1.6213630824129446	1.6069026644008566	1.5875788393421622	1.5864138030504553	1.5815603838699741	1.5792261388599538	1.5753512521200002	1.5742006114439511	1.5740887995238457	1.572938784421509	1.57454171346965	1.5786051406616113	1.5843280883373934	1.5919295900521573	1.6011960391714031	1.611382654094865	1.6239097223882233	1.6376140455907682	1.6558542218447083	1.6807504111083555	1.7161581030083295	1.7656211662066981	1.8380863128788101	1.9358675568421762	1.8087233332613939	1.6627412972976703	1.5687183637988455	1.4886493132935281	1.4462843433351276	1.4139926281373458	1.385680935952448	1.3598711079718773	1.33609106328529	1.3143766414414326	1.2935516936706266	1.2739631310842812	1.2549211780410436	1.2373166002072877	1.2210132181006916	1.205962203640123	1.1915747070041196	1.177266535126428	1.1628112139266296	1.1481652856064306	1.1332667670364789	1.1182865977328378	1.1033616876428625	1.0885041050686459	1.0736443043140811	1.0585483945215377	1.0428641332469801	1.0261823466444664	1.0075558679931509	0.98564653210688946	0.96077867925279747	0.93891185274181499	0.00012966111827086247	0.0002196074076165314	0.00029168438068614765	0.00035241773866277694	0.00040835587915986698	0.00045870145967628206	0.00050632312730189682	0.00055278163432728885	0.00059716602213030312	0.00064071102994697434	0.0006865866011312961	0.00073098653951826176	0.00077182413673870505	0.00081134997104021888	0.0008512271253255688	0.00088790280657955714	0.00092635277423842443	0.00096720830853495529	0.0010092646654714934	0.0010507038738877602	0.0010878369530341484	0.0011241077942904384	0.0011629750159651174	0.0012030615211793296	0.0012463251189721528	0.0012895798152194489	0.0013354101814222552	0.0013830562246981866	0.0014388805152254734	0.0014994763751344769	0.0015537462500675738	0.0016481492835121844	2.254665453316214	2.3213259512939359	2.344695606902865	2.3777930715728282	2.3929480606068232	2.4074805215924271	2.4253631457447384	2.4459577917481461	2.4600165957045612	2.4753486899533801	2.4856587194483719	2.5083308668749251	2.5230241220089367	2.5254055605623433	2.5384115539959917	2.5623896580728278	2.5707356125692837	2.5805888487102084	2.5984903711888365	2.614094555096047	2.6366468618699592	2.6643692456999766	2.6885827612885285	2.7215654083017489	2.7503314342767142	2.7897587369018413	2.8537961362246822	2.9546418764730844	3.0855041728497246	3.2396372909094802	3.482189745755917	3.7499263350398615	-0.26485694541551486	-0.66566661043145481	-0.79630419285981691	-0.86440458218671301	-0.90662152944110441	-0.93606485732964706	-0.95752444702231654	-0.97290122396210599	-0.98337877006074237	-0.99080772833121533	-0.99609957665737192	-0.99976883062577593	-1.0018436517707991	-1.0031265942464818	-1.0043131163084187	-1.0051559648148591	-1.0043841663692632	-1.0026977734355087	-1.000676007698988	-0.99821904751467927	-0.99581549741413478	-0.99331448116191534	-0.99035420651424633	-0.98725834847063698	-0.98376479922365045	-0.98011782679106796	-0.9767887127409477	-0.97364013804582905	-0.96901832314112712	-0.96147138284520517	-0.95163102417889278	-0.93858626182998117
naca0012:a6:re200000:n4	0.98082624388893735	0.69573759065686858	0.015437552240493296	-0.0047355968723244045	0.099097044055985559	1	0.0001817423390310782	0.00034267898571848217	0.00044600132367651665	0.00053251515524841905	0.00075328942331477904	0.00091916221731709017	0.001043594538749735	0.0012107736782260414	0.0013767181996363505	0.0015215129444261029	0.0016765875638150311	0.0018426387928791683	0.0020071712875149943	0.0021660792524815669	0.0023367676154308547	0.0025115868463763151	0.0026895482223056716	0.0028732393761481709	0.0030602923277296976	0.0032573489707598251	0.0034659843723640407	0.0036826339838154664	0.0039114504254466253	0.0041547828588552049	0.0044135252658781777	0.0046944453495036181	0.0050004299729775395	0.0053407142138616401	0.0057360281581545006	0.006226420265488049	0.0068287856374015868	0.0074657971169445267	2.7851671986606861	3.3571315012928715	3.7880992617317499	3.1712716936070389	2.0180112140890127	1.733502720735592	1.6795329048009804	1.6339536000030204	1.6033304943582329	1.5955740834085828	1.5788258887929889	1.5722386398889583	1.5703626394585035	1.5766205248167944	1.5677511586782245	1.5709669416960754	1.5736463975290238	1.5725871965863152	1.5743624366796425	1.5773171480916459	1.5811879012366477	1.5870959007970773	1.5947625388060676	1.6042671372173622	1.6154535122511029	1.6281767838986172	1.6453447440099154	1.6680378546891725	1.6993719668416363	1.7406498640280672	1.8035879867665985	1.8939210317674353	1.8256731371268275	1.6688238274528966	1.5882249998752942	1.5222901616785778	1.4572059734574696	1.4166944471567904	1.3888229829780228	1.3647136311993289	1.3415864205855055	1.3205338078976281	1.3002257748076747	1.2807385324288993	1.2622284003991406	1.2451563678012945	1.2284870715627234	1.2131896323332405	1.1983823317886928	1.1836123227036501	1.1688042784137416	1.1538919971588968	1.1388764901810198	1.1239085329897134	1.1090551758825733	1.0942239868389818	1.0794082882782099	1.0644551796473745	1.0490933994964937	1.0329780256617636	1.0152043443929339	0.99431748791592223	0.97075768341424795	0.94959281949043772	0.00013219831163112402	0.00022084600771632218	0.00029230997701346843	0.00035444820154288085	0.00041094415324213545	0.00046188809590524797	0.00050946432292216324	0.00055590817415619449	0.00059981297516234489	0.00064326465687981893	0.00068908081802895383	0.00073362346266826783	0.00077539604159607492	0.00081591283294751632	0.00085616570739650724	0.00089498040305686032	0.0009345402688125075	0.00097432534536693487	0.0010141980575205968	0.001053443277912941	0.0010905922362362212	0.0011272326449893553	0.0011668611669545231	0.0012100025769261928	0.001255692253333748	0.0012996880401112423	0.0013517913827545045	0.0014071640472463742	0.0014669943488841237	0.0015336582320592232	0.0015828309532738775	0.001595985497197602	2.2533734929078744	2.3178185909368332	2.3432167377672619	2.3737613675142861	2.3907349580274122	2.4046162707841132	2.4220437794129852	2.4382659154785959	2.4542030479970252	2.4710243045052791	2.4818496088713222	2.5031044481522184	2.5182591265154994	2.5252865202407824	2.5406442432158838	2.5635438236829797	2.5766939129887634	2.5888142334375686	2.6063068326023604	2.6230368756505489	2.6440710993892189	2.6689637350027899	2.6928780008172279	2.7261735299011143	2.7671869273004894	2.8351724021173972	2.9252286972245094	3.079550093975032	3.3223903152071856	3.6071710231445171	4.054370842501152	4.8133211595941763	-0.24578000586885473	-0.6522049898938117	-0.78787868354602275	-0.85667052907698038	-0.89817795645045706	-0.92701975435843464	-0.94868408911258029	-0.96483241948894349	-0.97635065963238665	-0.98463087569681518	-0.99046334492695343	-0.99444879192080426	-0.99663913587590636	-0.99789601759555779	-0.99868534318918112	-0.99911018159182641	-0.99854399973873997	-0.99753608967854523	-0.99623654072214785	-0.9944759910438401	-0.99227196045403787	-0.98959249277659134	-0.98632008722740228	-0.98251386066325597	-0.9781701805242039	-0.97361929484221799	-0.96866456102661591	-0.96399436888127454	-0.95872869692647444	-0.9511280623821452	-0.94358215395006551	-0.93949701677101172
naca0012:a6:re200000:n9	0.94784294973816541	0.69468703559504197	0.015287198346805465	-0.003781259159464645	0.15275527661023225	1	0.00018600632521793175	0.00034659775845055391	0.0004507043618385259	0.00052617757637408611	0.00059686434417574824	0.00083176016423626995	0.0010758930106971212	0.0012558283431066113	0.0013726151312450302	0.0014939269754632586	0.0016358391346841797	0.0017942172588230022	0.0019636550727783262	0.0021310775139621011	0.0023008437791774807	0.0024743145434541576	0.0026564145296518954	0.0028410154764772428	0.0030272053138456364	0.0032218045409127634	0.0034261990527452986	0.0036397809407911004	0.003869107525961501	0.0041142550116918296	0.0043794685897952379	0.0046638253138212181	0.0049692639267649667	0.0053042572040296818	0.0056909194917275745	0.0061641454608261656	0.0067239296017666539	0.0073585543305251383	2.7972178927844671	3.6399648780954106	4.6158781083078706	5.296148463896853	5.0573356115460051	2.8650920922648795	1.8248565712520488	1.5410562599760029	1.5174419080230253	1.5036227295552138	1.509010874061939	1.5195558682701942	1.5302405222381914	1.5368118288729766	1.5364381793718984	1.5461031508674452	1.549757960098934	1.5497280397940683	1.5545293958798596	1.5613044658085025	1.5693897314335536	1.5777203918462814	1.5860937982431915	1.5968135577877649	1.6079169159815632	1.621688368706238	1.6396865862807612	1.662363876575641	1.6905201639134946	1.7280764010856284	1.7861425054345841	1.8725403981901934	1.8218337832628086	1.6590264992218622	1.5889792456712559	1.5434136094689528	1.4988999099894635	1.4330383676814451	1.383315263214695	1.354271259734277	1.3344732242858028	1.3143005489120849	1.2963037996680113	1.2784313923295634	1.2609404199627234	1.2441865850164655	1.2278404303789587	1.212548082336363	1.1973902323096717	1.1823953881908993	1.1677563392807251	1.1533876373545904	1.139140644719713	1.1247885089198499	1.1100711092524014	1.0948996877204435	1.0794409345638034	1.063941077108824	1.048407780417973	1.0324623240851483	1.0152350458253878	0.99549937283150625	0.97423165698340131	0.95332983976249186	0.00012435399013442013	0.00022204026877342602	0.00029544468041417933	0.00035766278399838517	0.00041382408079259362	0.00046545888391668629	0.00051312465740816567	0.00056035649226713702	0.00060598776361250656	0.0006492714270023794	0.00069478635574717182	0.00074041537826837855	0.00078349320615229826	0.00082208860352205027	0.00085920534633923153	0.00089791952518348953	0.00093831719836417928	0.00097658370474525483	0.001015518180241326	0.001054903855563592	0.0010925997274843331	0.0011295083309674336	0.0011671412010106133	0.0012075960416764225	0.0012530734148882279	0.0013032476348448163	0.001366166542036601	0.0014324294511980566	0.0014949879797772701	0.0015542350031425905	0.0015957594755293596	0.0016473440685463661	2.2525132935403662	2.3147130161436422	2.3462718490516798	2.3746794536472193	2.3902347468495115	2.4046814139701365	2.4250891163904553	2.4395190611944031	2.4525677513334783	2.4665713016180137	2.47824337850275	2.50113679337074	2.5114315960692153	2.5230755444515034	2.5361946017319248	2.5519572569475342	2.5719170401780365	2.5925453470748234	2.6086512391662517	2.6276042140833424	2.6481878687788183	2.6711758217997512	2.6928828318668927	2.7218152557756037	2.7560399325199398	2.8174526575726775	2.9028750660104876	3.0504084629526234	3.3045923125865522	3.6295543258181802	4.0681966947276544	4.7021042937172481	-0.25414614524766543	-0.65560508391956662	-0.78913508685873679	-0.85736267655747123	-0.89907814904695704	-0.92782948138762777	-0.94918872462766657	-0.96499692368488788	-0.97599872571870772	-0.98390163179753798	-0.98960991152837896	-0.99349891543369706	-0.99536836424144437	-0.99673473617664987	-0.99750389783867943	-0.99780064714801053	-0.99779512256703762	-0.99753506640263589	-0.9967627511040309	-0.9953975138542972	-0.99333898544699029	-0.99059393214024805	-0.98738549766111627	-0.9837713733525999	-0.9797822988072189	-0.97493419763055145	-0.96862490189807493	-0.96176275573191639	-0.95551985507820081	-0.95021694602139206	-0.94737721473273417	-0.94179536811271714
naca0012:a6:re1000000:n2	0.98124342750675353	0.65116623940242646	0.010401376387379561	0.0033736851524641897	0.037749761859678377	0.84143680985106384	8.0305574666556892E-05	0.00015257934329798885	0.00028246218002858143	0.00039294122082350104	0.0005044121984974705	0.00061537324615979069	0.00072286676659665471	0.00082705704311640906	0.00093452221502461608	0.0010488690123057827	0.0011636489490499126	0.0012780244630390665	0.0013952912051528538	0.0015156888978926958	0.0016413561358647126	0.0017709243411022199	0.0019015937295861927	0.002033491007742993	0.0021691461731600647	0.0023103747159728886	0.0024558205609678287	0.0026048680843293089	0.0027626047657857257	0.0029349588526655472	0.003124001598803698	0.003332661887560929	0.0035651184762924932	0.0038363929061936493	0.0041657503365823759	0.0045793810438381852	0.0051162706174061349	0.0057957891117399775	2.7500956859080952	2.1617449452737483	1.5359263979577884	1.5090232360250313	1.496385249979723	1.4881735321993033	1.4834723854683007	1.4829833771074008	1.4843084129608068	1.481360859648249	1.4839245234883482	1.4836489904587196	1.4807512255757906	1.4832777023265844	1.4815902547472644	1.4815553777282124	1.4829687537989098	1.4834475102057172	1.4852121641338387	1.4874095945990728	1.4901735655363646	1.4940765713907889	1.4982881447613818	1.5027988246891186	1.5089904227949247	1.5177936858010614	1.5304836786368592	1.5479173690468329	1.5736553368790813	1.6163902468726468	1.6846443976657401	1.7905331848466799	1.794437858938017	1.6479639236756973	1.5480454582686922	1.4920315560172686	1.4494702034361842	1.4146037017948485	1.3845814300982944	1.3581449995416333	1.3346761488504575	1.3126609311823083	1.291998225547653	1.2724523582297005	1.2540248770251601	1.2366112433394645	1.2196592369346602	1.203416585712936	1.1878423332904708	1.172867368721356	1.1581717286738864	1.1438115793643631	1.1297450189215184	1.1159106256451019	1.1020835872328592	1.0878111906284549	1.0728824090459568	1.0571763292636132	1.0404268342394911	1.0221857986867138	1.0015105091505467	0.97731778429666494	0.94879213124769712	0.91764191379116133	5.5698891567489169E-05	9.8683160874277757E-05	0.00013160853241337428	0.00015915709309363696	0.00018414876759561335	0.00020677369874444395	0.00022826570261014258	0.00024926580706324775	0.0002698614791400115	0.00028914833141275664	0.00030788479043370229	0.00032673455993479733	0.00034460867266308587	0.00036271631630954091	0.00038059424464687188	0.00039847228045419321	0.00041650932489743965	0.00043509867789563944	0.00045444050265264728	0.00047376365142059182	0.0004934644449747659	0.00051214482517781363	0.0005290755778279804	0.00054715507441959355	0.00055803223261280605	0.00055913869549111006	0.00056614235295525969	0.00060561823978224369	0.00068558133079581576	0.00078102633943880561	0.00088146183104681908	0.0010173578620830126	2.2573925509638126	2.3132568501693447	2.3515643955541634	2.376108493797477	2.3912318616433521	2.4110887492103701	2.4274682359302955	2.4455044908829873	2.4576182356934408	2.4696896146276033	2.4783147738649345	2.4929544346611237	2.5195839066280685	2.5219953882330941	2.533654250532535	2.5453966769323371	2.5591506603464325	2.5744012765450619	2.5924923741178816	2.609328236047856	2.6284620226929487	2.6513270173880423	2.6856313980217679	2.6978844707918292	2.7284748855177741	2.7495267092766	2.598774013658868	2.2878207045104904	1.8680809056132284	1.6322850455492	1.5227544056357176	1.5141795484829537	-0.28045795036337573	-0.67348685003033559	-0.80035328316316368	-0.86631646493807279	-0.90788665162963567	-0.93671031722526377	-0.95758891516376554	-0.97276700512668546	-0.98327574503477977	-0.99058961371519128	-0.99584062296871678	-0.99958603301874849	-1.0026760505856729	-1.0040483926563157	-1.0047125302136113	-1.0044838970846357	-1.0036025252907017	-1.002241107530927	-1.0006329421240692	-0.99899689045898432	-0.99736689067187267	-0.99606310815672416	-0.99489766600900587	-0.99214340582163185	-0.98901226491063832	-0.9868578040281385	-0.98378645364597306	-0.97662620152597701	-0.96483219381666163	-0.95208162817196895	-0.93791692187846909	-0.91595770004202148
naca0012:a6:re1000000:n4	0.96420769360796554	0.64568023385956974	0.0098445897086679376	0.0053691307367615734	0.057485928493811789	0.95451659480266771	8.0632133145659967E-05	0.00014003697929377111	0.00024591701902269234	0.0003522137699036792	0.00045714396137827931	0.00056114770179783112	0.00066875764279590187	0.00077077352311279081	0.00087639820297161317	0.0009864338469717552	0.0010962694112697402	0.0012086502119183018	0.0013242078642261878	0.0014417586087724899	0.0015657896460604794	0.0016915748175606552	0.0018183367320441758	0.0019469008812181467	0.002078334092849157	0.0022153870259284587	0.0023575049946719935	0.0025037046456911215	0.0026581265912571446	0.0028264886491883023	0.003008182109818952	0.0032100443614779916	0.0034353987391224326	0.0036975498376882261	0.0040159306532471014	0.0044176871446568811	0.0049426466769938232	0.0055986404688850308	2.7589780849616208	3.3080159494391941	1.651209773241908	1.5004043555398132	1.506134301465538	1.4993822903825362	1.4875623767315416	1.4838954262807957	1.4817158626036433	1.479423249343347	1.4804702008907504	1.4789404341291057	1.4768102807867469	1.4805951551350274	1.478787562309076	1.4818111340410633	1.4839074232187419	1.4846072174089915	1.486584054726289	1.4877226894590478	1.4889711375629042	1.4919595780829351	1.4959433108426063	1.4999348382474469	1.5070209056688826	1.5159848561295992	1.5290380515098903	1.5473480609077805	1.5741834366485874	1.6164692643678651	1.6846393802066451	1.7911899837253729	1.7984148020339372	1.6645551301415593	1.5404296850593111	1.4890336012866991	1.4487781982274313	1.4150394188710658	1.3851809781556468	1.3585629276811397	1.3350693090831895	1.3132767928479665	1.2926990427539824	1.2730131712942518	1.2543387475117047	1.2367524320300247	1.219564915147259	1.2032952393985497	1.187619469724178	1.1726001654924469	1.1580169704835199	1.1436674630460872	1.1295009629299972	1.115538743430855	1.1016368139846007	1.0873305967709777	1.0724309882710428	1.0567019774226685	1.0399085084741031	1.0216474233315058	1.0008960757499366	0.97644396333470274	0.94755227077472326	0.91704853048286372	5.4521675788475718E-05	9.9413999981473852E-05	0.0001316354022470838	0.00015858431394381655	0.00018299057048806817	0.00020599143437847426	0.00022743871451096943	0.0002484046669314045	0.00026917153672051966	0.00028923971476059175	0.00030841127551135209	0.00032748643750896963	0.00034588719281629523	0.00036485394427298267	0.00038341884172435705	0.00040089023123379952	0.0004180037743097273	0.0004351452212001056	0.00045213482393378207	0.00046978836574626493	0.00048684286732274176	0.00050256551505732856	0.00051811108960902032	0.00053440783629826727	0.00055546657814516934	0.00058146255318455625	0.00060880022565546095	0.00063067620202561449	0.00064277706854623117	0.0006536818742755437	0.00069434946986088319	0.00084258327767275463	2.2562197158907513	2.311264466494523	2.3431269485744397	2.3662504627328986	2.3848127782263386	2.4034364568598372	2.4248127883798904	2.4408335359228501	2.4587095028718471	2.4740077716072699	2.4866104208553037	2.4976748789231498	2.5169651397568473	2.5265567344048194	2.5390388177191636	2.5595548137575084	2.5697777395196733	2.5834688762729017	2.5990909389506434	2.611534333807636	2.6344546268018241	2.6637593071699195	2.6874022238563424	2.7157636099422011	2.7281352975899065	2.7396624673038579	2.7809875963485529	2.8682545498139875	3.0197456468006649	3.1693448978690966	3.018497482269439	2.2841329068536633	-0.28327637119330695	-0.67533206307430815	-0.80317414584721747	-0.86965190611784515	-0.91155336963067768	-0.94016066615799931	-0.96046721162396342	-0.97499154123749188	-0.98537448865355071	-0.9925688051728383	-0.99757470339019783	-1.0007502563156643	-1.002705785801189	-1.0034944483135038	-1.003868724465047	-1.0043361171140539	-1.0042548958322177	-1.0037547899492423	-1.002756611628961	-1.0008921172188812	-0.99883519669161935	-0.99673751619812723	-0.99455445243023755	-0.99239641194782235	-0.98919751305745762	-0.98488814928205892	-0.98012412207959687	-0.97550033238132228	-0.97197534323771384	-0.96834649184825627	-0.95691503399315048	-0.92183265564273564
naca0012:a6:re1000000:n9	0.96413458400130814	0.69947787472022216	0.009806754915645699	-0.0051725551239329539	0.081195335170905061	1	8.2811486286348039E-05	0.00015265328375906195	0.00019338600872323411	0.00033373256627620924	0.00041176247382452538	0.00050597369338722486	0.00061632289497491686	0.00072205996489510082	0.00082780539703825907	0.00093590721335026588	0.0010465993235536336	0.0011604390739154017	0.0012744086999423062	0.0013882709899856445	0.0015087208193316575	0.0016321597759370564	0.0017559359599572436	0.0018815499293653264	0.0020120422240021254	0.002147763899450976	0.0022882049802179479	0.0024338051258821184	0.0025872677251930548	0.0027523691760761538	0.002928461453511957	0.0031225275347179669	0.0033381080450462165	0.00358331793319686	0.003875353307962869	0.0042447409622477289	0.0047322172636279705	0.0053474552977041305	2.8075654490225257	3.5760404433894162	3.4367089959933859	1.5555430111606272	1.4384575713522205	1.4666702303066614	1.4822011492665461	1.4859244755603778	1.4847020086993572	1.4861322231420038	1.4895376256982855	1.4850198851020884	1.4818297070690245	1.4825476584980584	1.4816557476007413	1.4821804860372016	1.4836536513949827	1.4846263925624275	1.4852571080527806	1.4849270831470032	1.4856391593416769	1.4880645266544767	1.492617022064779	1.4972690116479608	1.5037989943777781	1.5109756739944324	1.5209949868543424	1.5349930500035305	1.5563016092263811	1.5902971209803021	1.6494323993604603	1.7507003845975031	1.8214138956588282	1.6674046838578811	1.5871880344967295	1.4849702959025388	1.4510490432629108	1.4245208144443824	1.3967783537217431	1.3700280883605331	1.3455420808829355	1.3231720221764358	1.3025524482545199	1.2824543578391578	1.2635263583569127	1.2456215852966557	1.2284239518044799	1.2120634072629266	1.1965024218793843	1.1816003862421893	1.1670076435824377	1.1525268103870312	1.138098509238795	1.1236986949286569	1.1092601058740821	1.0945300283604917	1.0793878993771493	1.063689665294971	1.0472195738739163	1.0296911244669198	1.0101921559606584	0.98712827094272693	0.95958076372797696	0.93014966045997605	5.9537580890485564E-05	9.8937604566365413E-05	0.00013146101440561774	0.00015898132880001753	0.00018367338771950627	0.00020648789828673343	0.00022771270359648769	0.00024917105979328563	0.00027010226903071739	0.00029019475293595097	0.00031012392704565924	0.00032998969734713716	0.00034932526927374501	0.00036820628353417714	0.00038655479873545137	0.0004043961375245239	0.0004222806523272889	0.00044025651576087751	0.00045746091769959674	0.00047512086214161704	0.00049226743180427388	0.00050952546417850253	0.00052754478928859804	0.00054678546694474756	0.00056911307755972145	0.00059053325405901381	0.00061495890842679893	0.00064323638286838331	0.00067191301192243472	0.00069219067835957411	0.00069108691248097244	0.00070768044628688898	2.253186915442229	2.3188827679880211	2.3474155208445917	2.3694482617234205	2.3869203795512628	2.4031956633915343	2.4246545921266343	2.438007165774553	2.4541549442719508	2.4727342943971493	2.4876851034826761	2.501658236137398	2.5177192951044676	2.5323601089562628	2.5455810091754323	2.565937332915337	2.579538104957837	2.5959262043669513	2.6173307124569769	2.6312045968375921	2.6505013915611659	2.6713796646839802	2.6921319180830916	2.7247310107349851	2.7537913965356582	2.8245995789832419	2.9588630137228451	3.1842291707395103	3.5594564309657355	4.2021689835485887	5.4437998526712592	6.8821640816556906	-0.24772483725235783	-0.65445953595802653	-0.78611540516997913	-0.85433107514156559	-0.89705883039591305	-0.92629376685616505	-0.94748001917617675	-0.96282778409255987	-0.97391257605716453	-0.98198840156069023	-0.98773017265398333	-0.99174973222501817	-0.99425480039020597	-0.99578651054101808	-0.99653148207345166	-0.99701450586323426	-0.9965454629244741	-0.99540533740760595	-0.99385565739437243	-0.99170209680736932	-0.98943598461350046	-0.98685433221113539	-0.98387915972662554	-0.98033278873693608	-0.97541058699544714	-0.97029345847065662	-0.96513759264819177	-0.95969764052663775	-0.95342328101217888	-0.94617784212149769	-0.94155755750056525	-0.93792729075960368
naca2412:a-6:re200000:n2	0.98803655510339383	-0.42838296950466959	0.015340011536621902	-0.05411510138664459	0.90095327320721141	0.051413776457940111	0.0001326439321721321	0.000218552780009782	0.00028508594577280743	0.00033925857179314961	0.00038793770503041099	0.00043297712686675443	0.00047591597245784649	0.0005163319021558166	0.00055729134801688366	0.00059945010630251721	0.00064366891656687548	0.00068759459645465436	0.00073012625372893922	0.00077266263697341458	0.00081582136226464427	0.00085619796814854826	0.00089704643161731283	0.00093933310831397908	0.00098388969220530192	0.0010305599773693123	0.0010758806713353048	0.0011205647434223403	0.0011644218608159503	0.0012064802519383187	0.0012516533884490088	0.0013032481634835638	0.0013659857999328386	0.001421224797416322	0.0014717286749836645	0.0016005248386760293	0.0018428316778129764	0.0021622883477516205	2.2508902296079256	2.3076649354403185	2.3296544967277941	2.3552402110513344	2.3697121938384078	2.3817333529949178	2.3923374435325537	2.4120123570476375	2.431538604337431	2.4531296747893929	2.4712362092474471	2.5012434054384243	2.5292391783976167	2.5466778570670021	2.57088348982994	2.6004976270169617	2.6169160328231689	2.6347696542446264	2.6579792407535656	2.6786593270433903	2.7114968172679812	2.754167874071193	2.7967761348687135	2.8532513306601888	2.9242155179370486	3.0193358229345244	3.1196195424564594	3.2609374957406208	3.393990243959939	3.2122374861355971	2.7514548485506043	2.4025843544201031	0.25677310989841284	0.6715841210992437	0.81619280834928654	0.89702834239253393	0.95102520966860737	0.99015852474355848	1.0188638310601377	1.0401069639872631	1.0552319948246676	1.0655787353233896	1.0723219669234976	1.0762884274304259	1.0780993649320791	1.0783070007661708	1.0776792975706992	1.0762078653620506	1.0733042871521048	1.0696327413476618	1.0657467201839699	1.0616939424722092	1.0578802191297996	1.0539188118690981	1.0493986959197252	1.0448763774169976	1.0405121853389487	1.0356237321347108	1.0289413345998697	1.0215116783576024	1.0126143645204215	0.99496689926254001	0.9669190787753621	0.93427428618028174	0.00017574940834528868	0.00033345189630412051	0.00059086931425515927	0.0008065591095709222	0.0010002555181649248	0.0011920375499408235	0.0013944915654434406	0.0015914635740427454	0.0017837900055914526	0.0019580405615576982	0.0021413934494941768	0.0023333013313702397	0.0025191616756719219	0.0026924342786343084	0.002861785168597968	0.0030389254674674376	0.003218739768047027	0.0033983303483412705	0.0035799661297820718	0.0037673284892768147	0.0039636687402854294	0.0041679419373603964	0.004380606296499728	0.0046022659579700734	0.0048310329456253825	0.0050811008502038872	0.0053534902769451038	0.0056558489614380045	0.0060111401100758693	0.006450677228667729	0.006993126774785279	0.0075426383237968062	2.8521998717265422	3.7503422825652728	2.1134151061884787	1.842972870303933	1.7668982151585406	1.7187475617191623	1.6812286344608836	1.6598872686422095	1.6401847350959191	1.6209997195141701	1.6039148872162539	1.5991986111760856	1.5845595485391049	1.5779202284856113	1.5744183172830752	1.5660745452663487	1.5633632318478874	1.5625953066234499	1.5619519434751576	1.5640180830193173	1.5677813314477127	1.5724482575486507	1.5780072850112326	1.5826570615312776	1.5894022188233192	1.5954876064087018	1.6043143738248671	1.6180701914061646	1.6390907958679843	1.67126939648253	1.7174022066113841	1.7734672026401175	-1.8575561762648651	-1.6689732183294366	-1.516189181480448	-1.4403425772527116	-1.3879963250518457	-1.3469619292961452	-1.3122870687667894	-1.2824541400659681	-1.255900392824167	-1.2328325054020497	-1.2125630097852251	-1.1940615254978217	-1.1762712113610252	-1.1605628553048746	-1.1465947146860724	-1.1336369253322875	-1.1216889426520993	-1.1101314760456189	-1.0985666704572898	-1.0871543976793367	-1.0757276939811506	-1.0643024273949173	-1.0529686774829261	-1.0416603769051389	-1.0305153760037877	-1.0191266400486221	-1.0071625830637203	-0.9942331481116613	-0.97947648411132326	-0.96193356631540583	-0.94171414415916099	-0.92406214549765209
naca2412:a-6:re200000:n4	0.97557651681539381	-0.45104262338381129	0.015743154351589864	-0.050719032832004032	0.95624240313434583	0.067968859605010534	0.00012884996753453608	0.00022105045841153736	0.00028507755022943537	0.00033949977354330422	0.00038929056603846115	0.00043427629696406124	0.00047662898844046564	0.00051876530752700952	0.00055972598825479415	0.00060100366948002287	0.00064607783407552328	0.00069141898842015645	0.00073541270158845038	0.00077766746783362992	0.00082078501000817895	0.00086138422276187804	0.00090378116580489833	0.00094774979542757126	0.00099240306155417386	0.0010365384315560687	0.0010759698120013791	0.001114565706176271	0.0011595069667846496	0.0012096879310913371	0.0012723471494725338	0.0013325210994158112	0.0013815525468353965	0.0014350616970834882	0.0014890197417153357	0.0015398432416416944	0.0016666214968414921	0.0020840028869721309	2.2513750766841385	2.3078153220437732	2.3269606145112895	2.3545067900435606	2.3684293758730628	2.3798447455098652	2.3967190754259198	2.4166396544441326	2.4370155685808963	2.4611868803862436	2.4789494574618463	2.5072729546494714	2.5296426736469253	2.547030104087324	2.5694346166851108	2.6027693659012932	2.6220098640943421	2.6403818920102804	2.6625862212572695	2.684359825409012	2.7195209386879275	2.7650809917188024	2.8140491423597038	2.8973089152657141	2.9858235469718046	3.139863098634657	3.3942336332882004	3.7006222573265561	4.0838223434415415	4.5759475388301096	4.8572981302877469	4.1626397598982612	0.24321563935375878	0.65953384384853175	0.80948274557070743	0.89233004025460683	0.94605464971064412	0.98431330102812287	1.0128407362119254	1.0340216950725742	1.0490257386113315	1.0595244359122518	1.0664793212173291	1.070465677408541	1.0719151964744928	1.072127036034485	1.071656353843035	1.0707348264346688	1.068589980474437	1.0656435103574993	1.0622878261268074	1.0583833626636552	1.0542397034478166	1.0493450023168616	1.0431997645128119	1.0364949245812494	1.0290090676541788	1.0220172664981835	1.0166364807535535	1.0112083050674503	1.0053613607857996	0.99943873973688835	0.98531074819818254	0.94837424318318042	0.00017900625231073256	0.00034173566878545981	0.0005552704597160742	0.00083797937772505944	0.0010005186950453799	0.0011980319680704164	0.0014087900360707877	0.0016115570357043921	0.0018035132451404675	0.0019694588997077995	0.002148911747472523	0.0023424916488317162	0.0025312504636636432	0.0027055197617923826	0.0028820115306458808	0.0030624855509893164	0.0032443754708777169	0.0034280619076585851	0.0036124059096671818	0.0038024768467920175	0.0040015881456871467	0.0042081503476518751	0.0044222425779023153	0.0046458312056032337	0.0048776045958372378	0.0051282788141810186	0.0053982921754851454	0.0056892360042634701	0.0060210519238463166	0.0064210020528602087	0.0069027066754451145	0.0074196603011034042	2.8856130622096927	4.2511644079329667	2.9628882203503073	1.7783375756403024	1.6914105670353208	1.662954297921216	1.6362253854409667	1.6180365958304339	1.6039283959912505	1.5969127262480649	1.5852197952490401	1.580518054849624	1.5696114158897216	1.5691845679096386	1.563060152719024	1.5600195112640882	1.5602855144230763	1.5598332430930977	1.5605819727387853	1.562563114338986	1.5657811022717685	1.570063089315652	1.575667787370121	1.5805480157722842	1.587327437191437	1.5941525864006147	1.6034393193203065	1.6166300670090765	1.6348473899035953	1.6604602919282703	1.6976141582298521	1.7494450521137865	-1.8631543884258011	-1.6810598798518825	-1.5462395054990248	-1.4407985013904003	-1.390397734357192	-1.3496855343943226	-1.3143310854000134	-1.2843998751152392	-1.2581125613783724	-1.2359401152246507	-1.2163659380271263	-1.1981388696382724	-1.1806812357010956	-1.1651712464884987	-1.1508747822223708	-1.1379313702533229	-1.125928325814137	-1.1142079451613276	-1.1024953694370683	-1.0908622930902088	-1.0792412429504308	-1.0676330080226404	-1.0561093333700367	-1.0446098444858054	-1.0331920636364722	-1.021678331296096	-1.0098459248277925	-0.99753861438631819	-0.98407776717104323	-0.96844397141557925	-0.95080960414851146	-0.93444346562381564
naca2412:a-6:re200000:n9	0.95949422856625377	-0.58112663776048668	0.019146777806765696	-0.026296736102459743	1	0.080410669662571627	0.00014268060089946892	0.0002202957345949742	0.00028523171597090002	0.00033995919293707867	0.00039089366147000487	0.00043601680616791872	0.00047774989482716367	0.00052131143812245823	0.0005637411864557021	0.00060537982089289974	0.00065074272123006162	0.00069667786988577912	0.00074253677700675562	0.00078536218914987692	0.00082939748947726596	0.00087323404743840061	0.00091810372538855172	0.00096260185511230453	0.001009911352189335	0.0010629788743328247	0.001119887776269507	0.0011780006074077714	0.0012337369609895237	0.0012856175468168465	0.0013417460875709908	0.00139804973355443	0.0014543918152439346	0.0014869496619325058	0.0014917535391193305	0.0014999866890273469	0.0014980962313484339	0.0014828698370653712	2.2448916773397136	2.3026471547282719	2.3268236611023387	2.3530244895654033	2.3619839013990998	2.3801472145888303	2.4013807252216668	2.4176091785434273	2.4320654603310183	2.4554788807929939	2.471393710365565	2.5044538448834612	2.5204268779901038	2.5446228008620948	2.5648129724072022	2.5961601403792494	2.6271545178896325	2.6604524227988477	2.693472866137304	2.7305816371259963	2.793590722607989	2.9038336251412162	3.0790050067619039	3.3445112710782432	3.6979228637028498	4.2051394571993308	4.9036209264932982	5.9090392927346089	7.2500945175525793	8.6436216131053598	10.362897923658194	12.678710330756502	0.18156655934638033	0.61785508095444319	0.77340934601229649	0.85891839682968263	0.91444992375248324	0.95453713963601328	0.98453437504684149	1.0067930372857861	1.0222530909212748	1.0331353885332597	1.0404018767760248	1.0448849482396516	1.0462948232882872	1.0465996848674499	1.0457430588314627	1.0443374597192352	1.042224915940952	1.0393591175086283	1.0351670352178044	1.0289355039034349	1.021289113357327	1.0130881026902934	1.0053308449855451	0.99821029788897575	0.99102375005857601	0.98445017003243174	0.97908193453500536	0.97619935804652236	0.97477409027370887	0.97184074686960231	0.97034550947272635	0.97469753579465723	0.00019020249143587734	0.00033425085098730381	0.00039536535283585337	0.0010825332596116073	0.0014085334610222588	0.0015686440992184452	0.0018691309339848633	0.0021277249056647889	0.0023311836272089763	0.0025288833663650906	0.0027462414262118076	0.0029641701401202426	0.0031799247001679702	0.0033897980700897143	0.0036137360981862298	0.0038265800542197055	0.0040310481254046352	0.004234286216171417	0.0044439177633317827	0.0046649941255501679	0.0048927828522344827	0.005125298215371648	0.005360267878385231	0.00560206842065397	0.0058444283114215609	0.0061007250476670747	0.0063696801598636518	0.0066439843774697294	0.0069430906618594785	0.0073101910153222588	0.0077244481975086137	0.008127271741331616	3.12588845108422	7.1433805515686881	9.9773342768401942	2.4381967873359489	1.5591148677247124	1.4485507392584633	1.4536490479135356	1.4505040522954742	1.4329811450518282	1.4416582045168298	1.4452834133619947	1.4520058303775327	1.4576125752846281	1.4667152435123829	1.4679966274430933	1.4797281400675679	1.4858915278676481	1.4896888146848375	1.4973700137375241	1.5058157637046903	1.5131826398875639	1.521098314998945	1.5281999340517303	1.5343226165339316	1.5427539664289824	1.5504078158858685	1.5565237792105795	1.5632220791192499	1.5711258308344294	1.5829175019556156	1.6053085214542118	1.633269779176213	-1.8869872770939908	-1.7351881968297147	-1.6660641563515206	-1.4944740221237789	-1.4056493169614559	-1.362141443609608	-1.3309798987082291	-1.3020198163547672	-1.2768901754101918	-1.2556568804232571	-1.2357163265584119	-1.2175022307874594	-1.2008134620490603	-1.1858341875591882	-1.1718868930794983	-1.1592035817245874	-1.1471098729896898	-1.1355611414966948	-1.1243406832884282	-1.1132755846613318	-1.1022548724934893	-1.0912737660879936	-1.0803102122388406	-1.0693744114257284	-1.0589630516732509	-1.0486954522839369	-1.0382182925675485	-1.0275414538288741	-1.0162202300276482	-1.0031590583267465	-0.98946870741589887	-0.97761327841857815
naca2412:a-6:re1000000:n2	0.98215472683210059	-0.43547154963540946	0.010102978122716901	-0.051715018222194153	0.73178344561127995	0.029839055532932028	5.7924102337272706E-05	9.8054286728498874E-05	0.00012768942692093735	0.0001525401337659499	0.0001747015049619262	0.00019479552395033813	0.00021418403496862635	0.00023292645610858495	0.00025189215962896156	0.00027080464873093744	0.00028923628671336855	0.00030807158478629289	0.00032647498614150119	0.0003459299084740748	0.00036502950889860577	0.00038466575960948498	0.00040414626740707665	0.00042324946428507664	0.00044295753446974397	0.00046203969075835272	0.00048210151234294061	0.00049772770139903022	0.00050708604142564256	0.00052995029454541004	0.00058036355298580772	0.00066239107008588308	0.00075169731833518629	0.00083534624422193905	0.00092349143737653389	0.001036739632785368	0.0011850713537916895	0.0013897331714573856	2.2538288733621052	2.3041473156319054	2.3347288978011398	2.3553312134772746	2.3696826563533131	2.3881317331852054	2.4013068606192944	2.4224558527217352	2.4389077679532094	2.455402063383044	2.474620464782344	2.4989587704748741	2.5399123906100525	2.5512323947639115	2.5765213224280696	2.5968961169891007	2.6222458733916412	2.6448916761779917	2.6663179778249781	2.6936585965315829	2.7059290223205053	2.7275332348184644	2.7256463565350106	2.4892839336312678	2.0979605689110343	1.7068186472526068	1.519219104658142	1.468535810166792	1.4780551682645318	1.4813999922196859	1.4950898539722375	1.5467795776904891	0.25971770159398377	0.67120021790568252	0.81607619714828206	0.8961359930098356	0.94886706011713917	0.98670373506881837	1.0146330195458966	1.035369457061033	1.0501985133335601	1.0603378500560219	1.0671132173918605	1.0712208288879712	1.0736780097641772	1.0735194368212675	1.0724305987703942	1.0702738357980426	1.0677690531542352	1.0650586981256938	1.0623844590272036	1.0598742254674349	1.0568334732650106	1.0541022030671892	1.051951995550904	1.0464862794542509	1.0372272695542619	1.0255434671661592	1.0159104663251377	1.0081355721716214	0.99766509182865604	0.98105142153794844	0.95728564688939066	0.92391908286155577	7.9981871540445951E-05	0.00019662828725560221	0.00033093696128465007	0.00046007527879635227	0.00059518334139983873	0.00072894477538525289	0.00085781201938103476	0.00098514445242618579	0.0011110291849832721	0.0012379769965501367	0.001364941643630797	0.0014910821190795051	0.0016174630564060111	0.0017409165786883925	0.0018658929782001991	0.0019936553384357126	0.0021227933850892868	0.0022511226621045252	0.0023817544854078687	0.0025165128764841971	0.0026536403405263932	0.0027933451867295286	0.0029389900542684633	0.0030935195406941872	0.0032586027396406991	0.0034361589281380381	0.0036278324602024904	0.0038440156689528845	0.004098488479751498	0.0044111391288435674	0.0048151255575284201	0.0053508788193341022	2.8351740023671783	1.6073223184031316	1.5435637132516202	1.5315427910352872	1.5126165227386685	1.5053173869755545	1.5012985595640305	1.5027641245422381	1.5024152057570099	1.4968147054304448	1.496960933032907	1.4942182905798582	1.487091951177816	1.4867890299563686	1.4827385528523231	1.4795270587760785	1.4790956113516718	1.478767219639201	1.4789710131004705	1.4799053301841028	1.4814170193703515	1.4834044862584814	1.4852276365021171	1.4874694432166213	1.4901322079070236	1.494200114345789	1.5006551641069925	1.5094343377234791	1.5234726007507409	1.5497348883352933	1.5913899021404003	1.6525719129328842	-1.8536801762955462	-1.6275416378353946	-1.5198402571719687	-1.4456576350345127	-1.39127030658372	-1.3474292794442944	-1.3109644091564847	-1.2804267739548658	-1.2540878982971257	-1.2310079568956858	-1.2107175383920532	-1.1922993339295416	-1.1753788888983525	-1.1601586307514178	-1.1458700825395602	-1.1323954286651243	-1.1195129764054843	-1.1071374613504155	-1.0950275307399293	-1.0833032811713397	-1.0719823378685824	-1.0609299914663	-1.0499368542926211	-1.0387818329681175	-1.0273469359218026	-1.015511599738173	-1.0030346812997215	-0.98955398938567707	-0.97434255200585251	-0.95646853045922375	-0.93489512856184431	-0.9094003265038435
naca2412:a-6:re1000000:n4	0.98150363613593505	-0.42769134948871679	0.0094951546419804519	-0.053609056935683443	0.86394289064562635	0.039765977405921776	5.7787033822784845E-05	9.8203375271801842E-05	0.00012752603731547006	0.00015191344989429461	0.00017369405687133805	0.00019391677162068074	0.00021321343878103675	0.00023209158729548096	0.00025156932103356577	0.00027105971757828925	0.0002901708792908267	0.00030924417721390481	0.00032817783261388899	0.00034829749296002882	0.00036823962980956878	0.0003877617190946466	0.00040699183143847801	0.00042586478425845974	0.00044417186018406491	0.0004631139558077651	0.00048178864471296441	0.00049948867924159285	0.00051887214431353603	0.00054238385770822358	0.00057006621002609465	0.00058258900987945609	0.00057779344257959662	0.00060586842390445729	0.00068596961915799758	0.00079407559419448061	0.00092415510226926702	0.001101710811020124	2.2539469832950974	2.307083965475571	2.3324198835402021	2.3526003620044476	2.3667870578951482	2.3837545293569464	2.3983307954744726	2.4159526815769308	2.4362746713487478	2.4572585241315972	2.4740413055007995	2.4935385186731547	2.5260213667484788	2.5422655865368373	2.5639406838664387	2.5879499919823901	2.6055951450695711	2.6299244717800017	2.6612117623431581	2.6836814005585965	2.714346400002384	2.7456903227353044	2.78048970840111	2.8340103216640995	2.877062937783216	3.0112313242119484	3.1528297314099403	2.9275589945201146	2.2336179935055513	1.7720238918731424	1.5191007907169085	1.5300842613973447	0.26114369536116699	0.67193807229113822	0.81753336449448688	0.89890950443361972	0.95290200722229812	0.99131731330508377	1.0191341346735714	1.0394560905672481	1.0539920332771524	1.063787845555602	1.0701448774261486	1.074160455537851	1.0765488560532801	1.076677435740232	1.0754700967950654	1.0734065688805723	1.0706047910288252	1.0675734908256032	1.0642945099715146	1.0605072680994738	1.0569257833877979	1.0537554021998876	1.0506420085294566	1.0466514337591326	1.0403158851276311	1.0350329688176696	1.0316167190111829	1.0205511666608098	1.0001565231468899	0.97791600541556933	0.95411382058649319	0.9224014768682165	7.9689201465862915E-05	0.0001591102691712374	0.00030875399648713314	0.00043852423945033465	0.00056878872155680961	0.00069922010157651734	0.00082998765921270181	0.00095361560161416137	0.0010765019869127259	0.0012019098662201192	0.0013255830297684531	0.001447516549368769	0.0015704325947242974	0.0016927841682399993	0.0018188071211057816	0.0019468623508347447	0.0020752896381702941	0.0022030004013651443	0.0023322450508300122	0.0024642166030603096	0.0025978197549544127	0.0027321151591846869	0.0028714564644102686	0.0030209764805692028	0.003179882533342341	0.0033525094587671064	0.0035419337559424208	0.0037593209511522924	0.0040187770467461368	0.0043366214852202422	0.0047411549866020969	0.0052467879106905049	2.8661487307699178	2.4692336377060067	1.5268040178879303	1.5078585270067779	1.5107217364914987	1.5045703477368693	1.4955408088624655	1.4944237069981656	1.4938421352877493	1.4905696812663785	1.4902406665415378	1.4877388091242543	1.4821915810353783	1.4834280173267731	1.4794346580608786	1.478221239528112	1.478573573595251	1.4785884276604881	1.4792151516236647	1.4797170792112491	1.4805974570537908	1.4818555824979156	1.4831977693630287	1.4843092967746276	1.4866093305734467	1.4906933159380225	1.4969155323037979	1.5060506505232547	1.5209049074870917	1.5476131843808441	1.590734460714736	1.6542986785004932	-1.8503476219244588	-1.6521017023706597	-1.5161751498527472	-1.4450914830285182	-1.3907061718930769	-1.3468389345071126	-1.3100332840764675	-1.279060262843251	-1.2531863167534538	-1.2306234531590703	-1.2106296195794972	-1.1924994585034567	-1.1757922262579343	-1.1604285385519086	-1.1457093599666606	-1.1318896443139157	-1.1187498320749938	-1.1062625126933221	-1.0942102480885938	-1.0826603101919594	-1.0715657950166586	-1.0608303444800664	-1.0502234834501092	-1.0393565333574468	-1.028140337935437	-1.0163653787265383	-1.0037617460464796	-0.98995770689844331	-0.97418186018211239	-0.95566486589427924	-0.9337467299550184	-0.9095340140238638
naca2412:a-6:re1000000:n9	0.97500368664675341	-0.41520855540632695	0.0092452576256598241	-0.057861143649500166	0.9575931600089459	0.059361134604891223	5.6676267618228329E-05	9.9752958115968308E-05	0.00012892790395143967	0.00015340378079436561	0.00017500586974967549	0.00019537545887251016	0.00021453338351677635	0.0002335542732413673	0.00025269534665588959	0.0002719414577984517	0.00029110533045641397	0.00031089207481446756	0.00033067146030017254	0.00035054773937109093	0.00037008850499374455	0.00039008933536351299	0.00040964457052146029	0.00042816308704923844	0.00044580019156783218	0.00046446067486904561	0.00048315643132137477	0.00050114017222553544	0.00051947034800596786	0.00053966320389232545	0.00056561149129717985	0.0005920547900163676	0.00061864598707456718	0.00064724563897762945	0.00066934685974638435	0.00068525304352982431	0.00076520930807453212	0.0011015130882752176	2.2486196543176198	2.3009058584779196	2.3277492543761293	2.3465976387511649	2.3630266858856244	2.3771419586575782	2.3955334522431624	2.411130674368009	2.4343565478533482	2.4582213358384233	2.4844112348346066	2.5038511704312545	2.5288347410212553	2.5531872176366912	2.5784267699923147	2.6021660271229781	2.6249301752799394	2.6499184684445245	2.6731536953272355	2.6896457203451201	2.7124254376576604	2.7415772017304261	2.7810947665682875	2.8513622312779425	2.9302565602975279	3.0689775916847317	3.2911473089931556	3.5907627571555567	4.047316692890873	4.5339281659548591	4.0873582550402405	2.2364668083640762	0.26963516433301482	0.67905763974711597	0.82252398906965407	0.90217949780606488	0.95507949575643325	0.99259428580143261	1.0201157910774927	1.0405403035303058	1.0555340892620819	1.065895195511628	1.0726771691026087	1.0762997895581086	1.0776941699340323	1.0773832166915911	1.0760949380763147	1.0741628009131254	1.0719655615160506	1.0694819706968155	1.0664885651257674	1.0628323506733541	1.0589297561306545	1.0547749013436154	1.0503954396806519	1.0456691789062702	1.0394004444033047	1.0328552612798574	1.0263561656085474	1.0192979548141923	1.0138279565491364	1.0101562833153273	0.9924568984087222	0.92938254824931521	8.2906080960045399E-05	0.00014455248812290342	0.00030488158132862425	0.00042168322016352197	0.00054830699868372028	0.00067802026795854174	0.00080898982055000877	0.00093019421343757053	0.0010524978815672624	0.0011756486236973952	0.0012962344193159102	0.0014187521575977336	0.0015395322660518131	0.0016594882132897847	0.0017822472413107804	0.0019046683161257404	0.002028276854824439	0.002153729661026259	0.0022825076644747942	0.0024143580523721042	0.0025498171224303708	0.002689677494967211	0.0028356199433663899	0.0029912121802786605	0.0031531496498619135	0.0033286541442853184	0.0035202270828740964	0.003736033523867126	0.0039932275292651146	0.0043118537780915296	0.0047289319085491305	0.0052573772740985639	2.8849542866667175	4.7948934868491966	1.5903699252263801	1.4544123013466064	1.4850872608967816	1.494403068569705	1.4857864083770991	1.4938548279238426	1.496334409597583	1.4930887555172967	1.4925226519458343	1.4878888578910232	1.4840559203125565	1.480623351620342	1.4771404257834024	1.4764740840342707	1.4756058442360587	1.4751755452300881	1.475285661860023	1.4747928500876728	1.4753145877223852	1.4771858346920954	1.4798012779801251	1.4820764463498783	1.4864393606356965	1.4915152547337494	1.4982664662595031	1.5080031167590737	1.5227903146461419	1.5493215387068802	1.5954946012108175	1.6722355398817668	-1.8377837264965815	-1.6774274092414863	-1.4994203496309479	-1.4349043432362176	-1.385305428250891	-1.3433542890563166	-1.306994801431387	-1.2765966186193749	-1.2504655716701534	-1.2276167594288379	-1.2077216666660755	-1.1895393030623624	-1.172919971481543	-1.1576569954024767	-1.1435696506970485	-1.1304755294719595	-1.1179255531824488	-1.1057973842725251	-1.093923477863076	-1.0822832870659882	-1.0708166076294217	-1.0594061962867922	-1.0479291376635922	-1.0361613907320455	-1.0242141453992792	-1.0119071342986203	-0.99902925400396025	-0.98527937835132429	-0.96983982649464062	-0.95160888490038187	-0.92939863667849809	-0.90466113578566443
naca2412:a-3:re200000:n2	0.98274415014924577	-0.097082738505995941	0.012478951135034774	-0.0528248856643002	0.74976489541086211	0.14349991276989371	0.00014013458415249472	0.00023400853325176207	0.0003051953050730814	0.00036474131947165434	0.00041677041937376879	0.00046421333587043552	0.00051033741521197985	0.00055495755499452865	0.00059982147481511111	0.00064560713785558987	0.00069322558714631931	0.00074059476278481742	0.0007857845583420643	0.0008357103518136452	0.00088563547772298841	0.00093210545191931709	0.00097702872960387255	0.0010226637100096763	0.0010714914663742896	0.0011212793447281943	0.0011691295236984586	0.001212588210663577	0.0012523985939076102	0.0012987642344328349	0.0013780099008674576	0.0015213659264520392	0.0016880351925862426	0.001851623670646865	0.0020231297204441685	0.0022334144074259237	0.0025061797186064416	0.0028645778391916689	2.2903958713555923	2.3537722901317961	2.387826836185452	2.407971937211562	2.4213454795160119	2.4368995526197561	2.4481613945242109	2.4712082583220902	2.4960456943413307	2.523255838957065	2.5493171799591998	2.5869490279912268	2.6421479072368896	2.6585068045637108	2.6939652759019399	2.7306655425147874	2.7665816602146744	2.8042903470004714	2.8479761163332284	2.8838265437888295	2.9148689034801838	2.9487062913256317	2.9944304332291307	2.9821665384740106	2.8155285373251275	2.4355773730678223	2.1013672012121321	1.8991442183135407	1.7951353727624715	1.7354212364691	1.7214208905615527	1.7603012217190757	0.63812387050328934	0.92181265811207214	1.0139633593501618	1.063437103935178	1.0962427626621389	1.1197027530628205	1.1360500155848865	1.1468868288933203	1.1530372031910663	1.1554173181332743	1.1550052056902398	1.1527034869036434	1.1493678042290068	1.143985222522808	1.1385112787637954	1.1324474194178211	1.1257058287651374	1.1189899623366213	1.1125851150924619	1.1064878670402174	1.1009688909889479	1.0960988572390264	1.0910844595057525	1.084824330090663	1.0745140185858761	1.058151111194418	1.0409182215558122	1.0251931641129017	1.008215598244278	0.98699664039706458	0.96035964116240469	0.9291572392514329	0.00016353261765060685	0.00030974053926481555	0.00043417255221169269	0.00051822513680476476	0.00059117084094669056	0.00072436910016595397	0.00088430480730800857	0.0010266056739561226	0.0011666014171731905	0.0013010293667445555	0.0014339800758377463	0.0015666548541161977	0.0016964206830159215	0.0018245465941533051	0.0019549537302654008	0.0020853675874664707	0.0022186817652754126	0.0023522399158675362	0.0024856640356359081	0.0026229299564266375	0.0027647683923699515	0.0029100439431386563	0.0030600031906088997	0.003211330734286266	0.003367322977097176	0.0035306274808423791	0.0037009869482452552	0.0038919460491396701	0.0041169558021744192	0.0043992540209977738	0.0047574828425981097	0.005172217792157742	2.5483299559364645	2.8346347350825596	3.0346680590276782	3.1824134515249782	3.0187650860307755	2.3288183462866039	1.8648016959611455	1.7756163944653536	1.7134901674018479	1.6768676211108615	1.6323137358001576	1.6102918709946061	1.599703479849222	1.5894182830630224	1.5693210423591986	1.5629520973903166	1.5575061909223087	1.5487870186622479	1.5437917616287811	1.5419447284342804	1.5422024967845713	1.5429452867966322	1.5424061567958274	1.5434170235188476	1.5432607921105082	1.5427168486291767	1.5464148129018371	1.552266296758734	1.5632711619245245	1.5829883374346567	1.6167926618367821	1.6661748063179895	-1.4618627662177663	-1.4077727163278322	-1.3496127779011717	-1.3094193872754962	-1.2761430492700816	-1.2370465963987192	-1.2066441345180241	-1.1886563847361209	-1.1717078729638339	-1.1566476777885879	-1.142215285803394	-1.1297821551025908	-1.1185157624261635	-1.1080462747317559	-1.0980326491754981	-1.089267489146398	-1.0806659608182625	-1.0718575701525408	-1.0628101376508718	-1.0536641613006745	-1.0444940573993033	-1.0353235863618022	-1.0262590287145705	-1.017468345752055	-1.0088786513147587	-1.0004101384373252	-0.99170532799479982	-0.98196960254723342	-0.97015666290705882	-0.95513786137444545	-0.93693577851760468	-0.91816651880544797
naca2412:a-3:re200000:n4	0.98221058895910318	-0.096418208898342905	0.011867005115084525	-0.055113558793480302	0.86704815966206383	0.22608600892048675	0.00014054794321672169	0.00023497879946342157	0.00030525480504849117	0.00036428111193320651	0.00041590546164179608	0.0004635821220863382	0.00051000044679071254	0.00055631537970238167	0.00060171870576205514	0.00064585337937153814	0.00069309485196356914	0.00074088375818492653	0.0007888401536915293	0.0008364265289694116	0.00088462572154727364	0.00093130088132286845	0.00097900572895396384	0.0010268427171759129	0.001075336582561938	0.0011262117695315672	0.0011768145295398067	0.0012258711655396418	0.0012731428624364984	0.0013137622195199335	0.0013562277981332021	0.001390443747334446	0.0014388579903502085	0.0015425277247289588	0.0017179715813339998	0.0019927031255053559	0.0023667430058698208	0.002759871053976736	2.2897199056475031	2.3553527882033123	2.3872673812838636	2.4045963618676907	2.4205628507041266	2.4359037883981292	2.4480669794013914	2.4669715285221558	2.4943276516937662	2.523181659476053	2.5471275401035856	2.5864996051672446	2.628297524366058	2.6722716286427382	2.7132311135345875	2.7595076074996046	2.7994142430510238	2.8433865232887756	2.8945963708300093	2.9372793469700595	2.9941546527052982	3.0581015417194437	3.1376377129639255	3.2627140088980529	3.3987326924807872	3.5935175032005895	3.7304941381992252	3.6316577470282128	3.2077285761426637	2.6782683250815529	2.2018938150232268	2.1025991182097892	0.64043585823433447	0.92033538182938102	1.0134175126118772	1.0638947857828436	1.0966285943976859	1.1192426947897802	1.1348309613428542	1.145297548858681	1.1513806114113869	1.1540860491731446	1.1541219745971381	1.1522683724923892	1.1487153439716919	1.1442101170224821	1.1387416576035401	1.1325929668820105	1.1255320200672827	1.1182223582364994	1.1111993457914402	1.1044676113649563	1.0982546129939779	1.0920820538259948	1.0856100738354173	1.0798593252973019	1.0740481979180914	1.068639150072269	1.0609593629789116	1.0467613836034086	1.0259321258934759	0.9972838558338919	0.9630075333693644	0.92947942306147802	0.00016339160381123773	0.00030909030159791562	0.00042816864632673165	0.00053852493331821099	0.00063180644730301435	0.00070506618657171409	0.0007466041211678326	0.00082531187814992887	0.00098415530234982184	0.0011475593305348304	0.0012824967317610417	0.0014012092366107163	0.0015139369080075793	0.0016311998891447546	0.0017456758174496827	0.0018715322709595471	0.0020059375564329181	0.0021355871117064852	0.0022669152653416306	0.0024012457938702419	0.0025406413292037599	0.0026822139260401869	0.0028247007038898421	0.0029705330213995892	0.003121480115543653	0.003280223758788657	0.0034461867583227292	0.0036334463076873676	0.0038555049515613341	0.0041352753312028237	0.0044905510292070332	0.0049120997630710617	2.5447581184541712	2.8494796397259421	3.0133585384816417	3.1455894415649146	3.2585711067665395	3.3598251054277593	3.4773397191272322	3.021099216327189	2.2135321585109535	1.8343715907068447	1.6865868667968376	1.6300947044673118	1.6041616015538163	1.5763663025303998	1.5625233842079405	1.5552419544868439	1.5522909143686674	1.5477999745221742	1.5400955784722998	1.5372053835597341	1.5378986879444494	1.5387731704924699	1.5396160876278784	1.5406757832079558	1.5401074080645614	1.5398607619472238	1.5426744778831942	1.5484969699201776	1.5597170081527074	1.5806583904713929	1.6158124395659135	1.6660404863818195	-1.461391197796897	-1.4063759762361598	-1.3432506502356258	-1.3000087499225621	-1.2685171581992056	-1.2457508291238737	-1.2282954934639019	-1.2050015990999894	-1.17433677441961	-1.1530994235643952	-1.1382863163558823	-1.1266712353899786	-1.1161499045123271	-1.106245913565256	-1.0977553054885862	-1.0894679507418912	-1.0810159758847897	-1.0722189471855845	-1.0629882119818967	-1.0537885128740077	-1.0445752741757306	-1.0354975422522454	-1.0266902278518191	-1.0179866394165289	-1.0093560847042713	-1.0007482034112829	-0.99191563895495571	-0.98206195143958785	-0.97011832138777532	-0.95490538956527793	-0.93637854823785349	-0.91615300868837135
naca2412:a-3:re200000:n9	0.9517670982367108	-0.1474520660467373	0.013224815590300643	-0.050007313488438107	0.95151446458193001	0.3509326708450457	0.00013943145315277279	0.00023686046370277863	0.00030519948100422243	0.00036332040986164255	0.00041650716024595641	0.00046301538247508464	0.00050834785249094202	0.00055743893463703633	0.00060412568162448608	0.0006486505331536346	0.0006980682793670186	0.00074957859140179633	0.00080196714180755376	0.0008474856918136394	0.00089568101246066201	0.00094474690036512859	0.00099498738565836605	0.0010413810429631429	0.0010894388092271853	0.0011466566041763349	0.0012043101230715752	0.0012569947172422938	0.0013112082802281321	0.0013657104134940925	0.0014237062008071373	0.0014509853843233289	0.0014510489137548111	0.0014624035646783648	0.0014862618450349244	0.0015799120169788571	0.0019459770744323589	0.0029523990992733765	2.282559584120182	2.3546801898051029	2.3791710756615432	2.4026438062935713	2.4119310076574747	2.4315024465333548	2.4589507052249724	2.4802014464568289	2.5001740423012628	2.5330033269847094	2.5620524930722826	2.6063446920694298	2.6319531302848289	2.68632724271143	2.7272874616487175	2.7851401163078462	2.8517241210237803	2.9268800792864633	3.0087917657512349	3.1010714713186069	3.2297010745896357	3.4207736705013034	3.6923565146765003	4.1088526940905377	4.5975510016053205	5.2449037113263612	6.0707483653182601	6.9361010279830229	7.9093312890314005	8.4259440043046094	7.2554795526668565	4.7277784633520561	0.60971608863285076	0.89611963403765393	0.9958737392310586	1.0502616729082277	1.0834688152824157	1.1059831667110234	1.1220748863127943	1.1323550351509164	1.1375332408445704	1.1398223583853813	1.1396487695578821	1.1371557980821154	1.1319643025691501	1.1269254864557303	1.1211596440375229	1.1154172653551635	1.1095008088205824	1.1036269497153999	1.0966508942104491	1.0875277307112545	1.0771832013752869	1.0676922664401878	1.0598422927139495	1.0540409712270287	1.0486024412110737	1.0452993188352124	1.0434999186406633	1.0412875229063721	1.0397431663282748	1.0349883562667916	1.0101862722745338	0.95057649041964987	0.00016667618608190034	0.00031079308527252896	0.00042867292989950994	0.00053460190007169773	0.00062408856520279284	0.00071082932835626683	0.00079362326945559697	0.00083520029747740829	0.00088028131489567823	0.00094971159244131617	0.0010196645775240681	0.0011268641172265381	0.001291680434696208	0.0014520315994128461	0.0016055077130041461	0.0017180311572204813	0.001791342634311688	0.0018786755004363469	0.0019931363765518253	0.0021276033727738257	0.0022662994323202068	0.0024013139792080384	0.0025365898129397434	0.0026779523621130669	0.0028281749007986871	0.0029798306365718822	0.0031316640973873982	0.003292511367334796	0.0034760979293149107	0.0037004258322436184	0.003972254897644926	0.0043166522977644726	2.5561538594605406	2.8838908789071951	3.0671785742350726	3.2613135056766422	3.4633635524238362	3.7124521781814308	3.8616837214108375	4.0655818157563957	4.1642921888624631	4.1181912820911677	3.9266317829866004	3.1445630439239696	2.3540748440085917	1.9216328018656497	1.6785659428044941	1.5696584828198226	1.5310276751364054	1.5142868488121273	1.5070704136833661	1.5024095229261545	1.5042532568795859	1.5076855769286248	1.5097311356254692	1.5126524799031151	1.5122407595594138	1.5123928129710096	1.5163046657018628	1.5226270235415271	1.5298152371140179	1.5399988560559981	1.5608037331143969	1.5958442170622893	-1.4852936459454222	-1.4248684263364164	-1.3550560931275553	-1.3081418946580525	-1.274428223379412	-1.2531716843287981	-1.2337632605042161	-1.2163525407518034	-1.2006897732309318	-1.1842173916481669	-1.1683626446604922	-1.1459008479959731	-1.1223828492709795	-1.1071791581207928	-1.0964525435833679	-1.0887608817696131	-1.0824898990894227	-1.0755222693636173	-1.0670897315522581	-1.0580839619313704	-1.0493987472487349	-1.0413156267272812	-1.0337381221685256	-1.0262764231106529	-1.0184942498932423	-1.0107069402822457	-1.0029058785426277	-0.99456292554277126	-0.98466360250979101	-0.97187344076271764	-0.95642389323416954	-0.93774832353667281
naca2412:a-3:re1000000:n2	0.974156824429112	-0.10540420960759705	0.0089807274816195437	-0.050703759469063657	0.55288795293084114	0.073240790830080976	6.2266142424399819E-05	0.00010594540436487249	0.00013791529515067119	0.00016563310481521138	0.00018860411624383757	0.00020945359136393993	0.0002302315507965592	0.00025090839786859716	0.00027126306496799468	0.00029079684800488676	0.00031103172586377872	0.00033158523100761258	0.0003537182081335153	0.00037663955334090777	0.00040192097013565698	0.00042314316530367993	0.00043428690155486037	0.00044700102791115211	0.00048041884090953247	0.00055567389590839848	0.00064007297890396949	0.00071057143106824882	0.000788627384990095	0.00087205855984636609	0.00095695899991025469	0.001050258323055547	0.0011535683838267818	0.001267978804653699	0.0013985470963398007	0.0015597427009599548	0.0017710678497681546	0.0020813557188879353	2.2926440406599338	2.3557299055754952	2.3935700382316063	2.4086576556157908	2.4276412954631299	2.4436837867121191	2.455647962340556	2.4703875983952552	2.4925923085830672	2.5299770594697071	2.55718921099401	2.5973005286319224	2.6333815428606995	2.6740829404664783	2.7061323817738372	2.7720138269894359	2.8261172107702266	2.6923462342928492	2.253942935593344	1.6987118544102107	1.4679056918685855	1.441978687948948	1.4460807502666424	1.4430678578208975	1.4499625600033694	1.4531636565681203	1.4574458446194913	1.4666258924607629	1.4815110356325842	1.4995008470882041	1.5323025534886627	1.6034075761130435	0.6386568671327687	0.92263111267079867	1.0147304115017053	1.0624054372906888	1.093551339108382	1.1157482550666464	1.131605456731567	1.1417982666565474	1.1474351811510513	1.1496486296840769	1.1488575976222779	1.1467035990472887	1.1434854178668359	1.1394233210210296	1.1350066681253845	1.1308941063555933	1.1270799630824149	1.1209971004691042	1.1099677405727848	1.0948278674058045	1.0858856697496369	1.0831490676136064	1.0777986815056393	1.0703644057276711	1.0619611145511711	1.0517879250116282	1.0399068549708852	1.0259925551935776	1.0093192683232994	0.98825608062874593	0.96132116231326936	0.9243198735295961	7.2942091711194026E-05	0.00014108345520772919	0.00018764921460786725	0.00030437000657803932	0.00039296959168026621	0.0004929859807083118	0.00059526289454569831	0.00068940587375356085	0.00079054860711692961	0.00089493943079350631	0.00099250751755548014	0.0010853310531096037	0.0011803309244843572	0.0012790209135963987	0.0013784946551117499	0.0014775020791307596	0.0015746401804210971	0.0016727752978128179	0.0017729283588374207	0.0018753420515697902	0.0019790010474795101	0.0020838803990286645	0.0021918385610679527	0.0023035159136016673	0.0024190817909306452	0.0025403789384646413	0.0026697685767111097	0.002812819901516884	0.0029796479886466782	0.0031864185959824139	0.0034563140370253431	0.0038209404481184058	2.5510357668752475	2.8434313165213254	2.4741827707990884	1.554354232069074	1.5085640240015756	1.5070044530485223	1.4929740474856776	1.4875959296949635	1.4838026812698508	1.4802846491191193	1.4754825989668605	1.4729877104948346	1.4680343784406211	1.4650882552047286	1.4640746764999499	1.462711638224625	1.4623829806191422	1.4603526732919463	1.460188439964144	1.4601931465310727	1.4602158249834516	1.4603554466883963	1.460054804103375	1.459810859773587	1.4598803495845865	1.4597321083127979	1.4618017881056129	1.4659303830883161	1.4737400856681502	1.4893535187044213	1.5174755351925753	1.5638704050511629	-1.4727606039012977	-1.4124050461460156	-1.3478282837794042	-1.2813015684311053	-1.2555091521824442	-1.2324366136661598	-1.2096507160988581	-1.1897633024648164	-1.1731458053159542	-1.1578316807720317	-1.1434648049857459	-1.1306296191018115	-1.1189498353385916	-1.1079928623108397	-1.0975323672910955	-1.0875055433007108	-1.0779857699800282	-1.0688332445225681	-1.0597759675180887	-1.0508842138533305	-1.0422337049228751	-1.0337545537995285	-1.0254153408422031	-1.0170636553201811	-1.0085398403049262	-0.99975347264625447	-0.99036922042257292	-0.98009809621006849	-0.96810596495186108	-0.95318351998788997	-0.93426408303339137	-0.91076694258961699
naca2412:a-3:re1000000:n4	0.96669637012680021	-0.10008079793865665	0.0081510249872715768	-0.051761627679230628	0.68460571429138006	0.11244456577339143	6.2264826598854006E-05	0.00010543662335873677	0.00013744973588248837	0.00016494885045027411	0.00018858822843372867	0.00021017014544571672	0.00023056017871825465	0.00025084225524999528	0.00027146408926754151	0.00029230200342525691	0.00031217062182576586	0.00033223475364496755	0.00035265380110975636	0.00037549348572058606	0.00039805973638821861	0.00042009141730096954	0.00044209819147080588	0.00046447216025369135	0.00048796497922553342	0.0005060952417203921	0.0005159085083828775	0.00052733819175493064	0.00057052956827800979	0.00065326783239656348	0.00074346359164096298	0.00081682866487805443	0.00090167161212357074	0.0010041417342230206	0.0011137646753794815	0.0012495407623264337	0.0014354950029757314	0.0017097004833638266	2.2949824616137722	2.3584693354386737	2.3903662531845846	2.4110419903790037	2.4249584465071785	2.4423226085361933	2.4638704365760247	2.481508840692122	2.5038069700626506	2.5293169091301433	2.5611878015798237	2.5960115601254077	2.6481298396385937	2.67440484356543	2.7116871452728311	2.7512256355250644	2.7894882896939968	2.8315409861143013	2.8736970718140227	2.928962825643425	2.972602989837247	2.8727334712028383	2.3802867095382965	1.8392529742030386	1.5245043379749537	1.4664231610809968	1.4562780353339002	1.4515230432411175	1.4624393388613939	1.4778927069841465	1.5033530571235134	1.5660502071628348	0.64404245644644953	0.92488821908347552	1.0166559511121245	1.064425768449818	1.095163384395974	1.1168899233780247	1.1322876877381993	1.1422876432478386	1.1481819542214762	1.1503355665260491	1.1497196526414701	1.1474118633772674	1.144193420955796	1.1389108560375378	1.1333957234933441	1.1279869957100248	1.1230280548778864	1.1182920691800398	1.1129182638403219	1.106831115811606	1.1014044581105877	1.0950193972283759	1.0833052524890388	1.0669195294763414	1.0546243155494683	1.0485259007613799	1.0396261950315551	1.0265130357352379	1.0109327159423533	0.99057935883230608	0.96301670246796989	0.92443134879648925	7.1972878657657749E-05	0.00014017374174560019	0.00019192948146260635	0.00021872430752461943	0.0003202443164702257	0.00041285918914368938	0.00050356894893345192	0.0006019712442909234	0.00070081384523759682	0.00079916469664277428	0.00089463815814721246	0.00098746254850428337	0.0010815623349588988	0.0011767001139263357	0.0012741922925784935	0.0013717656753522232	0.0014670520349768228	0.0015634743232160278	0.0016625751118184439	0.0017643548998629215	0.0018664463652402071	0.0019684165035091404	0.0020720452787211571	0.002177806961566651	0.0022870810107166188	0.0024017554357058804	0.0025246859253433931	0.0026641652837135826	0.0028284735035682745	0.0030321129955149478	0.0032992752633954508	0.0036581992575099786	2.5659251765359912	2.8429219839701125	3.0797809437707921	2.8467876283483511	1.7017303441423974	1.4870287016559529	1.4923550859959571	1.4902802057717948	1.4788624450589392	1.4783227107772239	1.4724416027174734	1.4706841779317301	1.4687718375001177	1.4692527359346745	1.4678198413045858	1.4665411504266819	1.4660497002267638	1.4636787793587858	1.4626804378464033	1.460981178468344	1.4600303100938752	1.4594562221069938	1.4590281809861576	1.4593386913823894	1.4587198436826314	1.457795137697993	1.4593731874658429	1.4630730923743529	1.4712992283909816	1.4868495540971931	1.5151182589623118	1.5622062290995982	-1.4695936891926382	-1.4039440417455948	-1.3489767960127566	-1.3051139054776151	-1.2498685265482239	-1.2246819128440256	-1.2077099281240444	-1.1894225778411465	-1.1725679448827584	-1.1571316483246892	-1.1424833276539421	-1.1294591799168281	-1.1177489747987839	-1.1068858205905077	-1.0964323161733429	-1.0862800808386948	-1.0765678309695392	-1.0672339573033647	-1.0579708006463695	-1.0488083986897081	-1.0399439042279832	-1.0314078920033611	-1.0232521598265873	-1.0152941033146994	-1.007200892617433	-0.9987907759822261	-0.98971903177122655	-0.97950822408000537	-0.96733236309779924	-0.9520226302836059	-0.93243910554371423	-0.90846611653985454
naca2412:a-3:re1000000:n9	0.96573588032581703	-0.092733016996154438	0.0070380322195663422	-0.054234985112089816	0.84648520737629795	0.19487328043348429	6.2941624826749957E-05	0.0001059818125904374	0.0001385841594379254	0.00016563790152056396	0.00018884830425386812	0.00021044792631051714	0.00023121693378643261	0.00025176552701534904	0.00027251417732049332	0.00029364697648083174	0.00031470935147312056	0.00033520939993536916	0.00035584018186404369	0.0003787340707057758	0.00040252680360425969	0.00042535402564624405	0.00044720157337468507	0.0004687419305167284	0.000489352397137265	0.00051044333181966307	0.00053313422026228497	0.00055678144428336835	0.00058134803700803561	0.00060969372109587606	0.0006342752014912614	0.00063337424739587421	0.00063372945612263205	0.00070635532723250616	0.00086596779389742234	0.0010196399707845562	0.0011421343351411309	0.0013563334485307776	2.2907174778443382	2.3660248804698671	2.3947804694941461	2.4088888256849654	2.4211687307904506	2.4361968471977371	2.4568798683679449	2.4747308182217185	2.5002845001598928	2.5301353316660213	2.5576802110153314	2.5886458057044099	2.6315896651419886	2.6674217303909189	2.7074669318976108	2.7541324575456274	2.7962687492424179	2.8447499418013469	2.899635945638436	2.9396704757165986	2.9856698095527183	3.0450733853820831	3.1453281040076724	3.2698937247678215	3.4150327977367545	3.6585771319685554	3.5990350416514425	2.9049510061241501	1.9111169552420593	1.5264682910123997	1.4750153463602815	1.5244889936602277	0.64485579165915552	0.92387910937273887	1.0142606639488214	1.0637480820555771	1.0963658488579686	1.1190047740627218	1.1344352099145767	1.1442406404084957	1.1502991312853708	1.152781401354928	1.1521975858744924	1.1498778167720181	1.1463627079260774	1.1412798592903681	1.1354190130984485	1.1291895893376735	1.1228402686569057	1.1165890684741866	1.1102492820259235	1.1034989495138223	1.0967697607275275	1.0905608614716242	1.0848995212543846	1.078268081675398	1.0703709071448855	1.0650945859531402	1.0581843513861213	1.0370800090013619	1.0056605545977499	0.98007506391270538	0.95852956855622828	0.92237176005434285	7.2985588452395664E-05	0.00013898330186576868	0.00019430157923967101	0.00024376195789444001	0.0002823461247632916	0.0002923784863647423	0.00034829668333598762	0.00045069814725439751	0.00053865900129660858	0.00061556531607454869	0.00070450606842476253	0.00080341160603718481	0.00089925284221699581	0.00099343256615382351	0.0010811900063930214	0.0011712774118039844	0.0012665990104151013	0.0013592698367986661	0.0014530968492163481	0.0015491008885714097	0.0016488092782214463	0.0017514369403751633	0.0018551665107889826	0.0019598244831576976	0.002063807369933396	0.0021701559583589152	0.0022835954828280569	0.0024143955452460672	0.0025753531433172125	0.0027827033049967961	0.0030576974429980539	0.0034064549115875873	2.5498579068934459	2.8345809425763435	2.9763565829717988	3.1474158480103065	3.3154039410194764	3.3818920717072798	2.4346768375581709	1.639612281408068	1.4764408350503668	1.4560234766984641	1.4558268450106282	1.4537877822984335	1.4654519021377228	1.459086930314055	1.4608828489692891	1.4613994622730526	1.4601299296863144	1.4594120647790618	1.4561342335613112	1.4545889787661013	1.4555787820441559	1.4564425166337367	1.4582719055253546	1.4595074198158211	1.4600303842767117	1.4600828154377485	1.4605116588125919	1.4640927511651469	1.4719923567802227	1.4881967271516856	1.5202125987634625	1.5737237546033342	-1.4606536789779674	-1.4018872563786049	-1.3351693239614313	-1.2936274912409014	-1.266477678139055	-1.2471405575980903	-1.213171620373501	-1.1779695126527248	-1.1625401721399935	-1.1511501731652212	-1.1403595129354289	-1.1282793205232085	-1.1164765112064745	-1.1047417323093092	-1.0946849068575764	-1.0853668103676246	-1.0763874883646527	-1.0674960412801151	-1.058243113211883	-1.0488895820700126	-1.0395081597565139	-1.0302839389118053	-1.0214760529212765	-1.0130274053508987	-1.0047882770641108	-0.99660235474090508	-0.98791154548342064	-0.97789346835059021	-0.96526559560380121	-0.94852326724189129	-0.92703838880587175	-0.90231414788517572
naca2412:a0:re200000:n2	0.97893995483830576	0.22171955702905527	0.011215350249378843	-0.04943141270397533	0.56810657605294757	0.44923360634822807	0.00015544923934809085	0.00025727013728080059	0.00033479924127106095	0.00040043857947592501	0.00045695960494473092	0.00050792546723291978	0.00055777994427346096	0.00060822252791892185	0.00065828909867288263	0.00070787739923497135	0.00075809590515893096	0.00081127364148298982	0.00086729625694178982	0.00092296897017265947	0.00097466870228314314	0.0010281094629994599	0.0010749513072440332	0.0011082938333621085	0.0011523753408073203	0.0012553192898480518	0.0014014106986780775	0.0015490194736850363	0.0016715888055898408	0.0017847280289831158	0.0019110857212044994	0.002062309666714016	0.0022400994407644637	0.0024512838619528327	0.0026975241552960852	0.0030013971459231579	0.0033942668400418576	0.0039054900615573913	2.3561043035252647	2.4356300081977573	2.4829984107802558	2.4956164935003677	2.5091893011522481	2.5256131961404065	2.5429226770441593	2.5688695896516349	2.610658403350997	2.6604145064202327	2.7159063316647409	2.7674662787847577	2.829561523658036	2.8809704457678884	2.9469339333577493	3.0071202618695274	3.0545263781339318	3.0519746201593998	2.9087139072844015	2.484853001493438	2.0858263127252781	1.8007666569959151	1.6867331448062297	1.6365064935757423	1.6024362494912812	1.5778151939579501	1.5686462941920971	1.5688633755144301	1.5811320395424051	1.6072232255429957	1.6560975298790663	1.7506701203127994	1.001807662971814	1.1634500261480689	1.2067554497198913	1.2262956618048733	1.2380950735457132	1.2452778126605777	1.2489254110666255	1.2487437845224716	1.2452796776432185	1.2391067918923513	1.2311689170850504	1.2224010414469406	1.2141667814650194	1.2055211237599366	1.197830344354736	1.1899719878953476	1.1820726270055304	1.1745703056320884	1.1647136494747752	1.1495045614065256	1.1321378282290495	1.1162697190346691	1.1030282257664163	1.0910673696959095	1.0780985676236772	1.0643612887917964	1.0494420552139641	1.0321515768785199	1.0123559786188863	0.98902096216172819	0.96126101862037683	0.92913000770757792	0.00015201975929266865	0.0002716996221789546	0.00036789839211842965	0.00045615510277069498	0.00053147783677020242	0.00059963384800676282	0.00066435423195220259	0.00073369157399647933	0.00080029039720671646	0.00085825270684778256	0.00091534285378756656	0.00096647987718180355	0.0010118608054558193	0.0010418544650873673	0.0010705527921537586	0.001136802117677708	0.0012399618395738765	0.0013586770640826933	0.0014707736145599124	0.0015667744403255258	0.0016628256612746975	0.0017623089762385761	0.0018627583207608792	0.0019685351918632236	0.002081129059202544	0.0021942299377478518	0.0023103794965503737	0.0024333268730184639	0.0025749182406226852	0.002753319636387501	0.0029727640657660056	0.003220190428151447	2.389508564577234	2.5290738677098648	2.6101668685482484	2.6509915537325388	2.706142933721734	2.7393087744314619	2.7891534493109682	2.8175779113286548	2.8341701740221339	2.8748649169345897	2.8785132837061389	2.8948018221704501	2.8685628218041384	2.831895865833117	2.7275046841261332	2.450098208345092	2.1324213645901526	1.8847871509414087	1.7260753024961479	1.6572584850981604	1.6144326253620476	1.5855167009446416	1.564108037543799	1.549543919397083	1.5377392667429406	1.5319927329600211	1.5286814377660893	1.5310922711079786	1.5370494016878398	1.5414147937008431	1.5586526584739047	1.5987364955225356	-1.0695809685678874	-1.1656072423444237	-1.1656580446659808	-1.1526733849916262	-1.1390893532903359	-1.125581551028787	-1.1141536397726068	-1.1027712168384063	-1.0925384005034775	-1.0844752811363016	-1.0766210530357183	-1.0700682842953215	-1.0639735593499933	-1.0596254093733426	-1.0554965024793261	-1.0475806235566121	-1.0374240098358989	-1.0273452826348772	-1.0187183699068789	-1.0122263057507581	-1.0065034450372357	-1.0010719216065525	-0.99624796945092564	-0.99160152955826963	-0.98667630303538445	-0.98168418062153506	-0.97641441177429567	-0.97025590644784476	-0.96195930240790783	-0.95006221253274026	-0.9349749168480227	-0.91969084194769191
naca2412:a0:re200000:n4	0.98805613903313938	0.22064463280686719	0.0097278098221342847	-0.049223001661025285	0.69626670437808036	0.73130874868261264	0.00015626033502077447	0.00025766087546827708	0.00033433625314982539	0.00040086375177204793	0.00045939233956644114	0.00051240157400319329	0.00056346378502263928	0.00061269714109060778	0.00066161466207769945	0.00071250803369594246	0.00076108775705531755	0.00081035671785751522	0.00086054497059516769	0.00091911706823585458	0.00098032932132983345	0.0010362059835060354	0.0010864490693367208	0.0011376930544622311	0.0011865342393769021	0.0012256135736842769	0.0012634838103959766	0.0012988096319015493	0.0013620805233212692	0.0015210094063954098	0.0017360586254439099	0.0019481206853247778	0.0021289221115873276	0.0022878394815305379	0.0024710410906438854	0.0027301858301218532	0.003094287731522192	0.0035889674748053805	2.3594240397306692	2.4290988982483332	2.4769016809102591	2.4948934121128175	2.5075789570838891	2.5240927678710308	2.5422675187748527	2.5663927097929822	2.6019863048802572	2.6392021453884031	2.6945599158198155	2.7409794968899566	2.8218429293263823	2.8820498957552148	2.9496510521945538	3.0288209866550462	3.108969842810966	3.1897693602684396	3.2821244517646644	3.3860340396831528	3.437580462509104	3.4346691014428758	3.2329385017070287	2.6796143585363326	2.1696694100813869	1.875723608015559	1.7282091058593243	1.6749187959207648	1.657419974390657	1.6488127425077312	1.6716527857799568	1.7465025390180289	1.0040748667241226	1.1640149169532437	1.2076797415865692	1.2268802285597145	1.237328097650183	1.2434591633396122	1.2463243858168038	1.2461286369520836	1.2435474825516468	1.2382086128063654	1.2308058469140843	1.221869276175545	1.2133912483224423	1.2036270417983821	1.1941924281674767	1.1852164317262543	1.1765073065079168	1.1683115181531853	1.160735837395434	1.1538821497034202	1.1469077342019667	1.1394753739963739	1.1288076090966197	1.1085486254825807	1.085052766413189	1.0639257885160573	1.0449249144320498	1.0283670939502803	1.0103720634176168	0.98750515965255903	0.95826624626174217	0.92338623702155587	0.00015040276341606862	0.00027392327955036633	0.00037023128219055169	0.00045900513576022648	0.00053624907218779549	0.00060578145645790566	0.00067405869656001491	0.00073952189678397914	0.00080172297708173469	0.00085629652083612162	0.00091082772200764986	0.00096519737765375765	0.0010140375945959903	0.0010651885071831339	0.0011198354725641471	0.001173047136513795	0.0012236335311094607	0.0012704131168578077	0.0013107075945414208	0.0013412335426651076	0.0013694302743310076	0.0013945370067086785	0.0014216232274750595	0.0014798775853052453	0.0015706062177936347	0.0017209128232006895	0.0018823907355704117	0.002010665545010793	0.0021340627507216146	0.002290149344701716	0.0024769756585748667	0.0026805270150044545	2.394624872622158	2.5335893302617287	2.6115405587169374	2.6670807645610046	2.708391975789544	2.7365330704123303	2.7689243075324952	2.8071650423479033	2.8312679427431355	2.8626795259764375	2.8703525586220762	2.8824418588177632	2.9058652640511085	2.8866728604044436	2.8793129722202875	2.8897077301511143	2.9151545906971559	2.9419259492409662	2.9804364360837452	3.0307238816282616	3.052625958499422	3.0589056819323894	3.0292418405409789	2.8368310813442768	2.5554349554681393	2.2039625288876743	1.926925816565551	1.7836660419207593	1.7093640811067741	1.6442836464201218	1.6132434636881459	1.6488632026843097	-1.0813725408776074	-1.1697115303611409	-1.166558074162376	-1.1530422647072665	-1.1383132402049496	-1.124529952893859	-1.1123415164770298	-1.1014356449913625	-1.0913377357100491	-1.0829267844431709	-1.0750007322503607	-1.0676045708206647	-1.0614500526732178	-1.0548018103547219	-1.0492721584211639	-1.043750832704085	-1.0378672910068532	-1.0322864636963316	-1.0276316285813296	-1.0242298783314476	-1.0214005120620673	-1.0189684902427394	-1.015918564896779	-1.0092595401023587	-0.99974865100297938	-0.98673109627214139	-0.97437415076498191	-0.96585416386264589	-0.95712123691071249	-0.94438498231365731	-0.92777051458551985	-0.91026046351312373
naca2412:a0:re200000:n9	0.97225559060374522	0.26289274426676079	0.010033305432517438	-0.057572431573886432	0.83791236707333594	0.96279238905003039	0.00015778090943082662	0.00026196664049673473	0.00033853059815101139	0.00040521345500505943	0.0004638545657243192	0.00051738486031118044	0.0005691897271673398	0.00061769928535703269	0.00066683301589893877	0.00071729353924800349	0.00076754654347070759	0.00081907142312778335	0.00087197661909951037	0.00092587946181143166	0.00098577562355298695	0.0010450926374494414	0.0011022528718069643	0.0011587003687962946	0.0012091520279953424	0.0012596613215494529	0.0013091855373545882	0.0013519853245400799	0.0013848181423850158	0.001412877792830385	0.001442102632446679	0.0014553358926113332	0.0015634666320290371	0.0018754804947363037	0.0024234624013431188	0.0029522259906873678	0.0033457600363602838	0.0038316530584230155	2.3603221040222597	2.4436253471504026	2.4786201774822514	2.5005814353491447	2.5112997149824103	2.5291962631637834	2.5491775598061408	2.5805930370160186	2.6159485045608104	2.6582962915632247	2.7124081934894146	2.7671553881450199	2.8338374932993835	2.9324285714054619	3.0245518332430512	3.1431771319386121	3.2689901814728444	3.4261730353747115	3.6295699331279287	3.8730732666925611	4.1553404201068584	4.4475428002254853	4.7364551004914377	4.9935700923599065	5.2157882029716243	5.5187622254833055	5.1370502866222338	3.9535366029401331	2.6053176750928162	2.0159643233443805	1.833521136246707	1.8218140920251273	1.0306584880064271	1.1779814591241604	1.2187940956786676	1.2373927984396831	1.2467581429048551	1.2518190180619704	1.2534071287173636	1.2523740438398763	1.2490971908867685	1.2434202166265031	1.2357326395010997	1.2265324693696271	1.2167574317333836	1.2069952760802252	1.1963387197461572	1.1857339800886826	1.1751552490839676	1.1652101637479071	1.1565258097611264	1.1491858115160967	1.1432505682224905	1.138581883418361	1.1346822654061415	1.1299293366890431	1.1231671027730852	1.1165704944275423	1.1020387805610343	1.0707504367552563	1.030851858482857	0.99646694139834502	0.96781831926675643	0.93377776655158773	0.00015011269133225033	0.00027468308265948626	0.0003694566391021591	0.00045455297819220469	0.00053447347284037963	0.00060942949722749245	0.0006801137328814981	0.00074196930725467937	0.00079968655499449608	0.00085528898126385755	0.00090908544258438268	0.00096319321912804773	0.0010141502013894363	0.001062339696119047	0.001112090644795853	0.0011623501903579867	0.0012125546817877751	0.0012591429084693765	0.0013049127497341247	0.001357173058033724	0.0014101039783505087	0.0014599747580226715	0.0015064001597202971	0.0015478294520876001	0.0015935991945424672	0.0016319420897885277	0.001665048202801408	0.0017044132525553209	0.0017235106653307351	0.0017364777346326387	0.0018052100248182768	0.0021129128696048302	2.3830761506013003	2.5226304544416989	2.6031865462113193	2.6565679072913064	2.6987445564987689	2.7395850435294857	2.7783769348094798	2.8265521158323255	2.8552060216434421	2.8765516977393375	2.8935335001588918	2.8862845563285187	2.8842420576122225	2.8901733468400299	2.9026435912244342	2.9340857640547831	2.9680034541304163	3.0217759948545542	3.0933951686611536	3.169909873367347	3.2564472575553016	3.3589539916692788	3.4804955470093497	3.650693978373329	3.8130319039568459	4.0119568709873059	4.2419200509713662	4.472313041097002	4.7790346345969503	5.194209836228814	5.4364381008716469	4.8949835331500928	-1.0517604772136284	-1.1472204546417373	-1.1503263382895765	-1.1400247580065934	-1.1273939568080538	-1.1143119149158394	-1.1017777642784805	-1.0909850984289053	-1.0815646950037689	-1.0735043957598767	-1.065909872904534	-1.0580849822861771	-1.0507850440930531	-1.0438520256220967	-1.0375626585975213	-1.0319707039497084	-1.0268317387071839	-1.0222387270892646	-1.0174111847548128	-1.0113358993345285	-1.0045683692372753	-0.99807380069359364	-0.99271200277167426	-0.98871910230580418	-0.98457611920932853	-0.98061390426692063	-0.97637887038335425	-0.97134574415852248	-0.96779550166340367	-0.96573959997402525	-0.96052606250502692	-0.93660309304077027
naca2412:a0:re1000000:n2	0.97683900230625376	0.2294823767518904	0.0083974132499420092	-0.050602777567201461	0.42222421070604604	0.22664923530088615	7.0518365037631787E-05	0.00011557982618920383	0.00015003224227288513	0.00017901626086529228	0.0002043701371620281	0.00022738858752523503	0.0002501431916893291	0.00027348075156465046	0.00029631841533982249	0.0003199729579470018	0.00034529251597394475	0.00036904351360156996	0.00037720075176225955	0.00039317505184106627	0.00045553790056749997	0.00053767787231577579	0.00061598312662380287	0.00069457373897037294	0.00077665186017751944	0.00086206359048609474	0.00094948425776972256	0.001038993758867442	0.0011331226734892209	0.0012341090146689522	0.001343780944552915	0.0014637921508866792	0.0015942594859922996	0.0017385553415613247	0.0019081700043111249	0.0021250136252476495	0.002419425054726716	0.0028549876419471185	2.3529543249879725	2.4241361677916773	2.4652247811485588	2.4755082057033868	2.4881112167280186	2.506224382024496	2.5327372349587951	2.5644672107694073	2.6022101385383962	2.6453115870179138	2.7011105827297976	2.7565304898049825	2.9303726794709237	2.6664176265947908	1.9060790401632033	1.543977002221625	1.4607689501454422	1.447678452510835	1.4514860914731476	1.4505789861978446	1.4516742550530839	1.4585526822469235	1.4634740523245107	1.4675731194656971	1.4715959983387794	1.4739809514035345	1.4803866797966587	1.4925605953799914	1.5101477337706721	1.5339857491955173	1.5787574412139176	1.6743526711549053	1.0031076831847927	1.1639557851107041	1.2072642011509367	1.2276763638937815	1.239930200397487	1.246084181863244	1.2483673948682785	1.2469363320158724	1.2435755840152245	1.2388881197039869	1.2329004989161054	1.2245394414371424	1.2197734104567024	1.2084756409691144	1.1854434449114115	1.1718723211124544	1.1649305569943078	1.1583300724949901	1.1501939406810093	1.1407760522039849	1.130903140603793	1.1207824556064714	1.1100800991971949	1.098506577407512	1.0856539164858239	1.0714024288566155	1.0559625163175335	1.0390508164309815	1.0195096952688618	0.99519988587518271	0.96470828987359081	0.92596568937655066	6.8479682227849225E-05	0.00012187069473994804	0.0001659645847891878	0.00020655202554247098	0.00024308539700557927	0.00027349359664671828	0.00029110282395554209	0.00031786528593346838	0.00040395924011804503	0.00049477901833767609	0.00056981384513283759	0.00064339313873180482	0.00072052170948871811	0.00080082292137347391	0.0008802557279093137	0.00096074755912882697	0.0010434693400575292	0.0011229311919583734	0.0012018688750559273	0.0012819343432103518	0.0013640494133889956	0.0014470180003532365	0.0015293037234170514	0.0016118732902160923	0.0016951710924891484	0.0017817295613277333	0.0018724629753966257	0.0019711418164947976	0.0020845654316012799	0.0022219057817235792	0.0023997774387796971	0.0026451749391036838	2.3878591239093412	2.5272240204587466	2.6026567750622664	2.6342796680489253	2.6793371464772577	2.7271726071713789	2.7859483852135347	2.4564658076333785	1.6781592019722835	1.5055376220418366	1.4722254926386049	1.4612603935214574	1.461248837242425	1.4571629585976722	1.4587694333673571	1.4593199164243726	1.4561134215950911	1.4539410112734514	1.4517106620331388	1.4511743478859749	1.4516078463800988	1.4527068951838422	1.4537992813713294	1.4532448632336901	1.4524085700417007	1.4501584133216072	1.4493919581233994	1.4513781057116459	1.4566175422233965	1.4674932506158775	1.4870795045744987	1.5186357986606596	-1.0649964866070374	-1.164625784244169	-1.1622143401372917	-1.1479361412987124	-1.1344015543823336	-1.1231948858010994	-1.1152774897998214	-1.1030577975870806	-1.0788373415014116	-1.0714508013439583	-1.0664838833479335	-1.0612428809401568	-1.0558306776089559	-1.0495604769223459	-1.0434439609596557	-1.0372797108231242	-1.0312837933624805	-1.0257263319257102	-1.0201843783555868	-1.014518565604146	-1.0086408786716974	-1.0028369021512411	-0.99723470439267503	-0.99173611903195225	-0.98615460623191153	-0.98034062315562709	-0.97402383091619171	-0.96688574978190989	-0.95811183323026339	-0.94678084047158739	-0.93185036323237624	-0.91158490137683701
naca2412:a0:re1000000:n4	0.96820634197746192	0.23200111689455563	0.0074349558489162446	-0.051239476409024952	0.52124355770385888	0.35174000034064751	7.006746774660789E-05	0.00011586675281154367	0.00014992930725758443	0.00017911507361702186	0.00020402699706008803	0.00022660714071316918	0.00024927950678350436	0.00027216269693982882	0.00029449012396711376	0.00031640691197390479	0.00034007486339722399	0.00036373758774585485	0.00039045963481724566	0.00041625409432642082	0.00044445800744697138	0.00045666070394421765	0.0004707641134617852	0.00052814058171512027	0.00062004703504213313	0.00069280578605578991	0.00076133747938550455	0.00084396428352265164	0.00093244261239193134	0.0010267077055848195	0.0011262081661553853	0.0012341561961800686	0.0013537992927959972	0.0014886015718890825	0.0016468859600474457	0.0018485445410324419	0.0021170475415560972	0.0025053234345579745	2.3553935708353571	2.4317168287369393	2.4698628583761955	2.4885298878105835	2.5028278974278733	2.51874021529897	2.5434784224083149	2.5751393815381736	2.6131340337652356	2.6624994696753537	2.711711288494004	2.7709348683672905	2.8098892370156654	2.8943090930332849	2.9345117454847194	3.0277218571361106	2.7672299415855712	2.1716680958262597	1.6000377150473131	1.4576642130563509	1.4477666339939628	1.4486431901695218	1.4510703298558054	1.4516870389206398	1.4558851104793524	1.4622024512490535	1.4696220636420931	1.4819960082284873	1.4997849533884842	1.5229027114533717	1.5666156681550341	1.6608140537979401	1.0088445715698442	1.1667253326616016	1.2083744759721844	1.2282760974965705	1.2399679669110653	1.2468571016817767	1.2501072394418511	1.2491815049083126	1.2448192896128565	1.2382842719472256	1.2302361767530319	1.2218010228034899	1.2130156441865654	1.2052227150788966	1.1961079738699394	1.1901233836525238	1.1799114539342832	1.1608371463877796	1.1410070233671665	1.1321388856495003	1.1262102801279474	1.1177511856236508	1.1085478205217671	1.0979501905647782	1.0861124520711254	1.0729137483742504	1.0579433483554368	1.0408556530314441	1.0206728892346959	0.99562405549115651	0.96460988058957653	0.92498112862078574	6.8124719234649093E-05	0.00012195653463140288	0.00016497304483339959	0.00020454511833876152	0.00023953026480360692	0.00027398842401723459	0.00030663045207709512	0.00032989355364517977	0.0003541585948280806	0.0003773355145551156	0.00039325343772971975	0.00043273251130435234	0.00049303967768310312	0.00057653860990285731	0.00065427813550642325	0.00072794990575007247	0.00079576728923212237	0.00086828505209416915	0.00095009338921151431	0.00103369391412445	0.0011161522812030743	0.0011975311054743317	0.0012765698011818931	0.0013550330592581828	0.0014341721427024363	0.0015174764552616147	0.0016050418628478327	0.0016996730106335215	0.0018105345110904561	0.0019480377506287784	0.0021231306365742885	0.0023533444028415	2.3910095639828852	2.5281755009870492	2.6001398015314194	2.6453524438170248	2.7004938847045183	2.7454113898729142	2.7582900882197432	2.8106353429513402	2.8185463228783565	2.8325204994972113	2.8053124382620886	2.2842930165957021	1.8208069202625319	1.5297351451181915	1.4734249922864697	1.451472377436551	1.4525557753216727	1.4617907136265782	1.4567660052795088	1.4526312845618308	1.4536691333653267	1.4552949876607824	1.4555329334807372	1.4545057541241253	1.452891941105322	1.4491515698263178	1.4487867751522789	1.4526154729209881	1.4594653517859475	1.4696356996133035	1.4890037477938278	1.5222219711455918	-1.0678655852705026	-1.160514732136098	-1.1587269192495713	-1.1460827810676171	-1.1329448350394404	-1.121401958829761	-1.1096706168092336	-1.0992439541266874	-1.0898074164467448	-1.0819542048231301	-1.0759062098665559	-1.0620828486771936	-1.0481178741092818	-1.0385774932698812	-1.0371127418167128	-1.0341070062131084	-1.0307105253264959	-1.0262439449972272	-1.0199104836573412	-1.013437342733345	-1.0074185440538819	-1.00189243224636	-0.99685421786509587	-0.99206737654838095	-0.98715015025359643	-0.98176969350282739	-0.9757311992634361	-0.96860440216767607	-0.95931534695584708	-0.9467228615661063	-0.93036908557446485	-0.90978847011024078
naca2412:a0:re1000000:n9	0.96566939621439696	0.23300308695470479	0.0056424258554939677	-0.051921069087423152	0.66400336356503642	0.66979599448014071	6.986878013156566E-05	0.00011609269753758931	0.00015094177623154164	0.00018045506603173492	0.00020644461629390671	0.00023072815254941551	0.00025322703990311409	0.00027390342173342513	0.00029478250510004474	0.00031758105796150701	0.0003393006329807196	0.00036113487109266522	0.00038533027229657973	0.000412135572912117	0.00043962486050989365	0.00046589718637569797	0.00048996238105346356	0.0005147948620416624	0.00053866030212345055	0.00054993529425436066	0.0005570732756110283	0.00060057228550063069	0.00071339110567322642	0.00081624840055275567	0.00088784237438898988	0.00097212368943843058	0.0010724453075991228	0.0011917728858079272	0.0013320569193412187	0.0015073010773664342	0.0017418931153431278	0.0020867554983756567	2.3625005572538571	2.4478061596645175	2.47270482380942	2.4924787122991328	2.508586670772583	2.5240297419125999	2.5528727264233884	2.5813777240324023	2.622911481197415	2.6659953187882599	2.7282770383371533	2.7829758106938582	2.8469478343677683	2.9197335717362023	2.9981065305864556	3.0908562804029756	3.1971756366545745	3.2998504392286203	3.4023691764947213	3.5479444794844115	3.4474974482241749	2.8041931323416773	1.8748820901624101	1.5289022895598532	1.4587841623609747	1.4420444393644924	1.4382596072554668	1.4467443920379581	1.4585722227088593	1.4791168749138719	1.5155138760427367	1.5933828079430679	1.0121817386779179	1.1670837990631728	1.2070769303052762	1.2259960348460317	1.2372923939928007	1.2441168737799464	1.2472344767764074	1.2467091493722502	1.2441519768619793	1.2386923614775271	1.2310867628940683	1.2222538055814673	1.2134912690776298	1.2037239663108594	1.193955220139026	1.1849427884557142	1.1775236149026578	1.1705055754880216	1.1627272010301315	1.154669023755325	1.1449862949429725	1.1274536789728546	1.1018394800975686	1.0865172024884422	1.0789413146110156	1.0688025430337569	1.0556083567219769	1.0391738528776631	1.0191824460832011	0.99437229040210329	0.96302391267972398	0.92124629219545096	6.7010314067222841E-05	0.00012215538345140671	0.00016630448271725675	0.00020546188433081337	0.00023991941395976686	0.00027014277394767067	0.0002999845486159806	0.00032885233747184076	0.00035640098798684228	0.00038044208327158829	0.00040681202013651831	0.00043319754852100506	0.00045857918420012382	0.00048031055396393133	0.00050359783066364892	0.00052788647572837909	0.00054942223634147399	0.00056529495079591491	0.00057542139343388281	0.00058219783937887403	0.00059091983166594528	0.00062009386011883233	0.00069081860915690455	0.00077775412500254962	0.00085841427255832351	0.00092652589166887706	0.00099826486020208427	0.0010825867333689612	0.0011713179858175425	0.0012807094898680384	0.0014267946932776292	0.0016080766362819548	2.3891934342999654	2.5428299848701936	2.6028620485680185	2.6520344345519931	2.7008635365214402	2.7503340190769552	2.7855605634997511	2.8226028011518234	2.8406104923276958	2.8758470245886074	2.8652519411855359	2.879048542721006	2.8766370732369007	2.8875013645157144	2.8778987854035076	2.887278080520042	2.9232935944857537	2.9648018845735438	3.0073038502182357	3.0409647398006849	2.9676467330003602	2.6501644054762745	2.0760681881659879	1.6985517085487354	1.5022177198418614	1.4489557182066477	1.432916547612566	1.4269820563274778	1.4367073162794184	1.4458305016255919	1.4568776412422675	1.497185575607195	-1.0719600571175298	-1.1627479942347401	-1.1581997868905174	-1.1453952514591792	-1.1325853410037827	-1.1205760064160306	-1.1094757731496503	-1.0991287772784737	-1.088858416452763	-1.0798889766581574	-1.070830668351892	-1.0630244133286066	-1.0562663485290931	-1.0507577033543058	-1.0452566954724103	-1.0396287183271729	-1.0344180576388433	-1.0299174912180424	-1.0255410070840574	-1.0211419704583635	-1.0160601457402065	-1.0076670587493248	-0.99486349879383651	-0.98456642112694859	-0.97929293299097386	-0.97699237768330194	-0.97331108098040064	-0.96682068891283868	-0.95845505650630636	-0.94625972253493829	-0.928695691518445	-0.90618165217747626
naca2412:a3:re200000:n2	0.97923224237390138	0.55341642162938909	0.011461319287725166	-0.047134393124161192	0.41479924032733567	0.95768130635371496	0.00016634211522425184	0.00028418291791615087	0.00036894047373430157	0.00044320640546140254	0.00050560503318717903	0.00056160904684771388	0.00061805730394020632	0.00067981387895364438	0.00074210422829791426	0.00079960176081390378	0.00085740371636354484	0.00091518739440080979	0.00094361874841707172	0.001004181358578693	0.0010989233734263284	0.0012326431644625083	0.0013699837669693472	0.0015025743356678943	0.0016318354755740308	0.0017648593283284479	0.0019042821973498519	0.0020550151546721977	0.0022211341126778584	0.0024028144814161887	0.0026007967639537746	0.0028138700221885362	0.0030434882867799362	0.0033073731145224108	0.0036233782949242886	0.0040240462156019919	0.0045542044025491234	0.0052347344694519508	2.4731294881279422	2.5889171910796893	2.6297662593155051	2.6330538091652853	2.6530795665083478	2.6694951902540494	2.7137945212627193	2.7662891378308547	2.817389480647666	2.8962255450944032	2.976489994209889	3.0700603127099715	3.2831385358323479	2.9534638413630092	2.4581312733934371	1.9836443905823054	1.739565762431005	1.6341296730030386	1.5968942798846748	1.5665126199285619	1.5461861319425723	1.5405130030659209	1.5354103598417157	1.5361352346797943	1.5404554107783555	1.5497273985658047	1.5667802141308784	1.5899133180326077	1.6236477868741268	1.6711695141280309	1.7474639332337463	1.8794062802878757	1.3772179642347284	1.4106531270193565	1.4027723214334145	1.3920083325918922	1.382098406259382	1.3706979570489981	1.3595675683678812	1.347441856778643	1.3351262450090857	1.323707212893471	1.3119651811334525	1.2999656449312442	1.2914341101111542	1.2724227163726023	1.2516010598854761	1.2301833176174501	1.2127242799250058	1.1985507546760124	1.1849471826800806	1.171256558506633	1.1580987767584534	1.1450189909872903	1.1313699152111032	1.1168865282163258	1.1013248427400724	1.0846760514256426	1.0669458086479262	1.0474606763968806	1.0250741467539783	0.99846961036260906	0.96708487323676451	0.93364606254440519	0.00013669120752423088	0.00024339548913817979	0.00033110597672121627	0.00040812769696665788	0.00047650150800115823	0.00053626326600696324	0.00059321502010066063	0.00065248515487451389	0.0007075233590233198	0.00075573094317849584	0.00080504403687354988	0.00085443411677046228	0.00089956776015354904	0.00094299699662506696	0.00098612645838840334	0.0010253517407612337	0.0010664207147550108	0.0011094461290302102	0.0011547031562702294	0.0012006915135110866	0.0012435443029842961	0.0012839679493103022	0.0013226131979956553	0.0013596246567824011	0.0013946219906368566	0.0014340648531412021	0.0014769626292363866	0.0015138408060027958	0.0015461225373214153	0.0015925779528029641	0.0016465826937622824	0.0017391308157134382	2.2967452007841915	2.4011861465945681	2.4617088956785298	2.4963364154962577	2.5145617849453643	2.5344976118746612	2.5558490216748231	2.576963444737232	2.5925863770111746	2.6067781653873339	2.6139522745842965	2.6299690922452545	2.6427378377615565	2.6357889418343179	2.6337150591143716	2.6466364835986389	2.6496351177296606	2.660656653684359	2.6836569023368648	2.704252035608937	2.7256210165884309	2.7509873602860475	2.7789846078495457	2.8069912086819762	2.8407666208393572	2.8639206585022001	2.8756606593257796	2.908506142457786	2.9653820502931065	2.9895930262647514	2.9955361029798619	2.9566428029836689	-0.68383932220778165	-0.92007472075692376	-0.97320491859503788	-0.99209299552857444	-1.0006733669249255	-1.0053898004994926	-1.0081869054753327	-1.0085994674044514	-1.0066469206025115	-1.0042505971335141	-1.0018111002194539	-0.99921508520560265	-0.99646559907872234	-0.99386915580066826	-0.99207184911019752	-0.99065981839958861	-0.98812389847334214	-0.98520451217122806	-0.98225150749531331	-0.97900847139353575	-0.97593646282029622	-0.9731266990051981	-0.97023496907040618	-0.96738230486381493	-0.96472509612881829	-0.96196719574906264	-0.95907949841273998	-0.95652590749069155	-0.95343544301313732	-0.94688533448256851	-0.93715969164878321	-0.92377255711784523
naca2412:a3:re200000:n4	0.9874292679662886	0.58879054671198949	0.010916499193612124	-0.054340748864543841	0.50887310356267068	1	0.00016855817709061934	0.00028979249171090765	0.00037571923732147058	0.00045090317118520062	0.00051492717466251827	0.00057173104640551779	0.00062882153505805754	0.00068652017281999088	0.00074479841040851324	0.00080071006397554258	0.00085884236212215677	0.00091772947521373994	0.00098152592470270028	0.0010320674167390706	0.0010817656617594109	0.0011234484960947033	0.0011949328792787307	0.0013422497548534456	0.0015311968333715123	0.0016753360721737738	0.0017987877201775207	0.0019284294726272053	0.0020716737845074716	0.0022372046861152571	0.0024201064787334101	0.00262175007705788	0.0028432526903081918	0.0030941451369578148	0.0033916196385822325	0.0037700107551796027	0.0042586795136698354	0.0048866555265174314	2.4795465886854466	2.6031891462674954	2.6382893531815546	2.6571294024334322	2.6694467242847817	2.6864669104952479	2.7170341324736027	2.7679059525986416	2.8285052641725801	2.9235891272889125	3.0348409086136203	3.1569518238435799	3.2507057535366295	3.4114925284656299	3.5072621711964271	3.5634476325919855	3.2050735950846723	2.5590595731096797	1.9584703224074826	1.7195073217228143	1.6232367644778203	1.5797960005316816	1.5520831956875432	1.5332132398827052	1.526587229673577	1.5284403278708922	1.5350707850196643	1.5501388018965589	1.5767886461199889	1.6133004853632289	1.6740914497038821	1.7799512711482561	1.3947639594782091	1.4233340040546649	1.4115666204805726	1.399158148000152	1.3874920134632736	1.3761471414398461	1.3648728224354207	1.3526365052634697	1.3391101355872939	1.3256999660209638	1.3128336116318391	1.3005544274095864	1.2887455828344105	1.279394778195567	1.2689702290978899	1.2587072078821073	1.2416393391963232	1.2166786816061146	1.1912745630374184	1.1736758749146441	1.1599413530868381	1.1465189487745739	1.1334191774462985	1.1195777393595683	1.104961985395748	1.0892305423648161	1.0721085112596214	1.0532100000953566	1.0314573065422792	1.0054239213312295	0.97494142558681096	0.94119997766736807	0.00013680395543290088	0.00024615291220301036	0.00033224949594964448	0.00040828391913247939	0.00047725508735758389	0.00053850631689752061	0.00059603628196249511	0.00065553846086936036	0.00070993528611976197	0.00075957457824009562	0.00081039348521965706	0.00085954662695619051	0.00090479864302733066	0.00094645085680346568	0.00098676845005376884	0.0010239539512487358	0.0010631220764643439	0.0011055247674663456	0.001148483032206306	0.001190569833703637	0.0012285359164054431	0.0012637410688603452	0.0013032566068965229	0.0013473134550304523	0.0013929262068486847	0.0014346526262436422	0.0014791012380969322	0.0015247649230598693	0.0015779395465001192	0.0016357332799681963	0.001671941335707931	0.0016799038265211911	2.2995374010702965	2.3961673509246517	2.4511335257276006	2.4914141379562684	2.5119670446161302	2.5310442168163312	2.5567162251425333	2.5729370731111607	2.5884290431940746	2.6010884256713895	2.6081547644774052	2.6185301986027669	2.6250556636848521	2.6290593930427493	2.6346528358353658	2.6562622163136109	2.6660560215656255	2.6799608441346501	2.7075203245143475	2.7291010466018131	2.7532659426541688	2.7797482940063833	2.803843196240948	2.834778557159348	2.8658149351651581	2.9055125088493354	2.9488854079870208	3.0306262228459215	3.1494641260565688	3.2882910245413579	3.5555249815831171	4.0282379947442566	-0.66450588012772371	-0.9019184149953432	-0.96032848645645386	-0.98228536264977295	-0.9913699364829236	-0.99572060496178683	-0.99826930056106933	-0.99867647300866347	-0.99731752674828278	-0.99566911039799755	-0.99409491818701956	-0.99229969390829798	-0.99013631321561746	-0.98830828880875465	-0.98669843966519211	-0.98550233148706456	-0.98329589845622345	-0.98071305272743992	-0.97802280689201282	-0.97478799665907823	-0.97142090638025236	-0.9679383214272439	-0.9640438240538558	-0.95990866349199777	-0.95563038650226428	-0.95171628659333352	-0.9484501988798395	-0.94607194756684354	-0.94279259497251167	-0.93663201504616467	-0.92932697393165553	-0.92417184832795729
naca2412:a3:re200000:n9	0.98572771394216874	0.6055037876098206	0.010624199477708922	-0.058178845231500929	0.6369273851656696	1	0.00017139534701891585	0.00028841033072885859	0.00037503614304843077	0.00044950990457178202	0.00051645378663349754	0.00058042028368409456	0.00063946904646015868	0.00069379981849454367	0.0007482113225262436	0.00081017615893940603	0.00087083974877631622	0.00092960031383091237	0.00098209959728246671	0.0010387550253261389	0.0010921414351125543	0.0011451768272718156	0.001185405365294036	0.0012251517403046887	0.0012509835613645688	0.001278399811996763	0.0014266424408465438	0.0017600213230728927	0.0021014971877428481	0.0023004180472431827	0.0024050621906616517	0.0025549209458468835	0.0027583770330390561	0.0030118585147070249	0.0033061283428719944	0.0036594384242258338	0.0041129053354618979	0.0047029945731584637	2.4773903029778506	2.5935357698943378	2.6286411841281683	2.6550933560100995	2.6770790679359533	2.7027481918274434	2.7478808390890639	2.7991904632339506	2.8762362602547924	2.9636612383123033	3.1102499503192322	3.2671399172988336	3.5161328402995222	3.7824569637721783	4.0924708023151926	4.3995180519478607	4.7190798531850504	4.9391453847613533	5.1466014147975363	5.2005054850025534	4.1866117025048748	2.76218221274436	1.9552716698433978	1.6820359512532461	1.594147261499167	1.5304814541863894	1.5033963257396874	1.4962539283088927	1.4990242815962691	1.5166235305373794	1.5533435586915403	1.6253002519659512	1.4045840784382118	1.4281859414654281	1.4169443745276626	1.4041646142461468	1.3912354307506467	1.3783807270631385	1.365759219735279	1.3528137037003214	1.3399254502355569	1.3255337080509983	1.3110697110937046	1.2965777639297853	1.2850572220614165	1.273633805249816	1.2637988043350132	1.2549198211904651	1.2475758217937629	1.239858763752955	1.2319594560614089	1.2227811649212827	1.199717751337823	1.164422810238797	1.1333869090007411	1.113392754667299	1.0988713326486068	1.084310473189817	1.0688267939851466	1.0510577958201803	1.0307021794622648	1.0067046305287251	0.97818960405670552	0.94617447353381567	0.00013681031643857018	0.00024561802716202878	0.00033289855819518813	0.00040847441767358249	0.0004765119863720313	0.00054021539922994254	0.00060051625489654142	0.00065754353048384675	0.00071202350545771377	0.0007643228706123589	0.00081662051494243136	0.00086532943502441392	0.00091052413874929744	0.0009500470100040606	0.00098804086815093301	0.0010257822014534815	0.0010639499576129232	0.0011030833654617957	0.0011437242513290429	0.0011853645311248676	0.0012254652511450716	0.0012632229289259748	0.0013027267227318795	0.0013448532637707271	0.0013899608240707483	0.0014364188384357974	0.0014920660543263184	0.0015460315551774949	0.0015953290992567809	0.0016427390761199767	0.0016708876963381924	0.0017162067021127994	2.304865920273401	2.3950936380689596	2.445730714473898	2.4838622541463362	2.5085620301128313	2.5290722756519388	2.5507170334249993	2.5657116083023714	2.5796833942050141	2.593159023627654	2.5979657401295069	2.6082489726216749	2.6050205778936695	2.6184754168959832	2.6223377227644278	2.6353679031468942	2.6532269159238857	2.674250852592098	2.6997313272507171	2.7279145580103226	2.7566806317210006	2.7846893342533487	2.807508291421358	2.8335502388365343	2.8588594818807653	2.8957915746933649	2.9361758699393805	3.0189464237322983	3.1646717767877672	3.341723144622275	3.5961410955687989	3.9806437997432877	-0.65454740613366291	-0.89387875939325945	-0.95385342128340578	-0.97730061897424358	-0.98782517427518268	-0.99275252754972154	-0.99457697385463173	-0.99453844599219732	-0.99338492562990943	-0.99187632489515432	-0.99014852929624031	-0.98845230621535629	-0.98610789658714482	-0.98464476915823851	-0.98305116572970097	-0.98174472792373568	-0.98042679086184603	-0.97895755176775956	-0.97698951414172397	-0.9742847514905113	-0.97086154764730581	-0.9668507426784112	-0.96248982793076077	-0.95821875667840151	-0.95418935897782764	-0.95028836056931687	-0.94591061370531548	-0.94173482864198865	-0.9381407818899663	-0.93463117080394675	-0.93261330389608466	-0.92686138532263329
naca2412:a3:re1000000:n2	0.97990060023054859	0.55622552732932329	0.0089327078824523211	-0.049533305720154699	0.22421889529107322	0.55689776228466237	7.6232740907352693E-05	0.00012759107302506666	0.00016849887797842236	0.00020128860527967424	0.00022911566255879231	0.00025196512118517278	0.00026963660462932666	0.00029463178471458043	0.00037131866214383833	0.00045903737573328745	0.00053989934219845939	0.0006202666263781211	0.00070362357775178761	0.0007956442892109683	0.00088928257214703854	0.00098870794328887943	0.001093030662713881	0.0011930345785357106	0.0012935263149902205	0.0013964120629950229	0.001503929363526808	0.0016169774117602601	0.001737789453277884	0.0018694242487774166	0.0020138773473542715	0.0021727375331124497	0.0023496497710285146	0.0025563283346763501	0.0028077677700696075	0.0031289279880806738	0.0035650134571726059	0.0041917096891153907	2.4737648695178858	2.5858388749084038	2.6151593041123578	2.6272336486740842	2.6539105719546043	2.669906743307386	2.6612430482405434	2.3840843621068069	1.6691269886045033	1.4970695687810234	1.4631128024261861	1.4570612093569431	1.4636096623797659	1.4568670966235187	1.462258856038305	1.4663437216811259	1.468204214664379	1.4689904945080905	1.4659930368118803	1.466381237646055	1.4682864438579231	1.4715754048973824	1.4757274469911883	1.4805433842206457	1.4867273061911446	1.4952166543618934	1.5071500713419947	1.5225416837244021	1.5459745975830166	1.5846647746441413	1.6513280354470548	1.7778778215405477	1.3751218965343595	1.4104186285553724	1.3988066359917786	1.3871002543109041	1.3783181701457283	1.3697513754974495	1.3617254043217486	1.3495738931226311	1.3246699229344818	1.3136263164851867	1.3034280564992708	1.2910235016600993	1.2769745368643712	1.2608308456722441	1.2451481240825442	1.2297314756888453	1.2152262829871663	1.2016798669789299	1.1884777629084866	1.1754393430374794	1.1621832980749534	1.1485465202851064	1.1343694977152212	1.119403493806713	1.1034257483077985	1.0864228329549337	1.0681898103652889	1.0482467102115693	1.0255350459074424	0.99839985956378285	0.96525437332589692	0.92520589648594154	6.0820662661806697E-05	0.00010928625485461583	0.00014874510918389672	0.00018386543947932353	0.00021360248360829002	0.00024060630989027423	0.00026708534911343989	0.0002927081950377335	0.00031774027913008569	0.00034002993172505615	0.00036252037067304957	0.0003817986758517825	0.00040252289977785356	0.00041944757845474627	0.00044247267696042035	0.0004563919321830083	0.00046270879162141056	0.00047890806911533374	0.00051352507682948638	0.00057958954296927245	0.00065854597433502777	0.00073296360552167327	0.00079968069669823902	0.00086328919551743833	0.00092666403176081599	0.00099286983781269114	0.0010626883974454375	0.0011375804869208596	0.0012166573334043472	0.0013101061467400161	0.0014255529306115094	0.0015688523812033138	2.3001385517324211	2.400353409889028	2.4585940081308464	2.4852281817575119	2.5175916017504512	2.5439377257178055	2.56204431407446	2.5804800795052949	2.5886232645227683	2.6218739960637545	2.6201722385850523	2.6430698006136861	2.6142083991998719	2.6554912692492687	2.6320946850138731	2.6589615515876885	2.6214383656051936	2.4759993187582001	2.2135035442059725	1.8440618604942967	1.6083577746665729	1.4889423926156014	1.4525304588010477	1.4422612260182164	1.442354014460675	1.4456218642840393	1.4452401283674892	1.4458443262188123	1.4522248578003252	1.4566044272817567	1.4667971726913247	1.493768655390586	-0.68227729177029151	-0.91920040264373837	-0.97380667899515161	-0.99248380847123407	-1.0006761725352009	-1.0042227566135034	-1.0055792008590057	-1.0049606448827653	-1.0030856761694051	-1.0012721718135711	-0.99843660234037013	-0.99654779511672209	-0.99430195523153819	-0.99500863031978226	-0.99376206552820845	-0.99346425265707938	-0.9913157211544823	-0.98764770100598409	-0.98240211836943603	-0.97401226706767519	-0.96743949002751051	-0.96467703729502896	-0.96333544521863534	-0.96214378283276691	-0.96058205289668874	-0.9585032168147527	-0.95574000021131844	-0.95186789849685893	-0.94655971470186273	-0.93836959535912778	-0.92690345144672626	-0.91214414722445003
naca2412:a3:re1000000:n4	0.9819367561475606	0.5561931135596232	0.0073983406620338216	-0.049171649828052159	0.33593228357883764	0.82990965284497331	7.6069973318208263E-05	0.00012729805256563072	0.00016564026983929332	0.00019902364633848197	0.000226337382573042	0.00025397491963543434	0.00028148307023826655	0.00030200483671635492	0.00032515272544110128	0.00034618664597731852	0.00035718862311072457	0.00041791881220378787	0.00050399143414665338	0.00059209809094645642	0.00067702827427178734	0.00076666258955708044	0.00085413927042925165	0.00094573202737893768	0.0010459034457940446	0.0011481515864602027	0.0012518593284629638	0.0013585461326247256	0.001469217180849196	0.0015870092480033005	0.0017156335756708006	0.0018603612529132104	0.0020228593587472803	0.0022120133373684995	0.002440730891878341	0.0027343914781807485	0.0031360121024290415	0.0037112055485806119	2.4760881297806172	2.5849741736914282	2.6139009698519615	2.639941685147615	2.6703728247403915	2.6864864794939214	2.6797167953519225	2.7330156280761875	2.784091005928071	2.8505431099573935	2.8512477086158574	2.0235667188379947	1.5995590193578331	1.4651059791607119	1.4581084302727949	1.4456935983361301	1.4538178297861799	1.4631436383049559	1.457739286376706	1.4558728622851094	1.4595973437486442	1.4642660493469346	1.4690363442381671	1.47421124293122	1.480444607008887	1.4876034727733438	1.4996385178195555	1.5157406090485015	1.5393953980890671	1.5756519511874345	1.6402795647052777	1.7682750114113843	1.3786073755874224	1.4081219639391964	1.3978410967191417	1.3874967366428579	1.3785770217448885	1.3697863002663129	1.358727345218786	1.3478608655225954	1.3371064787902909	1.3265914823573037	1.3166701793709148	1.2886623668381092	1.2671895959152861	1.2533031976385287	1.2426347975122771	1.2292334483625842	1.2160543388674743	1.2026002562220266	1.1882321896763615	1.1745482030621481	1.1613273450566863	1.1480544569004825	1.1345386888793765	1.1203115885815738	1.1049476795743929	1.0882005057555153	1.0699325730585918	1.0496209520244211	1.0263526146461917	0.998365056641626	0.96411389071897391	0.92335978635459237	6.0556360699562972E-05	0.00010960182263527791	0.00014878272293914572	0.00018371748921825398	0.00021477176122644182	0.00024230467372743321	0.00026859895907754686	0.00029486931026913022	0.00031958387373584552	0.00034110505602497602	0.00036240612346144339	0.00038369603070289877	0.00040330248469626085	0.00042296143300565864	0.00044312229117018833	0.00046264060632257098	0.00048214855759094033	0.00050258359582778806	0.00052306335765785238	0.00054131914060750867	0.00056029442590280144	0.00057870391319952226	0.0005928525592507445	0.00060534143548697625	0.0006091621188665259	0.00061709098757441216	0.00064088323443961493	0.00069164717277321976	0.00077553240311088712	0.00086987727163314048	0.000961639424771075	0.0010770065123886113	2.3075135125905621	2.3986298130324002	2.4606719930939978	2.4962986675082646	2.5110910117567227	2.530563536716012	2.5582841601437094	2.5844150904034353	2.5968209354190823	2.6093455604149272	2.6113155274588924	2.6223192686168528	2.640887254952232	2.6270148366812434	2.6199181658043171	2.623763396588926	2.6394134129231936	2.6580838705883281	2.6788439655101164	2.7010135481317756	2.7205229026923097	2.7436338290150899	2.7875690991508262	2.7829936683294267	2.786551516430793	2.7138692368255488	2.4642250867830278	2.1536031141450938	1.8059600271576681	1.6095395043449594	1.5183672246225923	1.499827373464151	-0.68478987157411886	-0.91989965032530197	-0.97320073005861341	-0.99228428631091103	-1.0004074456309813	-1.0043218146399437	-1.0063833265247211	-1.0063025686229177	-1.0042236566274947	-1.0017694159706312	-0.99928652839588272	-0.9970778635992773	-0.99549764145597663	-0.99323878639374685	-0.99103972774883553	-0.98852018198929148	-0.98566674080717698	-0.98260202254318041	-0.97975403756674107	-0.97764528019397134	-0.97584138062546277	-0.97421366764988082	-0.97277284630054872	-0.96994358446485007	-0.96746538539140903	-0.96452518570438006	-0.95989418532364379	-0.9532424104036622	-0.94367844259934097	-0.93317534989436002	-0.92209298118741367	-0.9065972106572513
naca2412:a3:re1000000:n9	0.95963111233562504	0.58404638123825514	0.0063263010012893318	-0.053484231550511165	0.46851631198499794	1	7.6008198659073398E-05	0.00012856366694442698	0.00016741928971112849	0.00019981319003747834	0.00022765404609923422	0.00025185045019757168	0.00027676792345467197	0.00030256677337624422	0.00032889433708321837	0.00035470914806126391	0.0003811158134250836	0.00040738159129856508	0.00043744604642674057	0.00045848820128841308	0.00047313022605531937	0.0005369797133895468	0.00062919225268809505	0.00071522470487322379	0.00078873157676620704	0.00087650487845943536	0.00097301252225516434	0.0010702335771672138	0.0011726793674044047	0.0012845017864881467	0.0014038161482959695	0.0015360787771149971	0.0016808450349729731	0.0018413098513516686	0.0020323487779003958	0.0022836223752792698	0.0026366796889496307	0.0031518846252459741	2.470648546645914	2.5937538630668349	2.6240775503909801	2.6398169580617035	2.656341791791796	2.6827458956901018	2.7102307552999001	2.7606745771000738	2.8162455176179586	2.9021136866055777	3.0245440410162194	3.1739722368243153	3.2698347372954082	3.4336633202403641	3.4004705213822835	2.3470144327831237	1.6625012099782992	1.4420861858333609	1.4377105972959487	1.4412706575134795	1.4381030918240596	1.4478040229072	1.4543531992774046	1.4582367273563941	1.4655242702707008	1.470681947414729	1.4795242166428368	1.4955790255288417	1.5180480466850188	1.5470320468119938	1.6012032486501078	1.7213426245982655	1.3959892174704689	1.4201148620472457	1.4046060696832523	1.3934483178392421	1.38430116045881	1.374612072092106	1.3640280940504654	1.352363254786566	1.3391440959374483	1.3256380631537201	1.312612753977342	1.3005589071501911	1.2883733101303814	1.2789774194557819	1.2672117185621761	1.2356786566923115	1.2090790427223124	1.1957677567416576	1.1879913037380354	1.1772556386853337	1.1648165041179239	1.1523200542051848	1.1391218787197555	1.124849706441887	1.1094000749958288	1.0925047869310895	1.0743218171746745	1.0547744651246549	1.0324632266727629	1.0049796867179124	0.97038523976008895	0.92782231828238093	6.0228181650046181E-05	0.00011032563800305231	0.00014979242531662842	0.00018338291947531969	0.00021410348512465623	0.00024233792505976739	0.0002683937762458268	0.00029392608262039877	0.00031878615029597108	0.00034236065351953232	0.00036468681925286105	0.00038597816144488262	0.00040598233986352837	0.00042634718281712612	0.00044653314133257291	0.00046548685281459106	0.00048444142187985403	0.00050356652063849531	0.00052156876806601436	0.00053975328599280314	0.00055830018369994216	0.00057732202847596737	0.00059715933236501679	0.00061724431830663666	0.00063961247470542321	0.00066085011399807253	0.00068366438913949326	0.00071035607645929396	0.00073840239188167846	0.00075405878184086087	0.00075720863492004806	0.00079647895407973155	2.3029305744949404	2.3984907175054584	2.4533886507452864	2.4881551331991356	2.5046133473080845	2.5242942263660639	2.5542993807283327	2.578346356885044	2.5924556344845979	2.6060166666366529	2.6163472847098275	2.6187827590113986	2.6293050114137455	2.6300720731536225	2.6353733875692522	2.6562091776264354	2.6697790861275785	2.6924383264415166	2.7244330703879092	2.7483000021060668	2.7691279942498701	2.7871248952644501	2.8034496384729066	2.828467606670392	2.8390468813971408	2.8661610190066855	2.9250096893533817	3.0221433151580648	3.1946338844005981	3.5823279643867392	4.2824911988809813	4.755636921198815	-0.66869596194698577	-0.90640019099915869	-0.96116027473855969	-0.98253422524238387	-0.99300031313135795	-0.99808023833584869	-1.0001370380880983	-0.99989810143451385	-0.99831612786964374	-0.99637823601554354	-0.99432839524064032	-0.99227127241787594	-0.99028823616491624	-0.98813515932331397	-0.98639586970625792	-0.98511998339005058	-0.98333702834630299	-0.98119313639447459	-0.97856406331067691	-0.97519563356482653	-0.97146425867436714	-0.96760074906836391	-0.96371279571248902	-0.9600201689402843	-0.95594291459946945	-0.95239174978581942	-0.94955355279272502	-0.94626307323552528	-0.94148937532042831	-0.93590882106410866	-0.92987405539733115	-0.91995151911189432
naca2412:a6:re200000:n2	0.98341724845909861	0.84556743036429838	0.015719285452250903	-0.040859598016767702	0.13307044642957425	1	0.00018072843537484781	0.00032101372927375964	0.00042997862597488664	0.00048819867967955923	0.000563568085600382	0.00068354917136545957	0.00081408415676475544	0.00094377326609552644	0.00106929163783922	0.0011948773324819519	0.0013359454837033042	0.0014881150018645961	0.0016418709609709061	0.0017955734444937367	0.0019533982281664643	0.0021166533157098324	0.0022928792838933119	0.0024733166631383911	0.0026562298520264077	0.0028488772523002489	0.0030545384247182648	0.0032746451092491202	0.0035164173476360692	0.0037815561396503617	0.0040772618634925548	0.0044070493412365699	0.0047769671050378187	0.0052124285073198006	0.0057350515594193404	0.0063744163079991166	0.0071440249614562459	0.0079083590804215377	2.6620570987308554	2.9027898801070311	3.022846531516775	3.0522277810080332	2.7347829945831332	2.1670901416943673	1.8019898627820348	1.7115192548046405	1.6800061903764179	1.6534489354682396	1.6152084565983194	1.6022715308983988	1.6002488491199505	1.5935097463776109	1.5805354406296639	1.5826613623823342	1.581728383994873	1.5784066174668676	1.5795751813604242	1.5849003813167188	1.5916659626019882	1.5999857069618131	1.609189520883711	1.6243401233135337	1.6434358570598764	1.6679799202169519	1.7018154926299294	1.744212026838823	1.8036506490131705	1.889307227018076	2.0154258724173459	2.18814399265991	1.7386653223117023	1.6394322638604848	1.578866452398511	1.5413019552561822	1.5092522882784543	1.4750249974049912	1.4483907634991033	1.4297387492715625	1.4101692882756938	1.3889631336816777	1.3670499501798998	1.3460981305018671	1.3255325183774276	1.3056408426696673	1.2866042078833604	1.2691213763670128	1.2517630464321488	1.2344325350373251	1.2173368837640712	1.2002387762944497	1.1828447152446011	1.1650350313289173	1.146695836929303	1.1279126595518525	1.1086130057511481	1.0887500395247147	1.0680673261226612	1.0458930221954565	1.0215431471887753	0.99440341874404004	0.96559914406400371	0.94183233759539098	0.00012573170456477341	0.00022374075066508182	0.00030167666472600077	0.00036966305135799533	0.00043322845637719961	0.0004905445138860395	0.00054437180963945561	0.00059671261898075457	0.00064476961583366369	0.00069074332422367	0.00073706458132472496	0.00078022819935830894	0.00081884920033108209	0.00085580325376811712	0.00089154580637069807	0.00092535367649488438	0.00096042746494760843	0.00099650817616982537	0.0010325803117680482	0.0010676535170756664	0.0010995789007341376	0.0011293871978829129	0.0011607511115089887	0.0011947129588203334	0.0012268108642338352	0.0012531087796550456	0.0012791406179762464	0.001310034115601029	0.0013535096248864526	0.0013992496775028977	0.0014355400244377621	0.0014667080648672051	2.2578867105858711	2.3304985685569326	2.3645144103745577	2.4032717927616534	2.4229273763171428	2.4423478986975886	2.4629223663243907	2.4779232593444123	2.4883109819459004	2.4938650910768079	2.4975699074971573	2.5081521759041556	2.5120334089770417	2.5043778304324995	2.5099682522011597	2.5185312007845981	2.5194658000101202	2.5212340495133834	2.5323348090311644	2.5438124940051732	2.557434790096436	2.5711050430884366	2.5775301690007484	2.5813913559979818	2.5835428928568018	2.5841087719140519	2.5773102064486122	2.572028322947391	2.5764926002038626	2.5967653110626716	2.6605155600253543	2.7796024565540303	-0.30111401404802252	-0.67824963754594192	-0.79099639606959049	-0.84380665478406813	-0.87319719314938626	-0.89233377706788752	-0.90594874961180261	-0.91525945389091912	-0.92157495187244221	-0.92619388995504859	-0.92986010787978013	-0.93291652211894927	-0.93543608098818631	-0.93773457163808616	-0.94032029070556156	-0.9425556228195815	-0.94348174425797937	-0.94372886557069946	-0.94363954748030665	-0.94323191275179485	-0.94275825104781452	-0.94247715482960503	-0.94219446415439112	-0.94186885017488886	-0.94155292250621736	-0.94159917562166173	-0.94213197802014581	-0.94275582264767299	-0.94215721653295281	-0.93933463974393638	-0.93470592555632215	-0.93014851095152196
naca2412:a6:re200000:n4	0.98347749890049696	0.8593252391683891	0.014445203912247274	-0.042466658530743231	0.23842808178098585	1	0.00018325497368829323	0.00032251116447851554	0.0004268517969287713	0.00051764170224557517	0.000585000514102749	0.00064473824340120106	0.00069640414014793207	0.00075050734617112061	0.0008401270552009653	0.0009798967924427365	0.0011312517093624763	0.0012587093349313433	0.0013852979713641776	0.0015243909789391863	0.0016694086606786924	0.0018316116153296199	0.0020053370790557665	0.0021762363623464578	0.0023504883506057887	0.0025343856576851079	0.0027301548508322521	0.0029371901675530302	0.0031600447835748507	0.0034046071392835652	0.0036788718382018168	0.0039864452292483676	0.0043302485310071394	0.0047348866421870273	0.0052194399150805046	0.0058097049365796374	0.0065179781021924782	0.0072916404731913952	2.6650889140892886	2.9338564652230503	3.0204129114481746	3.0551381546160274	3.0898755974647312	3.0857620808054649	3.1230263595789749	3.0332822858507251	2.5532773463702036	2.0309132870940818	1.7595889604820243	1.6736779106572535	1.6188100422598419	1.5790761990862541	1.5622261920785183	1.5586637586200451	1.5612305664949218	1.563867990992353	1.5615682568651652	1.56452433152655	1.5705531036217266	1.5774698852306686	1.5870247772291592	1.6014479664561398	1.6184586452316057	1.6413130550982047	1.6721686439114749	1.7104116894756081	1.7639722941914575	1.8429045948156142	1.9606431484392433	2.1252503400563496	1.7440705608279012	1.6438689101546451	1.578713469490501	1.5381735961400775	1.5093939351098575	1.4872597679440611	1.4689640124534384	1.4501525694773847	1.423987084107968	1.3940579579402566	1.3691041483505868	1.3488385400236762	1.3282039444082874	1.3081491557852682	1.2895875909984051	1.2716779118417685	1.2541419218624905	1.236786863618526	1.2195536264526974	1.2024591894376602	1.1851165100405132	1.1673735616877932	1.1490603332566389	1.1300533807770936	1.1103096460372619	1.0899627315903073	1.0689573318744263	1.0466777088181267	1.022455623216884	0.99573267983616986	0.96764359963756585	0.94161065453807458	0.00012443054342721374	0.00022555839756347988	0.00030450628105616268	0.00037367113947126191	0.0004373244866329355	0.00049505864326769827	0.00054894533810850681	0.00060127770396465393	0.00064898816485090482	0.00069425666700060988	0.00073995295905163899	0.00078305590328909408	0.00082269953760414672	0.00086026985130951766	0.00089726331214983032	0.00093318171830309967	0.00096918503959935289	0.0010045314430641621	0.0010389483720093624	0.0010733037287183641	0.001106426578267602	0.001136852312634282	0.0011672672020981787	0.0011990423204953906	0.0012285689292355041	0.0012552659706016086	0.0012846306831474678	0.0013186609792836491	0.0013585066475087259	0.0014007331693262441	0.001442188393671142	0.0014953450060659732	2.2547600291598053	2.3310319474563292	2.3660457007733569	2.4036201536260648	2.4251262053203568	2.4423554061158996	2.4597212240897819	2.4703049926274789	2.4812205662739344	2.4873404571157138	2.4919036138797268	2.5008259943464153	2.5049916482892778	2.5060107832815657	2.5115371252687284	2.5196192967339135	2.5254674880510786	2.5312965162960408	2.5428267313615498	2.5544108067190576	2.5657182518602069	2.5776053127145584	2.5840461401434536	2.5865743184499816	2.5901565696590061	2.5937533556588295	2.5878247175451965	2.5835590449528776	2.5999906947403653	2.6220477479783302	2.6629321164730091	2.7512828072533324	-0.29797719544752344	-0.67447523154733702	-0.78770336098897431	-0.84087409641781952	-0.87033957863374933	-0.88925703475513329	-0.9029209598878718	-0.91264999951912751	-0.91967594193004154	-0.9249339816556672	-0.92898528677672654	-0.93218574785445341	-0.93458876542159497	-0.93687918001629922	-0.93895251036092631	-0.9406213781856092	-0.94155553135957548	-0.94212844600650603	-0.94242956613865281	-0.9424329646773002	-0.94208139996578777	-0.94185603997761724	-0.94175208798865651	-0.94173760063477985	-0.94182240654582028	-0.94191876181773082	-0.94161337693625291	-0.94093343953013286	-0.939697373195163	-0.93738944153566406	-0.93376480388383676	-0.92844671583285443
naca2412:a6:re200000:n9	0.98349296609064507	0.88401868260138416	0.0131749795585557	-0.045965147077850863	0.40545272769675456	1	0.00018594795155286612	0.0003211430183660252	0.00042332957711069074	0.00050715972468971283	0.00059306501380685913	0.00066232451713127253	0.00072533370605714503	0.00078685581191458205	0.00084256525543961866	0.00090940568807062496	0.00096783778519010091	0.0010032518082949639	0.0010450968195465464	0.0011593412662320825	0.0014271191389495831	0.0016403541046775565	0.0017598005766210547	0.0018719251197729504	0.0020089385381069059	0.0021942218999423473	0.0023925187310872278	0.0025839923309502405	0.002787082250413628	0.0030151641001014851	0.0032728905248613693	0.003560593128377464	0.0038746252509424171	0.0042358661689522016	0.0046706578733540748	0.0052213904667750364	0.0059033501756907691	0.0066952482253257659	2.672437283379097	2.9694393655593574	3.0094257029917619	3.0720313139090116	3.0596049614231258	3.1629832504953006	3.2756692041514173	3.3814915034866182	3.5890357396625099	3.8209225299685627	4.0712139501369471	4.2335389458290198	4.0771669662481935	3.2881638515698675	2.1749434395664271	1.765122722051518	1.6118910792930632	1.5367676755800357	1.5208114957422278	1.5044651068717545	1.495683700359868	1.4989490552807847	1.5037535047971406	1.5136905270024212	1.5278014175402972	1.5453764104793795	1.5715622504256175	1.6068928115626671	1.6523507283498258	1.7100507083609533	1.7980463792468897	1.9421944925654611	1.7566066394775981	1.6534144599313643	1.5839123576006957	1.542955846733201	1.5127747843124801	1.4891836676777204	1.4660277737858802	1.4437873314318788	1.4271644558851211	1.4120537669661974	1.3969957406518989	1.3812118586183495	1.3628528299470202	1.3349104473389057	1.2950867317989925	1.2695106919381245	1.2504513589151225	1.2340714163707145	1.2189006762050481	1.2020903610116669	1.1849471679334185	1.168326287028469	1.1515745105228237	1.1339788351452493	1.1150457855614389	1.0948610427492993	1.0735769415889203	1.0509192099178339	1.025824502062318	0.99743876639341611	0.96724377995765409	0.93785794528425392	0.00012375843781536045	0.00022361857685478304	0.0003038226340102405	0.00037352025466870389	0.00043705914074340766	0.0004961296293169371	0.00055059508938169667	0.00060217454443572157	0.00065117552645241545	0.00069779235389603946	0.00074449445190625867	0.0007880407973416564	0.00082778394121947889	0.00086356106259439982	0.00089918933482841413	0.00093453003296670016	0.00096915675477344707	0.0010029382070295464	0.0010375908526507824	0.0010728940097795546	0.001107317830607416	0.0011382595181763887	0.0011675400199537822	0.0011970171388478374	0.0012265579295018447	0.0012585556606844305	0.001293556867020515	0.0013294661568839933	0.0013644845141513736	0.0014015004513341449	0.0014481299584500906	0.0015203764753360387	2.2520877915344046	2.3249644062193346	2.3664976815160585	2.4024715821440541	2.4253400618624941	2.4420996713387568	2.4618939263928317	2.4719947717267834	2.4817856646228988	2.4880221114237755	2.4898477001794057	2.4989409584500146	2.499377165651119	2.5051611551392639	2.5061343057124783	2.514053244091393	2.5270819143265153	2.5406100584176854	2.552306237633498	2.5657779558138887	2.5774783811916793	2.5892822903086374	2.5951460596507454	2.5943274568032089	2.5916967813186025	2.5913024057355192	2.5913630420117846	2.59910713623362	2.635980333039492	2.6856346912000992	2.7531532748017957	2.8591581639526873	-0.28952686194031041	-0.66560600788681035	-0.77986121530613428	-0.83431560257393855	-0.86518980957758262	-0.88475893984701504	-0.89831987485887788	-0.90777625134140671	-0.91438267614513258	-0.91927678062939622	-0.9231364719961519	-0.92653584812058865	-0.92919214451042875	-0.93204224131759772	-0.93447970776822409	-0.93657268313077713	-0.9382862232370901	-0.93966343909771388	-0.94033515175636118	-0.94037514266608502	-0.93982571994424591	-0.93928425585695874	-0.93904690232482113	-0.93913246229541492	-0.93951988149590615	-0.93954926602114686	-0.93864174309349857	-0.93695355827416171	-0.93479824143451018	-0.93246560893341868	-0.92893449816266838	-0.92226685149316057
naca2412:a6:re1000000:n2	0.97364501020827232	0.86883173837371119	0.010926314307620321	-0.045420200779937761	0.05362467940872831	1	8.2027869936694573E-05	0.00013317172782085495	0.0002262018058494915	0.00032444039340752157	0.00042010551426551162	0.00051098229576472011	0.0006033973363194986	0.00069132456915252589	0.00078518315764001558	0.00088818934244976327	0.00099335517596669154	0.0010999541538664445	0.0012102849364576999	0.0013275571898971326	0.0014528430460488033	0.0015812901900964407	0.0017120165313089977	0.0018467155784169403	0.0019860060301041321	0.0021323739934051085	0.0022846778215711671	0.0024436744509124435	0.0026154056949040123	0.0028060392883257051	0.0030184102051750653	0.0032589385984520603	0.00353520870796472	0.0038660322439514295	0.0042777070392290934	0.0047986025012335077	0.0054668969247750219	0.0062604051142523759	2.6760762986642042	2.9287065058433308	1.6120401901768515	1.5004447296336401	1.49766999891692	1.4873139556177999	1.4800429511223561	1.4756090143350571	1.4737441328524943	1.4726631191607595	1.4742981281753633	1.4753383949333805	1.4772140444151054	1.4799214657645228	1.4813773074615812	1.4855312666163556	1.4875687324632154	1.4880923964312356	1.4915542018895982	1.4947339398797261	1.4979319788715781	1.502930274264751	1.5091501062823836	1.516930284797205	1.5290227896088466	1.5450172682378036	1.5669711930359391	1.5970701983677413	1.6396613073828039	1.7054629660121796	1.8088961781441546	1.9742175049771413	1.7440279561435978	1.6619493260457159	1.5689966994451208	1.5337065217608556	1.5041455462300173	1.479901992142052	1.4578566517698981	1.4364710099599736	1.4162967559749085	1.3957905340522552	1.3747351808379156	1.3538048452879257	1.3335034401841015	1.3135927811635932	1.2939912686989168	1.2750400936825446	1.2565701782621517	1.238794565479171	1.2214924877499409	1.2044447976354951	1.187537228180519	1.1706709142956568	1.1535874092206364	1.1358164947445752	1.1170177010722964	1.096981703104559	1.0754565903346194	1.0519301707656168	1.0253346168281579	0.99500323685224523	0.96091663599589228	0.92745876652057535	5.3975551472244143E-05	0.00010047720279594679	0.00013721653855800799	0.00016790850801388793	0.00019601622298657661	0.0002216890557784212	0.00024588866638691992	0.0002692930231550768	0.00029165570757212436	0.00031229730267670581	0.00033130523835612835	0.00034995005012425313	0.00036694693788749883	0.00038403193578401604	0.00040106447736694157	0.00041704894236824387	0.0004330261111447092	0.00044979031177121615	0.00046719757516725901	0.00048453722204584867	0.00050095620171502749	0.00051690913299021082	0.00053285873311039627	0.00055015200548208022	0.0005667517191977737	0.00058283333614891312	0.0005963971095688898	0.00060436576934875586	0.00060871631957586483	0.00061854430386150936	0.00063398884273634375	0.00067292457894031342	2.2609769143287979	2.3235789157316935	2.3701446150600103	2.4001612547131952	2.4178105310462956	2.4417443599956719	2.4631420121413363	2.4800934378958415	2.4891809028003249	2.4940196743093681	2.4960136577586582	2.4978971750861474	2.5069357201858842	2.5009718391488356	2.5011446997628317	2.5120558594257973	2.5160678816723281	2.5231976459640877	2.5317455569424361	2.5422224883652507	2.5580753935479148	2.5772184465451935	2.5950765807471696	2.6067864958885965	2.6162120586365525	2.6076088302233611	2.5858714863722381	2.5830457916807443	2.6081876987951071	2.6574340330738866	2.7222095910828092	2.7242142478289044	-0.30358136032810823	-0.67692902791414711	-0.78526044270042605	-0.83676779236497156	-0.86731764681535539	-0.88748684727339922	-0.9013294168451077	-0.91071639307432239	-0.91698393347929374	-0.92141131907476681	-0.92487898858997974	-0.92756828625031051	-0.9302311924902753	-0.93242510497278863	-0.93477023408905424	-0.93720149808384401	-0.9387598736402446	-0.93964558131855103	-0.94009313395007887	-0.93992970457341984	-0.93961605275928561	-0.93937525502513242	-0.93910642682356693	-0.93842998834651969	-0.93746264020018999	-0.93637977911545656	-0.93533534675638585	-0.93501904659285606	-0.9349104410859399	-0.93283557829460184	-0.92829892226798938	-0.91769448663429198
naca2412:a6:re1000000:n4	0.97019489912993229	0.88247245977236544	0.01051414996069611	-0.048106319968477008	0.085711126951819164	1	8.1755740276786369E-05	0.00014561047212218107	0.0001741875270210741	0.00025662775802650018	0.00034341460297483239	0.00042921409611446434	0.00051842819485204447	0.00061096449152717972	0.00070662876652422349	0.00080500599429673329	0.000906102523749349	0.0010111197591444279	0.0011200910178884333	0.0012335825016857489	0.0013539998405833209	0.0014769871023869875	0.0016027270029522478	0.0017327462889345491	0.0018678052733124863	0.0020090733267371535	0.0021558903750519727	0.0023085488924829058	0.0024727620849801335	0.0026541744015323443	0.0028544256667486466	0.0030801468772316469	0.0033392857759760885	0.0036498066589521036	0.0040351217951590411	0.0045292350100485648	0.0051731324319127196	0.005925881617540282	2.6840280844870597	2.9277461979007153	2.960397657550653	1.7807162874172306	1.4838879871404707	1.479055919084431	1.4856540431554199	1.478559494680511	1.4713496029046216	1.4721153752682772	1.4727389216209594	1.4714463065831265	1.47462288025178	1.478615566143844	1.4801721048777263	1.4859858628403595	1.4885540169488936	1.4890699223968753	1.4921947503819042	1.4941124729118309	1.4959735677851573	1.4999887877935834	1.5058352333950271	1.5132629500602455	1.5248558898823181	1.5398500964030692	1.5608636102806586	1.5891681720846904	1.6305440127299402	1.69288481328096	1.7934904675733867	1.9558885989512016	1.7535027028412413	1.6497753500919339	1.5956970291824992	1.5305472873723227	1.5018814685841155	1.4827678438479266	1.4626328372899935	1.4415520796504522	1.4206290217558535	1.3997538733038457	1.3786365453948284	1.3575112845059387	1.3370563918918146	1.3168243853606052	1.2966963513170775	1.2772954996197985	1.2584399174293093	1.2403622706917741	1.2228578305390827	1.2056218741618268	1.1885273446243381	1.1715284182950043	1.1544409371969833	1.1368007421680697	1.1182803199472087	1.098622910816982	1.0774499508141482	1.0542379033566307	1.0279064932717392	0.99726835395533309	0.962401287907235	0.92901867348452072	5.467666154620792E-05	0.00010080069215433447	0.00013626607982389883	0.00016649333488355777	0.00019441788987930878	0.00022036921729859537	0.00024432386118448333	0.00026799887367270702	0.00029046981920014203	0.00031182684693616933	0.00033211092459853721	0.00035102922098257554	0.00036850057858839493	0.00038596116126230802	0.00040290503845209384	0.00041831515620847183	0.00043399027375370269	0.00045063648110922762	0.00046706867945309677	0.00048310911310550056	0.00049751304478772842	0.00051040811988775528	0.00052447192687631744	0.0005404225732478442	0.00055654426251260612	0.00057055421781498981	0.0005853578834588163	0.00060152930773662932	0.00062537321918608023	0.0006497680384612252	0.00066252677518219814	0.00066834247474260389	2.2608580879215103	2.3230935450694332	2.3629981741221595	2.3927708936276164	2.4144430835210646	2.4366832441234454	2.4635220452717097	2.4763918728600114	2.488215270217947	2.4965641651323032	2.4993102245174739	2.5009694628320185	2.5068904181775782	2.5057717253048213	2.5082749794396499	2.5220655814279112	2.5242210740235613	2.5273318119654462	2.5379659128338656	2.5458619592727758	2.5615821465796351	2.5789636842713586	2.5897311746196969	2.5965779109092093	2.59259890743273	2.58363211395028	2.5743328153759459	2.5889766862997856	2.614235026771941	2.687733435339366	2.9258089333331836	3.3643014580253605	-0.2920079617307707	-0.66942149077086521	-0.78182177741936743	-0.83505112349453348	-0.86562022678623796	-0.88509984148806509	-0.89839914620025563	-0.90719667776922086	-0.91344061255451192	-0.91816924880251993	-0.92196672565223059	-0.92522076161410283	-0.92812201793356097	-0.93058347587023604	-0.93292376441883373	-0.93553355213515899	-0.93702414723461169	-0.93774718697685178	-0.93798047981079669	-0.93747448102645059	-0.93684295463051592	-0.93635630468506581	-0.93585835905282333	-0.93510600126867627	-0.93379893695404026	-0.93285434695383407	-0.9329076736971984	-0.933835269162264	-0.93286110277845213	-0.92794874851991094	-0.92042810531808728	-0.91489462699340662
naca2412:a6:re1000000:n9	0.98220711090294055	0.89386087660404157	0.0092725760693154243	-0.049675834741992851	0.1866240592815574	1	8.3057401263851601E-05	0.00014467462682850614	0.00019348523998622292	0.00022966656571659288	0.00025636825005583968	0.00027323130716454052	0.00033203200187719508	0.00041671930442728706	0.00049941994550889521	0.00058401972705482994	0.00067607917266112065	0.00078002078023192798	0.00088290542603481519	0.00098949665350971517	0.0010939414357513976	0.0012039705135457883	0.0013230511018923036	0.0014418362014701033	0.0015629008813910536	0.0016894971001753208	0.0018241855841419033	0.0019669506809330234	0.0021189859278800947	0.0022831586745863984	0.0024614385462298893	0.0026610339140629626	0.0028898259358694158	0.0031637308096772163	0.0035040657419895377	0.0039434879567765068	0.0045207980265120152	0.0052404586525273498	2.6985746096822343	2.9234545630419548	3.0168078789415471	3.1187927373460225	3.0765172255897322	2.850382112174846	2.0934522229922941	1.6021358918597159	1.4597987746310714	1.4346808291027844	1.4551023958078217	1.4511980135236824	1.4701646451739265	1.4686738168211644	1.4756563448405955	1.4821467085316005	1.4822138451965827	1.4827023414152185	1.4839108661746407	1.4865835522583219	1.4898109495952654	1.4934533523711706	1.4994533151002316	1.5083931180092456	1.5202409028678956	1.534454398383398	1.5518143599696226	1.5746894241175078	1.6091813071065897	1.6634080698046512	1.7562931293978707	1.9117982342876294	1.7581603643086701	1.6471818884225025	1.5827430580892143	1.5458908168179983	1.5189638554532239	1.4975787846294666	1.4668297594802078	1.4375401616265542	1.4182100987527764	1.4001202233948784	1.3826207243657278	1.3617861585016602	1.3412223198786237	1.3199091342075353	1.2998298725875421	1.2806789056634678	1.2619528452764528	1.2438919064360503	1.2263414073641745	1.2090652304969067	1.191710106526398	1.1742244703067459	1.1565343205034648	1.1384109388212584	1.1196972788017072	1.1000990756641387	1.0790688920646097	1.0559746658195208	1.029748835526245	0.99914841303743573	0.96430051078245094	0.92864600341981196	5.670311344056282E-05	0.00010115460118998237	0.00013673837657769705	0.00016745002676328539	0.0001951395839704616	0.00022081177968783186	0.00024471271474315627	0.00026838745132722589	0.00029087298752184377	0.00031205152532549424	0.00033264646216559727	0.00035210502761875208	0.00037066151183120832	0.00038842856770994558	0.00040546702460528375	0.00042155722844199327	0.00043698094150546778	0.00045244031284080575	0.00046808627631347177	0.0004840673165279354	0.00049972996150065196	0.00051392452775392945	0.00052767290694272304	0.00054231223560802721	0.00055548048546108942	0.00056851039592638905	0.00058514381225442864	0.00060301563868439979	0.0006256513065305058	0.00065297670710000072	0.00067668536040181874	0.0006967941495100552	2.2563335138787579	2.3324486781231895	2.3717808864969383	2.3958571812115967	2.4187335084314228	2.4385188897554473	2.4591715632815077	2.4679270958968624	2.4783179944434264	2.4882860479435078	2.4924142986966671	2.4981944473525517	2.5026536216052255	2.511405818574715	2.5163878090770537	2.5236336025810249	2.532458056382783	2.5434107733798474	2.5581052011133614	2.5686677556322399	2.5813994231201876	2.5929880385530342	2.6010596247994391	2.5998099344099099	2.5962834916067834	2.5863723072458078	2.5688170085024464	2.5899268823016186	2.6504606189803082	2.729848555708446	2.9046824039507548	3.2506163374002486	-0.27683348991452594	-0.66460693572254859	-0.77731185968101713	-0.83044331700096186	-0.86149137357388561	-0.88134645619062124	-0.89514699456992586	-0.90460766760472155	-0.91156873469625843	-0.9168883446198437	-0.92096100508645384	-0.92442430023657218	-0.92727467183107681	-0.92994236708290723	-0.93206283345627616	-0.93401705074794916	-0.93550151791009672	-0.93656340820003048	-0.93708186814576866	-0.93695835377030179	-0.93642723437866171	-0.93592518013142678	-0.93564179848581674	-0.93513502892543698	-0.9345640252311791	-0.93381744651656151	-0.93276562308151245	-0.93210602839053336	-0.9302518174586849	-0.92491259088983613	-0.91707119605856313	-0.90954825860701205
naca4412:a-6:re200000:n2	0.99379970144951568	-0.21529910139177807	0.015533827734945146	-0.10108338953312004	0.82740197831664097	0.037073197675359444	0.00013955689792545609	0.00021853025647030944	0.00027992107139750556	0.00032908021223722041	0.00037305135271689199	0.00041334503547462537	0.00045220944196189223	0.00048786585112762842	0.00052591244333342218	0.00056744917062631563	0.00061158454536110662	0.00065551391185971364	0.00069893290419225968	0.00074376398421221654	0.00078867743846856007	0.00083230772079385896	0.00087753988214379843	0.00092369437920272019	0.00097186578640924017	0.001021876868366357	0.0010707736554243948	0.0011186645228395996	0.0011678022151265944	0.0012173492885240562	0.0012697320421046114	0.0013056623793266571	0.0013681891295191713	0.001514189584053487	0.0017377121258148897	0.0020089442023964047	0.0023326114409155888	0.0027155850875273395	2.2447536093324447	2.2991045857986303	2.3164965333028391	2.3398837558276941	2.3521984211779134	2.3638377543840874	2.3679521627415387	2.3904671963931845	2.4121888243192386	2.4374146772654228	2.4621099622033396	2.4987448569097204	2.541485677602954	2.5680077056405075	2.6029584521802711	2.6362708025208996	2.6598527390538322	2.6883375056091481	2.7238243390251	2.7528332796097579	2.7957212910104769	2.8432344939037049	2.9064964426444075	2.9950414870366187	3.0803667830669861	3.2077119690887024	3.1607054656957883	2.856857028728633	2.4138720483620522	2.1169476138264729	1.9573714240508733	1.9970369694129779	0.24121813903363576	0.67262540277970795	0.83188997418061184	0.92541038817860199	0.99080139865474559	1.0397171037436972	1.0761392758706256	1.1035664600891013	1.1233744693573451	1.1367386759561986	1.145085890857489	1.1498025926786433	1.1519191611390829	1.1513714170661518	1.149265833302008	1.1456331899791601	1.1404047688767376	1.1345476129587933	1.1287181300123403	1.122966507818064	1.1175675565804617	1.111937457190697	1.1057801452154521	1.0995798026884585	1.0929626577599956	1.0869303778060626	1.0770800377885505	1.0578943297435963	1.0320962602404982	1.0026871658976308	0.96956394184227701	0.93488202785320795	0.00017499990631807314	0.00040455030934149837	0.00072444171018216301	0.0010070857208296239	0.0012695445384433668	0.0015245074692128791	0.0017894079680857366	0.0020394850194054683	0.0022808185090317226	0.0025001571331049808	0.0027201089046312316	0.0029422456428433016	0.0031522388782560967	0.0033393005199197951	0.0035192260276037269	0.0037026927826096919	0.0038829574662288288	0.0040565050568788083	0.0042307158844308163	0.0044055715392947222	0.0045829315459537711	0.0047644052551529068	0.0049492468615386772	0.005138153784197518	0.005328730548325342	0.0055398904744874628	0.0057722295506513789	0.0060238442336156455	0.006313137072866121	0.0066624003091849465	0.007075079625317485	0.0074322226408613705	3.017187893463527	2.9084080438793798	1.9624389639636335	1.8327201048260959	1.7860075462764426	1.7488635094773193	1.7184008427070223	1.7111716747059962	1.6899186672979372	1.6638208040726168	1.6421167785552808	1.6255262756724944	1.6006058078737395	1.5884603540409246	1.580681355544856	1.5664296732915453	1.5588420336926585	1.5550478468773856	1.5506909816256709	1.5483059567188413	1.5477687469899648	1.5471704600608067	1.5475142301628784	1.546327750195936	1.5476853751741046	1.5483138313829943	1.5509377732191885	1.557774092813321	1.5690176899906161	1.5865324641442831	1.6103588731273477	1.6334831584121479	-1.9113309564588925	-1.6505927881413538	-1.4845367588467395	-1.394936696173563	-1.3316403878801994	-1.281879654427311	-1.2408115930904393	-1.2073135428951356	-1.1785641385971906	-1.1545689778843042	-1.1346584425634896	-1.1170221186868661	-1.1006851942585676	-1.0868217216965439	-1.0747291588953605	-1.0636278718860868	-1.0538400936676593	-1.0448683023106726	-1.0362489043335965	-1.0281744446472989	-1.0203652794576057	-1.012579028751545	-1.0047813106716783	-0.99692003027138365	-0.98925892849895036	-0.9813183726998429	-0.97274755516668665	-0.96336377028307052	-0.95258102903950426	-0.93985872736276432	-0.92577626316421946	-0.91563821575705784
naca4412:a-6:re200000:n4	0.98715045351099251	-0.2198801151417846	0.016092588714494982	-0.10201384985319531	0.90312201872905851	0.050662320569723501	0.00013850798763403969	0.00022168507765756975	0.00028050654344111245	0.00032928962228649222	0.00037329968907451799	0.00041407777104582799	0.00045294686408593087	0.00049027250811677396	0.00052884714903959223	0.00056958574791830276	0.00061348786450308578	0.00065809075619059328	0.0007040317380451836	0.00074886358975913378	0.00079424056484991422	0.00083885311107872648	0.00088467357429221881	0.00093114617291272222	0.00097702255389469457	0.0010234933687483022	0.0010688349154969869	0.0011152002060660711	0.0011664492194610769	0.0012201090241104086	0.0012744251639152065	0.0013238335683806385	0.0013833096959444079	0.0014488529256683749	0.0015486618991482225	0.0017987989901311768	0.002260714420314103	0.002857808435707663	2.2463056813735385	2.2937922736350043	2.3140416703067421	2.3360044252095231	2.3483178734064225	2.358708554328766	2.3688880005405908	2.3887528273558591	2.4130100033085649	2.4412793241164521	2.4645955922747347	2.5009777557154682	2.5315380858893279	2.570318615621439	2.6056604206427272	2.6455164412308605	2.6733345929016106	2.7011559622917636	2.7361250332949525	2.7706565487185402	2.8203633669733312	2.8818829299169444	2.9570693067922043	3.0870238582648248	3.2729624613893873	3.5382567275671231	3.8222317775772998	4.1398666995550073	4.29297201877002	3.8218513693517946	2.9706459076098355	2.5264048538538222	0.23966720978627243	0.66917369562874962	0.83090746613656496	0.92531063859273699	0.99031590882444742	1.0381912119288643	1.0739259647196997	1.1008585467746048	1.1204458903196786	1.1339202647834645	1.1423899509030919	1.1470077437186688	1.1484445348355918	1.1480551338273308	1.1459705245677787	1.1426878192924732	1.1379478004499597	1.1324360879308208	1.1268447579353764	1.1213134428119755	1.1157853632402808	1.1094648758382797	1.1018771097939888	1.093958993279591	1.0866088600292692	1.0799397963358992	1.0720248437563518	1.0632317163853047	1.0504720810612067	1.0236531636100956	0.98240712633619109	0.93705203052508113	0.00017880762875178746	0.00033459124559361442	0.00078408390610350644	0.0010621636444508192	0.0013218941597225569	0.0015973010910472732	0.0018852611422765187	0.0021473339777468652	0.0023910848719959814	0.0026028595909414918	0.0028191702178290861	0.0030444018313910744	0.003259483481431914	0.0034483962691255585	0.0036365999906610401	0.0038279552670499937	0.0040167249550487087	0.0041987015795102445	0.0043801506251814728	0.0045613391301734096	0.0047459245278996974	0.004934646880544194	0.005124349097327628	0.0053216010868104811	0.0055210185834932268	0.0057436712320529885	0.0059859089519148116	0.0062382069467442009	0.006520869769031574	0.0068517003851518909	0.0072389346882401938	0.0076105100629581491	3.0458787287071671	5.4963534316123486	1.9525118042131335	1.7029092236179411	1.6809531849135722	1.6664962709590698	1.6419183284762999	1.6441513136627866	1.6339475331057007	1.6232685560553173	1.6108132789455096	1.6014841750007252	1.5824153169101316	1.5761089438522762	1.5691880756190482	1.5587384508701307	1.5528563565575442	1.5500997549848776	1.5474762730968503	1.5464423313282054	1.5459299890555716	1.5458394933435722	1.5471253240013056	1.5456009823812435	1.5473725060221755	1.5483467722072348	1.5507152293159778	1.5571931088093951	1.5670447797784322	1.5825642695424267	1.6034285225224496	1.6289664433025095	-1.9008959510250123	-1.6967127724514968	-1.4854652627463831	-1.3911810810523306	-1.3279374734340632	-1.2782593261933251	-1.2372019627397746	-1.2043481859179337	-1.1762051043533996	-1.153221198746087	-1.1340850852864426	-1.1169593956697148	-1.1009529263621607	-1.0872986145461176	-1.0752096899477306	-1.0641053296657705	-1.0541809267131079	-1.0450575632219032	-1.0363789582914222	-1.0282574128907809	-1.0203760102877466	-1.0125509832427579	-1.0046967212401137	-0.99654894151376361	-0.98845431417582508	-0.98004650652364167	-0.97120847041913083	-0.96207718648689855	-0.9521791283054053	-0.94103558492507511	-0.92867356759953246	-0.91843845543228908
naca4412:a-6:re200000:n9	0.95499721789496117	-0.31222146199956291	0.022503309564474695	-0.087903934530382047	0.960966751519294	0.068254790713105279	0.0001457956912871246	0.0002224288487100891	0.00027937090818462714	0.00032821782817335135	0.00037327381800136481	0.00041292669419062147	0.00045061537353729666	0.00049100413704523406	0.00053108067479163204	0.0005705046539637589	0.00061426891134866543	0.00066025390287256867	0.00070814830728949054	0.00075162913516742225	0.00079639951707041582	0.00084311793183845882	0.00089113931376389821	0.00093731030033779967	0.00098696815586152699	0.0010458054335926411	0.0011081690526939549	0.0011670540738794428	0.0012252863009025706	0.0012801670671251006	0.0013318037086853484	0.0013608229990434938	0.0013587496426511123	0.00136266900920869	0.0013821200337638517	0.0014436796300031013	0.0017375362829915913	0.0026412656275416509	2.2360154440003908	2.2909451175138367	2.3084846829149188	2.3315009725599007	2.3400008137320043	2.3547707067942607	2.3772943823099433	2.393610825297924	2.4124157809470699	2.440959762006814	2.4646970829161092	2.50788237269217	2.5294550061827743	2.5698834137931952	2.6052450321801048	2.6463674545249707	2.6979569484799359	2.7515906276203816	2.8029519497787829	2.8701400767845211	2.9863825668051383	3.1888474518154357	3.5181715877347686	4.0404289940731912	4.7327084837144957	5.6798430642767075	6.9109742328100099	8.2606443677247849	9.7200189746238372	10.988856835980748	10.329395805461902	7.0129955903421752	0.20527662540178715	0.64025082367233865	0.80618781590823896	0.90371188729180885	0.96970888869954064	1.0179419436536898	1.054100706296154	1.0804626102469823	1.098911805686718	1.1118095632327347	1.1203617862125723	1.1250408373603329	1.1257839811338481	1.1250723748691573	1.1227023194874188	1.1193583653002621	1.1154724141825354	1.110687156268833	1.1039485383539842	1.0943404152879683	1.0827048565380917	1.0711146551918787	1.0612283253079953	1.0539606616141988	1.0485845458762291	1.0459162167710363	1.046137721212691	1.0460880751899395	1.0452387692282747	1.0428339599150336	1.0223523342384271	0.97079271015550295	0.00019229264237057765	0.00028584866149671326	0.00080130005554134628	0.0017150500737189934	0.0020896678248958802	0.0025344203648304583	0.0028830552333427859	0.0031651064660784406	0.0034680832813197377	0.0037813808427637043	0.0040787283030316781	0.0043529136578469262	0.0046121031944633181	0.0048431016432873937	0.0051067804178378511	0.005326742873410212	0.0055416609491259847	0.0057701720976847896	0.0060023933062501181	0.0062603205779736756	0.0065204153678436383	0.0067802913279909512	0.0070306752175421736	0.0072710960513648441	0.0074947840738556898	0.0077119079804319202	0.0079328079066758664	0.0081485400623362431	0.0083926239617883747	0.0087214392659113616	0.0090947903573399894	0.0093737775784855405	3.6855636930386968	12.373384517205571	5.7606173665149267	1.9015742547935468	1.6182020883793244	1.5156013840495395	1.4826838262591437	1.4717930854764469	1.4524242665968026	1.4457368252093108	1.4409810607437894	1.4378932616980415	1.4379876293059888	1.4453633911269161	1.4359354420762531	1.4445959568970532	1.43780334214395	1.4289763062614154	1.4316016775248122	1.4349302513910083	1.4364830947016787	1.4393477092223068	1.4407875323257326	1.4429006483476947	1.4488657736434951	1.4554740665051045	1.4582454383724075	1.4617964895999318	1.4657425070967993	1.4706695783546302	1.4824212014269817	1.4867645520037696	-1.8694910467062333	-1.7653220150604267	-1.5958801798234954	-1.4189637185290511	-1.3431617255972093	-1.2890445095869811	-1.249235752156771	-1.219051857360451	-1.1918379901522109	-1.1675526266853675	-1.1460860590131938	-1.1281165752897433	-1.113463485882445	-1.102166812789658	-1.091753394621084	-1.0830427299774033	-1.0737317011077927	-1.0643618411805782	-1.0553676253220938	-1.0460917811785537	-1.0368005229120678	-1.0277235314453672	-1.019024248258702	-1.0111355168512566	-1.0044150427155194	-0.99840135774749461	-0.99230841773213596	-0.98579092036117222	-0.97821280809291267	-0.96871689186269938	-0.95890389695056122	-0.95296459578236026
naca4412:a-6:re1000000:n2	0.98298399811842641	-0.21779598668108041	0.010027808210728649	-0.10015911829214774	0.65820949250196392	0.024749920035184031	6.1198810607911638E-05	9.8069617818905707E-05	0.00012491417582311865	0.0001474614082554233	0.00016727609231950827	0.00018540585904040744	0.00020294954871762964	0.00021961814952282612	0.00023709746303007473	0.00025535612252640096	0.00027341739346044698	0.00029239600367280208	0.00031188717834857148	0.00033269586476246025	0.00035210387570952485	0.00037282459126255059	0.00039465533034039685	0.00041587769428153107	0.00043564956824105515	0.00044951016668795318	0.00046270377658868324	0.00049285970283675907	0.00055972813809189437	0.00064251147690593728	0.00072378785184090645	0.0008043610609236707	0.00089541326016529053	0.0010027704316366111	0.0011225514320874713	0.0012703359279594203	0.0014723210157852021	0.0017823523295258143	2.2510389255412804	2.2973321642470408	2.321664255485282	2.3366360236738868	2.3501454341916967	2.3670548770326993	2.37687636950182	2.3971842220303183	2.4172340288198884	2.4418302921748811	2.4697171676124858	2.5010329327377496	2.5503968717233394	2.5735242144631627	2.6149236369308655	2.64739994925745	2.6808946706671941	2.7123659926568076	2.7444974255369008	2.7849415843769094	2.7312148773692084	2.4330604894687653	1.9086268486630991	1.6007344691958643	1.4708358668443868	1.4519768897786514	1.4538549210545404	1.456509671017354	1.4699481461204471	1.4888631240826353	1.5234629430878606	1.5990683100069776	0.24385685521152844	0.67097538571666671	0.83269099939398072	0.92609852615515476	0.99018547272726443	1.0375584104495847	1.0731253865851471	1.0999382896660008	1.1194590930240313	1.1326884460140305	1.140918106431422	1.1454094052498103	1.1473174846849856	1.1458870537288355	1.1434808770813556	1.1401686216616054	1.136927280083917	1.1333375705764825	1.1291655896021764	1.1247769699887198	1.1197760807151347	1.1112293783840361	1.0977678820599572	1.0864786654437868	1.0786397074765968	1.0710149847663171	1.0602463431782305	1.0454776194280957	1.0274967601529383	1.0046381808047216	0.97422234852620915	0.93073809742706182	8.0115293951513007E-05	0.00022190862712236648	0.00038001423188635335	0.00053953444756861622	0.0007096305528382095	0.00087477266861828379	0.0010347709137967416	0.0011936562352122704	0.0013449092649028911	0.0014908344988526362	0.0016346996378348931	0.0017748520191573896	0.0019101283229938284	0.0020367314656162721	0.0021619634188973758	0.0022878819138679317	0.0024144244647250992	0.002538217005802066	0.0026626990008938914	0.0027892758057517426	0.0029162306479026149	0.0030446857210243844	0.0031758395863014082	0.0033111516421362795	0.0034521484920572252	0.0036008387945364114	0.0037567743137696154	0.0039255917462647939	0.0041167501694497821	0.0043434573124604449	0.0046287266539030607	0.0050025262713182823	2.9594026776088294	1.6096178732450312	1.550551298529814	1.5485228086700753	1.5349835156453202	1.532263438066215	1.5300863278692185	1.5317039889340551	1.5281862130453878	1.5197130039491518	1.5161353598560274	1.508981048628389	1.4975423050056227	1.4927153945715645	1.4856763402867927	1.4788134454513429	1.4751125520365569	1.4728112872849721	1.4711859653639519	1.4703542489403936	1.4700853964968059	1.4698537895433694	1.4691220806755998	1.469162726718968	1.4693794311084254	1.4700957530573779	1.4723967978412813	1.4758375053529602	1.4826757970494877	1.4972716937639474	1.5189499026210558	1.5455398217421799	-1.9164719835466262	-1.6238191873036421	-1.487296727446219	-1.396805320062346	-1.3302996101719353	-1.2785350250856731	-1.236822064199435	-1.2029156406666244	-1.1744600599917236	-1.1507295919172986	-1.1308873306419782	-1.1135703377949717	-1.0982531327324485	-1.0851174892636539	-1.0732995752813312	-1.0623762414927826	-1.0520309827294207	-1.0422295349175288	-1.0328307537865049	-1.0239380649266701	-1.0154803640194787	-1.0072348038132419	-0.9990544482920638	-0.99085716972976523	-0.9826441709787459	-0.97424174259689722	-0.96549130239305847	-0.95615443772114483	-0.94572554465633896	-0.93362126506598442	-0.91909492793384207	-0.90158069448867129
naca4412:a-6:re1000000:n4	0.98432296972507571	-0.20866110165517418	0.0093642117080047545	-0.10221064014071332	0.79292863312640638	0.030895530811454963	6.010489541314419E-05	9.835421300189031E-05	0.00012520574292704893	0.00014755143977895297	0.00016718606589183807	0.00018519376171581599	0.00020260206558763322	0.00021924880268045337	0.00023684274743017937	0.00025575070544999178	0.00027474823085388609	0.00029389968620612629	0.00031333173815256823	0.00033493181876745017	0.00035633975725312946	0.00037752995166689794	0.00039785347236370424	0.00041725368354124316	0.0004357217851580669	0.00045461728423489424	0.00047482544894310682	0.00049661901150547529	0.00051764300556346411	0.00053406970767027673	0.00054795417007187338	0.00058042859645028155	0.00066282680209837333	0.000772406443378493	0.00086981590968816358	0.00098776131731339082	0.0011624599929590932	0.0014357203030844539	2.2523824773459413	2.2998851494245902	2.3197763941671083	2.3386780107182252	2.3498237319152397	2.3647157317101088	2.3760088822796983	2.3960756747236531	2.4189984556490765	2.4440819670381058	2.4706607631143216	2.5003622068846689	2.5474011323989845	2.5712766347081994	2.6047558755696167	2.6351531789266152	2.6619118869111591	2.6939957432614543	2.7319610856699525	2.7575618687574126	2.7872385316956971	2.8219344119454437	2.8893935950889382	2.9875361437233927	3.0028608392813583	2.6521852314830752	2.014540995399364	1.5953535784595974	1.4854899397986308	1.4882114643973907	1.5115932984735025	1.5597902620681268	0.24606150384629566	0.67240325914412102	0.83438323215494858	0.9285395497199983	0.9930658847930367	1.0407814381648797	1.0764344968283652	1.1031145207581754	1.1226710957744395	1.1357956630277766	1.1438898223671008	1.1483027072279191	1.1500266126544434	1.1484030513227221	1.1450408575968234	1.1405113580288391	1.1352546434707507	1.1301731068508227	1.1257332729719687	1.1216159932613665	1.1176817217174779	1.1131533654503443	1.1077847836729038	1.1021162441212413	1.0947142770008935	1.0822702346690913	1.0612775527727671	1.0406988632104655	1.0259905617020051	1.0073402734848866	0.97775359302492226	0.93226051002798616	8.0181068425315012E-05	0.00021770158581306347	0.00037187078548636356	0.00053019598182837491	0.0006938485252666847	0.00085919826961922759	0.0010227100576324657	0.001178014748964363	0.0013254311647687405	0.0014696551895142537	0.0016102686914998452	0.0017457311597684714	0.0018776511387421267	0.0020044322204607638	0.0021297631358222881	0.002255421533200035	0.0023818938731175071	0.0025064799269613513	0.002631963109089106	0.002757569109930867	0.0028817205570450129	0.0030053062140364298	0.0031308978876346347	0.0032612212474996821	0.0033968365732851176	0.0035421905510721863	0.0036983286718866209	0.0038718497123601753	0.0040704851174299256	0.0043029514829787197	0.0045897298061428286	0.0049506069037225948	3.0103997332411705	1.6030885192956739	1.5312039978186556	1.5362260383122988	1.5345509693967805	1.5318772600417565	1.5251830045266239	1.5259763219755351	1.5243380885679196	1.517313437098794	1.5129726655543665	1.5054402133821732	1.4943910614171485	1.48947247141758	1.4832456773379119	1.4773114938845853	1.4741557615327556	1.4722396874408865	1.4709547820262252	1.4700431080517744	1.4698933824213323	1.4691313331425691	1.467964198251658	1.4669881281665462	1.466767716031008	1.4678476870416621	1.4700428900421443	1.4736783136900251	1.4812213551899487	1.4967172933112161	1.5200975136887895	1.5509486413843945	-1.9067786825631596	-1.6192035849995083	-1.4858304939499465	-1.3953311225849421	-1.3290277417531142	-1.2765979368850413	-1.2340216383950311	-1.1997682650612878	-1.1720506134182995	-1.1491320580980349	-1.1298938003959669	-1.1131750320514879	-1.0982636801155108	-1.0850710670408881	-1.0729690580295577	-1.0617076392443034	-1.0510073840497944	-1.040888448844461	-1.0312270781876189	-1.0222291067106135	-1.0138486410476382	-1.0058326548983436	-0.99797355986283942	-0.99008496574649896	-0.98209180985435263	-0.9737616363774324	-0.96484224081632042	-0.95509514367974147	-0.94411380095312269	-0.9316427073569038	-0.91714981863481282	-0.90044908445950145
naca4412:a-6:re1000000:n9	0.9840049530067484	-0.19961741444278125	0.0092146841764593444	-0.10493784601977192	0.89081587152325903	0.04193360126577661	6.0703245734312555E-05	9.8636224799836985E-05	0.00012554741457822494	0.00014770218194629144	0.00016689980271247727	0.00018495892468755468	0.00020228314503977285	0.00021951751719149779	0.00023775521971298793	0.00025651452529276974	0.00027550650601334837	0.00029497589306677196	0.00031496899567619389	0.00033567773440103119	0.00035645132668435565	0.00037802397839171623	0.00039920912346184701	0.00041908057427187924	0.00043738032629951791	0.0004570176274230277	0.00047815619651854518	0.00049975017099816461	0.00052092523762704054	0.00054051082090334857	0.00056630988036816886	0.00060227119458949473	0.00062111513267358522	0.0006346709166131537	0.00068793755597454419	0.00083667570919650084	0.0010875807335824651	0.0013428330068103649	2.2432628315202772	2.2978174575165671	2.3225225913299075	2.3367323624888958	2.3480343841168025	2.3596390478961506	2.3716569067832833	2.3880861955814634	2.4138886793807259	2.4443361260941794	2.4695153957930529	2.4993966849472273	2.5344082868765847	2.570627358733514	2.6076506540939328	2.6427675912462272	2.6765392095478893	2.7127232224904958	2.7474330671227825	2.7703047337368298	2.7996423481875978	2.8441221083249522	2.9138341128115735	3.0643917699841388	3.2566866095181326	3.4952972271374434	3.9434105579225571	4.2386165149567869	3.5764124704342404	2.4810745133700252	1.6094057065162859	1.5446941589162244	0.25043617393832984	0.67653888597428458	0.83612192646689054	0.93033928092893925	0.99574664111105504	1.0436635787828912	1.0791733739191676	1.1056194234420922	1.1248675137608721	1.1378586175826908	1.1457308796722634	1.1500845770113781	1.1515676747174175	1.1506201716111333	1.1478670949767706	1.1437768023933175	1.1390512306728562	1.1340553078825466	1.128641604114905	1.1226586924382222	1.1165419184717376	1.1103744636780308	1.1041086661699016	1.0985114545492749	1.0919111990866002	1.0831274007512635	1.0761483871848347	1.0671037192008521	1.0478158288025696	1.0120596578286227	0.96681677408925915	0.92499704070525013	8.3020706971268461E-05	0.00018151413439065886	0.00038475225083055747	0.00056052099835782979	0.0007313568103569846	0.00089350186326341377	0.0010640762826558466	0.0012231947193135423	0.001377730035102378	0.0015313783204584765	0.001677555085634395	0.0018118226387050377	0.0019395358638085117	0.0020675382290888458	0.0021906128231000228	0.0023093354695639928	0.0024303988716741433	0.0025543517496772884	0.0026832835254163323	0.0028137577794409801	0.0029440177069766562	0.0030746791213546515	0.003208102160674743	0.0033472714162884579	0.003487646247069705	0.0036334578278231213	0.0037882087186272384	0.0039592362342504564	0.0041620905678419239	0.0044078375998347951	0.0047181358245046469	0.0050878826875015923	3.135420999473681	3.385178004597742	1.4315324081954885	1.4350997080305521	1.4842022179170042	1.4996731877799374	1.5023470385602491	1.5126467945584499	1.5147785913740353	1.5116703109600067	1.5070050006501956	1.5035365845491628	1.4985227412146565	1.4858803204495483	1.4824574214906479	1.4782153160910882	1.4715329147955643	1.4673826538877976	1.4663474449262044	1.4654779524988506	1.4653128335008756	1.4658717116105862	1.4659071082097384	1.4652787468871815	1.465611190993146	1.4669146655439476	1.4679710639417911	1.4704470549013839	1.4759779535811022	1.4895659765203326	1.5146108314035884	1.5571812627441273	-1.8878169173392032	-1.6637605502486219	-1.4724427995007363	-1.388895564313716	-1.3250427818448416	-1.2741028127333642	-1.2317012798989762	-1.1965038895076634	-1.1678888035547024	-1.1442667786908491	-1.1247203978089493	-1.1085180665608951	-1.094483470184225	-1.0816165455253577	-1.0706316043757464	-1.0604733501292289	-1.0505159957283525	-1.0409424132435632	-1.031599324915067	-1.0225821943866213	-1.0138565729122448	-1.0053508373626339	-0.99686068666258953	-0.9882805533493586	-0.97985325267165013	-0.97141278816537957	-0.96271096212380436	-0.95339422584286115	-0.94270498329362851	-0.93011649968352517	-0.91505465662523311	-0.8986687300199353
naca4412:a-3:re200000:n2	0.98668113129726154	0.11226656624907691	0.012973374802620691	-0.09946636635569632	0.69081660569925019	0.084915268709185976	0.00014326201715837269	0.00023232491283292484	0.00029842490878473604	0.00035141097327139102	0.00039787276991532525	0.00044023407326211622	0.00048166769678832514	0.00052063434101494877	0.00056189736788917312	0.0006075237282850564	0.00065361186740742357	0.00070014496972546083	0.00074656720596454312	0.00080030249157010246	0.00085250081412362481	0.0009013006556552656	0.00094806899108822423	0.00099655490497294118	0.0010463961459612294	0.0010902102307365248	0.0011330124764035974	0.0011744120819337631	0.0012327504168279013	0.0013522932757596747	0.001515507503470232	0.001699035541480557	0.0018728319455583642	0.002037321690481255	0.0022338892984999255	0.0025100426572539289	0.00289437625351533	0.0034155131416852571	2.2845012149240134	2.3363720679760061	2.3607266484171556	2.3794483731479747	2.3915288225795579	2.4060857140500742	2.4130242655893182	2.4409445327628494	2.4695659605472824	2.50042022181368	2.5357097886713276	2.5787827306048254	2.6470066276228676	2.6774136681870062	2.7333163724534328	2.7894762073755159	2.8412139997868393	2.8873710747147174	2.9362553920557128	2.9905127647533232	3.0082085657348161	2.9932622007990295	2.8611245555865152	2.4963012858479678	2.12626424098015	1.8703423495669955	1.7377536491650858	1.6942864687070935	1.68365870512202	1.6775819176944382	1.7064219211071978	1.7952885672197416	0.60833627594954864	0.91701100351213116	1.0282172666048355	1.0927529635891404	1.1377872597720522	1.1714833200005903	1.1961018884669463	1.2135950886515299	1.2246621736968921	1.2297795960754703	1.2302379683833289	1.2276523526730774	1.2234292036549608	1.216473575703001	1.2094797145028948	1.2021707163754236	1.1944735896740628	1.1867119728561513	1.1791722748978803	1.1719191266986566	1.1644511501932027	1.1566826913608363	1.1466352348371762	1.1299083641559586	1.1100889069591648	1.0902346092639978	1.0712366830549274	1.0532696985509324	1.0323340695392307	1.0055835377652604	0.97242895461071455	0.93407890428884821	0.00016099836576203341	0.00032994921501029891	0.00044481959741648103	0.00060959007538744089	0.00082974179714290805	0.001015864265626469	0.0011903319805215669	0.0013641371720429861	0.0015397141142448618	0.0017019920126745936	0.001855088205316159	0.0020003422640592346	0.0021350636357045623	0.002265903716525664	0.0023988769460514532	0.0025288464550905203	0.0026558009807560634	0.0027854631781004916	0.0029142548627369485	0.003044669868888896	0.0031768510779277529	0.003310343242717837	0.0034435834881080393	0.0035697041188238413	0.0036909596723726018	0.003816057282019442	0.0039462507825672255	0.0040888143271578326	0.0042577944306292246	0.0044694192343786646	0.0047255188492947514	0.004948291787969559	2.6019908983386446	3.0804495199488984	3.4820046066156056	2.5691197949000015	1.9283478330248427	1.8073163185301673	1.7456548542682702	1.6942217978273033	1.655163335928455	1.6300617313981045	1.6029418015597541	1.5867057610291173	1.573394020302465	1.5628218195613444	1.5467644015656392	1.5401784614280734	1.5361425856923501	1.5297706432994969	1.5265105414817963	1.524524642947817	1.523513265143432	1.5225149965431326	1.5210601167418538	1.5199365727954461	1.5177538877365691	1.513649458865356	1.5123176672758294	1.5136824542742222	1.5190523402642282	1.5290237449919952	1.5463208442689942	1.5656672757436192	-1.5208552222916318	-1.4096055917389874	-1.3333561784376773	-1.2579245737745093	-1.2041824916301818	-1.1691105065283234	-1.1399124830015164	-1.1160328362389438	-1.0969656220708095	-1.0814100776265387	-1.0679972973009908	-1.0565201986722321	-1.0464499351700924	-1.0375315292026976	-1.0292058611315453	-1.0220548885328875	-1.0153627048079537	-1.0085855959035788	-1.0016564657877858	-0.99475650467168297	-0.98803244353889885	-0.98153229328534064	-0.97542833471841228	-0.97001510798250923	-0.96520701952475996	-0.96065948046016381	-0.95591391517523339	-0.95032611962288494	-0.94288766015994407	-0.93283161517941726	-0.9209013192606389	-0.91261182171651489
naca4412:a-3:re200000:n4	0.98743182769520721	0.1189356717086498	0.012600509503410981	-0.10207842863116046	0.8005163598483741	0.12450269755797766	0.00014332952854800407	0.00023236327103180602	0.0002971519640914421	0.00035084376586665947	0.00039717023219497372	0.00043946556910006524	0.0004812368545747596	0.00052177943920328831	0.00056324810092869349	0.00060681303260322166	0.00065336415264398732	0.00070033697206704163	0.00074751323659789383	0.00079806058548679778	0.00084890077685862016	0.00089769283951678981	0.00094652184207973393	0.00099639345305649481	0.0010477791567329734	0.0010994011895533356	0.001150005234702157	0.0011973015370030126	0.0012435957196016752	0.0012908105677118813	0.001346833485769138	0.0014194247527958735	0.0015890081724173279	0.0018650216932316027	0.0021776479280808769	0.0024854039948803311	0.0028350373909521512	0.003334429706567066	2.2818925091293774	2.3333388630910692	2.3593692867634206	2.3765339883371852	2.3895687554411893	2.405043220015421	2.4132586885810099	2.4360388993614475	2.4650071550898023	2.4977836789009658	2.5305626956868945	2.5777956016964456	2.6408002809761655	2.6941734706710143	2.7514710045985638	2.8114877019854014	2.8676061135117199	2.9298242601600748	2.997702821021083	3.0585554294581363	3.1348271238223964	3.2236387763322276	3.3503567527316798	3.494770934923531	3.5774451816377102	3.5126276075055873	3.0357677683001629	2.4594653325584668	2.0481823024116617	1.8755201434748643	1.8422078915651652	1.8913503507158969	0.61156511374359812	0.91975181728203481	1.0319289584794782	1.0961573634797384	1.1400669413380333	1.1724160604733485	1.1959949371964897	1.2128659666414463	1.2237349672738902	1.2292535383834617	1.230376312996504	1.2285097499941171	1.224417257940142	1.2182059944114079	1.2107138330553568	1.2024332602218686	1.1933988389215129	1.1844002150324406	1.1758059372588965	1.1676214938952052	1.1599738916350579	1.1524543300591188	1.1447330578124997	1.1367877004178359	1.1275028795445541	1.1157696779934798	1.0952261807420629	1.0659481223086869	1.0355867567169716	1.0057381112625636	0.97297296925811905	0.93367495752587226	0.00016135569863105106	0.000332744525225443	0.00046961473835127165	0.00055439253205898543	0.00073223423720104712	0.00098380475323897793	0.0011240890456022182	0.0012960160389327673	0.001484054981784769	0.0016404990445147132	0.0017839914603031508	0.0019201072429733148	0.0020486663202429075	0.0021739992890149515	0.0023063677316614616	0.002437141452911692	0.0025646839694198975	0.0026941532782577748	0.0028240901097413467	0.0029557691826916197	0.0030897960146716928	0.0032229787332748181	0.0033529600096096736	0.0034767590742553968	0.003596860454205555	0.0037236470503503117	0.0038561740761391644	0.004002813452875024	0.0041761716533866341	0.0043889605793931263	0.0046446268408949038	0.0048869075930051235	2.611549520752559	3.1272857627458754	3.6283385343271704	3.9762420119472393	2.8239120357162237	1.8948952070194351	1.748625323508556	1.6910213300919172	1.6356712016592527	1.6194525672942348	1.5938390724859999	1.5746325048941696	1.5643054833748351	1.560923624515165	1.5410646909672228	1.5345060137170456	1.5324449558757294	1.5268433042108436	1.5241110986401951	1.5222068844247947	1.5217529364697686	1.5213602273723223	1.5201029804635633	1.519199191694151	1.5170452060974853	1.513220020939994	1.5127711696396406	1.5152766533780737	1.5206216587386836	1.5311755541173842	1.5489382117613921	1.570696472935853	-1.5135040170518408	-1.401793111443383	-1.3262553972068183	-1.2788810686423473	-1.2183005344614013	-1.1632562741978534	-1.1336591657093709	-1.1119669220019788	-1.0927364578068492	-1.077961226818005	-1.0649378456520213	-1.0540072745967122	-1.0449644850509598	-1.0369463954464981	-1.0286811833322314	-1.0215085115680438	-1.0145900703822348	-1.0074926888104958	-1.000195747368209	-0.99300533054301621	-0.98609902686340745	-0.97957141923651392	-0.97363778467222184	-0.9683756485600159	-0.96365769828415215	-0.95903742906422118	-0.95417071729288727	-0.94837227470574659	-0.94075131988536354	-0.93085469924370412	-0.91935016270780923	-0.9102947357224378
naca4412:a-3:re200000:n9	0.97128615969072196	0.12036188481502436	0.014667916538946045	-0.10719638400953513	0.90168344134795742	0.17472980530960364	0.0001420257685704463	0.00023478669355988139	0.0002979089497117932	0.00035064992864291096	0.00039709646278443533	0.00043867617325644227	0.00047930583613208492	0.00052141155306080695	0.00056482130153438976	0.00060819831431371742	0.00065425528901185391	0.000703381861592125	0.00075642826518969525	0.00080813203685331351	0.00086051220860381729	0.0009133982645616283	0.00096596018082609572	0.0010173022723083728	0.0010661531613957124	0.0011210027373716939	0.0011785003235326656	0.0012397161795024152	0.0012980333447517613	0.0013429409402390894	0.0013752022008514993	0.001377112035239463	0.0013783149675589761	0.0014390928303091605	0.0016594882455718807	0.0021979139327664415	0.0031686398595285993	0.0042544610853173306	2.2835488006213969	2.3508768801751918	2.3623378261282109	2.3775878566682782	2.3856924952131351	2.4044964050552555	2.4227978663359626	2.4467041028235141	2.4765031693871493	2.51382745509359	2.5476392372662411	2.6009668054417086	2.6441900440288042	2.7170206876387155	2.7796730522861335	2.8615822097368926	2.9466874274620842	3.0440346161254381	3.1651977298576375	3.310537441440724	3.5022538223146396	3.7604975352755519	4.1059503496729848	4.6046135852700667	5.173458642831001	5.8330261434910993	6.6264170892240086	7.1932399065094348	6.7022055324948759	4.986807658237141	3.173932024349535	2.6395448482677319	0.61419472098974315	0.9190709034163872	1.0326517226137446	1.0979109673837264	1.1412770724373673	1.1728124867108292	1.1960327306036549	1.2123504316793277	1.2224037193870871	1.2273604819654564	1.2278712977675101	1.2250984782888501	1.219200205796553	1.2125390519254649	1.2043623657470364	1.1958889311087191	1.186738732663474	1.1774203589981809	1.1680002174055655	1.1578462084481589	1.1477233053705695	1.1388412039081408	1.1318525718471391	1.1271554842661082	1.122569389553959	1.1186952467709608	1.1138097802760996	1.1045184894264402	1.0846515861471826	1.0436912420379438	0.98728932781848111	0.93515674169397611	0.00016205092305181048	0.0003408272152386311	0.00046571801886199676	0.00055682033443866619	0.00064014557127961861	0.00073399449893122931	0.0011557350691578691	0.0014952308309772358	0.0016422824077273201	0.0017688375971817961	0.0019122253194590198	0.0020657095861845586	0.0022137006972760692	0.0023517443650380413	0.0024752779214266387	0.0026041719032084943	0.0027409091984556713	0.0028696642648714981	0.0029978465971584921	0.0031252814976630502	0.003255365010311147	0.0033905850278267671	0.0035256172227265676	0.0036556574518915581	0.0037840091206875247	0.0039183278043376435	0.0040542699359996121	0.0041987270981333263	0.0043600964588102207	0.0045509429192997723	0.0047871132069634238	0.0050958206756947493	2.6033475099385606	3.1950855466317254	4.3830333519604796	5.558327168253526	6.4826797593466434	5.4575422479717695	2.4625138842436907	1.681940586268728	1.5357678122408416	1.4906215289836009	1.473887887733202	1.4722389417658552	1.4801592158437238	1.4751606236583743	1.4708807549861309	1.4701489671584276	1.472098922869272	1.472296450681958	1.4718128125410865	1.4748467283134248	1.4798564380263988	1.4850814956167773	1.4890749188191401	1.4912289500673801	1.4914217362329123	1.4899858390903795	1.4915316519009334	1.494060294260102	1.4979756621650393	1.5091473098498274	1.5259200238162403	1.5460519491180047	-1.5042192025085352	-1.3823095618233181	-1.3164496797258596	-1.2796272716917474	-1.2537190786385701	-1.2154445282090043	-1.144607731403475	-1.0990603123477758	-1.0769682561017682	-1.0630488159452227	-1.0533556206004415	-1.0447787807794686	-1.0367631008977121	-1.0290747230250004	-1.0223295703297599	-1.0161956175283504	-1.0101105685758509	-1.0037850872419809	-0.99718741716343939	-0.99090550540989752	-0.98493465104717548	-0.97913244086717732	-0.97354816302587954	-0.96825249557050141	-0.9633753995245361	-0.95869305344828937	-0.95402673720653741	-0.94879908373667243	-0.94246105274474135	-0.93465567031626062	-0.92509340687709596	-0.91244811628555378
naca4412:a-3:re1000000:n2	0.97634519540795872	0.11607589404412516	0.0090256910555669284	-0.099835528081781616	0.53086956278252606	0.053497720947211044	6.3903739608897077E-05	0.00010501984989666943	0.000133979609020786	0.00015871720665582646	0.00017914368868955066	0.00019772230472903712	0.00021658658466846146	0.00023563599462735982	0.00025441241883948857	0.00027313772314938289	0.00029267402146861149	0.00031261303948958987	0.00033472913369818309	0.00035971854174730633	0.00038682806942124076	0.00040197346391530946	0.00040851671277369487	0.0004470617043031476	0.00052526252009568622	0.00060256945823112683	0.00067502659895768077	0.00075166544956743113	0.00083642122260289408	0.00092799353982657147	0.0010251773241619871	0.0011333075938560787	0.0012552234765043344	0.0013924384671345988	0.0015532978922665806	0.0017572442159034961	0.0020344964907592299	0.0024630966856965695	2.2890257198956134	2.3402255223507358	2.3707428498063576	2.3802491630738096	2.39551013022818	2.4106117468180988	2.4214467739150098	2.4363436457280505	2.4643540003796631	2.5051128641036122	2.5413821612015388	2.5910249110159773	2.6459605996871964	2.7051808934726687	2.7538404115784578	2.860263251910236	2.8221806459531242	2.3647163033280703	1.7356854638092836	1.4843344529375171	1.4354170332560314	1.4473941274484194	1.4529102402161487	1.4512697025361492	1.4566088032674653	1.4618683087422972	1.4701399291446136	1.4838880950906859	1.5039524085423412	1.5307752184540042	1.5797283628084944	1.6825457011764544	0.61492426048369342	0.92252913801071568	1.0336995886824543	1.0963560516620485	1.1395416585463265	1.1714125955689685	1.1948853620570532	1.2110069836924477	1.2211740310679908	1.226256569841675	1.2267826571297515	1.224711622830617	1.2206561946719046	1.2146659909224868	1.2075988469829366	1.2028063761668881	1.1982886460793509	1.184883625878155	1.1664020670750901	1.1560396502952264	1.1501678454926987	1.1434119361706969	1.1345331573612247	1.1235290794416062	1.1110015612130801	1.0965290289380343	1.0800122209211003	1.0612291467138504	1.0392301199358029	1.0120920525628752	0.97780238514823892	0.93141950974373611	7.2009399787564688E-05	0.00014206755862629486	0.00025167694833394143	0.00037304385739148169	0.00049436741542527687	0.00061175846231652513	0.00073358863593367039	0.00084606292989778146	0.00095887223759009304	0.0010723296384099526	0.001177885844795156	0.001277503186635773	0.0013772365352436851	0.0014771523093025289	0.0015746494662127008	0.0016702023536821903	0.0017636257091696987	0.0018564959785777472	0.0019495290328385246	0.0020439236857057374	0.002138202700193569	0.0022322533091527689	0.0023264777483332946	0.0024198699580358918	0.0025118720900377876	0.0026059581427076771	0.0027037619718915111	0.0028108669773545644	0.0029360223685874795	0.0030877466651658019	0.0032753924050463552	0.0035043151725833396	2.6016656360435935	3.1278746173885512	1.6679504578822699	1.5447194024623949	1.5388500154402645	1.5199234988883916	1.5000457479014802	1.4969038452457997	1.4951551902683899	1.4887424141680219	1.4827955470892915	1.4782160861017399	1.4679493000369261	1.4624188506451177	1.4584663103654003	1.4553442615193912	1.4539464447604744	1.4521238278619681	1.4518464721950826	1.4518506237691369	1.4515965950330723	1.4503671178501614	1.4480858867960946	1.4461166071383282	1.4443818519952989	1.44187727506434	1.4403483299137481	1.4397793501617817	1.4416699504636732	1.4501135944742281	1.4660032820609268	1.4867872945427574	-1.5241962116425805	-1.4195171900394477	-1.2994254756337604	-1.2464889892533453	-1.2029474684491215	-1.1683091056585664	-1.1394159550513263	-1.1155747455875802	-1.0964812314254844	-1.0800923499822395	-1.0658772488362009	-1.0539633169556231	-1.0435125830174186	-1.0344455392134226	-1.0261772245419867	-1.018535582531539	-1.0113363060275038	-1.0044184717615543	-0.9977041897491955	-0.99128836038583157	-0.9851963562559567	-0.97932015887903789	-0.97367128614816489	-0.96831918511428228	-0.96325677198794646	-0.95822496531110812	-0.95283908822030527	-0.94672231893258041	-0.93910181556487848	-0.92942696075993692	-0.91754245852747318	-0.90372004609991163
naca4412:a-3:re1000000:n4	0.96819791178628467	0.12288426132177105	0.0083293381534156989	-0.10125243210487231	0.63688479223999528	0.07280372934422509	6.3879272617833191E-05	0.00010457169609619906	0.00013351133465061937	0.00015808988077077918	0.0001789288218482576	0.00019816091794844448	0.0002165221459623715	0.00023475643936755587	0.00025367766166593683	0.00027354665962256496	0.00029279105868321403	0.00031272988241789763	0.0003339798990383405	0.00035810026632463848	0.00038134281161033353	0.00040505772592769248	0.00042876033413038334	0.00045301618807060053	0.00047060394703433089	0.00047796995873076293	0.00050969435558793344	0.00058255042674803083	0.00066954594862777465	0.00074705932963194447	0.00082569369802126585	0.00092036435709971374	0.001026355961198114	0.0011494932025356993	0.0012941011275988447	0.0014736863516884272	0.0017195920213057983	0.002108322403637113	2.2879079893929544	2.3405698661235932	2.3640326714532192	2.3800600042198052	2.3940643185590837	2.4111332406042258	2.4291447210677539	2.4441976192356814	2.4706402406217798	2.5030063882880511	2.5442312555594304	2.5875686908566098	2.6511673362680526	2.6933303978383263	2.7520317414043234	2.8103345224371461	2.8703630854132034	2.9175309979245481	2.9909896712997917	3.0347619443703659	2.652239642919612	1.9812280732088392	1.56397073332845	1.4614221151322309	1.4581214355464569	1.452700094959102	1.4550612091914426	1.4630022609012692	1.4767696160363604	1.5015430031790726	1.5458816167732323	1.6386425899336619	0.61952343975604063	0.92386992033045723	1.0356174000279426	1.098598559932674	1.1414042470630079	1.1728745958650277	1.1958606357592449	1.2117641992612538	1.2221371583389853	1.2271592983133095	1.227947238544856	1.226011478525832	1.2222732294583376	1.215677403829031	1.2086127978620715	1.2013602527528502	1.1948055031976712	1.1875833130488243	1.1807117431535503	1.1745579352859177	1.1608973880338413	1.1406354016027236	1.1249831099142242	1.1167766830833987	1.108311102810664	1.0959273431508252	1.0807815414622315	1.0623602553741243	1.0403751832734944	1.0135787431214127	0.97932179484821935	0.93131092804129612	7.1222731787349145E-05	0.00014810018278896262	0.00020795413226965082	0.00034532455533665355	0.00043752091519209143	0.00055496362963695282	0.00067792126058750714	0.00078933339594639408	0.00090371363630205521	0.0010159635370858473	0.001117959240687139	0.0012134916477382579	0.0013100637709393026	0.0014068743413354957	0.0015034692469890645	0.0015990113545356311	0.0016923831837309103	0.0017859925223002032	0.0018807650896428788	0.0019762510553036341	0.0020706826680463668	0.0021640387119276393	0.0022564022862568041	0.0023465167384645242	0.0024347942873888368	0.0025245116081434767	0.0026192116269178165	0.0027244640449322834	0.0028489523417163818	0.0030010457145727381	0.0031927686932980738	0.0034250439498215036	2.6119094138459937	3.1055528192644504	2.7267457915400133	1.5301441959914293	1.4998575520563493	1.5087922013850643	1.4937314918139866	1.4903930359046851	1.4893511842314262	1.4855559700490657	1.4804277220592681	1.4763228913650968	1.466893035499816	1.4641411082697899	1.4610283578208578	1.4584866776954664	1.4576155913064412	1.455772283466122	1.4548818375847075	1.4535299998608795	1.4522496384342234	1.4498027193808647	1.4469211718243888	1.4448795706758706	1.4425446696328221	1.4396078989011722	1.4376618490520128	1.4371636340117917	1.4396912354846134	1.4479223496491702	1.4639715540466591	1.4864758109849114	-1.5187026338175322	-1.4050826209042233	-1.321527939084348	-1.2329319465510884	-1.1995610774284149	-1.1688618725893103	-1.1389176918697594	-1.1140581238860765	-1.0942324346357422	-1.0776966656798059	-1.0639265554146833	-1.0525495184808376	-1.042617312823658	-1.0338746740473252	-1.0254905511481089	-1.0174803341805538	-1.0097889891382434	-1.0024196010941717	-0.99522434222878475	-0.98837238574271136	-0.98198404246267845	-0.97597418301652361	-0.97044832164248529	-0.9654316890892729	-0.96075192809433263	-0.95614470224354009	-0.95110515278747498	-0.94518174602101679	-0.93758855985199774	-0.92769970194254303	-0.91510759670115105	-0.90065947702110694
naca4412:a-3:re1000000:n9	0.95738329287003032	0.13343263227629865	0.0074674015494086846	-0.10389900645041324	0.78434558575181856	0.10769621728870328	6.4417925968650663E-05	0.00010460388449531053	0.00013406837723124273	0.00015879180099180376	0.00017930508636107326	0.0001983513333033955	0.00021694510636583123	0.00023550586755735072	0.00025433515895710443	0.00027443153435864333	0.0002946246489353344	0.00031463309035887206	0.00033537453326252164	0.00035938288554848832	0.00038454753674137281	0.00040860525559924661	0.00043140964878870251	0.0004539686643420812	0.00047664224639518301	0.00049960263087877872	0.00052127991224910875	0.00054564587913398933	0.00056787540104052188	0.00056892849003520535	0.00058817857108239878	0.00068069214366428023	0.00081191470666541266	0.00092719589817134537	0.0010213949274890937	0.0011494681485227068	0.0013547450254672527	0.0016953299239779304	2.2862147938341018	2.3481907953111767	2.3688042608291311	2.380749607213104	2.3933838328182819	2.407232525205893	2.4256090115805784	2.4401350112275262	2.4697780339928892	2.5060959931193465	2.5439445988174563	2.5891586309872889	2.6491230418319365	2.6994499796116678	2.754922734077577	2.8167343055798431	2.8694700326211859	2.9310894731715718	2.9935285624963779	3.04528783864991	3.1392756462765772	3.2475008508017194	3.3924938237252085	3.6606674915821769	3.5201271045494953	2.5422313128442546	1.8056879621253557	1.4970567397123344	1.4635932417771054	1.4868980101341915	1.5111278780722257	1.5685666146561643	0.62362873981475175	0.92778475272386418	1.0380682314885565	1.1010724406723285	1.1437584253090425	1.1749798544123471	1.197795183614387	1.2135898349683503	1.2243530627055068	1.2297778987176797	1.2304471014871952	1.2280875748229081	1.2234378067769751	1.2162633678993999	1.2078811329115375	1.1991061177244886	1.1901840934812813	1.1818391989156458	1.1740954865331015	1.1666587973676839	1.1605407551946141	1.1540693264745689	1.1465978777701655	1.1422797968244172	1.1305547259631092	1.102849254443512	1.0736923532326832	1.0538071620215801	1.0384568482524721	1.0169445465099376	0.9831638027904811	0.93163549898770626	7.1493748609319203E-05	0.00014949986916197748	0.00019889985721281857	0.00025457265895804433	0.00040728799426159324	0.00048494692749967183	0.00060682011664317395	0.0007348141282423541	0.00084315420942071139	0.00095275819085674648	0.0010592677927277528	0.0011572998092454516	0.0012524781016091991	0.0013458975401460121	0.0014379057782644231	0.0015301801568311918	0.001619794324710446	0.0017101956028294338	0.0018047901208428907	0.0019013488216688083	0.0019973705158997292	0.0020938090563171327	0.0021890754324874868	0.0022805773005515387	0.0023680583476556483	0.0024557860590871086	0.0025471059694314045	0.0026489254212254689	0.0027718167218114707	0.0029251329642690609	0.0031269473866015894	0.0033732451165737645	2.6162860766393408	3.181867795072288	3.995217117489632	3.2594868927250209	1.5371942979148807	1.4343885951906201	1.4465406448082625	1.4612760850326989	1.4679614865280926	1.4718664621757631	1.4740994803836314	1.4768221313552778	1.4703286791434911	1.4637068371088908	1.4627577173213937	1.457948618026242	1.4556445320448277	1.454246920901668	1.4525468589170767	1.4503992556168457	1.4500706405844155	1.4488356904116559	1.4482243790062643	1.4474840309194843	1.4455465501259639	1.4420665388304121	1.4390583370757761	1.4383788250059706	1.4403134952212264	1.4491628938130292	1.46750938087632	1.4973980758056264	-1.5046071686638514	-1.3918890953949137	-1.3280234924137826	-1.2644007604201377	-1.1805323423138008	-1.1546467640731186	-1.1340317577440655	-1.1108662300463112	-1.0916222697079569	-1.0750789545510249	-1.0608590337668833	-1.0490364429134165	-1.0388981795215491	-1.0302525124947799	-1.0227330407051454	-1.0152761385632181	-1.0082073408411414	-1.0013798489330532	-0.99434408297448218	-0.98735249172492978	-0.98062281677796492	-0.97410376949644717	-0.96803079605341746	-0.96259913429048338	-0.95767559823198578	-0.9530228683905797	-0.94822611613629226	-0.94265385052902784	-0.93527629335176232	-0.92518958645028726	-0.91149578927473129	-0.89576481616962489
naca4412:a0:re200000:n2	0.97171994377557014	0.43671399462051769	0.012351173074105718	-0.097240303579283927	0.55415912140131807	0.26133183035127239	0.00015777380931873342	0.00025112737280009437	0.00032184989773234764	0.00037860771726309748	0.00042780429639548536	0.00047258117099380285	0.00051679353237347179	0.00056270833995213099	0.00060823879609756546	0.00065420256461173074	0.0007020670618243125	0.00075382743944983762	0.00080787426672560112	0.00086365422758637558	0.00091502157551248047	0.00096866514333658323	0.0010156450259483504	0.0010563797070623215	0.0011247508430289311	0.0012643237279636964	0.0014279214831881383	0.0015625429977369929	0.0016840207379610202	0.0018136922626724263	0.0019649969998566759	0.0021474578262619692	0.0023623047583423156	0.0026179744480546766	0.0029288439362057071	0.0033191138211209293	0.00382400602198526	0.0044924048207793327	2.339843617754966	2.4015575190972256	2.4330196799577588	2.4407330738409088	2.4546706692290248	2.4711571615183665	2.4868837278315721	2.5105659510874441	2.5531631792327043	2.6024659272496753	2.6637346313134773	2.7261749720882533	2.8128696583963686	2.8823512756063945	2.9776965358441498	3.061759321620356	3.1234908656721005	3.0695473949611691	2.7790159114622499	2.2396846079510189	1.8783795243124912	1.6996469183005525	1.6364972935827264	1.6023478526733159	1.5822729715910484	1.5696771620346603	1.5705415369567823	1.5834518443980483	1.6104093562994197	1.6576104026571343	1.7376301977217348	1.8788901748970726	0.96774990985104847	1.1588933647814443	1.2223539164560753	1.2585957728088535	1.2838496217701918	1.3015766049342172	1.3133835335120094	1.319511770517108	1.3206062582345739	1.3171992879319139	1.3106794849051049	1.3021627756310659	1.2932254708627648	1.2827591502310585	1.2729116716453612	1.262628765576145	1.2525588061873858	1.2419205754129963	1.2270213553183129	1.2061079069696137	1.1859654015597845	1.1699155959383036	1.1550114627580057	1.1399652431595053	1.1234371645943233	1.1053234459270807	1.0855421748235652	1.0630993480643545	1.0373882846641993	1.0077441552429591	0.97380066064279425	0.9355291229584044	0.00015080323967614454	0.00028007988360404293	0.00039101655585904808	0.0004988903568190038	0.00059100242731139425	0.00067041812589993294	0.00073551170522587845	0.00080189654127472802	0.00085677254302474139	0.00096463802548101625	0.0010933358513467379	0.0012191814625043382	0.0013273822833932256	0.0014282145991762018	0.0015151802542197794	0.0016088654680516184	0.0017115070101075692	0.0018118065967766637	0.0019152070809894215	0.0020186574672346521	0.0021212803508216952	0.0022237197230913753	0.0023204244422107543	0.0024107339630098016	0.0024993691644602939	0.0025861428120296493	0.0026712331383214926	0.0027590976863358309	0.0028614957549362744	0.0029866924301426212	0.0031375273484986151	0.003287849851720699	2.4045310953310537	2.5915830365506678	2.7322541237511455	2.816607667498686	2.8927696004184527	2.9587433388537323	3.0488735642704272	3.0625741322494822	2.9261628838785096	2.3631472363307044	2.006244259745769	1.8000195933130863	1.7084495019929415	1.6335094346974592	1.6097034407678754	1.5919528821769751	1.577566182104676	1.5675955540266959	1.555111095135687	1.5463280126578423	1.5412281166793371	1.5374061581554705	1.5341787408146828	1.5310302210512645	1.5242756599135794	1.5179345501551955	1.5128622096857727	1.5101751469585969	1.5081696699385438	1.508851305889384	1.5166514040332981	1.5282977283594772	-1.1074517048501062	-1.1663919158268932	-1.1420421222487041	-1.1135129892959668	-1.0880639981004214	-1.0690320747451483	-1.0554377622285309	-1.0438329435003877	-1.0313506822111442	-1.0104631339973162	-0.99570694571315177	-0.98600287761477512	-0.98035279025348643	-0.97563902282567239	-0.97392223380491094	-0.97187906484061459	-0.96914174729057123	-0.96597273600890943	-0.96221045045632125	-0.95828098262960082	-0.9543476185196611	-0.95058647544867114	-0.94720571741835191	-0.94439905573552363	-0.94204329231384076	-0.94018561221910524	-0.93866111036136402	-0.93685711683629447	-0.93370402101732786	-0.92860250283771129	-0.92174946385814116	-0.91633797943869011
naca4412:a0:re200000:n4	0.98142391050477906	0.44545234417017193	0.011068684037480082	-0.099624104955736287	0.65831210673731033	0.46625771474885591	0.00015909692432192302	0.00025178218019610785	0.00032093874423744543	0.00037873081468815247	0.00043022265712769516	0.00047693314414598011	0.0005222400204599279	0.0005665291711587486	0.00061134828808910569	0.00065869604725515883	0.00070403735534415072	0.00075235768426706688	0.00080422051556373582	0.00086487835490384863	0.00092458077729261638	0.00098040552835896981	0.0010317490335549067	0.0010833483901374723	0.0011311139743638858	0.0011661503247004236	0.0012049617791998661	0.0012881734932106291	0.0014599238542153451	0.0016719334002994236	0.0018602083584921883	0.0020245765598026775	0.0022090864664628452	0.0024342251379040752	0.0027032710709849017	0.003051927706333126	0.0035323398622937462	0.0042061120043361926	2.3390194379104612	2.393458109160131	2.4300091601780633	2.4435150153915846	2.4588508141126302	2.4787725284578803	2.4921508010964835	2.5153364922839576	2.553091883470056	2.5915155406873547	2.6534415615099936	2.7117009945100592	2.8096873545102374	2.8949288707820582	3.0005693833131972	3.1154295815890896	3.2287110436502702	3.3373422302360547	3.4433140880782589	3.5481836210787319	3.5081829117889116	3.1766928123280294	2.5209001468131129	2.0261224671477112	1.7662862740993848	1.6817440908945105	1.6377953290469889	1.6166986845901208	1.6212344701278201	1.648048558278421	1.7052867671870988	1.8262383963554278	0.97034710937607382	1.1620722561089865	1.2277825861495697	1.2629449584026431	1.2858616873158493	1.3019311585820748	1.3126893789583169	1.3187673492990335	1.3206595323120611	1.3178115207570402	1.3112566010006588	1.3021348463076337	1.2926197864410636	1.281232555429632	1.2701190905799309	1.2595043606575	1.2494523162369768	1.2398895059570183	1.2305574170180158	1.2214377388595907	1.2110477178555741	1.1947336233203438	1.1701444483601837	1.1441367933963318	1.1219320819462186	1.1029650277118814	1.0827095972401553	1.0604751580490699	1.0360817334093178	1.0076141295483798	0.97320379382973043	0.93220605384839894	0.00015010855343541355	0.00028229418406210387	0.00039379041963276721	0.00049768766543085475	0.00059306521716862178	0.00067919386921098848	0.00075292106840276147	0.00082754669830463988	0.00090062638052734712	0.00096812170761333203	0.0010268665339120808	0.0010688789444265538	0.0011044309625432515	0.0011318128889600094	0.0011566914457280674	0.0012158711859578731	0.0012958105818761862	0.0013927956696739466	0.0015075238738534789	0.0016127871906441041	0.0017103240694720113	0.0018016203967795795	0.0018879548410339587	0.0019707161845382718	0.0020529236838574853	0.0021315415033936282	0.0022105996649084804	0.002297953686336009	0.0023943688740306244	0.0025158563557257877	0.0026626941501645658	0.0028045990310701708	2.4108540450489739	2.616677310451645	2.7246125563593826	2.8136212916756778	2.9016741419588876	2.9812080501742493	3.080756347839344	3.11417639179149	3.1276696531604951	3.1417516254498663	3.1113244462722087	3.0759182691056743	2.9760855271084279	2.8759850898364698	2.7454423855181114	2.4930087137878685	2.2599532775859714	2.0490283135022493	1.8537864889225779	1.7448379783241312	1.6716097799779293	1.6152895848579789	1.5732955689493324	1.5450897845188736	1.5225198863188947	1.5126060433166686	1.505293352488803	1.5013562784624248	1.5030719344090742	1.5034070228700274	1.5126642022009824	1.5442146683329923	-1.1075107678044751	-1.1622276521277042	-1.1367947609731539	-1.1087967681881516	-1.0848091638344244	-1.0641893827249709	-1.0470357403841009	-1.0316640973875866	-1.0200623128366468	-1.0111746079668424	-1.0026913100465782	-0.99625668837089143	-0.99060845379331308	-0.98696765196201386	-0.98432184144908441	-0.97886316349828961	-0.97346587080570268	-0.96713805303344214	-0.95995893493070517	-0.95427164367433059	-0.94947290665665096	-0.94503481550680402	-0.94137437490837539	-0.93869220016000221	-0.93669768357163652	-0.93562047978594542	-0.93481731346335728	-0.93323883499341587	-0.93010512860752537	-0.92421873379198893	-0.91646078783218732	-0.91079005869529994
naca4412:a0:re200000:n9	0.97959201190192291	0.47878241654718456	0.010099935368676118	-0.10753606915718869	0.78577181987128464	1	0.00015931392444092595	0.00025506239108838332	0.000324311142593123	0.00038461622975554847	0.00043568486532576095	0.00048169598235538636	0.00052698572935159442	0.00057172380666547758	0.00061738497312840653	0.00066564033705107889	0.00071354967346788656	0.00076358555849379689	0.00081710794044953278	0.00087649874763030702	0.00093910184814206257	0.00099787500282153712	0.0010525274061857332	0.0011106661761391011	0.001166189950859232	0.0012138809846231624	0.0012507897032473082	0.0012824608269878699	0.0013154600737122666	0.0013331853789528196	0.0013943034261682695	0.0016422461756875704	0.0021530471416038332	0.002684806688932694	0.003032848236511915	0.0033220130595830646	0.0037480147306121238	0.0044413190748569358	2.34429054408634	2.4038788539238882	2.431663875348324	2.4462987804948906	2.4602671201034729	2.476019261304141	2.4936580961881734	2.5164891195707391	2.5573341966526502	2.6069876782260404	2.6697352741866287	2.7453809593417735	2.8504072773925921	2.9822629057528016	3.1289945358863536	3.308424842263642	3.5027264036215606	3.7412025903996526	4.0300151138350708	4.3629037634867842	4.728278573487934	5.0432606393002128	5.2955661700972856	5.5855339735713363	5.4805370103194297	4.2773725317478268	2.8107582328564891	2.0254580022811588	1.785590429340546	1.7200015517712441	1.7049384300854815	1.7516691923523793	0.99120118844272098	1.175625049570765	1.2385405004613634	1.2720272540036937	1.2930546881814942	1.308150785294256	1.3183092835331054	1.3234796357702709	1.3247100520917332	1.3212622925034245	1.3138726881444693	1.3040857257841552	1.2932797518799324	1.2813824088357548	1.2685792438492434	1.2559274738671258	1.2435693691121061	1.2323657420390282	1.2232684669594889	1.2167504743859139	1.2125112228619421	1.2082358745504616	1.2015441036371484	1.1935701746532643	1.1795554769334549	1.149655897649887	1.1072319659422218	1.0683057934696163	1.0397852830506373	1.0129857724907154	0.97939038256881905	0.93615180201257464	0.00014772528478762591	0.00028410292733559834	0.00039656337555384166	0.00049998669291737062	0.00058923110965394669	0.00067275883238166075	0.00075395484437424374	0.00083298414671806906	0.00090465310448787685	0.00096156894753086539	0.0010202057554173094	0.0010811826980641124	0.0011296296192202977	0.0011788569274096235	0.0012242108469431149	0.0012710548815569145	0.001320938745926005	0.0013703858709483306	0.0014201032845269856	0.0014615494272921081	0.0014941779608331879	0.0015269730332421528	0.0015651857363206253	0.0016127776702949594	0.0016504119928806786	0.001669055557076384	0.0016795464232322668	0.0017004243154651107	0.0017515650197215955	0.0018087992152386442	0.0018415495087741667	0.0018745331331942996	2.4004197769461575	2.6200616850880381	2.7146024171862027	2.8025484163519634	2.9133411609894404	2.9866890527558603	3.0475737203022351	3.0898875252153535	3.1063007317149278	3.1116272755928249	3.0730813856042314	3.0330918848171784	3.0106598678111123	2.9336034816715659	2.8795985997966529	2.8482056435206995	2.8340258553326603	2.837024307960399	2.8555611185628096	2.8951733713557273	2.9342277476794116	2.973266757164347	3.0113900601775132	3.0318042002341237	3.058239620795693	3.0911700735718308	3.1078463441052535	3.1372023663551341	3.1645732289160278	3.2522019324216367	3.4679201671395488	3.6590443472597394	-1.0940801682324484	-1.1525039525064227	-1.1271132304178191	-1.1001632125671317	-1.0779297324196331	-1.0581567671829935	-1.0410574001413195	-1.0263614018151517	-1.0135786104218463	-1.0039778997768569	-0.99589397386509881	-0.98870871463770382	-0.98298804515327143	-0.97674930109820868	-0.97199071558978489	-0.96777862355371935	-0.96356383387403088	-0.95966667725716692	-0.9558755178195053	-0.95226938495353552	-0.94898618251708045	-0.94594400706935766	-0.9431057155234891	-0.93959801400481024	-0.93600929033667213	-0.93347714230484413	-0.93241285722590384	-0.93264677186095046	-0.93162805593564202	-0.92743253292014693	-0.9212577903392648	-0.91399366463315168
naca4412:a0:re1000000:n2	0.97388933064740479	0.45324800668569643	0.0086959901638717727	-0.10014717101901097	0.44466617540718811	0.14642365509680325	7.1645195744780637E-05	0.00011374156636859655	0.00014500059640594088	0.00017074547761494906	0.00019227245733570596	0.00021152971146111324	0.0002312657541212367	0.00025211548364827998	0.00027264319492372748	0.00029323516994293693	0.00031641562327490631	0.00034079158864462172	0.00036216863810156844	0.00037616839561754287	0.00040443139369078837	0.0004862723343139223	0.00056681854659857052	0.00064039330425832704	0.00072770062281462037	0.00081716474627586435	0.00090705000994112991	0.0010013297797359299	0.0011001879926559519	0.0012081882022159183	0.0013283964549214873	0.0014627294022345882	0.0016127714501462599	0.0017841346557099646	0.001992099065157342	0.0022630116176993657	0.0026410804128334129	0.0032098770753276901	2.340673066843276	2.3946998803990551	2.4261957119097999	2.4324833978115521	2.4399725462608939	2.4533648144127467	2.475663466787863	2.5036050519239308	2.5412567030621154	2.5947220123667227	2.6562279618882783	2.7298889316097226	2.8303039871219489	2.8995430239223463	2.5436055951377154	1.717040425964697	1.4742619495790332	1.4553984069893928	1.4512522890302066	1.4500020460297403	1.4547643869731959	1.4595747521213245	1.4654069531589045	1.4718659551159212	1.4781503037805912	1.4840659358684425	1.4950372853213747	1.5120040267465977	1.5362280053250497	1.5730934268664072	1.6405571482311969	1.7830057711493166	0.97503324130339264	1.1657569497757607	1.2281491448039887	1.263607191318457	1.2884571264862696	1.3057324310878753	1.3172596573372171	1.3226325123702973	1.3230392413152186	1.319899605194081	1.3136893859518275	1.3047274184834077	1.2960211750939536	1.2886190330243028	1.2745633565713832	1.2450782566825245	1.23074284635481	1.2239928379859597	1.2136144097713126	1.2023675312396995	1.1905909155578032	1.17785970886777	1.1644851894479928	1.1498325268279492	1.1333761917594471	1.1150366300433507	1.0949657235512671	1.0727982975278783	1.0473206035574165	1.0164422165692442	0.97830645877207401	0.93088484041970188	6.7643043117741083E-05	0.0001272884263493029	0.00018117767074274789	0.0002255247584261556	0.00024669506887144989	0.00032784379823767477	0.00042122589340950773	0.00050667589009150858	0.00060049555955297886	0.00069143544562918905	0.00077607262608504627	0.00085836299360734169	0.00094101640770657459	0.0010232074046998875	0.0011011019848108231	0.001176837347823023	0.0012515203288883774	0.0013260820119470238	0.0014016953085243418	0.0014781104172139996	0.0015552915261034161	0.0016312033944845966	0.0017045960844851063	0.0017737663345657965	0.0018400367033381583	0.0019061511465205184	0.0019723915270640994	0.0020438021592984216	0.0021254505788517461	0.0022216292946143287	0.0023383291796443156	0.0024788629256228779	2.4109586651702202	2.6069282279277464	2.7050559749393197	2.831574198000284	2.7852583003260958	1.8750439409077213	1.5194767078907427	1.5243677935904203	1.495536646008629	1.4955453595122912	1.483000618457063	1.4768601069674181	1.4713489653970844	1.4628003045716147	1.4582397080567009	1.4514489887637327	1.4479788661949788	1.4453296138662044	1.4439908917855326	1.4431930235929944	1.4425173528702981	1.441823301488639	1.4398685094471031	1.438182463849625	1.4354116079073813	1.430282232025395	1.4278194299148976	1.4267789491561482	1.4277939138536	1.4331777064574152	1.4441832562057155	1.4559198590027371	-1.1044893770565196	-1.1636584708275985	-1.1362223955405855	-1.10898694231368	-1.0876812060858485	-1.0524699800033193	-1.0342354602230492	-1.0269181024613026	-1.0160816805091375	-1.006444908664373	-0.99641006114689512	-0.98857457254251391	-0.98252622225453878	-0.97744903000116912	-0.97328930737523245	-0.96935295867197724	-0.96562320033646465	-0.96190071860622384	-0.95780952726416713	-0.95358754578217786	-0.94932949700704883	-0.94540330737241796	-0.94206503513369344	-0.9394746216919001	-0.93743625951437148	-0.93557804515796716	-0.93356726965106496	-0.93089176884159219	-0.92680469859959835	-0.9209965592575724	-0.9133685123795936	-0.90411963074223556
naca4412:a0:re1000000:n4	0.96619404398158704	0.45777178180112982	0.008009338525342552	-0.10136979925482073	0.52095979890716781	0.2141567473321109	7.1021265963426274E-05	0.00011305085996160397	0.00014434091721735262	0.00017015135943480302	0.00019162850575287507	0.00021149543799412826	0.00023133064596320865	0.00025194026075602249	0.00027222110679949607	0.00029284248033921732	0.00031493772435313373	0.00033817301231295343	0.00036511486486736527	0.00039238013145302572	0.00042067235682228204	0.00043219889781137728	0.00045267226589989254	0.0005193057292072488	0.0006169710043327424	0.0006871530021637345	0.00075543693415677522	0.00084509351090384733	0.00093967019215276352	0.0010405145369930752	0.0011496021668350111	0.001270385051839045	0.001408647920568402	0.0015698969528986093	0.0017656946055462318	0.0020195339993192853	0.0023647606474228857	0.002877174451969697	2.3405597673745508	2.4002825268461496	2.4275798932259631	2.4390401903321375	2.4503393558343274	2.4618623715496781	2.486113618191085	2.5117271694811323	2.5556770248121472	2.607835966862329	2.6704997819689313	2.7409751147379935	2.8121436804448914	2.9250154399718942	3.009307045474984	3.1577173224065858	2.7913326801025349	2.108435641673243	1.534186925776494	1.4417979595980237	1.4552856092566011	1.450807480253373	1.4533132781804079	1.4559705902606612	1.4607752503034639	1.4695010610888239	1.4809430598915878	1.497431908285872	1.5215842419486949	1.5579600987528857	1.6240917437688676	1.7585547332327358	0.97852765913891526	1.1685613282095237	1.2296653365866606	1.265191177476686	1.2900253811294657	1.3075650512771873	1.3190971740788293	1.3243077188827721	1.3244465291939913	1.3202781146566536	1.3129498027196629	1.3037560298682527	1.2935845957594418	1.2832651951905485	1.2717458138514368	1.2643826779266054	1.2506125441275042	1.2274483574289787	1.205456165689726	1.1962213304143625	1.1886800841939964	1.1770128084686349	1.1648095200041535	1.1509224302851933	1.1353099042427752	1.1179217100117576	1.0981702618067835	1.0755810799984102	1.0492369828491874	1.0174441632895153	0.97908939212594692	0.9313358185257794	6.6773930170256485E-05	0.00012681250969799534	0.00017897030268323734	0.00022719046643118279	0.00026906560537444347	0.0003042128639495137	0.00031764144432708789	0.00037311096339276	0.00047508337280314443	0.00056242624850144825	0.00064174646904947364	0.00072292773488842447	0.00080258370481344225	0.00088014350433565322	0.00095497603486123582	0.0010306500178855534	0.0011093074138791119	0.0011852874920677083	0.0012604144356088889	0.0013368547104408107	0.0014144847555467856	0.001491753319840982	0.0015652858100767689	0.0016337771808442078	0.001698436172313592	0.0017614728080138967	0.0018255321266556349	0.0018959769348240638	0.0019797113404568314	0.0020821744198312375	0.0022090548806173922	0.0023537213447862981	2.4177855642472355	2.6217374571883001	2.7195424931639596	2.7847656137344687	2.8702636977667768	2.951827720466401	2.9429785649515812	2.1369015812061023	1.5566316399842139	1.4904117432011121	1.4677906265889764	1.4592377301931414	1.4611381344343182	1.4565658390754033	1.4543105283305091	1.4552358360293469	1.4530496850397614	1.4514096252053177	1.4492817888415994	1.4480974791912977	1.4473458355751336	1.4464757632811376	1.445372767553873	1.443678651384231	1.4395886419920441	1.4342529982991974	1.4303208855007576	1.4283415022907946	1.4290030899456074	1.4347730059877402	1.4463793375196752	1.4574165654432765	-1.1082554429619402	-1.1622527164423038	-1.1320220885735854	-1.1017354106145225	-1.0797150792703152	-1.0645923858367556	-1.0511848575527285	-1.0252047967674485	-1.0038219234681991	-0.9982574705327607	-0.99260500066612778	-0.98721514743763294	-0.98208862968167687	-0.9772239082225006	-0.97309196059494862	-0.96934555722296989	-0.96558948246642839	-0.96183509174741144	-0.95788518446843729	-0.95361684570831429	-0.94919375181501187	-0.94509825725657715	-0.94169758481079102	-0.93916474256532578	-0.93727989633017539	-0.93571722550804515	-0.9340020162803514	-0.93146808068493958	-0.92710264925883235	-0.92027288532204865	-0.91095593449987233	-0.90061896558526344
naca4412:a0:re1000000:n9	0.95029354880547767	0.4652486089921965	0.0068027776923350342	-0.10322427308912208	0.62875179623868993	0.40071302836853867	7.1127222110882677E-05	0.00011365105713019222	0.00014503431468576507	0.00017096142429180323	0.00019346156684880211	0.00021488174507875644	0.00023476853568240926	0.00025400793518035877	0.00027338640961884571	0.00029475740589208436	0.00031532100229667178	0.00033666283889068055	0.00036124830467512768	0.00038916055384266861	0.00041768806234326129	0.00044571119298605406	0.00046936528163288527	0.00049013242391348244	0.00050070787510508169	0.00051241204155319867	0.0005844549503341139	0.00071205381400710937	0.00078799733025966111	0.00085408706410658973	0.0009500530944969056	0.0010614780718052532	0.0011849642876183375	0.0013311012817366736	0.0015059068217194561	0.0017283752401043881	0.0020347941502379409	0.0025071113120333061	2.3462431068833296	2.4135277887441311	2.4327815025119777	2.4427582539208652	2.4577495130018394	2.4705621322873288	2.4976442350914212	2.5152032187035482	2.559426297787097	2.6074773986204396	2.6797982243077398	2.7483779495034497	2.8323194410905481	2.9368888264225954	3.0645700001643217	3.2142224622489279	3.3872089792848818	3.5447726193906273	3.7060839289628951	3.5846170819394803	2.6551345201109489	1.690790150510465	1.4579732408821362	1.4469134472985827	1.4419355008996586	1.4454051302640634	1.4554916199864651	1.4673240862282182	1.4853469797631267	1.5171635469599853	1.5727074627766406	1.6923150911087421	0.9882403386563321	1.17225257143093	1.2327405021524236	1.2668836353888475	1.2904108364231506	1.3071049308050751	1.3180560329605155	1.3231791544538529	1.3246242435911477	1.3213683179415703	1.314413158916464	1.305190428460836	1.2951921549256049	1.2836220720742895	1.2722956617334682	1.2616131528114987	1.2525918532262326	1.2436080824905056	1.2349008522901255	1.2243789132385476	1.1979302224034734	1.1669302098344778	1.1547207649236815	1.1472204899777321	1.1336530333179393	1.117116434886642	1.0978702309534176	1.0752924692464623	1.0492195789544128	1.0182029542303839	0.97992108632329722	0.92920314591784181	6.6801816169268372E-05	0.00012557335520547194	0.00017697043575199499	0.0002225048278482945	0.0002671050808604408	0.00030582872358199994	0.00034140166601565161	0.00036875586547872755	0.00039696793288797875	0.00043265025854153304	0.00046232270019593751	0.00047860842378807201	0.00050201732899251498	0.00053757624826942282	0.0006042853830966348	0.00067479036926025571	0.00074971421380162523	0.00082087649728886363	0.00088282331962204414	0.00094980381542272439	0.0010233301877060079	0.0010964626016078348	0.0011689776830474518	0.0012419360837124776	0.0013117098102130265	0.0013775026090623961	0.00144148305411557	0.0015047221946113982	0.0015782157044909317	0.0016738323685122731	0.0017960249466954709	0.0019311860278914885	2.4071493314139012	2.6237748803064718	2.7244056303883917	2.8054469987829678	2.843876131234762	2.9586494016499878	3.0374347369976484	3.1259535663610127	3.1447487714850766	3.1024650815147017	3.0471793342636455	2.8947654536418992	2.5629274360102192	2.2648497771359932	1.8490720795857074	1.6434164117499013	1.4968928317978567	1.4280892142165571	1.4208023721029686	1.4249334493302142	1.4257060599560278	1.4275104034074502	1.4298339252075878	1.4295776357266883	1.4298302684515309	1.429449072570147	1.4282714076250473	1.4321700406140876	1.4376302340541289	1.4408072513548829	1.451769863745116	1.4668228165479884	-1.0979128510966512	-1.156127611425023	-1.1269007694786037	-1.0984901621439216	-1.0741116361259901	-1.0563652132673016	-1.0406518256913553	-1.0281508803080408	-1.0188635570573643	-1.0095416397648558	-1.0000927245957387	-0.99118219558764897	-0.98046802627339091	-0.97397208779397915	-0.9641782005435513	-0.96037630426529874	-0.95769625681849613	-0.95582380517985666	-0.95450784278707135	-0.95152837761647868	-0.94754758103610837	-0.94374076450561661	-0.94046777170339868	-0.93768201399617812	-0.93540278638615204	-0.93386133914076641	-0.93278486725588727	-0.93176729852960449	-0.92897342619656254	-0.92235620473912705	-0.91150781801032232	-0.89951023671243058
naca4412:a3:re200000:n2	0.98941048269870324	0.75755390813141443	0.011983790140346054	-0.093820651935212357	0.45939349850135647	1	0.00016949508233648301	0.00027816605809857634	0.00035540361641448192	0.00041837006367308009	0.00047116627628831663	0.00051761006817841999	0.0005652346422057601	0.0006149902402703784	0.00066809240205811435	0.00072112001560492459	0.00077457366610920282	0.00083052932343194886	0.00089850933346901133	0.00095511168521177742	0.00101830980893907	0.0010968663007123701	0.001237691538536123	0.0014087880791261046	0.0015357418882404347	0.0016611455033904779	0.0018005592964486308	0.0019557991455941303	0.0021309296836484392	0.002326944742979785	0.0025429840131449884	0.0027834821562989875	0.0030535854409802993	0.0033748764187070688	0.0037728516453603362	0.0042792865414385652	0.0049485592416102127	0.0057626899256209294	2.4294376452654345	2.5078964464337652	2.5354910178255334	2.5399011837871641	2.5396008776003223	2.5531710101765785	2.5799634490731593	2.630203021760082	2.6865013240277849	2.7727389841080869	2.8815377878681656	2.9965756183379804	3.0633846785660426	3.1963991378961407	3.1665458314817791	2.8173464001160862	2.1730913381954893	1.7760505848747239	1.6547014907644442	1.6067394238163721	1.5711086724023167	1.558821602333891	1.5471742937247737	1.5425280907607533	1.5482303011688818	1.5619687553954513	1.586162961840226	1.6199555681977817	1.6696851214249673	1.7437002666563011	1.8596386292493565	2.0552776941160582	1.3263207600599443	1.3996437643488022	1.4142418024267331	1.4214805213091488	1.4264932757275539	1.4283962480502543	1.4270442981209159	1.4216902455077105	1.4124320560699832	1.4009408297329531	1.3881670703868538	1.374722679080401	1.3606866650272158	1.3489982529949831	1.3341083610433211	1.3141280657907426	1.284937266847068	1.258973353710386	1.2412046112847395	1.2248640656437693	1.2091426877067637	1.1937394993287553	1.1774639631082509	1.1598704533866893	1.1408582166011301	1.1200702869295105	1.097432808216628	1.0722967260072953	1.0436968286972235	1.0111035003126558	0.97411394707490273	0.93745239494611865	0.00013626922251145363	0.00025268955060191167	0.00035017456757719122	0.00043780159279179707	0.00051724816051486311	0.00058663507795277993	0.00065271743907256642	0.0007211275962437408	0.00078355089483760369	0.00083588477546645197	0.00088621948880213781	0.00093499081043031391	0.00097637272196837309	0.0010159562030737891	0.0010520467263784459	0.0010863017195201663	0.0011234594732153582	0.0011629235629087098	0.0012028527537349372	0.001241625827563036	0.0012758853259655931	0.001308778297924145	0.0013422202791179842	0.0013751948847307556	0.0014022544379822045	0.0014272021005756568	0.0014479859402460517	0.0014677751185626848	0.0015008990243727835	0.0015326564446808432	0.0015335873950892928	0.0015153108817074741	2.3033555976449005	2.4284920731735737	2.5075577664812454	2.5614695552227125	2.5911985561685662	2.62076106850304	2.6537446910691345	2.6791294762087601	2.6861934359567234	2.6870989905197988	2.6760157678950001	2.6684242375344307	2.6593351180695723	2.6175642125269478	2.5966629428957995	2.5888752707679306	2.5749144056739488	2.5712460987818377	2.5845544701456351	2.5968244645689085	2.6067432659941132	2.6162911427944184	2.6235004357397576	2.626105092562848	2.6290337786778517	2.6100752940073528	2.5786842030190731	2.5544763162716619	2.5287957633788309	2.5254705440287482	2.5967589012597472	2.6960850483746395	-0.72104954011664635	-0.9253980349692158	-0.95844409063771496	-0.96260002623754348	-0.95918815567496563	-0.95442008928466815	-0.95024318982617184	-0.94545947613758252	-0.93982508862620651	-0.93526917340950999	-0.93184163052206526	-0.92930862984486162	-0.9277235204153349	-0.92624388062779128	-0.92622674922028558	-0.92650252474500894	-0.92557417821391086	-0.92429943908350065	-0.9231346229800258	-0.92177650141541045	-0.92067875183649694	-0.91995087758298255	-0.91918147871339051	-0.91839379531320198	-0.91787383598488037	-0.91774727048684046	-0.91891164093532751	-0.921138088025512	-0.92229697568909264	-0.920955767500241	-0.91887385234749241	-0.91842281607605014
naca4412:a3:re200000:n4	0.99302704910790263	0.76955563730686194	0.011507554085308232	-0.096226638520139546	0.53663943026675143	1	0.00017336970638336449	0.00028045685450911229	0.00035661370344088506	0.00041975149771521512	0.00047434249451047922	0.00052387778874960888	0.00057226423261395084	0.00062049976059633521	0.00066994009542057438	0.00072375960493390259	0.00078051253810652583	0.00083854759596993739	0.00089649813466522073	0.00095453564973367524	0.0010107877382116988	0.0010627574472333132	0.0011056764870794411	0.001206381241655034	0.0013905279537338672	0.0015874939131460771	0.0017512966589987601	0.0018785990857480761	0.0020255888849834663	0.0022030032491389775	0.0024052271041829555	0.0026420254762155649	0.0029119438874190256	0.0032289947412953101	0.0036188587009928449	0.0041123188685732942	0.0047446703905609381	0.0055438148330580863	2.4308439823242645	2.5069101102987359	2.53048383833353	2.5438904635983501	2.5521791084652872	2.5629005828393456	2.5881159674937133	2.630386337437157	2.695630624888234	2.7762669799531259	2.8990091046834627	3.0273171964919698	3.2013124013434564	3.3866680634168604	3.5769954347789059	3.7544250791364502	3.7905806177539918	3.2679686703444202	2.4053971531645471	1.8799134261421397	1.6670991884294495	1.6091165014880819	1.5702265881175999	1.5424762287522116	1.5373454202108077	1.5404839486659003	1.5520395839920997	1.5763828611225637	1.6177292517898718	1.681636769806089	1.7837409332824947	1.9498139765249787	1.3273212024024974	1.4007139935776605	1.4156448947330276	1.4232879514482173	1.4278000157722484	1.4292878325271272	1.4276267748274476	1.4220428801602245	1.4130121308002423	1.400926984023499	1.3875785204529305	1.373239386613426	1.3602881629442027	1.3473355548258443	1.334916826306922	1.3223607950885001	1.3086062488045487	1.2855893876748743	1.2551104487057034	1.2287734580041989	1.2090582378890189	1.192946974884606	1.1763351942669695	1.1587912924264629	1.1402494750567831	1.1196845475982931	1.0971110139066464	1.072104077058794	1.0436620602083799	1.0113704059438215	0.97539523597122968	0.93727157610302381	0.00013505576299514826	0.00025538283054422889	0.00035308816035236809	0.0004399373511429049	0.00051948761868940473	0.00059036137110938787	0.00065651746107214868	0.00072270150069441872	0.00078285389564999668	0.00083715458393474225	0.00088837317731553923	0.00093594533277932838	0.00097760782201212581	0.0010153218626672285	0.0010488324358071401	0.0010798307312915318	0.0011136602949147134	0.0011506998654766194	0.0011872337270434886	0.0012232340685949274	0.0012558584554368095	0.0012854231729232601	0.0013171499667102501	0.0013504208034129069	0.0013805171707497632	0.001403972375938412	0.0014246105682859883	0.0014489643238693628	0.0014826835624842665	0.0015137673592285801	0.0015287050540190867	0.0015459318293820491	2.3061421039393921	2.4261822701349476	2.4997314635352548	2.560000633368436	2.5902763118417185	2.6168726705626288	2.6488525215401224	2.6686773541103284	2.6756444696277835	2.6718425972890394	2.663376580559726	2.6471007756623801	2.6322427832465434	2.6106672784976768	2.5995907449506492	2.6007438620614738	2.5932343365949224	2.5939168531814181	2.6111415377718394	2.6227870574933005	2.635213671736973	2.6469013502050118	2.6531875276641923	2.65348835666334	2.6456998644885461	2.6282804668118374	2.5997712890475424	2.5697526278748879	2.5491249384175951	2.5507003263168428	2.59129626433965	2.6352759523768063	-0.71678209213841682	-0.91883531625627846	-0.95232836063674842	-0.95774806305827531	-0.95487589394690287	-0.9502040526934874	-0.94580144351982476	-0.9410056473997126	-0.93613038187014053	-0.93218119797621268	-0.92930820373764189	-0.92707442056272227	-0.92560892687574525	-0.9247928860167578	-0.92474015885117899	-0.92520003037540932	-0.92469902950912086	-0.92394396355033914	-0.92317959482993561	-0.92196855701949809	-0.92069321019360895	-0.91951653533040223	-0.91824031483179591	-0.91708638336753112	-0.91615571658984918	-0.91590088564152206	-0.91645916671040306	-0.9174559889286471	-0.91799969861538067	-0.91760750766615717	-0.91665474498395461	-0.91465216321770382
naca4412:a3:re200000:n9	0.99430837038636566	0.79273932470591402	0.011528217550672471	-0.10165803541745293	0.64016966381461704	1	0.00017527901973806511	0.00028025327464899598	0.00035621788820195299	0.00041899306051554905	0.0004752248330764635	0.00052955269271717797	0.00057999796449897554	0.0006254459569649466	0.0006731421759090465	0.00073063423908741119	0.00078734776380796597	0.00084357579656218703	0.00090064515557136031	0.00096073085785460975	0.0010180339033972201	0.0010692202886756984	0.0011054740036669595	0.0011500167274240958	0.0011844739482332366	0.0012103051772671717	0.0013678620928690983	0.00175671810837431	0.0021826647686576705	0.0024263904454161181	0.002538544305429912	0.0027183468451834752	0.0029765233215791336	0.0033059995558371779	0.00370427205331848	0.0041871504865659374	0.0048191107654288476	0.0056891315427721762	2.4365330458371299	2.5111305538797755	2.5331228296473136	2.5499601916156522	2.5676183581086329	2.5819717536013811	2.6107691905796666	2.6494641802060643	2.7220887653712418	2.8090225693586848	2.9570526373437813	3.1241138468534384	3.3873877515656017	3.7308956904737642	4.1492866014245022	4.5971346079808075	5.0710945816571975	5.4054804216922916	5.7313274561449035	5.9987455933448874	4.799459825249996	2.9927982418851693	1.9863876519550758	1.6709922837983724	1.5846384328877472	1.5134543281675699	1.4862901403639142	1.4858642552330776	1.4993079678086421	1.5353696376902619	1.5985825650520196	1.7134297821568194	1.3437530593898197	1.4080049761588906	1.4237637075045197	1.4306088222419859	1.4334151913887534	1.4330540537898757	1.429657910114174	1.4229144578352142	1.4142563234928387	1.4017193628951614	1.3868079003588552	1.3704673496784676	1.3564998939048165	1.3432208038164908	1.331689729263964	1.3218333135085056	1.3142779518126155	1.3057259666857157	1.2967524959336925	1.2870999631862934	1.2607560313516299	1.2182145909484432	1.1792582819341559	1.1539869401574143	1.1359449034498008	1.1171265217379278	1.0966675389462517	1.0730972835060462	1.0459009018030094	1.0148894326975859	0.97892460644514734	0.9379422689414908	0.00013429335793741157	0.00025236482065327763	0.00035077052509484616	0.0004381188187744253	0.00051730936465838669	0.00059233491293128962	0.00066266653917410056	0.0007243834104332694	0.00078333108571476023	0.00084054574242804748	0.00089264818910873942	0.00093740949021331585	0.00097702239060330786	0.0010130891843575579	0.0010460164765651544	0.0010770486168525941	0.0011076890769256048	0.0011411153843723704	0.0011762126910203584	0.00121306336993682	0.0012492975574886636	0.0012816011405062655	0.0013123859040755142	0.0013426376993909504	0.0013699088617451977	0.0013988555944160711	0.0014281745658460514	0.0014528572352355887	0.0014765872880482245	0.0015013876524797038	0.0015273006949748373	0.0015739128413745024	2.3154852165888586	2.4239893823215892	2.495449132071708	2.5492575168789098	2.5880081260987109	2.6187573893276381	2.6449135432430522	2.6642604224781672	2.6702277241071748	2.6667653127610187	2.6520044239117047	2.6307065590938197	2.605944950613305	2.5930216418840306	2.5796811555706709	2.5794350755083451	2.5852438791816281	2.5951732238792484	2.6107925289391272	2.6264951340266545	2.6408303302729323	2.6524685104807384	2.6564989545698565	2.6503478502541111	2.6386199384520346	2.6180780476754273	2.5887194326918936	2.5722471094243282	2.5753935741998282	2.5925734567561003	2.6248842614907009	2.6319492442637316	-0.7040537492157557	-0.91005170849871253	-0.94585595136095257	-0.95220176731084527	-0.95065213662450954	-0.94633557569531157	-0.94068525672125114	-0.93515772302479472	-0.93070658281886098	-0.92729941384863357	-0.92468374344192061	-0.92311037339263291	-0.92202033745369971	-0.9218112625700241	-0.92177177976278202	-0.92227276237728606	-0.92284717269584804	-0.92322435376810241	-0.92300828804506452	-0.92188714709687947	-0.92004182540440027	-0.91809462229628114	-0.91639249078730245	-0.91520217934217385	-0.9147576759167535	-0.91452767763483522	-0.91438464965218769	-0.91459745077869536	-0.91482930515914007	-0.9150631703012756	-0.91497852479701802	-0.91214506527529327
naca4412:a3:re1000000:n2	0.98071634309472033	0.7841129389038165	0.0090591827389967777	-0.099717947431526816	0.3508360210328767	0.37163152145907796	7.7633933533853471E-05	0.00012465771288277142	0.000158023601163095	0.00018524285027608257	0.00021009815951655091	0.0002343823882482497	0.00025603722295068816	0.00027488438473537337	0.0002973441378154001	0.00031965471134605378	0.00033486098287598397	0.00036614266712362676	0.00043999051384497045	0.00052876913695856656	0.00061682567215807214	0.00070937452088377017	0.00079862405290048592	0.0008905278662194871	0.00099059080759077308	0.0010948474298385935	0.0012026388784384357	0.0013152183093479652	0.0014351836592107637	0.001564964006219314	0.0017099585398865013	0.0018748193143279766	0.0020636874433775506	0.0022900818685781723	0.0025735289059230023	0.0029435114078713198	0.0034526643797205552	0.0041579376506342301	2.4426731253627403	2.4983088225648657	2.5198399322846337	2.5238733559133175	2.5362086846926402	2.5443348268723205	2.5655879100422343	2.6187598376906722	2.674076649885329	2.7651543557484688	2.8607871333608594	2.4132563010303776	1.7110538321815378	1.4876390375258681	1.4669092259443495	1.4538690494892126	1.459430393145478	1.4639783972298095	1.4589808600917815	1.4590024833976956	1.4634472603701059	1.4680644394019526	1.4729915312555215	1.4806926269083365	1.4900394515586677	1.5021536395563715	1.5206044042737963	1.5449473239467433	1.5788748972077973	1.6320920889594941	1.7250320276787887	1.9122340895460743	1.3378059434249372	1.4060787046132388	1.4217668649442208	1.4289929545774183	1.4335201689256167	1.4340136007011006	1.4308076498117046	1.4250151314381687	1.417563096934817	1.409134874374955	1.4005019167448796	1.3806646379549274	1.3489913372580347	1.3320840397791365	1.3189294361098773	1.302050649997057	1.28555762086236	1.2692366173046914	1.252589386586042	1.2365830152033679	1.2207051946313481	1.2044495329142246	1.1875661645615871	1.1697724487799825	1.1505597373566265	1.1295059728862253	1.1064485315880828	1.0806549715482863	1.0510288822105542	1.0161446492922941	0.97486668462946136	0.92916136919993964	6.1381235532841088E-05	0.0001114942721294959	0.00015466078724287485	0.00019514018431951549	0.0002326136054588571	0.00026614688869645544	0.00029477144022480045	0.00032302357548421364	0.00034931736356492315	0.0003737479079514392	0.00039433177741343944	0.00041267161987522182	0.00044233266593491841	0.00049756338067234447	0.00056849122485824668	0.00063461561592596306	0.00070027534919227263	0.0007652712248467522	0.00082609661879373437	0.00088949212245012705	0.00095570749208910761	0.0010212745374397478	0.001086241440114558	0.0011507246827847238	0.001212227625792023	0.001270294726487841	0.0013245607411006889	0.0013768855509350749	0.0014340021648629995	0.0014997469875419097	0.0015763504176890301	0.0016607899726022708	2.3049764843864242	2.4245848229971094	2.5000669144671206	2.5386852981245061	2.589734319705371	2.6225528092158017	2.6585547155725342	2.6915020215990544	2.6821837500110042	2.6418374945067007	2.6119409507672251	2.4670083391681397	2.1705650336091113	1.8569703813680194	1.6219353979819366	1.5372320659452998	1.4734924824978437	1.443929081631494	1.4461786040637419	1.4482882678638063	1.4474450915187687	1.4478922447882068	1.4456346157697246	1.4412761682852526	1.4377314830595747	1.4331715165016223	1.4294131765005269	1.4296559950044352	1.4316916855847759	1.4335053454238762	1.4396333989230865	1.4433997212587406	-0.70348155656910483	-0.91528108130859964	-0.95120527036913183	-0.95593923629558297	-0.95322074224284337	-0.94726114297072384	-0.94204289572627498	-0.93728324663152884	-0.93265117105099038	-0.92890496576666548	-0.92697793558271968	-0.92505438183652577	-0.92020681766231638	-0.91621674846396028	-0.91398044531441425	-0.91566685663188907	-0.91668268112921503	-0.91710111624924529	-0.91713561981625369	-0.91587933579281122	-0.91409806817352535	-0.9125485869511506	-0.91131503550382753	-0.91057700543398501	-0.91037901510175256	-0.91075929389883059	-0.9117686229912807	-0.91295765939729301	-0.91318417867141166	-0.91167101450919497	-0.90836435060045284	-0.90508392932216797
naca4412:a3:re1000000:n4	0.97182239530245729	0.78009478238697938	0.0073667678749602195	-0.098885223273458084	0.42177025982740313	0.88862178574371375	7.7074115892103139E-05	0.00012489233762680968	0.00015852668928328437	0.00018589947242974051	0.00021021653640349396	0.00023188793036081815	0.00025361344518348591	0.00027569360506610673	0.0002988797642341864	0.00032485207182804073	0.00035260755987500444	0.00037886415829480887	0.00038715322347398091	0.00041347606914673269	0.00050504106950035558	0.0005956829433528862	0.00067383781663306536	0.00075909984440476015	0.00084830414466766156	0.00095039451837333072	0.0010567390213685759	0.0011619653760441705	0.0012737569371042068	0.0013961366923577819	0.0015331197902776492	0.0016881824112727638	0.0018653964711091511	0.0020758575804344908	0.0023367727391455425	0.0026788680415402938	0.0031512101726994157	0.0038179960906979029	2.4481733756948261	2.5113019216466839	2.5270513072478411	2.5292746615331714	2.5303203344289575	2.5494694252289039	2.5752573987770475	2.6229053080609148	2.6838110136494033	2.7579938061877396	2.8717879636693784	2.9820733854710908	3.2457933467471412	2.7983577233940662	1.8120757655376074	1.5324952372079874	1.4610595424697144	1.430122610464182	1.4458191923242951	1.4483644289590663	1.4490508000124731	1.4590959749253329	1.4659182595708651	1.4739908096224599	1.4835050987004168	1.4934258426312292	1.5092144866929065	1.5312864836589162	1.5638461419816634	1.6137528848329092	1.7024640036085248	1.8860619211976835	1.3388705842878044	1.4054315456011885	1.4217126207282693	1.4302030149166145	1.4348934527528387	1.4354226181512018	1.4325055390522659	1.4263186645260659	1.4178655009111085	1.4075823248617341	1.3960623935026191	1.3817747549806754	1.3715344741112532	1.3493006122969375	1.3114018063592916	1.2928210311900599	1.2785968497992808	1.264578920325357	1.2515909704004649	1.2366580303473322	1.22107637278169	1.2055390728600637	1.189273342295706	1.171981625525603	1.1529920770655773	1.131981667378186	1.1087720493680489	1.0827667658071201	1.0529322274631223	1.0178760737811321	0.97672519258656099	0.9304346695271366	5.9603038055352575E-05	0.00011250441501263188	0.00015614257930721888	0.00019601427542437387	0.00023194648439595449	0.00026388821920407974	0.00029474388309650573	0.0003249068198084327	0.00035299037666661518	0.000374838838337138	0.00039722915354317549	0.00041908173611545957	0.00043854576172753514	0.00045339630617665787	0.00047091015693664288	0.00048755147534377727	0.00050356480282235207	0.00052120396168072966	0.00053977751598574151	0.00055460116398249029	0.00056753674033550448	0.00057908172508135526	0.00058865567994225343	0.00059882377719635974	0.00060368314316332087	0.00061483941728172008	0.00062525682865633325	0.0006388879520418543	0.00066800297970672276	0.00070525180598566737	0.00074830123922315099	0.00082209466221469811	2.3194098322681351	2.4300964682328119	2.5106377032083502	2.5544226766502383	2.5914298620350489	2.6321946332817832	2.6644195352835958	2.6871256727793456	2.6829878997463998	2.6899640847885897	2.65520565540705	2.6469586615843399	2.6169803799020901	2.6046708934788536	2.5733337546328836	2.5685243250136938	2.5804381185355449	2.5905156321736453	2.5994079101437602	2.6166856174434283	2.6294676133607746	2.6428272423304384	2.6680943678975946	2.6519506762208875	2.6453341723691834	2.5856118279700411	2.4782168884309312	2.366610350579414	2.1980602673272829	2.0837432154204381	1.9809978570683335	1.8415931474604821	-0.71274589186881276	-0.91933608091716201	-0.95383224312612247	-0.95809950401104094	-0.95487417294384969	-0.94963360971756527	-0.94460183692962996	-0.93964172683180502	-0.93417205423037464	-0.93023456154773143	-0.92678947084940244	-0.92445135116611588	-0.92256348316055803	-0.92245383694495053	-0.92211245430238375	-0.92169503575328604	-0.92078194204903452	-0.91949221196868924	-0.91831107896761388	-0.91775167749711484	-0.91746166529997986	-0.91733692807333234	-0.91747304032919907	-0.91678447387597872	-0.91663076975819235	-0.91555763101926968	-0.91510610428418648	-0.91567865149682404	-0.91433822743897031	-0.91235805396263903	-0.91021132699279506	-0.90293360309638659
naca4412:a3:re1000000:n9	0.97667714437197495	0.79602503717343531	0.0065905781793982876	-0.10194362740986448	0.50775435125888346	1	7.7481892699273849E-05	0.00012487742662527449	0.0001587589174333996	0.0001867863816536189	0.00021001480389609657	0.00023158274913372907	0.00025237117626590507	0.00027206166214027131	0.0002936317313912834	0.00031887706806100639	0.00034655453661136987	0.00037499590973612078	0.00040580890805432088	0.00043035955359007911	0.00045228136252536142	0.00045992640799233429	0.00053466118352148736	0.00065290796746930019	0.00074042438138648061	0.00081212913370426573	0.00089488458906146072	0.00099514650246759068	0.0011038989790919239	0.0012213275807412792	0.0013460401361126075	0.001487321173947443	0.0016521011543735073	0.0018472552456102391	0.0020880754067821613	0.0024046488565491191	0.0028408054329597085	0.0034630058420086125	2.4371549379297175	2.5110586970428304	2.5314376601893485	2.5414234963951015	2.5515982159801203	2.5600499987093919	2.5931516169506836	2.6444848829153864	2.7046008882614312	2.7724188314145328	2.8994175888935749	3.0632239180592724	3.2587057417701026	3.562908366869832	3.784385532558622	3.9091226952621358	2.596353222308601	1.7397135284592697	1.4481043707388144	1.4317572538324748	1.4380926412014281	1.4441249904352773	1.4542415824647199	1.4601753588985562	1.4690737774540095	1.4795139208496997	1.4933410560131737	1.5136966587627587	1.5441504571134019	1.5910927394717536	1.6759120674249202	1.8487294581552138	1.3476188005150398	1.4135574751009086	1.4232250854487436	1.4305646552692601	1.4360829669813471	1.4388466867027851	1.438002615526357	1.4325595147426688	1.4227920295649927	1.4092254979794892	1.3946881551815249	1.3799656317087432	1.3657667873518498	1.3541737982173561	1.3399770692716046	1.3300265748336817	1.2957367406127935	1.2614828145457637	1.2445980224991366	1.2332570230816668	1.2211386417137859	1.207169657345148	1.1918315595372206	1.1743814891093709	1.1552729213563482	1.1342305969816795	1.1107407365014232	1.0845118925488	1.0546401360586186	1.0197140990980846	0.97869805291914302	0.93101732971835882	5.9470516784321308E-05	0.00011305872557520064	0.00015713593043797995	0.00019526826878843366	0.00023069624259736577	0.00026293632773087739	0.00029249550956347061	0.00032154198342709508	0.00034905437507617033	0.00037412884496685462	0.00039680755327614788	0.00041786380300734192	0.00043626813413564976	0.00045469072329343816	0.00047139200007841601	0.00048706276852504804	0.0005032845434659631	0.00052064898017388885	0.00053727324112226495	0.00055329679069462446	0.00056922353780176297	0.00058434701446208662	0.00059959551731173487	0.00061537452699133937	0.00062875401363596641	0.00064137317217356153	0.00065746093137286979	0.00067186818447314601	0.00069180569358828249	0.00071367263210406694	0.00072027937597559646	0.00071746366503365304	2.3127376671800826	2.4254954173933672	2.5042588769667504	2.5558285579068398	2.5826497003822482	2.6122545705756375	2.6477085028058798	2.6722903936853202	2.6755766540489243	2.6691867681762358	2.6581786083541212	2.6374888297381944	2.6294715922402898	2.6029331391944002	2.5924672071985206	2.5970669696856454	2.5979889018047868	2.607681179621367	2.6291058922594965	2.6467817146465791	2.6607144187400094	2.6719540683429037	2.6785877394736444	2.6679692259221617	2.6483438791985359	2.6147469075804386	2.5642792923881497	2.5542656658907186	2.5625684444830434	2.5937512523411637	2.7443683603689815	3.003345420169516	-0.69959833839541052	-0.91094308856931405	-0.94480073685667865	-0.95097037998416289	-0.94993192566928175	-0.94613873012755589	-0.94178595716403701	-0.93690854178343963	-0.93191106145893676	-0.92774915669468783	-0.92475629278046845	-0.92271339961869403	-0.92180193054680948	-0.92095097330835451	-0.92094956188784449	-0.92145353665808494	-0.92151182383566677	-0.92120313212120919	-0.92052490982009605	-0.9191547589797292	-0.91727095166771444	-0.91536010850448402	-0.91366884491427292	-0.91206616488386649	-0.9110595332630923	-0.91073438740011903	-0.9111421338708422	-0.91293809859969377	-0.91318666229500067	-0.90922239276933736	-0.90357505350645262	-0.89963227944491608
naca4412:a6:re200000:n2	0.95446604121953926	1.0492853643917472	0.015011938805407844	-0.086417625695786066	0.31847470337704925	1	0.00018339832526128864	0.000307561431621698	0.00039161522092206151	0.00046644915040697769	0.0005256233238337863	0.00058636657290725555	0.00063945525191555638	0.00068452708452400801	0.00073564667440034672	0.0007852868571409067	0.0008435476655237386	0.00095198289910723851	0.0011069882411810401	0.0012538836282044836	0.0014040529383874461	0.0015560602298506103	0.0016972416870490346	0.0018455370237652285	0.0020148806403090919	0.0022031809358921931	0.0024008584860214233	0.0026098039094270965	0.0028376035281094019	0.0030902714559125836	0.0033833705873859061	0.0037264746842918472	0.0041210494893514291	0.0046040995292497651	0.0051936103023215528	0.0058977791146213555	0.0067396768214101378	0.0075884604823824387	2.5951601973194278	2.725000540125964	2.7495384387779347	2.731979454627933	2.7452163295081671	2.7326294166521223	2.7794610513454163	2.8256144592415637	2.8752381500856425	2.9568330324172396	2.8665899959697332	2.3776158204725428	1.9131544764171937	1.7439923321191502	1.6498437455203592	1.5949843126581733	1.5772455439958599	1.5685770859592834	1.5606869523926299	1.5568062936844795	1.5593549294293487	1.565908391367294	1.5752849018713122	1.5938792504060497	1.6175422531730048	1.6494486067912737	1.6969496786696094	1.7552113822822608	1.8371785028138112	1.9637370740113442	2.1517248808308986	2.4229702206469281	1.6776180133701317	1.6310070008132496	1.5938460361224693	1.570317833523164	1.5547759892575246	1.5418601097403986	1.5294236279937692	1.5146108826360383	1.4992074138564571	1.4833374051890587	1.4629453708748912	1.4334683786728812	1.400884673584569	1.3774263786889156	1.355173814063944	1.3332170855230348	1.3126879354422816	1.2928812827114728	1.2732486249980295	1.2536720742145646	1.2339382189999615	1.2136511188014372	1.1924680449722247	1.1702882716267771	1.1467611184204296	1.1215930122825137	1.0948453038101029	1.0658028509381841	1.0344438611452296	1.0016075733233822	0.96857734931156336	0.94228583575486347	0.0001206968548356162	0.00022911484931696294	0.00031570516564192146	0.00039219518522828857	0.00046494701359725961	0.00053084276484983951	0.00059235223988826126	0.00065163062900288064	0.00070473747913751979	0.00075386329338772548	0.00080006264232340848	0.0008407969810278231	0.00087676686148092605	0.00090989943391101718	0.00094109656180895373	0.00097083761817941716	0.0010023443588197433	0.0010348616134922316	0.0010658976995442312	0.0010960246483584363	0.0011244205134190834	0.0011500782841359042	0.0011748574521203486	0.0011988874398918272	0.0012197370037669724	0.0012373821077047522	0.0012504870477378876	0.0012627531108816198	0.0012774524360283498	0.0012894577331536749	0.0012981524703274752	0.0012980841004804646	2.2574509958390183	2.3428157574556012	2.3878333653869701	2.4359672158085206	2.4623089268873155	2.488772389934979	2.5117234174122873	2.5235984523208477	2.5291918626981009	2.5230682005566045	2.5160987065150744	2.5105256900633561	2.5003714916176434	2.4842603881667618	2.4773150228362524	2.4724049531455927	2.4668042587547032	2.4652408522431486	2.4743423119878636	2.4844568169124694	2.4946858242429704	2.5016958743859004	2.501031058613111	2.49639294636571	2.4858125516458078	2.4626627069838753	2.4344300085255615	2.4042028223672247	2.3843013684014704	2.3808837715595579	2.382334576849598	2.3569851359427521	-0.33557820804389249	-0.68811767467318441	-0.78054260124733121	-0.81892520409783742	-0.8369629901434652	-0.84694565454032222	-0.85321959299098271	-0.85662223409877569	-0.85866689847258471	-0.86038859439830451	-0.86245839141763869	-0.86509239615224276	-0.86826159608347697	-0.87190252833460047	-0.87599160007981114	-0.87980300501551933	-0.8823927503948843	-0.88422957806745783	-0.88562444394801143	-0.88674324407370508	-0.88781494260633753	-0.8892412642323817	-0.89101299519546728	-0.89324814677569853	-0.89583686485234715	-0.89883490461512028	-0.9026038168665651	-0.90679320509050043	-0.91106522859618755	-0.91532166448892616	-0.91923009912737552	-0.92498001287483267
naca4412:a6:re200000:n4	0.97590025014414195	1.0676695970245784	0.01418883194171563	-0.089440432584463228	0.408154803863925	1	0.0001863120552930129	0.00030975365131017795	0.00039510149109790678	0.00046826923540884958	0.00053210779145054777	0.00058947952970889986	0.00064458026567909088	0.0007006338567734265	0.00075886635682313297	0.00081582724803940226	0.00087433555039598623	0.00093147294354228448	0.00097234473375455786	0.0010572547103752203	0.00124256229860445	0.0014381413167578474	0.001589737849196369	0.0017342351748833133	0.0018907167577075304	0.0020719437723711459	0.0022634325985335726	0.0024628622158020682	0.0026827277275648736	0.0029297224162363666	0.003211019371279654	0.0035314075551290346	0.0038946374064363237	0.0043374111967198464	0.0048841125238499993	0.0055538048433031555	0.0063762659666683555	0.0072960866425589828	2.598992550996917	2.7483372190197084	2.7558275382072077	2.7434716497684213	2.7374078885957354	2.7420609013729909	2.7830824279679844	2.8450318660097618	2.939083026800644	3.0859628306469555	3.2420465864037347	3.4220386353145513	3.6351239140303031	3.2071188700425517	2.3406576015392417	1.8547199723221381	1.6658282830348561	1.5865584383737956	1.5645991467457001	1.5421166904267549	1.5296545690551002	1.5316192571784466	1.5348169983227733	1.5466552869067127	1.5654451756072874	1.5922849680286604	1.6327863521190127	1.6846907849766244	1.7578823646156494	1.8645991742174663	2.0233022645070649	2.2587275230358355	1.6841506430939215	1.638997995943817	1.6018382599997096	1.5777429803214016	1.5606110168701242	1.544430915222293	1.528467319501186	1.512050308935851	1.4963685922285497	1.4812961538898857	1.4651946665643978	1.4483578007751778	1.43271680176611	1.4055966998220426	1.3678139299985479	1.3366927590785667	1.3123105933736947	1.2916178621261616	1.2721152130892555	1.2521217023007964	1.2325617929436723	1.2132457418666558	1.193314738702117	1.1722922832107137	1.1496745542011118	1.1251900479709194	1.0988755499195624	1.0702046883697036	1.0388083210552403	1.0052714172574295	0.97083243199553138	0.94021524447925497	0.00011998892899680645	0.0002309554851305823	0.0003185339533327249	0.00039628175485748057	0.00046998595842320275	0.00053662696833410974	0.00059798270016649135	0.00065669054131602643	0.0007093673209453478	0.00075835004626652856	0.00080454996127800847	0.00084559387579054052	0.00088239204992814264	0.00091536044622080601	0.00094771726615589349	0.000978962058741265	0.0010109705597305264	0.001042856896268537	0.0010730668882609235	0.0011028305143068284	0.001132667402862703	0.0011594701853836662	0.0011842462921617285	0.0012084015074061429	0.0012284100183638316	0.0012473668964548036	0.0012627091375712928	0.0012758346812003908	0.0012886014563402886	0.0012985356573837435	0.0013093882179181283	0.0013281957020843734	2.2568345924788527	2.3416049790849538	2.3864299556774036	2.4361843889744876	2.4643428895804802	2.4894790004279179	2.509651898517812	2.5171163754908372	2.5211950630667568	2.514582358808092	2.5086759273004873	2.5011249567758043	2.4900840390530576	2.4837661619479419	2.4767241579533592	2.4743853479478104	2.4730441974537234	2.4750111367550893	2.4853354872634132	2.4955292525965755	2.5031446776694031	2.5090284418618429	2.5095810598590296	2.5018521955661255	2.4937829087148602	2.4746339342365973	2.4487348816326731	2.4209875993083525	2.4044897047321738	2.3953088619482386	2.3828274334656339	2.3582946132814886	-0.32917242479234154	-0.68241782313599997	-0.7758017450266107	-0.81446387125412012	-0.83265009074442908	-0.84264345225132953	-0.84914976566577827	-0.85322810097541768	-0.85607370255723803	-0.85843849901354452	-0.86098307166643639	-0.86377859424171399	-0.86686595901477137	-0.87068152689283262	-0.8744660522191039	-0.8779999512782235	-0.88059538281524141	-0.88268046774437736	-0.88428770720116978	-0.88558704522551102	-0.88657421957150029	-0.88783736697486804	-0.8895092848737356	-0.89148836618704164	-0.89390047607363621	-0.89655087784691456	-0.89956625403938673	-0.90315865782621541	-0.90732506029811311	-0.91227516512671569	-0.91698002161515269	-0.92025378402104452
naca4412:a6:re200000:n9	0.9902775031925819	1.0969966633430053	0.014334315105753741	-0.095269493937263	0.50676953839809813	1	0.0001872307501747482	0.00031101668535646787	0.0003989042097972262	0.00047032993764241745	0.00052982150815649592	0.00058486136359050145	0.00064006327707488622	0.00069796375937387055	0.00075250751930293651	0.00080675925908901467	0.0008648538162410543	0.00092814488767542914	0.00098091773324570307	0.0010138130785731661	0.0010500093738583843	0.0011219342086568958	0.00141542926066986	0.001837465418227849	0.0021491030762583354	0.002258232641690153	0.0023518805155764112	0.0025330138972211179	0.0027653910500584811	0.0030263775280334236	0.0032995581063196091	0.0035979504909626741	0.0039503357380751515	0.0043890209578539311	0.0049444974940391585	0.0056540847803262552	0.0065208824082918131	0.0075383325551930166	2.5996596835976384	2.7354751216351763	2.7406172529478638	2.750993576060655	2.7741229546324222	2.8025050035369095	2.8442413611507238	2.9177575793393258	3.058212476538086	3.2882400520288928	3.6638694488672199	4.101599707977738	4.6165590266726788	5.1591096070066698	5.5563171358694472	5.6590497713146286	3.8296440355248769	2.4088913077986964	1.714478878532339	1.5538888856610265	1.4977482147968302	1.4619285355007667	1.4481023567546965	1.442385840825483	1.4468667120022876	1.4650580770692272	1.4918887061488144	1.5266101804861387	1.5774029081440537	1.6454854362276843	1.7504510874135017	1.9131728909655126	1.7018584364450164	1.6472639159025406	1.6060722386948316	1.5814531844941575	1.5643606739934628	1.5488273514737314	1.5326219136879558	1.5148407224109617	1.4955094378654441	1.4768867213180745	1.4620694792013169	1.4479673937394699	1.4351435290691281	1.424879978633542	1.4134193118230014	1.399234614147292	1.3568962108616556	1.3044241721347338	1.2659361550985793	1.2437666233826055	1.2281612905276664	1.2117199885581931	1.1944547738715361	1.1750804944422799	1.1545726407184276	1.1326135970127278	1.1078319790115752	1.079626949380019	1.0474505159489385	1.0119120199285128	0.9757550252426378	0.94133504183723216	0.00012270259369301882	0.00022809540251808867	0.00031586777240140244	0.00039374175505064014	0.00046637351097766672	0.00053532092685136101	0.00059778250598062105	0.00065529833578319152	0.00070936920096636362	0.00076033307560642398	0.00080774090857100699	0.0008490255034462723	0.00088515866356332206	0.00091754383760153202	0.00094876249485388521	0.00097901209011515495	0.0010087036000277895	0.0010395103133630241	0.0010700086584187855	0.0011001164755793434	0.0011303950649128676	0.0011583313218069976	0.0011841730334305671	0.0012086918833891073	0.0012280672593498569	0.0012482554433329344	0.0012656268545689164	0.0012802080955022299	0.0012938509218307155	0.0013057202543232248	0.001320730786138654	0.0013538798546789909	2.2571826877475432	2.3363410842478776	2.3843289576857143	2.4283385669741953	2.4637787830657447	2.4862317261468996	2.5090626953576858	2.5173470374866111	2.5220179839004873	2.5168538194515815	2.508024161807004	2.4984725923289601	2.48637932224878	2.4790918257287298	2.4697635181762081	2.4680996603675807	2.4746803203677641	2.4827661325942634	2.4925144949257647	2.5036248071100315	2.509948736304219	2.5144195209598981	2.5130238325811214	2.5002301176287638	2.4889178080013017	2.4709227829955132	2.4479704117389307	2.4273862272028048	2.4210826103463727	2.4285514403409127	2.4345372866589514	2.4114065128806415	-0.31476860910402671	-0.67034506981294606	-0.7657747853532535	-0.80615783030029298	-0.82651199070560111	-0.83743471542446835	-0.84376214447615605	-0.84749215814611989	-0.85010492319317699	-0.85217470342774959	-0.85463039825307252	-0.85783275848029517	-0.86150313592074701	-0.86576066328894241	-0.8698962609115235	-0.873879422173648	-0.87751888947789203	-0.88037363601262886	-0.88247825242597822	-0.88396500383644017	-0.88482272370476311	-0.88568034399012419	-0.8868823046743185	-0.88850119470072997	-0.89102399214121442	-0.89377182716295034	-0.89667857211156821	-0.89995055074921759	-0.90357351381726225	-0.90817803647688056	-0.91288745253992554	-0.91456219274680173
naca4412:a6:re1000000:n2	0.91235425948915472	1.0703964291843229	0.011779650832745899	-0.091808074695473141	0.090708778725549027	1	8.3221708642570739E-05	0.00013888440440629199	0.00016488693831848939	0.00022284105443972846	0.00030403723286013287	0.00038081859018682931	0.00045727021231158792	0.00054244544123868417	0.00062823860976873337	0.0007157372529980403	0.00081063551343779823	0.0009124372028068838	0.0010193079154111647	0.0011337381407610656	0.0012538933260596737	0.0013772575238900401	0.0015073749018214477	0.0016433931170575906	0.0017853699005503751	0.0019329228092490936	0.0020871437112963812	0.0022512044422032195	0.0024318884676135734	0.0026351374824377101	0.0028667172509505468	0.0031354582339778781	0.0034553884463623709	0.0038547200556799275	0.0043639555730917374	0.0050088799531622314	0.0058152274258899857	0.0066639688977023657	2.6102082844197807	2.7262817549383107	2.7649518339459775	1.9522677464894533	1.5278100211886367	1.4591536153785007	1.468012375376001	1.4693217064275645	1.4673782518143899	1.4718075860673465	1.4683158390134072	1.4677564923180055	1.4763472163100886	1.476208435051795	1.4796390042936733	1.4872487854157499	1.4897121983695996	1.4907241340648285	1.4952569397034756	1.4993715760134705	1.5032151554825681	1.5085199587044278	1.5156779745611202	1.5273812753138296	1.545644593963178	1.5704300447578192	1.6046879401975271	1.6509389833154882	1.7178772338500115	1.8217277419321698	1.98507052396599	2.2500687931787002	1.6845405589689819	1.6367310882494175	1.6071552193581438	1.570364331706988	1.549063633814578	1.5383257132495614	1.5280513629601582	1.5139560696610048	1.4966210614748461	1.4771161316517603	1.455627211275103	1.4334657557641877	1.4114241861075583	1.3885738243345433	1.3657839474665843	1.343469956273776	1.3214890025124766	1.3003181152525927	1.2799368352296199	1.2600874495866243	1.2403986667220872	1.2204936393458454	1.2000536525940824	1.1786634895774704	1.1558557247451868	1.131260375847194	1.1044123549519453	1.0746874909812234	1.0413549708939367	1.0046001748099678	0.96601520347462988	0.93370724100682922	5.3739851325141487E-05	0.00010312163655783715	0.0001433605658872598	0.00017768366109457577	0.00020961935639967716	0.00023931566126487433	0.00026718449500483601	0.00029384896415794335	0.00031877400449765189	0.00034130040457555985	0.00036122676529497472	0.00037942346053974814	0.00039500460925082943	0.00041012010888956998	0.00042496428731123877	0.0004387166459438169	0.00045289067159350093	0.00046808334363995026	0.00048375878572238834	0.00049830083328711891	0.00051096406697636882	0.00052284707067737606	0.00053601679822777169	0.00055098219098256471	0.00056383377826758516	0.0005717802529697423	0.00057732793034658285	0.00058230630739175169	0.00059068968424556465	0.00059911827429357054	0.00059670579220921934	0.00059570360342542676	2.2743136671884163	2.3405354076425504	2.3995691514197768	2.4360997619316818	2.4613866935303124	2.4890929432468885	2.5134661571032715	2.5295918152922057	2.5345892350075649	2.5314367811263159	2.5219702192525131	2.507735664125021	2.5005308289358394	2.4761670926383981	2.4626918838410035	2.4610259550478846	2.4574368449296258	2.4560768020736279	2.4560968775800425	2.4615044499206262	2.4737559880413102	2.4844880277361812	2.4905682594413192	2.489463446423279	2.4799408803408518	2.457897909678195	2.4126551551795874	2.3726801837934359	2.3372830604937209	2.334491687317755	2.3922974746405745	2.4428562976882633	-0.33181535681534413	-0.68401024417205503	-0.77471877532554123	-0.81266089465926905	-0.83209090247733819	-0.84280878751248889	-0.84894955620402879	-0.85206034884542836	-0.85378007058396543	-0.85523221018847762	-0.85703574557094564	-0.85931644864817658	-0.86273659787234491	-0.86628334578567467	-0.87040445982578629	-0.87466870261315832	-0.87797475274906511	-0.88048750228180639	-0.88245221958073849	-0.8839071007961663	-0.88522260357789118	-0.88663903681160283	-0.88812024494831965	-0.88941416591888589	-0.89077608566593658	-0.89303539697046086	-0.89639003196283329	-0.90091695460221199	-0.90498294561405923	-0.90697785462069991	-0.90845766410417617	-0.90846790702845559
naca4412:a6:re1000000:n4	0.92248566183308056	1.0888312058811906	0.010436598933239597	-0.094940606575439512	0.1987469800413568	1	8.2598454912457717E-05	0.00013846475787446596	0.0001818735406847401	0.00021201212981976616	0.00023437218597301083	0.000251439809039789	0.00028422426406081875	0.000338159638191458	0.00042023188707511038	0.00050528344670757992	0.00059406597202523066	0.00068987891576855094	0.00078547699337133757	0.00088962175081159546	0.00099619959840685328	0.0011106328763430082	0.0012344592607468382	0.0013575461933987341	0.0014821950042321474	0.0016110656519486921	0.0017480335150802384	0.0018952543680962203	0.0020555343110032066	0.0022324330345366169	0.0024313718477364647	0.0026620086115063031	0.0029355708031680206	0.0032797369970632264	0.0037223488010347575	0.0042936103500752672	0.0050275416150783389	0.0058515087706729318	2.6137152347848924	2.7295786490553056	2.7447004709991258	2.7595646983313133	2.7416474221764355	2.6671132736789529	2.2973405009705266	1.8347061394379012	1.4863946801908237	1.4471234720264401	1.4519945061031132	1.4509250696227292	1.4690453263438124	1.4637380626029528	1.4707940984847128	1.4788419391770196	1.4808861325939673	1.4835223070592636	1.4851478760229369	1.4896529749789573	1.4944109909594601	1.4991017550235484	1.505891684283543	1.517197500635215	1.5336744827629585	1.5559130851726384	1.5855474071099549	1.6240015544476998	1.6805172308602738	1.7718814717188378	1.9222657428679848	2.1749247157938969	1.6968780772026093	1.6403502842100046	1.6017817224041591	1.5799793722597122	1.5658652474514485	1.5547876367336442	1.5376500969233362	1.5151704738216276	1.4930858131845692	1.478103360893094	1.4606139997614349	1.4394369901658322	1.4170610648013735	1.3927704314379161	1.3694373362286925	1.3468813191398852	1.3250446893033132	1.3042226054903869	1.2841783773446076	1.2646550752537737	1.2450300082923185	1.2249619345006355	1.2043244480714668	1.1829029705500989	1.1603734135993715	1.1362048828654432	1.1097464138408808	1.0800425526678832	1.0462231031474232	1.0082727909490401	0.96784396934755668	0.93200219461344214	5.3708813249809863E-05	0.00010334056525295108	0.0001424653942374492	0.00017645796067116383	0.0002082682796356927	0.00023820881108553045	0.00026586213751491217	0.00029261524956938689	0.00031748136607884767	0.00034035730958995649	0.00036083801722794606	0.00037871328165283216	0.00039451881591386458	0.0004102394760741705	0.00042503591537645659	0.00043843650135829055	0.00045207391623499748	0.00046680418769337167	0.0004814982324916992	0.00049547677379251369	0.00050828729725042399	0.00051929944869102778	0.00053064605911017581	0.00054313864523075964	0.00055334414411398853	0.00056115042661778998	0.00056861504108791873	0.00057655749149140324	0.00058814268647926248	0.00059736155204870181	0.00059598845345537534	0.00060017675918040106	2.2677901174635839	2.3383659818206728	2.3912394597759548	2.4293812472694225	2.4597356165268112	2.4869789533597264	2.5129516529512466	2.5243292864558198	2.5299026286864872	2.5266903342006404	2.5177752302299217	2.50344361651082	2.4971047000567608	2.48153939251922	2.4738641651730782	2.4733146597683775	2.4710130283156726	2.470286746627171	2.4762772601641063	2.4827166260056202	2.4944635874766692	2.50425566313654	2.5088095142218858	2.5035258965235117	2.4928210784232085	2.4691637816191214	2.429497311119154	2.3985700583901703	2.3732833189657905	2.3719778756844545	2.410021325525868	2.4154127464452766	-0.32064879028587834	-0.67727879141987235	-0.77040144467380223	-0.80971849121533546	-0.82942548696551199	-0.83980159269123622	-0.84569218346454278	-0.84862398273804807	-0.85065361593150046	-0.85253961495665731	-0.8546724132783623	-0.85738812822440047	-0.86093067824423208	-0.86463189704633114	-0.86862102739553393	-0.87275438725394139	-0.87596178895164634	-0.87834096745300538	-0.8801254995506933	-0.88135550967750775	-0.88235959606946146	-0.88354238261010498	-0.88497473309437658	-0.88648890078216802	-0.88832603001049182	-0.89077926875887825	-0.89402406923331446	-0.89816660603868659	-0.90181119963883105	-0.90415221835454695	-0.90598322511623208	-0.90469303516034649
naca4412:a6:re1000000:n9	0.96936527703545883	1.1127235971227711	0.0086708471685846174	-0.098511761040230766	0.35654105733308633	1	8.4879706004117918E-05	0.00013765496537297667	0.00017644699819870791	0.00020921933351107915	0.00023591990594707052	0.00026043748068680023	0.00028679462296545997	0.00030666718018992439	0.00033033265047594055	0.00035983747803856658	0.00037650994600886144	0.00040651184401574225	0.00048644897335063631	0.00059362669005988335	0.00068322651121237841	0.0007791012011691158	0.00087743840279643794	0.00098217841638015171	0.001098425341403786	0.0012181614312967094	0.0013423889486713178	0.0014736228943587717	0.0016121666002880963	0.0017609193401627342	0.0019263695002892532	0.0021210173355027287	0.0023507717037903799	0.0026325595016883393	0.0029899494571542884	0.003457936923432076	0.0040913349628045048	0.0048939265550171016	2.6167814900699522	2.7507014525444466	2.7562743329317461	2.7724607762532378	2.7444870715735181	2.7484374336963855	2.7569288970044372	2.840639540936194	2.9537223419987861	3.0947616772312001	3.3013528644862422	2.7837878882447806	1.8638981600665985	1.4621351507204143	1.4575285979561747	1.4398532939776041	1.4435348371351377	1.4577310153311134	1.4559155115651852	1.459930812489963	1.4685367824783757	1.4753647905204552	1.4834754113057695	1.4943666689086892	1.5082472082257738	1.5244212008901554	1.5487500746937053	1.581183604432725	1.6277951770008197	1.7018254804664243	1.8306594949933159	2.0691302018368978	1.7040637263899041	1.6475850305138371	1.6091240269106133	1.5867712175424993	1.5699100659883571	1.5565689805347733	1.5411516365295319	1.5252872895955729	1.5113549906340755	1.496622776666483	1.4828330420842897	1.4566357772445631	1.4163615101560025	1.3882018527776001	1.3722283645086524	1.351219473890902	1.3302076641351794	1.3092951790783711	1.2877222909103172	1.2674065438294144	1.2477684937307738	1.2280734194983194	1.2080414052705488	1.187169259195739	1.1650200581799481	1.1409269518764389	1.1144162809288471	1.084747201261274	1.0511875427115824	1.0131337941272394	0.97071746532112657	0.92871608269916106	5.5366277018955448E-05	0.000103695442192872	0.00014226322025885079	0.00017652952748698736	0.00020830120224251227	0.00023817852049749769	0.00026559252191560474	0.00029156964143657333	0.0003161870162748351	0.00033937579107350005	0.00036013695620592065	0.00037795753261651415	0.00039465322254967565	0.00041046851559158114	0.0004256874379752997	0.00043948115357514254	0.00045301011262731589	0.00046730805652152281	0.00048173038097539753	0.0004957119475285654	0.00050973281936896422	0.00052230352586190502	0.00053430695974151382	0.00054590892524620334	0.00055419283115503543	0.00056190139319432027	0.000570338507101889	0.00057809672760315432	0.00058537709844540058	0.00059196134548009029	0.00059747597623798637	0.00061644656643414209	2.2587912355737427	2.3398596498490329	2.3940904457679184	2.4290330678533691	2.4592254560850391	2.4837793281456517	2.5043471160967625	2.5100387761420402	2.5149081342842203	2.5155057283945252	2.507691442756538	2.4976212272730542	2.487969686952054	2.4881806228807029	2.4816064776041622	2.4791860476688119	2.4806746644152637	2.4869028475999508	2.4986306186065632	2.5104611845373284	2.5216484186103263	2.5268010411033415	2.527706508831852	2.516214481734055	2.5046798802468762	2.4814428858337241	2.4427676556466298	2.416173040967184	2.4104380844043711	2.4221866440114952	2.4454871731789525	2.4310068259272861	-0.29625914126679276	-0.66489119240203198	-0.76031455698169403	-0.80042991258620033	-0.82127567629478593	-0.83292016484696973	-0.83988488054585475	-0.84380996655198082	-0.84683124531953802	-0.84932273103134681	-0.85159770310008376	-0.85456222641944757	-0.85791825190329685	-0.86185529242684189	-0.86545038908291261	-0.86905607900867698	-0.8721019918523254	-0.87456880313933483	-0.87649271944091134	-0.8779791372784902	-0.87902281434020302	-0.87997501105471509	-0.88116342773766432	-0.882640761535056	-0.88482895316622912	-0.88748063424203494	-0.89009554909141553	-0.89314388489726648	-0.89636499355988031	-0.89952336510355924	-0.9016882330285253	-0.89827488533540079
