case	analysis_confidence	CL	CD	CM	Top_Xtr	Bot_Xtr	upper_bl_theta_0	upper_bl_theta_1	upper_bl_theta_2	upper_bl_theta_3	upper_bl_theta_4	upper_bl_theta_5	upper_bl_theta_6	upper_bl_theta_7	upper_bl_theta_8	upper_bl_theta_9	upper_bl_theta_10	upper_bl_theta_11	upper_bl_theta_12	upper_bl_theta_13	upper_bl_theta_14	upper_bl_theta_15	upper_bl_theta_16	upper_bl_theta_17	upper_bl_theta_18	upper_bl_theta_19	upper_bl_theta_20	upper_bl_theta_21	upper_bl_theta_22	upper_bl_theta_23	upper_bl_theta_24	upper_bl_theta_25	upper_bl_theta_26	upper_bl_theta_27	upper_bl_theta_28	upper_bl_theta_29	upper_bl_theta_30	upper_bl_theta_31	upper_bl_H_0	upper_bl_H_1	upper_bl_H_2	upper_bl_H_3	upper_bl_H_4	upper_bl_H_5	upper_bl_H_6	upper_bl_H_7	upper_bl_H_8	upper_bl_H_9	upper_bl_H_10	upper_bl_H_11	upper_bl_H_12	upper_bl_H_13	upper_bl_H_14	upper_bl_H_15	upper_bl_H_16	upper_bl_H_17	upper_bl_H_18	upper_bl_H_19	upper_bl_H_20	upper_bl_H_21	upper_bl_H_22	upper_bl_H_23	upper_bl_H_24	upper_bl_H_25	upper_bl_H_26	upper_bl_H_27	upper_bl_H_28	upper_bl_H_29	upper_bl_H_30	upper_bl_H_31	upper_bl_ue/vinf_0	upper_bl_ue/vinf_1	upper_bl_ue/vinf_2	upper_bl_ue/vinf_3	upper_bl_ue/vinf_4	upper_bl_ue/vinf_5	upper_bl_ue/vinf_6	upper_bl_ue/vinf_7	upper_bl_ue/vinf_8	upper_bl_ue/vinf_9	upper_bl_ue/vinf_10	upper_bl_ue/vinf_11	upper_bl_ue/vinf_12	upper_bl_ue/vinf_13	upper_bl_ue/vinf_14	upper_bl_ue/vinf_15	upper_bl_ue/vinf_16	upper_bl_ue/vinf_17	upper_bl_ue/vinf_18	upper_bl_ue/vinf_19	upper_bl_ue/vinf_20	upper_bl_ue/vinf_21	upper_bl_ue/vinf_22	upper_bl_ue/vinf_23	upper_bl_ue/vinf_24	upper_bl_ue/vinf_25	upper_bl_ue/vinf_26	upper_bl_ue/vinf_27	upper_bl_ue/vinf_28	upper_bl_ue/vinf_29	upper_bl_ue/vinf_30	upper_bl_ue/vinf_31	lower_bl_theta_0	lower_bl_theta_1	lower_bl_theta_2	lower_bl_theta_3	lower_bl_theta_4	lower_bl_theta_5	lower_bl_theta_6	lower_bl_theta_7	lower_bl_theta_8	lower_bl_theta_9	lower_bl_theta_10	lower_bl_theta_11	lower_bl_theta_12	lower_bl_theta_13	lower_bl_theta_14	lower_bl_theta_15	lower_bl_theta_16	lower_bl_theta_17	lower_bl_theta_18	lower_bl_theta_19	lower_bl_theta_20	lower_bl_theta_21	lower_bl_theta_22	lower_bl_theta_23	lower_bl_theta_24	lower_bl_theta_25	lower_bl_theta_26	lower_bl_theta_27	lower_bl_theta_28	lower_bl_theta_29	lower_bl_theta_30	lower_bl_theta_31	lower_bl_H_0	lower_bl_H_1	lower_bl_H_2	lower_bl_H_3	lower_bl_H_4	lower_bl_H_5	lower_bl_H_6	lower_bl_H_7	lower_bl_H_8	lower_bl_H_9	lower_bl_H_10	lower_bl_H_11	lower_bl_H_12	lower_bl_H_13	lower_bl_H_14	lower_bl_H_15	lower_bl_H_16	lower_bl_H_17	lower_bl_H_18	lower_bl_H_19	lower_bl_H_20	lower_bl_H_21	lower_bl_H_22	lower_bl_H_23	lower_bl_H_24	lower_bl_H_25	lower_bl_H_26	lower_bl_H_27	lower_bl_H_28	lower_bl_H_29	lower_bl_H_30	lower_bl_H_31	lower_bl_ue/vinf_0	lower_bl_ue/vinf_1	lower_bl_ue/vinf_2	lower_bl_ue/vinf_3	lower_bl_ue/vinf_4	lower_bl_ue/vinf_5	lower_bl_ue/vinf_6	lower_bl_ue/vinf_7	lower_bl_ue/vinf_8	lower_bl_ue/vinf_9	lower_bl_ue/vinf_10	lower_bl_ue/vinf_11	lower_bl_ue/vinf_12	lower_bl_ue/vinf_13	lower_bl_ue/vinf_14	lower_bl_ue/vinf_15	lower_bl_ue/vinf_16	lower_bl_ue/vinf_17	lower_bl_ue/vinf_18	lower_bl_ue/vinf_19	lower_bl_ue/vinf_20	lower_bl_ue/vinf_21	lower_bl_ue/vinf_22	lower_bl_ue/vinf_23	lower_bl_ue/vinf_24	lower_bl_ue/vinf_25	lower_bl_ue/vinf_26	lower_bl_ue/vinf_27	lower_bl_ue/vinf_28	lower_bl_ue/vinf_29	lower_bl_ue/vinf_30	lower_bl_ue/vinf_31
naca0012:a-6:re200000:n2	0.9767877458189471	-0.660161975584394	0.01570548146451132	-0.0020838233711860223	0.9851000497683869	0.07070180228103595	0.000129661118270863	0.00021960740761653227	0.00029168438068614906	0.00035241773866277824	0.0004083558791598683	0.0004587014596762829	0.0005063231273018983	0.0005527816343272884	0.0005971660221303046	0.0006407110299469788	0.0006865866011312993	0.0007309865395182648	0.0007718241367387057	0.0008113499710402269	0.0008512271253255723	0.0008879028065795571	0.0009263527742384274	0.00096720830853496	0.0010092646654714956	0.0010507038738877645	0.0010878369530341503	0.0011241077942904397	0.0011629750159651128	0.001203061521179331	0.0012463251189721567	0.001289579815219452	0.001335410181422256	0.0013830562246981912	0.0014388805152254745	0.0014994763751344795	0.0015537462500675718	0.001648149283512187	2.254665453316213	2.321325951293936	2.344695606902865	2.377793071572828	2.3929480606068227	2.4074805215924275	2.4253631457447384	2.4459577917481465	2.4600165957045617	2.47534868995338	2.4856587194483724	2.508330866874925	2.523024122008936	2.525405560562343	2.538411553995991	2.562389658072826	2.5707356125692833	2.580588848710205	2.5984903711888294	2.6140945550960435	2.6366468618699543	2.6643692456999735	2.688582761288528	2.721565408301748	2.7503314342767102	2.7897587369018386	2.853796136224678	2.9546418764730804	3.0855041728497192	3.2396372909094744	3.4821897457559112	3.749926335039861	0.2648569454155144	0.6656666104314549	0.7963041928598165	0.864404582186713	0.9066215294411035	0.9360648573296468	0.9575244470223157	0.9729012239621049	0.9833787700607419	0.9908077283312147	0.9960995766573714	0.9997688306257759	1.0018436517707983	1.00312659424648	1.0043131163084178	1.0051559648148591	1.0043841663692632	1.002697773435508	1.0006760076989878	0.9982190475146793	0.9958154974141349	0.9933144811619152	0.9903542065142462	0.9872583484706366	0.9837647992236505	0.9801178267910676	0.9767887127409471	0.9736401380458297	0.9690183231411275	0.9614713828452055	0.9516310241788928	0.9385862618299818	0.0001791766730328264	0.0003336296283817136	0.00044839519017474415	0.0006483359731840677	0.0007992265528305284	0.0009500819303106925	0.0011045868809835813	0.0012658323391303778	0.0014318306932380816	0.001584303357205765	0.0017467986565687195	0.001916782651700653	0.0020849033956814103	0.002250122127213587	0.00241803611777358	0.0025905995024337377	0.002767762798821276	0.002950798975400072	0.003136975060407176	0.0033328942202246804	0.0035413517609401354	0.0037613490212874334	0.003995030510151285	0.0042428147341189906	0.004506355545523151	0.0047947512970455625	0.0051121911027269444	0.005468476586282388	0.0058885594759077	0.006411840148707161	0.007058415493951865	0.007726554872637557	2.7499492667892094	3.2429284077646794	2.9638369406334264	1.9962232145594672	1.7820727587647858	1.7207444769409925	1.6865590085219333	1.6486333956525039	1.6213630824129455	1.6069026644008575	1.5875788393421613	1.5864138030504542	1.5815603838699719	1.5792261388599529	1.5753512521199973	1.5742006114439522	1.5740887995238462	1.5729387844215095	1.5745417134696493	1.5786051406616108	1.5843280883373936	1.5919295900521577	1.6011960391714042	1.611382654094865	1.623909722388223	1.6376140455907693	1.655854221844708	1.680750411108357	1.7161581030083302	1.7656211662066972	1.838086312878809	1.9358675568421788	-1.808723333261393	-1.6627412972976692	-1.5687183637988458	-1.48864931329353	-1.4462843433351287	-1.4139926281373465	-1.385680935952448	-1.3598711079718773	-1.3360910632852905	-1.3143766414414335	-1.293551693670628	-1.2739631310842814	-1.254921178041044	-1.2373166002072877	-1.2210132181006923	-1.2059622036401239	-1.1915747070041203	-1.1772665351264282	-1.16281121392663	-1.1481652856064306	-1.1332667670364784	-1.1182865977328384	-1.103361687642863	-1.0885041050686466	-1.0736443043140813	-1.0585483945215384	-1.0428641332469804	-1.0261823466444664	-1.0075558679931507	-0.9856465321068899	-0.9607786792527979	-0.9389118527418151
naca0012:a-6:re200000:n4	0.9808262438889376	-0.6957375906568701	0.015437552240493282	0.004735596872324455	1.0	0.09909704405598734	0.00013219831163112437	0.00022084600771632283	0.0002923099770134696	0.00035444820154288133	0.0004109441532421357	0.0004618880959052475	0.0005094643229221642	0.0005559081741561933	0.000599812975162347	0.0006432646568798217	0.0006890808180289501	0.0007336234626682716	0.0007753960415960747	0.0008159128329475149	0.0008561657073965072	0.000894980403056857	0.0009345402688125046	0.0009743253453669339	0.0010141980575205968	0.0010534432779129384	0.0010905922362362216	0.0011272326449893533	0.001166861166954527	0.0012100025769261956	0.0012556922533337434	0.0012996880401112442	0.0013517913827545117	0.0014071640472463746	0.0014669943488841194	0.0015336582320592206	0.0015828309532738844	0.001595985497197602	2.2533734929078744	2.3178185909368345	2.3432167377672632	2.373761367514287	2.390734958027413	2.4046162707841137	2.422043779412985	2.4382659154785955	2.4542030479970247	2.4710243045052787	2.481849608871322	2.503104448152219	2.5182591265154994	2.525286520240783	2.5406442432158847	2.5635438236829806	2.5766939129887625	2.588814233437566	2.6063068326023595	2.6230368756505515	2.644071099389223	2.668963735002786	2.6928780008172244	2.726173529901114	2.7671869273004894	2.8351724021174003	2.925228697224513	3.0795500939750355	3.3223903152071905	3.6071710231445193	4.05437084250115	4.813321159594172	0.2457800058688553	0.6522049898938126	0.7878786835460224	0.8566705290769805	0.8981779564504574	0.9270197543584338	0.9486840891125788	0.9648324194889427	0.9763506596323852	0.9846308756968147	0.9904633449269528	0.9944487919208043	0.9966391358759067	0.9978960175955577	0.9986853431891811	0.9991101815918261	0.998543999738739	0.9975360896785452	0.9962365407221478	0.9944759910438404	0.9922719604540374	0.989592492776592	0.9863200872274019	0.9825138606632547	0.9781701805242035	0.9736192948422185	0.9686645610266159	0.9639943688812743	0.9587286969264743	0.9511280623821448	0.9435821539500652	0.9394970167710117	0.00018174233903107864	0.00034267898571848374	0.0004460013236765161	0.0005325151552484145	0.0007532894233147731	0.000919162217317091	0.0010435945387497246	0.0012107736782260398	0.0013767181996363423	0.001521512944426099	0.0016765875638150294	0.001842638792879156	0.0020071712875149787	0.0021660792524815634	0.002336767615430853	0.0025115868463763055	0.0026895482223056604	0.0028732393761481865	0.0030602923277296915	0.003257348970759817	0.0034659843723640477	0.0036826339838154695	0.00391145042544661	0.00415478285885519	0.004413525265878186	0.0046944453495035825	0.005000429972977538	0.005340714213861613	0.005736028158154516	0.006226420265488048	0.006828785637401592	0.007465797116944503	2.78516719866069	3.3571315012928586	3.788099261731723	3.1712716936070886	2.018011214089045	1.7335027207355986	1.679532904800983	1.633953600003023	1.6033304943582365	1.5955740834085845	1.578825888792989	1.5722386398889616	1.5703626394585042	1.5766205248167948	1.5677511586782216	1.5709669416960765	1.5736463975290245	1.5725871965863145	1.5743624366796425	1.5773171480916452	1.5811879012366468	1.5870959007970757	1.5947625388060678	1.6042671372173614	1.6154535122511022	1.6281767838986172	1.6453447440099151	1.6680378546891717	1.6993719668416352	1.7406498640280679	1.8035879867665972	1.8939210317674364	-1.825673137126824	-1.6688238274528957	-1.588224999875293	-1.5222901616785798	-1.4572059734574707	-1.4166944471567908	-1.3888229829780239	-1.364713631199329	-1.3415864205855053	-1.3205338078976285	-1.3002257748076747	-1.2807385324289	-1.2622284003991413	-1.2451563678012953	-1.228487071562723	-1.2131896323332412	-1.198382331788693	-1.183612322703651	-1.1688042784137416	-1.1538919971588975	-1.1388764901810209	-1.1239085329897136	-1.1090551758825733	-1.094223986838982	-1.0794082882782101	-1.064455179647375	-1.0490933994964942	-1.0329780256617633	-1.015204344392933	-0.9943174879159223	-0.9707576834142482	-0.9495928194904377
naca0012:a-6:re200000:n9	0.9478429497381657	-0.6946870355950434	0.015287198346805411	0.0037812591594648783	1.0	0.1527552766102352	0.0001243539901344216	0.0002220402687734258	0.00029544468041417873	0.000357662783998385	0.0004138240807925937	0.0004654588839166849	0.0005131246574081651	0.0005603564922671371	0.0006059877636125045	0.0006492714270023791	0.0006947863557471708	0.0007404153782683788	0.0007834932061522988	0.0008220886035220494	0.0008592053463392299	0.0008979195251834883	0.0009383171983641774	0.0009765837047452576	0.0010155181802413268	0.0010549038555635914	0.0010925997274843341	0.0011295083309674347	0.0011671412010106138	0.0012075960416764217	0.0012530734148882246	0.0013032476348448139	0.0013661665420365977	0.001432429451198055	0.0014949879797772725	0.0015542350031425862	0.0015957594755293613	0.001647344068546351	2.252513293540366	2.3147130161436413	2.3462718490516794	2.3746794536472184	2.3902347468495106	2.404681413970135	2.4250891163904544	2.439519061194402	2.4525677513334765	2.466571301618013	2.478243378502749	2.5011367933707396	2.5114315960692144	2.5230755444515034	2.5361946017319257	2.551957256947534	2.5719170401780325	2.59254534707482	2.608651239166251	2.6276042140833447	2.648187868778816	2.671175821799753	2.6928828318668923	2.721815255775601	2.756039932519941	2.8174526575726837	2.902875066010492	3.050408462952628	3.3045923125865553	3.629554325818186	4.068196694727659	4.702104293717262	0.25414614524766255	0.6556050839195656	0.7891350868587363	0.85736267655747	0.8990781490469558	0.9278294813876269	0.9491887246276657	0.9649969236848868	0.975998725718707	0.9839016317975384	0.9896099115283784	0.9934989154336968	0.9953683642414426	0.9967347361766492	0.9975038978386792	0.9978006471480098	0.9977951225670375	0.997535066402635	0.99676275110403	0.9953975138542965	0.9933389854469894	0.9905939321402472	0.9873854976611168	0.9837713733525995	0.9797822988072185	0.9749341976305513	0.968624901898074	0.9617627557319166	0.9555198550782001	0.9502169460213926	0.947377214732734	0.941795368112717	0.00018600632521793253	0.0003465977584505538	0.0004507043618385273	0.0005261775763740897	0.0005968643441757511	0.0008317601642362343	0.0010758930106970974	0.0012558283431066042	0.0013726151312450227	0.0014939269754632458	0.0016358391346841617	0.001794217258822981	0.0019636550727783137	0.0021310775139620907	0.0023008437791774664	0.002474314543454134	0.0026564145296518724	0.0028410154764772237	0.0030272053138456077	0.0032218045409127317	0.0034261990527452773	0.0036397809407910783	0.003869107525961484	0.0041142550116917975	0.004379468589795205	0.00466382531382117	0.004969263926764922	0.005304257204029605	0.005690919491727549	0.00616414546082615	0.006723929601766578	0.0073585543305250845	2.797217892784473	3.6399648780953813	4.61587810830778	5.296148463896737	5.057335611546009	2.865092092265098	1.824856571252117	1.541056259976015	1.517441908023029	1.503622729555216	1.5090108740619401	1.5195558682701928	1.5302405222381907	1.536811828872973	1.536438179371896	1.5461031508674479	1.5497579600989349	1.5497280397940685	1.5545293958798603	1.5613044658085016	1.569389731433552	1.5777203918462814	1.5860937982431906	1.5968135577877638	1.6079169159815614	1.621688368706237	1.6396865862807597	1.6623638765756377	1.6905201639134926	1.7280764010856264	1.7861425054345823	1.8725403981901927	-1.8218337832628095	-1.6590264992218628	-1.5889792456712541	-1.5434136094689521	-1.4988999099894629	-1.4330383676814495	-1.3833152632146972	-1.3542712597342774	-1.3344732242858024	-1.3143005489120854	-1.2963037996680122	-1.278431392329564	-1.2609404199627239	-1.2441865850164664	-1.2278404303789587	-1.2125480823363635	-1.1973902323096723	-1.1823953881909	-1.1677563392807253	-1.15338763735459	-1.1391406447197119	-1.12478850891985	-1.1100711092524016	-1.0948996877204433	-1.0794409345638039	-1.063941077108824	-1.048407780417974	-1.0324623240851483	-1.015235045825388	-0.9954993728315065	-0.9742316569834013	-0.9533298397624921
naca0012:a-6:re1000000:n2	0.9812434275067538	-0.6511662394024267	0.01040137638737957	-0.003373685152463957	0.8414368098510637	0.03774976185967803	5.569889156748899e-05	9.868316087427773e-05	0.00013160853241337426	0.0001591570930936361	0.00018414876759561267	0.00020677369874444384	0.00022826570261014147	0.0002492658070632474	0.0002698614791400118	0.0002891483314127559	0.00030788479043370045	0.0003267345599347968	0.00034460867266308457	0.0003627163163095385	0.0003805942446468715	0.0003984722804541903	0.00041650932489743943	0.0004350986778956384	0.00045444050265264294	0.000473763651420593	0.0004934644449747631	0.0005121448251778088	0.0005290755778279776	0.0005471550744195932	0.0005580322326128049	0.0005591386954911098	0.0005661423529552565	0.0006056182397822414	0.0006855813307958112	0.0007810263394388033	0.0008814618310468136	0.0010173578620830067	2.2573925509638126	2.3132568501693447	2.3515643955541643	2.3761084937974775	2.391231861643352	2.41108874921037	2.427468235930295	2.4455044908829877	2.457618235693441	2.4696896146276033	2.478314773864935	2.492954434661125	2.5195839066280703	2.521995388233096	2.5336542505325355	2.5453966769323353	2.5591506603464325	2.574401276545061	2.59249237411788	2.609328236047853	2.628462022692944	2.651327017388043	2.6856313980217656	2.6978844707918315	2.7284748855177727	2.749526709276601	2.5987740136588746	2.2878207045104975	1.8680809056132337	1.6322850455492022	1.5227544056357185	1.5141795484829534	0.2804579503633762	0.6734868500303355	0.800353283163163	0.866316464938073	0.9078866516296353	0.9367103172252624	0.9575889151637643	0.972767005126684	0.9832757450347789	0.9905896137151909	0.9958406229687164	0.9995860330187482	1.0026760505856727	1.004048392656315	1.0047125302136104	1.004483897084635	1.0036025252907002	1.002241107530926	1.0006329421240685	0.9989968904589839	0.9973668906718722	0.9960631081567233	0.9948976660090062	0.9921434058216313	0.9890122649106374	0.9868578040281379	0.9837864536459724	0.9766262015259768	0.9648321938166612	0.9520816281719678	0.9379169218784691	0.9159577000420212	8.030557466655716e-05	0.0001525793432979889	0.00028246218002858143	0.0003929412208234978	0.0005044121984974686	0.0006153732461597878	0.0007228667665966541	0.0008270570431164068	0.0009345222150246119	0.0010488690123057801	0.0011636489490499118	0.0012780244630390633	0.0013952912051528451	0.0015156888978926884	0.0016413561358647139	0.001770924341102211	0.0019015937295861938	0.0020334910077429774	0.0021691461731600547	0.00231037471597289	0.0024558205609678265	0.002604868084329297	0.00276260476578571	0.0029349588526655333	0.003124001598803694	0.003332661887560934	0.0035651184762924724	0.0038363929061936584	0.0041657503365823455	0.00457938104383818	0.005116270617406113	0.0057957891117399445	2.7500956859081023	2.1617449452737243	1.5359263979577875	1.5090232360250313	1.4963852499797226	1.4881735321993033	1.4834723854683014	1.4829833771074017	1.4843084129608062	1.4813608596482484	1.4839245234883496	1.4836489904587193	1.4807512255757895	1.4832777023265826	1.4815902547472632	1.4815553777282136	1.4829687537989098	1.4834475102057179	1.4852121641338398	1.4874095945990733	1.490173565536364	1.4940765713907886	1.4982881447613827	1.5027988246891186	1.5089904227949233	1.5177936858010619	1.5304836786368583	1.5479173690468313	1.5736553368790809	1.6163902468726474	1.6846443976657415	1.7905331848466781	-1.7944378589380143	-1.647963923675693	-1.548045458268692	-1.4920315560172688	-1.449470203436184	-1.4146037017948494	-1.3845814300982942	-1.358144999541634	-1.3346761488504582	-1.3126609311823088	-1.2919982255476525	-1.2724523582296998	-1.2540248770251603	-1.2366112433394654	-1.2196592369346604	-1.2034165857129357	-1.1878423332904702	-1.1728673687213553	-1.158171728673886	-1.1438115793643624	-1.129745018921517	-1.1159106256451015	-1.1020835872328587	-1.0878111906284555	-1.072882409045957	-1.0571763292636127	-1.040426834239491	-1.0221857986867136	-1.0015105091505467	-0.9773177842966653	-0.9487921312476963	-0.9176419137911609
naca0012:a-6:re1000000:n4	0.9642076936079655	-0.6456802338595714	0.009844589708667938	-0.005369130736761263	0.9545165948026683	0.05748592849381154	5.4521675788475894e-05	9.94139999814738e-05	0.0001316354022470842	0.00015858431394381715	0.00018299057048806885	0.00020599143437847456	0.00022743871451097003	0.0002484046669314052	0.0002691715367205206	0.0002892397147605917	0.00030841127551135307	0.0003274864375089714	0.00034588719281629577	0.00036485394427298164	0.0003834188417243572	0.0004008902312338015	0.000418003774309727	0.000435145221200105	0.0004521348239337848	0.00046978836574626445	0.0004868428673227437	0.0005025655150573329	0.0005181110896090202	0.0005344078362982652	0.0005554665781451671	0.0005814625531845552	0.0006088002256554621	0.0006306762020256177	0.0006427770685462332	0.000653681874275544	0.0006943494698608855	0.0008425832776727541	2.2562197158907513	2.311264466494524	2.3431269485744415	2.3662504627329	2.3848127782263386	2.403436456859837	2.4248127883798904	2.4408335359228497	2.458709502871847	2.4740077716072704	2.486610420855304	2.49767487892315	2.516965139756848	2.52655673440482	2.5390388177191596	2.559554813757502	2.569777739519672	2.5834688762728995	2.5990909389506407	2.611534333807631	2.6344546268018236	2.6637593071699213	2.6874022238563455	2.7157636099422056	2.728135297589914	2.7396624673038654	2.7809875963485564	2.8682545498139893	3.0197456468006636	3.169344897869094	3.0184974822694373	2.2841329068536687	0.28327637119330473	0.6753320630743085	0.8031741458472166	0.8696519061178437	0.911553369630677	0.9401606661579989	0.960467211623963	0.9749915412374912	0.9853744886535503	0.9925688051728384	0.9975747033901967	1.0007502563156638	1.0027057858011896	1.0034944483135035	1.0038687244650466	1.004336117114053	1.0042548958322175	1.0037547899492414	1.0027566116289601	1.0008921172188812	0.9988351966916194	0.9967375161981267	0.994554452430237	0.992396411947822	0.9891975130574576	0.9848881492820587	0.9801241220795959	0.9755003323813213	0.9719753432377136	0.9683464918482558	0.9569150339931503	0.9218326556427353	8.063213314566032e-05	0.0001400369792937707	0.00024591701902269207	0.000352213769903679	0.00045714396137827866	0.000561147701797832	0.0006687576427959026	0.0007707735231127938	0.0008763982029716149	0.0009864338469717576	0.0010962694112697448	0.0012086502119183064	0.0013242078642261915	0.0014417586087724932	0.001565789646060478	0.0016915748175606578	0.001818336732044186	0.0019469008812181545	0.002078334092849151	0.002215387025928467	0.0023575049946720056	0.002503704645691124	0.002658126591257159	0.0028264886491883067	0.0030081821098189624	0.003210044361478004	0.0034353987391224305	0.0036975498376882222	0.004015930653247116	0.004417687144656893	0.004942646676993839	0.005598640468885083	2.758978084961625	3.3080159494391856	1.6512097732419062	1.500404355539815	1.506134301465539	1.4993822903825362	1.4875623767315418	1.4838954262807935	1.481715862603645	1.4794232493433472	1.48047020089075	1.478940434129103	1.4768102807867454	1.480595155135026	1.478787562309077	1.4818111340410618	1.483907423218741	1.484607217408992	1.4865840547262885	1.4877226894590487	1.4889711375629031	1.491959578082935	1.4959433108426075	1.4999348382474451	1.5070209056688817	1.515984856129598	1.5290380515098891	1.5473480609077799	1.5741834366485894	1.6164692643678642	1.684639380206643	1.7911899837253724	-1.7984148020339368	-1.664555130141559	-1.5404296850593115	-1.4890336012867	-1.4487781982274317	-1.4150394188710669	-1.3851809781556477	-1.35856292768114	-1.3350693090831898	-1.313276792847966	-1.2926990427539824	-1.2730131712942523	-1.2543387475117052	-1.2367524320300245	-1.2195649151472598	-1.2032952393985514	-1.1876194697241775	-1.1726001654924472	-1.1580169704835208	-1.1436674630460875	-1.1295009629299972	-1.115538743430856	-1.1016368139846016	-1.087330596770978	-1.0724309882710434	-1.0567019774226687	-1.0399085084741027	-1.021647423331507	-1.000896075749937	-0.9764439633347028	-0.9475522707747241	-0.9170485304828635
naca0012:a-6:re1000000:n9	0.9641345840013079	-0.6994778747202216	0.00980675491564569	0.00517255512393322	1.0	0.08119533517090571	5.953758089048536e-05	9.893760456636537e-05	0.00013146101440561823	0.00015898132880001764	0.00018367338771950624	0.00020648789828673367	0.00022771270359648967	0.0002491710597932846	0.00027010226903071793	0.000290194752935952	0.00031012392704565973	0.0003299896973471394	0.00034932526927374625	0.00036820628353417996	0.0003865547987354519	0.0004043961375245274	0.00042228065232729096	0.0004402565157608804	0.00045746091769959847	0.0004751208621416212	0.0004922674318042745	0.0005095254641785065	0.0005275447892885989	0.0005467854669447483	0.000569113077559723	0.0005905332540590154	0.0006149589084267991	0.0006432363828683839	0.0006719130119224369	0.0006921906783595763	0.0006910869124809756	0.000707680446286892	2.253186915442229	2.3188827679880215	2.3474155208445926	2.369448261723421	2.386920379551263	2.4031956633915343	2.424654592126634	2.4380071657745526	2.454154944271951	2.4727342943971493	2.487685103482676	2.5016582361373976	2.517719295104467	2.5323601089562633	2.5455810091754336	2.565937332915336	2.5795381049578343	2.5959262043669478	2.617330712456977	2.631204596837593	2.650501391561164	2.671379664683978	2.6921319180830894	2.7247310107349834	2.7537913965356604	2.824599578983245	2.958863013722844	3.1842291707395143	3.5594564309657333	4.2021689835485825	5.443799852671239	6.882164081655662	0.24772483725235972	0.6544595359580281	0.7861154051699795	0.854331075141566	0.8970588303959132	0.9262937668561657	0.9474800191761763	0.9628277840925599	0.9739125760571655	0.9819884015606908	0.9877301726539837	0.9917497322250186	0.9942548003902065	0.9957865105410176	0.9965314820734511	0.9970145058632347	0.9965454629244744	0.9954053374076056	0.9938556573943728	0.9917020968073685	0.9894359846135012	0.9868543322111357	0.9838791597266261	0.9803327887369366	0.9754105869954475	0.9702934584706568	0.9651375926481913	0.959697640526638	0.9534232810121797	0.9461778421214988	0.9415575575005657	0.9379272907596035	8.281148628634846e-05	0.00015265328375906224	0.00019338600872323295	0.00033373256627620604	0.0004117624738245231	0.0005059736933872213	0.0006163228949749138	0.0007220599648951006	0.0008278053970382605	0.0009359072133502636	0.0010465993235536301	0.0011604390739153993	0.0012744086999423067	0.0013882709899856458	0.0015087208193316577	0.0016321597759370542	0.001755935959957248	0.0018815499293653225	0.0020120422240021214	0.0021477638994509673	0.002288204980217954	0.002433805125882098	0.00258726772519305	0.0027523691760761473	0.0029284614535119505	0.0031225275347179643	0.0033381080450462135	0.003583317933196862	0.003875353307962884	0.004244740962247732	0.004732217263627968	0.005347455297704135	2.8075654490225297	3.5760404433893944	3.4367089959934125	1.5555430111606459	1.4384575713522203	1.4666702303066614	1.4822011492665472	1.4859244755603764	1.4847020086993548	1.4861322231420049	1.4895376256982826	1.485019885102089	1.481829707069024	1.4825476584980584	1.4816557476007393	1.4821804860372003	1.4836536513949823	1.4846263925624266	1.4852571080527803	1.4849270831470023	1.485639159341676	1.4880645266544754	1.4926170220647779	1.4972690116479601	1.5037989943777772	1.5109756739944318	1.5209949868543413	1.5349930500035296	1.556301609226379	1.5902971209803007	1.6494323993604594	1.750700384597503	-1.8214138956588264	-1.6674046838578793	-1.587188034496728	-1.4849702959025393	-1.4510490432629126	-1.4245208144443824	-1.396778353721743	-1.3700280883605336	-1.345542080882936	-1.3231720221764365	-1.30255244825452	-1.2824543578391592	-1.2635263583569123	-1.245621585296656	-1.2284239518044797	-1.2120634072629284	-1.196502421879385	-1.1816003862421893	-1.1670076435824377	-1.1525268103870312	-1.1380985092387954	-1.1236986949286583	-1.1092601058740819	-1.0945300283604924	-1.0793878993771506	-1.063689665294972	-1.0472195738739172	-1.0296911244669213	-1.0101921559606595	-0.9871282709427268	-0.9595807637279775	-0.9301496604599762
naca0012:a-3:re200000:n2	0.980911495282346	-0.31277326839770686	0.011867717820705384	-0.005564532784716625	0.8295444703055109	0.2687916677835459	0.00013844637342554086	0.00023766106598554958	0.0003165093072559954	0.0003836886260465185	0.00044247065095460016	0.0004955868095416068	0.000546949170836273	0.0005986135135019302	0.0006480600389710295	0.0006939138226389116	0.0007423036219803158	0.0007906292953533667	0.0008360443045716397	0.0008816598499259722	0.0009271561376584359	0.0009698645576950775	0.0010137661345072369	0.0010591149202763739	0.001107774674923363	0.0011584832387955852	0.001207756424921088	0.0012518665393975105	0.001291497827069217	0.0013323110621327736	0.0013753277457217677	0.0014016862330180004	0.0014431677565891951	0.001541857876749638	0.0016845070667117336	0.0018554009739916544	0.0020628565281728376	0.0023093300458443336	2.2946210099081084	2.376705818186765	2.4217082236006218	2.4453711716049797	2.461247471326762	2.4773575587897705	2.4920947677855008	2.511020876315237	2.5323887595426315	2.5549935650967055	2.571250979985016	2.601180647878092	2.6350337460261346	2.64284945008779	2.660385183754681	2.6826711911501326	2.701759896837023	2.7253967724991273	2.7594650283129685	2.7876329953022028	2.8170592100835306	2.8467264023158028	2.8940475116954354	2.941520322275482	2.972077774081241	3.025063817664655	2.951553635596424	2.712497189682741	2.386776358633538	2.1350227438124167	1.9400692553130774	1.874117226263754	0.6691786953834631	0.9257915086044517	0.997016155360875	1.03110047990791	1.0518863864362529	1.0656514922368372	1.0745817757926535	1.0796384999997994	1.081431993939567	1.0813475585146037	1.0800510622189905	1.0779408685017593	1.0752370780315577	1.0716148900317983	1.0680067656752203	1.0639354566504764	1.0589980705528894	1.053781537652652	1.0486728372805703	1.0436796643260386	1.0390189350268115	1.034937568625506	1.0312865863467873	1.0274854923653107	1.0231029820404554	1.019328594021244	1.0133821214514913	1.0018323537529177	0.9867388125680325	0.9690462742923655	0.9480599963279164	0.9252051520693534	0.0001652484340744129	0.00029249339068291577	0.00039069068627391976	0.0004824560580857522	0.0005563016855832921	0.0006266384498119269	0.0006823324328063921	0.0007391964981351762	0.0007870691158664508	0.0008686551282023611	0.0009860343976935064	0.0011189290956786443	0.001242247126023171	0.0013646486165869583	0.001480749151156122	0.0016101891097811548	0.0017454927872389474	0.0018758198582708998	0.002012591991494663	0.0021526345370740663	0.002296861448397657	0.002447061592105459	0.002604452474307833	0.002771395148060305	0.0029519148627557635	0.0031468151953426464	0.0033552337555585857	0.0035931650627096944	0.0038721163485908442	0.004219452390697561	0.004673216840170157	0.005255155674256815	2.5007819752407645	2.676589129601847	2.770317543173946	2.798673543335411	2.858642969187902	2.8841292863951935	2.9541850146033375	2.9616882727817293	2.903529599439819	2.4890720766365537	2.0863943404409446	1.828972010955565	1.7218084012188701	1.6370588642830086	1.6039987747964304	1.5794094473937041	1.5715583930974801	1.5666670355846257	1.554138090644938	1.5473434555564531	1.5461931523042873	1.5468938337955374	1.5481494204792055	1.551779796479047	1.5551886469026435	1.5614919008238703	1.5726910477294742	1.5862485585080923	1.6071448655936156	1.6414216742314567	1.6973938593971138	1.7876819480028823	-1.40885238470724	-1.4064563362117701	-1.373025973875305	-1.3445876245251607	-1.3224973341682225	-1.304876318489869	-1.2912735183687536	-1.278299346681481	-1.2646595426502425	-1.243087221889947	-1.221570125806922	-1.2041492057726548	-1.1905415060014886	-1.1774040836752564	-1.1671428156197097	-1.1565629894031244	-1.1462504311220656	-1.1358260920611234	-1.1247673471743855	-1.1138133272840633	-1.1027545331344455	-1.0913396136052314	-1.0795155233720535	-1.0672240520905258	-1.0544974497293642	-1.0415125203416387	-1.0281410723591042	-1.0135932184239995	-0.9969470532646335	-0.9767786251445943	-0.9521029141810003	-0.9240115182709923
naca0012:a-3:re200000:n4	0.9738482299674236	-0.3340929787887409	0.011106239891492578	-0.0032804496278971973	0.9389761352977539	0.4094328061327727	0.00013750216895667234	0.00024033513352484282	0.0003163228528641287	0.00038256381822670676	0.00044257476493228797	0.0004962912408444954	0.0005476301719077738	0.0006005917326529227	0.0006497240317328901	0.0006952617338550172	0.0007441403957306537	0.0007935631204913246	0.0008413981533874681	0.0008864664119725155	0.0009322986202627371	0.0009744943721245106	0.0010183750053374008	0.0010635872751151277	0.0011104094429849128	0.001158098347893552	0.001201385277162008	0.0012414879687085393	0.0012860243039387689	0.0013329667706058568	0.001387890764692421	0.001438722714574252	0.0014858241448896937	0.001536405790036711	0.00158118996141406	0.0016476786984567246	0.0018075841059298084	0.002208907472977255	2.2968945592020855	2.3742964246388674	2.4150694485766087	2.4423787984406027	2.4594456404891023	2.4775265104823747	2.497068264165017	2.514368525718829	2.5362282260756728	2.5585249262190715	2.575802989061504	2.6029393546315145	2.6269573855132227	2.6522242315372524	2.674418223172629	2.7110072062997608	2.734683901978056	2.7624784115589582	2.7974136981906375	2.8253102667069756	2.862831189003929	2.9068921604959352	2.952974076527529	3.0331225978159484	3.116564253981365	3.2358999710126435	3.395558881557909	3.579455270011174	3.8158583253754856	3.973846235290459	3.798056713011392	3.115506834152185	0.6551930796950982	0.9120893589491669	0.9884540277593852	1.0251028029802793	1.0460234289548223	1.0592116131406655	1.0679721831807627	1.0730625650125314	1.0750007467504057	1.0753003672118573	1.0744284537518625	1.0722948216021475	1.0689065970895428	1.0654490137065473	1.0619266195205326	1.0586008462998624	1.0543473086430586	1.0498126320863035	1.0451364708827815	1.0400231892420877	1.0349531416738373	1.0297007056678305	1.0238473791809728	1.018228962001384	1.0123953540658674	1.0070936856772574	1.0020864178809608	0.9967797235549493	0.9914572159809414	0.9837425023260232	0.9667862935322129	0.9306442981301413	0.00016458334974596317	0.0002945301349208927	0.0003917080981772809	0.0004799183322829793	0.0005592481280238149	0.0006324687503360433	0.0006949261493601586	0.000759874285706468	0.0008250901139349948	0.0008896289314730176	0.0009505771772513448	0.0009989523475937823	0.0010233793003709606	0.0010835539160119212	0.0011901929200737347	0.0013264591051266646	0.0014609713825459458	0.0015857677863782755	0.0017032079611897031	0.0018274261683609413	0.0019610090034065672	0.002102649614391092	0.002256007902071124	0.0024225303849533643	0.0025979654415327832	0.00277976958110063	0.002967371553086316	0.003173786110145935	0.0034178507784701226	0.003730614874682404	0.00413870227320798	0.004671374733980715	2.510316940568195	2.713393412367866	2.7798614068424152	2.8118221822606095	2.8496977447421723	2.881792350335985	2.962191026905625	3.0055855819036896	3.0672253049019496	3.143074283903553	3.2004120717406104	3.253651342567864	3.32094147143869	2.9322267285410253	2.3728161417203815	1.9435364791795204	1.7211207134006592	1.6223256246859288	1.5878910374167892	1.5595203854045774	1.5386980355812578	1.5313984209739206	1.5252555215039265	1.5222829717917217	1.5227089565922585	1.5264158203926372	1.5353552723517359	1.5506980956986705	1.5734220770003657	1.6025201285268806	1.6504544746874434	1.7323104791345902	-1.4231459339283803	-1.415291178523771	-1.3792148467260121	-1.3499286406551005	-1.3271061683676426	-1.3064325384846789	-1.2882603979803031	-1.2709092918568632	-1.2570429922478	-1.2451724018200598	-1.2333286307136175	-1.222086330029221	-1.2129816345715787	-1.196217669572883	-1.176687319172087	-1.1592651365255118	-1.1458867564955975	-1.135014360062372	-1.1243126342014342	-1.1129384240922524	-1.1017571977691463	-1.0908692845748325	-1.0799501130982379	-1.0686370485989882	-1.0568313121535757	-1.0445506595960827	-1.031770553799082	-1.0179299679705354	-1.0015517632785043	-0.9809019083872417	-0.9558327082612659	-0.9273911379515407
naca0012:a-3:re200000:n9	0.9632545234469643	-0.4535614495482199	0.011182585268152792	0.019349913396707226	1.0	0.5648302866667861	0.00013782776302713202	0.00023774873625658234	0.0003151325404481825	0.0003805588973937751	0.00044025838253416094	0.0004945239441341508	0.0005464481490236639	0.0005996456463036573	0.0006500131653694467	0.0006983096979135317	0.0007500018530299592	0.0008005308791915154	0.0008499118624577377	0.0008933614566654143	0.000938697936011978	0.0009835100418850483	0.001028342360759239	0.001073442320151315	0.0011222284303454538	0.0011772608339156094	0.0012356377937420362	0.0012922924391594313	0.0013447245372803331	0.0013913944872394443	0.001442534618612114	0.0014927676866869194	0.0015477999067091887	0.0015899857587295988	0.001604690988919428	0.0016066223254738929	0.001592173582539243	0.0016054244318885855	2.2877229527656353	2.3650563004949285	2.4003919535615226	2.432100743153915	2.4488850565289613	2.469421303366076	2.4929223017422304	2.507401186477999	2.524875290815991	2.5528174035964937	2.5688868967466267	2.6010933641756213	2.61366287333144	2.648330631725983	2.666843821543887	2.702546956111722	2.7437022048986663	2.789935222682581	2.8425354861696177	2.8998798551228937	2.980128429965115	3.100915262069263	3.2775598586782655	3.5333435138687217	3.8358051755273594	4.2313345185174684	4.722685109784451	5.363827561738951	6.194918599367937	7.138376441341822	8.40223389933938	9.821619881607312	0.5853502217725869	0.8647414703864473	0.9508378241692221	0.9927343362873221	1.0164279468334991	1.0314377076198558	1.0412229820360968	1.0470546311360962	1.049592012485242	1.0503823610583518	1.0497297957145035	1.0481297035315755	1.0448009071752054	1.0419275811092383	1.0384033937310235	1.0349349720531031	1.0311913746185755	1.0270493510958405	1.0217060616755542	1.0145390745587113	1.0062530978708681	0.9979795542734513	0.9908630900332174	0.9851484636130439	0.9796528267987312	0.9745214643393977	0.9696548439302579	0.9657747303104423	0.9629874999068129	0.9603723959792574	0.9600019511396354	0.9600103315911828	0.00016811984386370425	0.0003029626862133113	0.0004063660116998209	0.0004996773680591753	0.0005775762759371411	0.0006466609477370493	0.0007147479590359581	0.0007905395789532636	0.0008588923204203817	0.000916813297751677	0.0009822052168089869	0.0010456495008980625	0.0010952239877921814	0.0011461099154366332	0.0011961540738740903	0.0012370848621147989	0.001265070086862345	0.0013052846659768204	0.0014096481246033464	0.0016347043908812974	0.0018758084162439318	0.00202834297655319	0.0021198187771063813	0.002216024225467732	0.002337982862025212	0.002492238709589298	0.002662086125157553	0.0028459128326872632	0.0030492591185828795	0.0032980354892164694	0.003607227557682601	0.003992358772637329	2.561269834966526	2.7725733422203573	2.833194038797884	2.8902467966718133	2.95151243887578	3.0041555447417427	3.056778745443807	3.098385207161485	3.1756789336598334	3.3034497931487294	3.409247847182904	3.56506432539814	3.7596323700091743	3.917152213775567	4.039611342955741	4.172904175805874	4.208859394120376	4.019326671582542	3.456152763919778	2.5448346866152662	1.9598054589547265	1.6782158264564724	1.580643574706171	1.5348094087601123	1.512148930390222	1.499625529096029	1.4949245258272772	1.4948233502958543	1.4963520461175703	1.5010281119043813	1.5177464146080564	1.5581290091576128	-1.4887715169459308	-1.4614127322699295	-1.4149046972546164	-1.3798378636973823	-1.3524933659143608	-1.3296657296472927	-1.3102929238974288	-1.2924858539415287	-1.2752360688546467	-1.259696481933112	-1.2453297916900206	-1.2335670702629624	-1.2241913267380395	-1.2156506084072212	-1.2074642119776924	-1.1999370302318586	-1.1909941142022207	-1.180760812767644	-1.1653473343015732	-1.140709085902791	-1.1176747706246322	-1.102808157073631	-1.092612027907804	-1.0834677553126308	-1.0735812796672968	-1.062987553150196	-1.0519990220781663	-1.0401978154091247	-1.026837392150977	-1.0101787444612356	-0.9903144862415165	-0.9677995725628815
naca0012:a-3:re1000000:n2	0.9707720194999268	-0.3284400359361817	0.009029379019848998	-0.000981256092487137	0.5776720568589344	0.11704897708117981	6.131410657094772e-05	0.00010731115125718629	0.00014281224690394138	0.00017408132790829142	0.00020007501171076492	0.00022358375293489847	0.00024671805570610275	0.00026914564334656676	0.0002911037340886946	0.0003114148669763933	0.0003323307031701091	0.0003533527576247526	0.0003760765712418341	0.0003968561292545702	0.0004200280759018594	0.0004415966457332717	0.00045750964519113835	0.000463500715879862	0.00047200906334646665	0.00052136599637226	0.0005998227018997406	0.0006828268125045495	0.0007546716952856178	0.0008245680821183791	0.000898561191499293	0.000977243290560134	0.001062702051948974	0.0011570897945204642	0.001259951461832984	0.0013838981860945867	0.0015425715902044788	0.0017596473735205164	2.297853112719443	2.3755273923297837	2.423514207520751	2.4439581982850833	2.465978945741427	2.483442684647625	2.497123671972622	2.514941226580256	2.5329384988086563	2.569349492237478	2.587631630390152	2.6190035064355555	2.6307893625238803	2.6630315402038045	2.676506987399821	2.715825802077952	2.73491170643508	2.7319927652906824	2.5783075087482734	2.0700722696587057	1.6947362093768552	1.4885253255490152	1.4496924292533584	1.4474734221861583	1.447813377989249	1.4500841538923108	1.4514685556279066	1.4540156247802891	1.4638252511175918	1.4745135100105935	1.4939536372741524	1.5413751990391469	0.6607167962210477	0.9223003299644262	0.9954353033248544	1.0280955728348562	1.0473704799630374	1.0601357213553886	1.0687671567233226	1.073585392545453	1.0753299953850783	1.0752064657463283	1.0732223825033114	1.0708507848578943	1.068134655260332	1.0659890101518732	1.0634993547430676	1.0608418771004082	1.0568669001145046	1.053710940589143	1.0492699133060586	1.0385507957601585	1.0280194588189926	1.0221747945458821	1.0193456527355587	1.0162009519477864	1.0114713642478852	1.0056916522780859	0.9985171361767504	0.9894578972912028	0.9783885507027512	0.9637642599906613	0.9444196395066411	0.9176274918757108	7.456182833976713e-05	0.0001340664545832394	0.00017843820175695655	0.000200771199413943	0.0002788889986703982	0.00036718716982722964	0.00044555325004379747	0.0005311753102686993	0.0006207917619605764	0.0007112123627048085	0.0008018760162591906	0.0008932610400261312	0.0009867581534189402	0.001083152566854253	0.0011822128800994618	0.0012820395069381954	0.0013816198817636915	0.0014822257409356021	0.0015859988108312326	0.0016928867023492515	0.0018021014226946633	0.001913678454056648	0.0020314536836842536	0.0021578819731351874	0.0022943047985807463	0.002440531224392108	0.002599497562581753	0.0027794717928541087	0.0029921820005726495	0.0032594076097360175	0.003617613702138946	0.004125384129799746	2.516455814160062	2.6936949685966876	2.837843048951099	2.6526347958916636	1.7726039200808803	1.4989896492117945	1.5004687046080218	1.501692347758345	1.487169763688419	1.4852710610995052	1.4767716142523264	1.47211333216974	1.4717361164158567	1.4702148017895882	1.4687820536431029	1.468387338300301	1.4682447566984416	1.465931197976764	1.4656137791312192	1.46535272486195	1.4655693680978206	1.467251815265387	1.4687754017038246	1.4708602980081584	1.4730163369952383	1.4761915510022152	1.4833167841365547	1.493328625242356	1.509058445938624	1.5349130831389763	1.5795382442785784	1.660709054070681	-1.4221647959145698	-1.41065107615805	-1.3770288727249143	-1.3478581360168431	-1.3100756554263868	-1.2902589564115927	-1.2795179010545068	-1.2666735413864294	-1.252652458816555	-1.2383271754310932	-1.2232943730541377	-1.208967191746041	-1.195630148668931	-1.1825391728433114	-1.169820020440058	-1.157501451219997	-1.145724596091779	-1.1344425364379627	-1.1232395269052509	-1.1120941508140119	-1.1010523274106496	-1.0900682472340963	-1.0790068722028376	-1.0675361978176436	-1.055342244417498	-1.0424912282550676	-1.028752909038263	-1.0138551437304693	-0.9968708337394325	-0.9762051509806569	-0.9502636697409101	-0.9181021915830541
naca0012:a-3:re1000000:n4	0.9752713583955737	-0.3268219178143873	0.007860637214998085	-0.0015216708736435103	0.7478182594940577	0.1963401480054758	6.100285836326486e-05	0.00010710428279622571	0.00014272197028076579	0.00017351131957528038	0.00020029692608491322	0.0002244218755527276	0.00024741538261623857	0.0002703727085601385	0.00029277853954036556	0.00031420478984408505	0.00033489418285160524	0.00035529445129333536	0.0003748990283386135	0.00039644763262475507	0.0004188294272424787	0.0004406141635380449	0.00046125483470685157	0.00048139829820647483	0.0005016394707439165	0.0005210546056637761	0.0005422022265574122	0.0005603178130362073	0.0005689343862669781	0.000581573335613765	0.0006172423235750227	0.0006978794154321136	0.0007910613918033383	0.0008712893425071297	0.0009507477279661117	0.0010559403884966615	0.001192856113609859	0.0013673750489264396	2.301189237578226	2.378421018905517	2.422022687289443	2.4473692597371612	2.459285208581999	2.474840682735736	2.499400114766662	2.522969889912036	2.542693699362691	2.562962735098092	2.5835990316351296	2.6084250966090714	2.6475025713872786	2.653517479690172	2.6681192068444264	2.6871296440104313	2.7151640725914215	2.745454566559951	2.776852501170901	2.809087560178664	2.8275247499299216	2.8564773807212847	2.8947941352978868	2.7377598102034773	2.3768028967309673	1.8771358154459117	1.585254365355843	1.4850029809944534	1.4786796217441323	1.474010244218217	1.48056678596432	1.5256528990462959	0.6663115141074489	0.9238986834956664	0.9951971304265733	1.028569665327214	1.0481427147151714	1.0608836506466726	1.0693718917809272	1.0740236567012642	1.0758593589684786	1.0756634900368642	1.0741012094569728	1.0717496826079138	1.0693138212332187	1.0654138171275227	1.0613477215885883	1.056877587907218	1.0523528453375133	1.0480020291650296	1.0441845447499234	1.0410231126003757	1.037749913812017	1.0345159855490964	1.0317711237904037	1.0271509642138308	1.0187785775133855	1.0052786383063246	0.9937551823874065	0.9868018925823805	0.9788665278162854	0.9648643179805018	0.9443241061889884	0.91712288170763	7.367685729148872e-05	0.0001322135734707457	0.0001802247143074074	0.0002197572784565827	0.00025116229567867396	0.0002712526971558894	0.0003010582017645421	0.00037666303452212524	0.0004629629842860352	0.0005435233402696228	0.0006297471160656692	0.0007215599274718157	0.0008129077993396774	0.0009070765286316512	0.0010005995834890028	0.0010971094186569394	0.0011968762972771314	0.001292558527753702	0.0013887581316260123	0.0014876935639848723	0.0015905051407911703	0.0016971316002899136	0.0018084139530161005	0.0019258489316376602	0.002050242394495147	0.002183110738365583	0.0023284713067565485	0.002497085904078019	0.002700213109470683	0.0029584220430913986	0.00330330892668043	0.0037818653019438537	2.51835970238712	2.697954612855339	2.751745307305971	2.7984515398206744	2.842844532317173	2.8388068871164407	2.4061795082620647	1.6992876972794868	1.4876676472981925	1.4641416963430514	1.458868135953316	1.4546443770759638	1.463866018686615	1.4613216233003405	1.463240404858261	1.4663770577195228	1.4660908487812376	1.4647688047373573	1.4615815247550967	1.4610236010765707	1.4620869748324132	1.4639583408759662	1.4665775028749395	1.4696857958465013	1.472889572637824	1.4770446184141537	1.4830688406858452	1.49150374121817	1.506119836202229	1.531302244473664	1.5767886219735752	1.657211719625398	-1.4242363834282712	-1.4085073576048628	-1.3692138886147263	-1.3409771299316824	-1.3216301767006975	-1.3071573416505273	-1.2866014768574605	-1.258622899836932	-1.244995912109946	-1.2347136419262854	-1.2231105522958365	-1.2098200664814005	-1.1962310291736384	-1.1821489356039907	-1.1690598762758293	-1.1567605935718075	-1.1451970970988579	-1.1342571785049942	-1.1233335028668272	-1.1123643340499907	-1.1012554283041922	-1.0900812138835376	-1.0788877946301068	-1.0674833484537372	-1.0555910705576461	-1.043155804002768	-1.0297600459420404	-1.0148101304835668	-0.9972756196019257	-0.9755895859517805	-0.9485647353666873	-0.9157858553487042
naca0012:a-3:re1000000:n9	0.9721467941880697	-0.3191806262020073	0.006393513342108027	-0.004915536772472006	0.9295026239085314	0.36464121398585836	6.161558561387243e-05	0.00010875501094748635	0.00014410774149761443	0.00017400781737485216	0.00020062510157923275	0.00022556179243786076	0.00024890257654073134	0.0002715356570392477	0.00029412831119150047	0.0003166187819597685	0.0003379611294372258	0.00035843124597873	0.000378626279551371	0.00040037206531933677	0.0004231065016861131	0.00044485962781263096	0.0004654255431143545	0.00048500553294758027	0.0005036820576845839	0.0005242623392708482	0.0005472705841335882	0.0005702555740792383	0.0005910098630316797	0.0006118902282303271	0.0006358150736029381	0.0006657691203258349	0.0006982366178421082	0.0007046264565389181	0.0006857181125151513	0.0007260031804279203	0.000878009519848358	0.0011503933624288723	2.296717667991931	2.3789790838999516	2.420733346293614	2.440567102819199	2.453310536147946	2.4687898407130806	2.4924246850831855	2.5130624849378864	2.537586019106501	2.560138467957424	2.5821917788272337	2.5989674012722825	2.625224127273697	2.649134365350931	2.6718148189739983	2.702918453314772	2.7318671935895225	2.7680281126200326	2.8077173436104634	2.837286410234339	2.863762592254162	2.897124737953874	2.9435120423072787	3.0060809845636967	3.0858883941228346	3.185934506814556	3.3044758019041143	3.569292526972992	3.883641191990164	3.556544067987061	2.553892282867574	1.7683477857583099	0.6665717065400033	0.9217081340983656	0.992629668252165	1.027401394570989	1.0488016442458337	1.0624883446325313	1.0708815271111631	1.0753555855508983	1.0773846353909389	1.0771964075864564	1.0753829826741126	1.0727616185065623	1.0697904263990679	1.0662226968185569	1.0624253968090227	1.058655565868457	1.0548596411646116	1.0510545590356029	1.046770397392522	1.041622904972991	1.036029668326699	1.0306993629872818	1.0259484500188736	1.021371470171155	1.0165373927169776	1.010768007504357	1.0028095440685387	0.997399148717323	0.9953198524923652	0.9831566979208868	0.9540081994838276	0.9092166969398541	7.510148515191746e-05	0.00013166187892734574	0.0001764299827804823	0.0002154678792743487	0.00024875680778626956	0.00027903213726864997	0.00031009612172182847	0.00033181105141182635	0.0003567143580941351	0.00038469799373095444	0.00040251824387809733	0.00043205992623024505	0.0004914089161040371	0.0005900245190230308	0.000676170880468261	0.0007575585424836288	0.0008321886790443699	0.0009125468638833908	0.0010065641931387896	0.0011051341087523934	0.0012058551155426662	0.001308764000518528	0.00141202886013749	0.0015189599470641166	0.0016299437703267616	0.001751417133885668	0.0018832881709561892	0.0020305304734570687	0.0022060568659235625	0.002434984662305635	0.0027523147123484676	0.0031952760222542496	2.500663798253095	2.6939251365185686	2.755692434665112	2.8170924680422575	2.8146294133898033	2.866828189784687	2.903813376096314	2.9973491712328024	3.0732050144200094	3.1728045835506684	3.2115228160749267	2.687917457291526	1.9962946098234695	1.5325069597684509	1.470912233507303	1.438894825633646	1.4383082547117778	1.4537202603810966	1.4491248000535146	1.4475537970185	1.4520418942378792	1.4567654888286425	1.4618602412075887	1.46549465348783	1.46929773550706	1.4709256723167083	1.4761897723821908	1.48707848198832	1.5038159838953058	1.5273863248405757	1.5726423743137146	1.6609190109318608	-1.41479083032459	-1.4035660073013714	-1.3643758255303071	-1.3373186325593407	-1.3151390339065143	-1.2990982946164085	-1.282925529956451	-1.2681925078576772	-1.2560076114398155	-1.2446537435478362	-1.233309799040585	-1.2146229530868713	-1.1899928133872988	-1.1693994108278498	-1.1625475155741858	-1.1533096112078463	-1.1443755435800171	-1.13477972457345	-1.1228653178574064	-1.1109707734796537	-1.099426367924481	-1.088183070944063	-1.077274269105457	-1.066122222729183	-1.0544030400481157	-1.041833095637097	-1.0282769390414073	-1.0133615128175781	-0.9958852363722355	-0.9735658454879934	-0.9447276926670493	-0.9098427211003589
naca0012:a0:re200000:n2	0.9831467268053447	-5.551115123125783e-17	0.010673557311766065	1.2212453270876723e-16	0.5618398528730795	0.5618398528730795	0.00015321951154021902	0.00026451902541562745	0.00035110461717846304	0.00042725500825033274	0.0004918892871139197	0.0005496051109611167	0.0006064381372384391	0.0006631877342460264	0.0007195963924907483	0.000772674226615479	0.0008268265252354953	0.0008818210828592819	0.0009397996443260147	0.0009915172401492442	0.001040780249596956	0.0010896131630212821	0.0011302746564870725	0.0011617870099259837	0.0012052268726526149	0.0013040415993119615	0.0014393015945274997	0.0015737315138030475	0.0016871122299413248	0.0017881178187673806	0.001896620499066288	0.0020229784077098823	0.0021691493512850453	0.00233972684041864	0.002531513665244886	0.002765595308706801	0.003064267776118179	0.003435305860687265	2.374793542667204	2.4808328172944027	2.5424148788695766	2.5661964879509407	2.586721013646988	2.6046884476486842	2.6251709273797537	2.6570723539703343	2.6938901927724226	2.7479580922030773	2.7866226792208617	2.8286995311534127	2.853658289104465	2.8916977740243546	2.923444646278722	2.9592011989912814	2.9750234313498707	2.927997105499779	2.7651493090729247	2.3897976298207992	2.048601056599003	1.803309587945755	1.6922216824607168	1.6393823000727394	1.6020629470176202	1.5752370080873757	1.561499160121012	1.5551452281029965	1.558988148384678	1.5708065705364447	1.599339451627735	1.6648886180366644	1.0373679111847052	1.1670431938354364	1.188247940257602	1.191152868281994	1.1898277036849718	1.1866108161321702	1.1823152599799762	1.1762762321113795	1.1687202490908581	1.1606544003368329	1.152038959348051	1.1438501425612224	1.1364018681031975	1.1300016239496506	1.1242841209407364	1.1185670492457105	1.1121991815563206	1.1058514739536258	1.0977749149580607	1.0855279591056854	1.071968340326566	1.059878992125178	1.0498021184289819	1.0411251160556407	1.0319649872542715	1.022521068628264	1.0122892927317604	1.0001142941740984	0.9860094947791389	0.968716476266678	0.947472706109235	0.9230647763855107	0.0001532195115402192	0.0002645190254156273	0.0003511046171784627	0.00042725500825033236	0.0004918892871139185	0.0005496051109611156	0.0006064381372384381	0.0006631877342460262	0.0007195963924907483	0.0007726742266154789	0.0008268265252354961	0.0008818210828592818	0.0009397996443260144	0.000991517240149243	0.0010407802495969538	0.0010896131630212798	0.0011302746564870701	0.0011617870099259822	0.0012052268726526162	0.0013040415993119615	0.0014393015945274995	0.0015737315138030475	0.0016871122299413248	0.0017881178187673767	0.0018966204990662856	0.0020229784077098823	0.0021691493512850427	0.0023397268404186395	0.0025315136652448835	0.002765595308706798	0.003064267776118179	0.003435305860687265	2.3747935426672044	2.4808328172944014	2.5424148788695744	2.566196487950939	2.5867210136469865	2.6046884476486842	2.6251709273797537	2.6570723539703347	2.693890192772423	2.747958092203077	2.786622679220861	2.8286995311534113	2.8536582891044633	2.891697774024353	2.9234446462787207	2.9592011989912814	2.9750234313498707	2.92799710549978	2.765149309072927	2.3897976298208006	2.0486010565990025	1.8033095879457548	1.6922216824607166	1.639382300072739	1.6020629470176195	1.5752370080873752	1.5614991601210115	1.5551452281029958	1.558988148384678	1.5708065705364447	1.599339451627735	1.6648886180366647	-1.0373679111847038	-1.1670431938354353	-1.1882479402576014	-1.1911528682819938	-1.1898277036849723	-1.1866108161321705	-1.1823152599799767	-1.17627623211138	-1.1687202490908581	-1.160654400336833	-1.152038959348051	-1.1438501425612226	-1.1364018681031978	-1.1300016239496506	-1.1242841209407366	-1.1185670492457107	-1.1121991815563206	-1.105851473953626	-1.0977749149580607	-1.0855279591056854	-1.0719683403265663	-1.059878992125178	-1.0498021184289819	-1.0411251160556407	-1.0319649872542718	-1.0225210686282642	-1.0122892927317606	-1.0001142941740986	-0.9860094947791389	-0.9687164762666781	-0.9474727061092351	-0.9230647763855107
naca0012:a0:re200000:n4	0.9900907571768137	-2.220446049250313e-16	0.009482377318386408	9.992007221626409e-17	0.7335420831768908	0.7335420831768902	0.00015349685229770668	0.0002659547493755113	0.0003515309117485621	0.000427669310857309	0.0004947165789981596	0.0005550878292932875	0.0006135057868479735	0.000669365794829927	0.0007233566771227769	0.0007768787907196407	0.0008283911129867394	0.0008791571673662576	0.000927576802161298	0.0009830014518173156	0.0010437455683086417	0.001099674675797527	0.001150478877811929	0.0011998863780052613	0.001246834417472162	0.0012884769726341856	0.001327705497873671	0.0013601054848963847	0.0013925376993318215	0.0014592481681951583	0.0015822393788686728	0.0017923328995110026	0.0019954414316597216	0.002145273535469969	0.002293048889060336	0.0024879060672848147	0.0027465716591124406	0.0030756790273198083	2.375415598870022	2.473765859039197	2.534761280377993	2.565664870118962	2.57845012891303	2.592307886828784	2.6158842873238077	2.6479040640075966	2.6824222194958605	2.7179715932807293	2.7618252084394572	2.794133486533843	2.8534324535638844	2.878302173154148	2.907593940132074	2.951175241077394	3.0010239566891097	3.057401978857937	3.12711679463256	3.198528041940822	3.2476290191770403	3.2913886164573354	3.311025912589193	3.1297606091798884	2.7608202243121625	2.253691905000682	1.9266523882417614	1.7842648381648398	1.7204426375031712	1.673547856677517	1.6646747743318047	1.7076942071157868	1.0435488116163367	1.1673162090146838	1.1871714243182248	1.19025881820589	1.1882563677243385	1.1844779859546732	1.1796237658950675	1.1737120530651577	1.1671296542600935	1.1599338597150741	1.1522112985623285	1.1438935182371972	1.136612965114391	1.1283742615395926	1.120688811204671	1.1132447989185232	1.1057715489611262	1.0988650920042842	1.0927161532039538	1.087368353561501	1.0826052457756004	1.0784767118224776	1.0736637295526394	1.0645978168527994	1.049904627575974	1.029264315159403	1.0108745028275412	0.9978292870753296	0.9841911133320641	0.9660995013805644	0.942506015545576	0.9151562911883675	0.00015349685229770687	0.0002659547493755113	0.00035153091174856165	0.00042766931085730814	0.0004947165789981589	0.0005550878292932874	0.0006135057868479722	0.0006693657948299263	0.000723356677122776	0.0007768787907196397	0.0008283911129867392	0.0008791571673662574	0.0009275768021612967	0.0009830014518173156	0.0010437455683086413	0.0010996746757975266	0.0011504788778119274	0.0011998863780052597	0.0012468344174721617	0.0012884769726341841	0.001327705497873671	0.0013601054848963832	0.0013925376993318215	0.0014592481681951596	0.0015822393788686728	0.0017923328995110026	0.0019954414316597237	0.002145273535469969	0.0022930488890603334	0.0024879060672848147	0.0027465716591124406	0.0030756790273198083	2.3754155988700227	2.4737658590391955	2.53476128037799	2.56566487011896	2.578450128913029	2.592307886828783	2.6158842873238077	2.6479040640075966	2.68242221949586	2.717971593280729	2.761825208439456	2.794133486533841	2.8534324535638818	2.8783021731541454	2.907593940132072	2.9511752410773933	3.00102395668911	3.0574019788579383	3.1271167946325638	3.1985280419408255	3.247629019177044	3.2913886164573376	3.311025912589194	3.1297606091798826	2.760820224312152	2.253691905000673	1.9266523882417559	1.784264838164837	1.7204426375031694	1.6735478566775162	1.6646747743318047	1.7076942071157872	-1.043548811616335	-1.1673162090146827	-1.1871714243182243	-1.19025881820589	-1.1882563677243387	-1.1844779859546735	-1.1796237658950677	-1.173712053065158	-1.1671296542600937	-1.1599338597150743	-1.1522112985623287	-1.1438935182371974	-1.1366129651143915	-1.1283742615395929	-1.1206888112046713	-1.1132447989185237	-1.1057715489611264	-1.0988650920042844	-1.092716153203954	-1.0873683535615013	-1.0826052457756004	-1.0784767118224778	-1.0736637295526394	-1.0645978168527996	-1.049904627575974	-1.029264315159403	-1.0108745028275412	-0.9978292870753297	-0.9841911133320642	-0.9660995013805644	-0.942506015545576	-0.9151562911883675
naca0012:a0:re200000:n9	0.9697752374936742	-5.551115123125783e-17	0.010066158912812352	5.551115123125783e-17	0.9049265298654305	0.9049265298654303	0.0001539270829622389	0.00026887415754738936	0.00035219210294023	0.0004255314996049561	0.0004933239806428217	0.0005567174276940629	0.0006164396296356345	0.0006694902668070666	0.0007213517550145154	0.0007738211631780128	0.0008254907751794357	0.0008779917471512317	0.0009316007369568123	0.0009828309687685873	0.001039613952542655	0.0010972223936960629	0.0011522563709732772	0.0012014870529812303	0.0012454568923130406	0.001296161477014633	0.0013495989051787295	0.0014011003076198991	0.001447003843544619	0.001485065979528159	0.0015219058556884453	0.0015369348222514687	0.001554214514422704	0.0016140830005994923	0.0017469032087828566	0.002027158203831009	0.002534857849405507	0.003268882576962279	2.374224865479392	2.478052870602947	2.534527756414358	2.5634227489324797	2.581338202224034	2.605061524713372	2.631895281816109	2.6712765121487356	2.7060339323624603	2.7413714790045263	2.782814935725889	2.8133649818319024	2.840616212260983	2.9038770912391887	2.9566975508854973	3.0282601580895205	3.104746781123629	3.206114130674901	3.3379330372991	3.488081005958268	3.6613717516101154	3.8523552382123034	4.054273518048855	4.30118927527323	4.537165655081918	4.834293459961949	5.154283283898261	5.305822494327888	5.066019530801444	4.287609438839624	3.1353575299583816	2.3810489359485243	1.042768513728367	1.1622419936330972	1.184809565525018	1.1892782418978878	1.1872910960487466	1.1827245747986317	1.1769261169080916	1.1711134847786866	1.164948445948082	1.158265942133942	1.1507560769881118	1.14219642585189	1.133121379616803	1.124692172888229	1.1159555172218325	1.1075640821289439	1.099688037716167	1.092693938405009	1.0862354474795282	1.079550137300281	1.0729818379541913	1.0673020650358418	1.0626870234516972	1.0586438125553317	1.0533225665208024	1.0485510711906563	1.0428503306619206	1.0343545080475556	1.0224921536112115	1.0007237157391637	0.966551562544429	0.9220656952804209	0.0001539270829622391	0.0002688741575473893	0.0003521921029402302	0.00042553149960495565	0.0004933239806428217	0.0005567174276940622	0.0006164396296356337	0.0006694902668070657	0.0007213517550145161	0.0007738211631780121	0.0008254907751794365	0.0008779917471512317	0.000931600736956812	0.0009828309687685873	0.001039613952542655	0.0010972223936960626	0.0011522563709732783	0.0012014870529812327	0.0012454568923130403	0.001296161477014634	0.0013495989051787308	0.0014011003076199022	0.0014470038435446203	0.001485065979528159	0.0015219058556884446	0.0015369348222514657	0.0015542145144227038	0.0016140830005994923	0.0017469032087828607	0.002027158203831011	0.0025348578494055127	0.003268882576962279	2.3742248654793925	2.4780528706029457	2.534527756414356	2.5634227489324783	2.581338202224033	2.605061524713372	2.6318952818161105	2.671276512148736	2.7060339323624603	2.741371479004526	2.782814935725887	2.8133649818319006	2.84061621226098	2.9038770912391865	2.956697550885495	3.028260158089518	3.1047467811236276	3.2061141306748997	3.337933037299105	3.4880810059582705	3.661371751610118	3.8523552382123105	4.054273518048857	4.301189275273228	4.5371656550819175	4.8342934599619465	5.1542832838982555	5.305822494327876	5.066019530801426	4.287609438839604	3.1353575299583696	2.3810489359485194	-1.0427685137283662	-1.1622419936330963	-1.1848095655250173	-1.1892782418978878	-1.1872910960487466	-1.1827245747986321	-1.1769261169080918	-1.1711134847786868	-1.164948445948082	-1.158265942133942	-1.1507560769881118	-1.14219642585189	-1.1331213796168034	-1.124692172888229	-1.1159555172218325	-1.107564082128944	-1.099688037716167	-1.092693938405009	-1.0862354474795284	-1.0795501373002812	-1.0729818379541913	-1.0673020650358418	-1.0626870234516972	-1.0586438125553317	-1.0533225665208028	-1.0485510711906563	-1.0428503306619208	-1.0343545080475556	-1.0224921536112113	-1.0007237157391637	-0.966551562544429	-0.9220656952804209
naca0012:a0:re1000000:n2	0.9771888651542684	-1.1102230246251565e-16	0.008265596388361985	2.2204460492503132e-17	0.345956946094783	0.34595694609478267	6.98509684807668e-05	0.0001179228337074954	0.00015564862950571525	0.00018980090368077033	0.00021925047730459138	0.0002485952676733008	0.0002757004417664371	0.00029821030261926627	0.00032218984785299936	0.00034147026664121786	0.00035480995451543407	0.0003954745029317843	0.0004681519738345098	0.0005524807304502015	0.0006288219064063003	0.0007062594016260322	0.0007813388085836505	0.0008579731381350238	0.0009418489762396108	0.0010270556480232167	0.001113078997563705	0.0012005628462838926	0.0012891743547647832	0.0013810345589268067	0.0014780949272004621	0.0015834153876766843	0.0016965531078964292	0.0018198538367524097	0.001962005265613509	0.0021380885956659053	0.0023706407740801427	0.002709150046172102	2.3662536615625824	2.4580021259826768	2.517407914880996	2.540940605158077	2.583591362921879	2.600255358126054	2.6159475341026797	2.657927872950032	2.6830411785307273	2.7489867331688784	2.752768940016915	2.208687021606479	1.6764908502827653	1.4739881837621511	1.4671895717190933	1.4579094225737634	1.4612468957423745	1.4666621408169525	1.4586065859050474	1.4554950112157348	1.4579203100836846	1.46072515284741	1.462683003895048	1.4636843094032657	1.4651568648621724	1.4653336214973491	1.4682731731979173	1.475568057695118	1.4864154235689744	1.5016720811964814	1.5308959396139807	1.5901611843427115	1.0312335952112481	1.1624403178944591	1.1862485876665665	1.1900752002115071	1.1889441144449493	1.1848230737971739	1.1788501287831528	1.172151208051979	1.1651179570794123	1.1598610675566254	1.1555571209867819	1.141044515921711	1.1233531787890532	1.115659036311702	1.1132341214430324	1.1072731265422049	1.1009340327858297	1.0939859265645202	1.0857258528677858	1.0776207172876013	1.0696242667279905	1.0616058648386542	1.053542399912907	1.0451532388358569	1.036051033636999	1.0260581723558302	1.015186361208786	1.0031977478509226	0.9892054240286118	0.9716305096329552	0.9490097708512126	0.9191111834486182	6.98509684807669e-05	0.00011792283370749547	0.0001556486295057151	0.00018980090368077025	0.00021925047730459102	0.0002485952676733004	0.000275700441766437	0.0002982103026192659	0.00032218984785299936	0.00034147026664121786	0.00035480995451543407	0.00039547450293178475	0.0004681519738345102	0.0005524807304502019	0.000628821906406301	0.0007062594016260328	0.0007813388085836505	0.0008579731381350247	0.0009418489762396105	0.001027055648023218	0.0011130789975637063	0.0012005628462838942	0.0012891743547647858	0.0013810345589268067	0.0014780949272004639	0.001583415387676684	0.0016965531078964287	0.0018198538367524095	0.001962005265613513	0.0021380885956659057	0.0023706407740801475	0.002709150046172102	2.3662536615625833	2.4580021259826745	2.5174079148809936	2.5409406051580756	2.5835913629218785	2.600255358126054	2.615947534102681	2.657927872950034	2.6830411785307278	2.7489867331688793	2.752768940016915	2.208687021606476	1.6764908502827616	1.4739881837621505	1.4671895717190933	1.4579094225737643	1.4612468957423752	1.4666621408169525	1.4586065859050477	1.4554950112157352	1.4579203100836853	1.4607251528474101	1.462683003895048	1.4636843094032657	1.4651568648621724	1.465333621497349	1.468273173197917	1.475568057695118	1.4864154235689746	1.5016720811964819	1.5308959396139814	1.5901611843427121	-1.0312335952112477	-1.1624403178944582	-1.1862485876665665	-1.1900752002115076	-1.18894411444495	-1.1848230737971743	-1.1788501287831532	-1.1721512080519791	-1.1651179570794123	-1.1598610675566254	-1.1555571209867819	-1.141044515921711	-1.1233531787890532	-1.1156590363117023	-1.1132341214430324	-1.107273126542205	-1.1009340327858297	-1.0939859265645202	-1.085725852867786	-1.0776207172876011	-1.0696242667279905	-1.061605864838654	-1.053542399912907	-1.0451532388358569	-1.036051033636999	-1.0260581723558304	-1.0151863612087861	-1.0031977478509229	-0.9892054240286117	-0.971630509632955	-0.9490097708512126	-0.9191111834486182
naca0012:a0:re1000000:n4	0.9731787263094932	-2.220446049250313e-16	0.007088184123910761	7.771561172376095e-17	0.4804923170332005	0.480492317033201	6.889324575271522e-05	0.00011896285648745732	0.00015679142615469553	0.00018981399940367345	0.00021899768487558893	0.0002452419039437178	0.00027183572439023774	0.0002982151905410179	0.0003243334050874688	0.00034888328938557727	0.00037367192366702054	0.00039693166788364357	0.0004211818801919329	0.0004365365896184188	0.00044752866563038587	0.0004795419105934478	0.0005425037115749696	0.0006225123975409863	0.0006989321932693687	0.0007717742102194605	0.0008484825492876455	0.0009297194909204541	0.0010118385053539268	0.0010990233304823257	0.0011906310416509246	0.0012876911664476305	0.0013908449445343232	0.001503042625703019	0.0016335848279946294	0.0017988752362669302	0.0020137891110502313	0.002309768820201562	2.3709656584605963	2.4726507515565226	2.5208630932652065	2.5455034943395902	2.5734558489275057	2.6046899140043758	2.632423878057645	2.667824141376039	2.692093066193457	2.7407745081454054	2.7706495355275447	2.8085614403047	2.805156210628967	2.8713577601037192	2.888610946611776	2.472136134030911	1.9133653792979612	1.5859053655797932	1.4589890007427477	1.4509261033490974	1.4523709045868116	1.4515546078013588	1.4510298991103185	1.4498488710245414	1.4519051808539276	1.4543115735203809	1.4582662537549373	1.4678080159954683	1.4816193884461448	1.4967648100602684	1.5255150034501903	1.5876055101668458	1.0374138239227504	1.162461285394039	1.1846354575782516	1.1889873711736465	1.1878103578084973	1.183705994577656	1.178270280387323	1.171505832852013	1.1642035360362504	1.157349662222827	1.1497250492874527	1.1423580517865872	1.1347363442277363	1.1299468133677406	1.1253711310494543	1.113221902993757	1.0971709780609036	1.0850822922145884	1.0782900712393615	1.0729517185103465	1.066630121588648	1.0595333794107693	1.0525764242598428	1.0450919639845317	1.0368370704546996	1.0276183434761847	1.0172525039271694	1.0055011886230854	0.991059880041262	0.972190846815573	0.9482993281780049	0.91799017536446	6.889324575271536e-05	0.00011896285648745731	0.0001567914261546952	0.000189813999403673	0.00021899768487558893	0.0002452419039437174	0.0002718357243902374	0.0002982151905410181	0.00032433340508746867	0.00034888328938557694	0.00037367192366702054	0.0003969316678836431	0.0004211818801919327	0.0004365365896184187	0.00044752866563038576	0.000479541910593447	0.0005425037115749683	0.0006225123975409855	0.000698932193269367	0.0007717742102194596	0.0008484825492876455	0.0009297194909204541	0.001011838505353926	0.0010990233304823255	0.0011906310416509233	0.0012876911664476292	0.0013908449445343219	0.0015030426257030174	0.001633584827994626	0.001798875236266934	0.0020137891110502334	0.002309768820201562	2.3709656584605967	2.472650751556521	2.5208630932652043	2.545503494339589	2.573455848927505	2.604689914004376	2.6324238780576463	2.66782414137604	2.692093066193458	2.7407745081454054	2.7706495355275433	2.808561440304698	2.8051562106289643	2.871357760103717	2.8886109466117755	2.4721361340309227	1.9133653792979721	1.585905365579798	1.4589890007427488	1.4509261033490977	1.4523709045868118	1.4515546078013588	1.4510298991103185	1.4498488710245414	1.4519051808539274	1.4543115735203802	1.458266253754937	1.4678080159954683	1.4816193884461448	1.4967648100602684	1.5255150034501899	1.5876055101668458	-1.037413823922749	-1.162461285394038	-1.1846354575782514	-1.1889873711736467	-1.1878103578084973	-1.1837059945776565	-1.1782702803873233	-1.1715058328520134	-1.1642035360362508	-1.1573496622228272	-1.1497250492874527	-1.1423580517865877	-1.1347363442277367	-1.129946813367741	-1.1253711310494545	-1.1132219029937576	-1.097170978060904	-1.0850822922145889	-1.078290071239362	-1.0729517185103468	-1.066630121588648	-1.0595333794107693	-1.0525764242598428	-1.045091963984532	-1.0368370704546996	-1.0276183434761847	-1.0172525039271694	-1.0055011886230854	-0.9910598800412621	-0.9721908468155731	-0.9482993281780049	-0.9179901753644599
naca0012:a0:re1000000:n9	0.9709060749846821	5.551115123125783e-17	0.00540001796373341	6.661338147750939e-17	0.6914565450658641	0.6914565450658632	6.829948162245832e-05	0.00011898839513035188	0.0001578196307925699	0.00019152043062517534	0.000221836737081802	0.00024940179963959944	0.0002751904836076317	0.0002990831687811127	0.00032246031783019223	0.00034614320248726804	0.0003690092494488494	0.0003921990844452281	0.000416219784998978	0.00044124898143225674	0.00046696830378412655	0.0004926882910739243	0.0005174266134134664	0.0005407151683504891	0.0005641096655276216	0.0005806305929667962	0.0005846533271099836	0.0005910037320220165	0.0006402489471471927	0.000736261933819827	0.0008373964053119482	0.000909397466078177	0.0009902509463097042	0.0010904287718484587	0.0011974467963085382	0.0013326094676082677	0.0015162407603551034	0.0017619259356893265	2.3754695224088413	2.4865192152908318	2.5245512709021662	2.5577857708795917	2.576579180372565	2.599348999607432	2.6358310260599853	2.676338999893797	2.7122870027951818	2.746090059401399	2.7888772547846954	2.824218706864782	2.865273280787303	2.899289833459254	2.9338793313877907	2.978268413152889	3.037441094286017	3.106888563345445	3.166040454777047	3.2447072357608264	3.325198605351343	3.2216250980548824	2.587054065707909	1.9215773759625596	1.5406572949248027	1.4655519882747285	1.4481968599434714	1.4403114297336146	1.4507651402017634	1.4647384340934928	1.4829990614775908	1.5334966617879409	1.0403347260962443	1.1647507796924943	1.1827891427440806	1.186329177236927	1.1852847728613227	1.1821725652960073	1.1777008568449339	1.1718402706145965	1.165212658991004	1.1576890060574212	1.149706158038478	1.1414374480586136	1.1339232253797416	1.1259088464588358	1.1180328542795877	1.1105253593225326	1.104107880738272	1.0984726128028433	1.092253493294412	1.0855284615105663	1.0799515894914	1.072868635300554	1.0588696703274396	1.0400103947766617	1.0265540266847542	1.021115808274695	1.0136781157813939	1.0023707913712947	0.9889502186964414	0.9706272138103442	0.9455648604725788	0.9130754700036798	6.829948162245839e-05	0.00011898839513035189	0.00015781963079256967	0.00019152043062517493	0.00022183673708180146	0.0002494017996395989	0.0002751904836076311	0.0002990831687811127	0.00032246031783019223	0.000346143202487268	0.0003690092494488485	0.0003921990844452281	0.0004162197849989779	0.0004412489814322562	0.00046696830378412655	0.0004926882910739238	0.0005174266134134657	0.000540715168350489	0.0005641096655276215	0.0005806305929667963	0.0005846533271099831	0.0005910037320220166	0.0006402489471471942	0.0007362619338198304	0.0008373964053119491	0.0009093974660781796	0.0009902509463097058	0.0010904287718484587	0.0011974467963085404	0.0013326094676082703	0.001516240760355108	0.0017619259356893287	2.375469522408842	2.48651921529083	2.5245512709021636	2.55778577087959	2.576579180372564	2.599348999607432	2.6358310260599866	2.676338999893798	2.712287002795182	2.7460900594013986	2.788877254784694	2.82421870686478	2.865273280787301	2.899289833459252	2.93387933138779	2.9782684131528887	3.0374410942860184	3.1068885633454495	3.1660404547770513	3.244707235760833	3.32519860535135	3.22162509805488	2.587054065707888	1.9215773759625434	1.5406572949247967	1.4655519882747265	1.4481968599434705	1.4403114297336141	1.4507651402017627	1.4647384340934928	1.4829990614775908	1.5334966617879409	-1.0403347260962428	-1.164750779692493	-1.1827891427440802	-1.186329177236927	-1.1852847728613232	-1.1821725652960073	-1.1777008568449339	-1.1718402706145965	-1.165212658991004	-1.1576890060574214	-1.1497061580384782	-1.1414374480586136	-1.1339232253797418	-1.125908846458836	-1.1180328542795877	-1.1105253593225326	-1.104107880738272	-1.0984726128028435	-1.0922534932944121	-1.085528461510566	-1.0799515894914	-1.0728686353005539	-1.0588696703274394	-1.0400103947766612	-1.0265540266847542	-1.0211158082746952	-1.0136781157813943	-1.0023707913712947	-0.9889502186964416	-0.9706272138103443	-0.9455648604725788	-0.9130754700036797
naca0012:a3:re200000:n2	0.9809114952823458	0.3127732683977066	0.011867717820705394	0.005564532784716736	0.26879166778354346	0.8295444703055108	0.00016524843407441254	0.0002924933906829157	0.00039069068627392046	0.00048245605808575434	0.0005563016855832929	0.0006266384498119276	0.0006823324328063923	0.0007391964981351748	0.0007870691158664508	0.0008686551282023653	0.000986034397693514	0.001118929095678649	0.0012422471260231751	0.0013646486165869614	0.001480749151156127	0.0016101891097811578	0.0017454927872389548	0.0018758198582709037	0.002012591991494667	0.0021526345370740728	0.0022968614483976613	0.002447061592105461	0.002604452474307836	0.002771395148060308	0.002951914862755773	0.0031468151953426534	0.0033552337555585923	0.0035931650627097017	0.003872116348590845	0.00421945239069757	0.004673216840170166	0.00525515567425682	2.500781975240763	2.6765891296018505	2.770317543173953	2.798673543335417	2.858642969187906	2.884129286395195	2.9541850146033366	2.9616882727817235	2.9035295994397967	2.4890720766365084	2.086394340440914	1.828972010955555	1.721808401218866	1.6370588642830064	1.6039987747964295	1.5794094473937035	1.5715583930974792	1.5666670355846255	1.5541380906449376	1.547343455556453	1.5461931523042869	1.5468938337955374	1.5481494204792061	1.5517797964790472	1.555188646902644	1.5614919008238708	1.572691047729475	1.5862485585080925	1.6071448655936162	1.6414216742314567	1.697393859397114	1.7876819480028827	1.4088523847072414	1.4064563362117712	1.3730259738753052	1.3445876245251602	1.322497334168222	1.3048763184898688	1.2912735183687531	1.278299346681481	1.2646595426502425	1.243087221889946	1.2215701258069214	1.2041492057726546	1.1905415060014883	1.1774040836752562	1.1671428156197095	1.1565629894031244	1.1462504311220656	1.1358260920611234	1.1247673471743855	1.1138133272840633	1.1027545331344455	1.0913396136052316	1.0795155233720535	1.0672240520905258	1.0544974497293642	1.0415125203416384	1.0281410723591042	1.0135932184239995	0.9969470532646334	0.9767786251445943	0.9521029141810005	0.9240115182709923	0.00013844637342554097	0.00023766106598554945	0.00031650930725599514	0.00038368862604651804	0.0004424706509545996	0.0004955868095416063	0.0005469491708362734	0.0005986135135019308	0.0006480600389710302	0.0006939138226389108	0.0007423036219803158	0.0007906292953533665	0.0008360443045716397	0.0008816598499259728	0.0009271561376584358	0.0009698645576950785	0.0010137661345072358	0.0010591149202763739	0.0011077746749233643	0.0011584832387955852	0.0012077564249210883	0.001251866539397509	0.001291497827069216	0.0013323110621327734	0.0013753277457217664	0.0014016862330180004	0.0014431677565891947	0.0015418578767496377	0.0016845070667117334	0.0018554009739916541	0.0020628565281728376	0.002309330045844331	2.2946210099081084	2.376705818186764	2.4217082236006204	2.445371171604979	2.461247471326762	2.4773575587897705	2.492094767785502	2.511020876315238	2.5323887595426324	2.5549935650967055	2.5712509799850154	2.6011806478780914	2.635033746026134	2.6428494500877897	2.66038518375468	2.682671191150132	2.7017598968370233	2.7253967724991295	2.7594650283129716	2.7876329953022063	2.8170592100835328	2.8467264023158045	2.894047511695437	2.941520322275483	2.9720777740812387	3.025063817664652	2.9515536355964196	2.712497189682737	2.3867763586335347	2.135022743812415	1.940069255313077	1.8741172262637535	-0.6691786953834624	-0.925791508604451	-0.9970161553608747	-1.0311004799079102	-1.051886386436253	-1.0656514922368374	-1.0745817757926537	-1.0796384999997997	-1.081431993939567	-1.0813475585146037	-1.0800510622189905	-1.0779408685017595	-1.0752370780315577	-1.0716148900317986	-1.0680067656752206	-1.0639354566504766	-1.0589980705528894	-1.053781537652652	-1.0486728372805703	-1.0436796643260386	-1.0390189350268113	-1.034937568625506	-1.0312865863467873	-1.027485492365311	-1.0231029820404554	-1.019328594021244	-1.0133821214514915	-1.001832353752918	-0.9867388125680328	-0.9690462742923656	-0.9480599963279164	-0.9252051520693534
naca0012:a3:re200000:n4	0.9738482299674234	0.33409297878874084	0.011106239891492588	0.003280449627897408	0.409432806132771	0.938976135297754	0.00016458334974596292	0.0002945301349208931	0.0003917080981772816	0.00047991833228298023	0.0005592481280238168	0.0006324687503360461	0.0006949261493601609	0.0007598742857064696	0.0008250901139349946	0.0008896289314730193	0.0009505771772513466	0.0009989523475937843	0.0010233793003709614	0.0010835539160119238	0.0011901929200737412	0.0013264591051266703	0.001460971382545952	0.0015857677863782803	0.0017032079611897083	0.0018274261683609465	0.0019610090034065737	0.0021026496143910964	0.002256007902071133	0.0024225303849533717	0.002597965441532791	0.0027797695811006408	0.002967371553086328	0.0031737861101459415	0.00341785077847013	0.003730614874682416	0.004138702273207993	0.004671374733980724	2.5103169405681935	2.71339341236787	2.779861406842421	2.811822182260616	2.849697744742176	2.881792350335987	2.962191026905626	3.005585581903688	3.0672253049019482	3.143074283903551	3.2004120717406077	3.2536513425678613	3.3209414714386796	2.9322267285409995	2.37281614172035	1.9435364791795051	1.7211207134006523	1.622325624685925	1.5878910374167872	1.5595203854045758	1.5386980355812567	1.5313984209739202	1.5252555215039265	1.5222829717917217	1.5227089565922591	1.5264158203926377	1.535355272351736	1.5506980956986707	1.5734220770003662	1.6025201285268809	1.6504544746874434	1.7323104791345898	1.4231459339283816	1.415291178523772	1.3792148467260124	1.3499286406551005	1.3271061683676422	1.3064325384846787	1.288260397980303	1.2709092918568632	1.2570429922478001	1.24517240182006	1.2333286307136175	1.2220863300292213	1.2129816345715787	1.1962176695728826	1.1766873191720864	1.1592651365255116	1.1458867564955972	1.135014360062372	1.1243126342014342	1.1129384240922526	1.1017571977691463	1.0908692845748325	1.0799501130982379	1.0686370485989882	1.0568313121535757	1.0445506595960827	1.031770553799082	1.0179299679705354	1.001551763278504	0.9809019083872416	0.9558327082612658	0.9273911379515407	0.00013750216895667234	0.00024033513352484282	0.0003163228528641289	0.0003825638182267065	0.0004425747649322873	0.0004962912408444958	0.0005476301719077735	0.0006005917326529233	0.0006497240317328901	0.0006952617338550176	0.0007441403957306541	0.0007935631204913244	0.0008413981533874678	0.0008864664119725151	0.0009322986202627369	0.0009744943721245113	0.0010183750053373995	0.0010635872751151275	0.0011104094429849123	0.0011580983478935542	0.0012013852771620105	0.0012414879687085404	0.0012860243039387717	0.0013329667706058568	0.001387890764692421	0.001438722714574252	0.0014858241448896937	0.0015364057900367138	0.00158118996141406	0.001647678698456726	0.001807584105929808	0.0022089074729772546	2.2968945592020855	2.3742964246388665	2.4150694485766073	2.442378798440602	2.459445640489102	2.477526510482375	2.4970682641650175	2.51436852571883	2.536228226075673	2.5585249262190715	2.5758029890615037	2.602939354631513	2.6269573855132218	2.6522242315372515	2.6744182231726277	2.7110072062997603	2.734683901978056	2.76247841155896	2.7974136981906406	2.8253102667069765	2.8628311890039306	2.906892160495937	2.9529740765275294	3.0331225978159475	3.1165642539813643	3.23589997101264	3.3955588815579056	3.579455270011172	3.815858325375484	3.973846235290461	3.798056713011396	3.1155068341521894	-0.6551930796950972	-0.9120893589491661	-0.9884540277593847	-1.0251028029802796	-1.0460234289548227	-1.0592116131406657	-1.0679721831807631	-1.0730625650125316	-1.0750007467504057	-1.0753003672118577	-1.0744284537518627	-1.0722948216021477	-1.0689065970895433	-1.0654490137065478	-1.0619266195205328	-1.0586008462998626	-1.0543473086430588	-1.0498126320863037	-1.0451364708827817	-1.0400231892420877	-1.0349531416738373	-1.0297007056678307	-1.0238473791809728	-1.018228962001384	-1.0123953540658674	-1.0070936856772574	-1.0020864178809608	-0.9967797235549496	-0.9914572159809414	-0.9837425023260236	-0.9667862935322131	-0.9306442981301414
naca0012:a3:re200000:n9	0.9632545234469638	0.4535614495482198	0.011182585268152792	-0.01934991339670706	0.5648302866667849	1.0	0.00016811984386370392	0.0003029626862133115	0.00040636601169982174	0.0004996773680591765	0.0005775762759371417	0.0006466609477370509	0.0007147479590359596	0.0007905395789532638	0.0008588923204203828	0.000916813297751679	0.0009822052168089882	0.0010456495008980638	0.0010952239877921825	0.0011461099154366332	0.0011961540738740916	0.0012370848621147989	0.001265070086862345	0.0013052846659768222	0.0014096481246033514	0.0016347043908813052	0.0018758084162439383	0.0020283429765531923	0.0021198187771063813	0.0022160242254677344	0.002337982862025212	0.0024922387095893026	0.0026620861251575585	0.0028459128326872637	0.0030492591185828856	0.003298035489216473	0.0036072275576826034	0.003992358772637328	2.5612698349665246	2.7725733422203627	2.8331940387978913	2.89024679667182	2.9515124388757843	3.0041555447417445	3.0567787454438062	3.0983852071614817	3.1756789336598303	3.303449793148729	3.409247847182904	3.565064325398142	3.759632370009177	3.9171522137755717	4.039611342955744	4.172904175805876	4.20885939412037	4.01932667158252	3.4561527639197376	2.544834686615232	1.9598054589547076	1.6782158264564657	1.580643574706168	1.534809408760111	1.5121489303902214	1.499625529096029	1.4949245258272776	1.4948233502958546	1.4963520461175706	1.5010281119043822	1.5177464146080568	1.5581290091576134	1.4887715169459328	1.4614127322699306	1.4149046972546164	1.3798378636973818	1.3524933659143603	1.3296657296472925	1.3102929238974288	1.2924858539415285	1.2752360688546465	1.2596964819331118	1.2453297916900201	1.233567070262962	1.2241913267380395	1.2156506084072212	1.2074642119776922	1.1999370302318586	1.1909941142022205	1.1807608127676437	1.1653473343015728	1.1407090859027904	1.1176747706246317	1.102808157073631	1.092612027907804	1.0834677553126308	1.0735812796672968	1.062987553150196	1.0519990220781663	1.0401978154091245	1.026837392150977	1.0101787444612356	0.9903144862415167	0.9677995725628816	0.00013782776302713204	0.00023774873625658234	0.00031513254044818195	0.0003805588973937747	0.0004402583825341609	0.0004945239441341508	0.0005464481490236634	0.0005996456463036572	0.0006500131653694472	0.0006983096979135317	0.0007500018530299584	0.0008005308791915152	0.0008499118624577376	0.000893361456665415	0.0009386979360119779	0.0009835100418850479	0.00102834236075924	0.0010734423201513158	0.0011222284303454557	0.0011772608339156107	0.0012356377937420375	0.0012922924391594328	0.0013447245372803346	0.001391394487239444	0.0014425346186121139	0.001492767686686922	0.0015477999067091885	0.0015899857587295988	0.001604690988919428	0.0016066223254738927	0.0015921735825392461	0.0016054244318885872	2.2877229527656353	2.3650563004949277	2.4003919535615212	2.4321007431539146	2.4488850565289613	2.469421303366076	2.4929223017422313	2.507401186478	2.524875290815991	2.5528174035964932	2.568886896746626	2.60109336417562	2.6136628733314398	2.6483306317259827	2.6668438215438877	2.702546956111723	2.7437022048986663	2.7899352226825815	2.8425354861696204	2.899879855122896	2.9801284299651183	3.1009152620692646	3.2775598586782664	3.533343513868722	3.8358051755273572	4.231334518517463	4.7226851097844476	5.3638275617389475	6.194918599367934	7.138376441341823	8.402233899339388	9.82161988160732	-0.5853502217725859	-0.8647414703864464	-0.9508378241692218	-0.992734336287322	-1.0164279468334994	-1.031437707619856	-1.0412229820360968	-1.0470546311360964	-1.0495920124852423	-1.0503823610583518	-1.0497297957145038	-1.0481297035315758	-1.0448009071752056	-1.0419275811092388	-1.0384033937310237	-1.0349349720531036	-1.0311913746185757	-1.0270493510958407	-1.0217060616755544	-1.0145390745587113	-1.0062530978708681	-0.9979795542734512	-0.9908630900332174	-0.9851484636130441	-0.9796528267987313	-0.9745214643393978	-0.969654843930258	-0.9657747303104423	-0.9629874999068129	-0.9603723959792576	-0.9600019511396355	-0.9600103315911828
naca0012:a3:re1000000:n2	0.9707720194999265	0.32844003593618143	0.009029379019849015	0.0009812560924873591	0.11704897708117755	0.5776720568589344	7.456182833976697e-05	0.0001340664545832397	0.00017843820175695622	0.00020077119941394353	0.00027888899867040264	0.00036718716982723403	0.00044555325004380197	0.0005311753102687043	0.0006207917619605816	0.0007112123627048143	0.0008018760162591965	0.0008932610400261366	0.0009867581534189465	0.0010831525668542586	0.001182212880099468	0.0012820395069382034	0.0013816198817637	0.0014822257409356102	0.001585998810831239	0.0016928867023492584	0.0018021014226946707	0.0019136784540566556	0.0020314536836842645	0.0021578819731351974	0.0022943047985807584	0.0024405312243921183	0.002599497562581761	0.00277947179285412	0.0029921820005726625	0.003259407609736028	0.0036176137021389602	0.004125384129799754	2.516455814160061	2.69369496859669	2.8378430489511115	2.652634795891627	1.772603920080837	1.4989896492117922	1.5004687046080225	1.5016923477583437	1.4871697636884187	1.485271061099505	1.4767716142523255	1.4721133321697404	1.4717361164158564	1.4702148017895877	1.468782053643102	1.468387338300301	1.4682447566984418	1.4659311979767637	1.465613779131219	1.46535272486195	1.4655693680978203	1.4672518152653864	1.4687754017038244	1.4708602980081582	1.4730163369952383	1.4761915510022148	1.4833167841365547	1.493328625242356	1.509058445938624	1.5349130831389761	1.5795382442785784	1.660709054070681	1.4221647959145716	1.410651076158051	1.3770288727249151	1.3478581360168425	1.310075655426386	1.290258956411593	1.279517901054507	1.2666735413864294	1.2526524588165548	1.2383271754310932	1.2232943730541375	1.208967191746041	1.1956301486689307	1.1825391728433114	1.1698200204400577	1.1575014512199968	1.145724596091779	1.1344425364379624	1.1232395269052509	1.1120941508140119	1.1010523274106494	1.0900682472340963	1.0790068722028376	1.0675361978176432	1.0553422444174978	1.0424912282550673	1.0287529090382628	1.0138551437304693	0.9968708337394323	0.9762051509806569	0.9502636697409101	0.9181021915830542	6.131410657094776e-05	0.00010731115125718639	0.0001428122469039416	0.0001740813279082912	0.00020007501171076484	0.00022358375293489815	0.00024671805570610297	0.0002691456433465673	0.0002911037340886946	0.0003114148669763938	0.00033233070317010904	0.0003533527576247526	0.0003760765712418341	0.00039685612925457044	0.00042002807590185926	0.0004415966457332722	0.0004575096451911392	0.0004635007158798624	0.00047200906334646665	0.0005213659963722605	0.0005998227018997423	0.0006828268125045501	0.0007546716952856175	0.0008245680821183787	0.0008985611914992936	0.0009772432905601335	0.0010627020519489744	0.001157089794520465	0.0012599514618329838	0.0013838981860945867	0.0015425715902044799	0.00175964737352052	2.2978531127194435	2.375527392329783	2.4235142075207503	2.4439581982850824	2.4659789457414267	2.4834426846476254	2.497123671972622	2.5149412265802567	2.532938498808656	2.569349492237478	2.5876316303901516	2.619003506435554	2.630789362523879	2.6630315402038036	2.67650698739982	2.7158258020779518	2.7349117064350796	2.7319927652906832	2.578307508748276	2.070072269658706	1.694736209376854	1.4885253255490145	1.4496924292533582	1.4474734221861578	1.4478133779892488	1.45008415389231	1.4514685556279063	1.454015624780289	1.4638252511175913	1.4745135100105935	1.4939536372741524	1.5413751990391469	-0.6607167962210467	-0.922300329964425	-0.995435303324854	-1.0280955728348562	-1.047370479963038	-1.060135721355389	-1.0687671567233226	-1.073585392545453	-1.0753299953850783	-1.0752064657463285	-1.0732223825033116	-1.0708507848578943	-1.068134655260332	-1.0659890101518736	-1.063499354743068	-1.0608418771004082	-1.0568669001145048	-1.0537109405891432	-1.0492699133060586	-1.0385507957601585	-1.0280194588189928	-1.0221747945458823	-1.0193456527355589	-1.0162009519477868	-1.0114713642478854	-1.0056916522780863	-0.9985171361767509	-0.9894578972912034	-0.9783885507027514	-0.9637642599906613	-0.9444196395066413	-0.9176274918757108
naca0012:a3:re1000000:n4	0.9752713583955734	0.32682191781438685	0.0078606372149981	0.001521670873643588	0.19634014800547336	0.7478182594940568	7.367685729148848e-05	0.00013221357347074588	0.0001802247143074076	0.0002197572784565832	0.000251162295678674	0.0002712526971558887	0.0003010582017645449	0.00037666303452213164	0.0004629629842860402	0.0005435233402696272	0.0006297471160656737	0.00072155992747182	0.0008129077993396825	0.0009070765286316569	0.0010005995834890082	0.0010971094186569442	0.0011968762972771364	0.0012925585277537076	0.001388758131626019	0.0014876935639848783	0.001590505140791175	0.0016971316002899206	0.0018084139530161086	0.0019258489316376685	0.002050242394495153	0.00218311073836559	0.0023284713067565532	0.0024970859040780234	0.0027002131094706885	0.002958422043091404	0.0033033089266804403	0.003781865301943862	2.518359702387119	2.6979546128553418	2.7517453073059754	2.798451539820682	2.8428445323171787	2.8388068871164314	2.4061795082619963	1.699287697279445	1.4876676472981891	1.4641416963430514	1.458868135953317	1.4546443770759638	1.4638660186866157	1.4613216233003417	1.4632404048582612	1.4663770577195236	1.4660908487812383	1.464768804737357	1.4615815247550963	1.4610236010765705	1.4620869748324132	1.4639583408759662	1.4665775028749395	1.469685795846501	1.472889572637824	1.4770446184141537	1.4830688406858452	1.49150374121817	1.506119836202229	1.531302244473664	1.576788621973575	1.6572117196253973	1.4242363834282727	1.4085073576048637	1.3692138886147263	1.3409771299316822	1.3216301767006973	1.3071573416505269	1.2866014768574592	1.2586228998369313	1.2449959121099465	1.2347136419262856	1.2231105522958363	1.2098200664814005	1.1962310291736382	1.1821489356039905	1.169059876275829	1.1567605935718073	1.1451970970988579	1.134257178504994	1.1233335028668274	1.1123643340499907	1.1012554283041922	1.0900812138835376	1.0788877946301065	1.0674833484537372	1.0555910705576461	1.043155804002768	1.0297600459420404	1.014810130483567	0.9972756196019257	0.9755895859517805	0.9485647353666873	0.9157858553487042	6.10028583632649e-05	0.00010710428279622571	0.0001427219702807658	0.00017351131957528006	0.00020029692608491314	0.00022442187555272755	0.0002474153826162387	0.0002703727085601387	0.0002927785395403655	0.000314204789844085	0.00033489418285160514	0.0003552944512933361	0.0003748990283386134	0.00039644763262475496	0.0004188294272424788	0.0004406141635380449	0.00046125483470685157	0.00048139829820647526	0.000501639470743917	0.000521054605663776	0.0005422022265574122	0.0005603178130362086	0.0005689343862669781	0.0005815733356137657	0.0006172423235750246	0.0006978794154321165	0.0007910613918033397	0.0008712893425071313	0.0009507477279661143	0.0010559403884966637	0.001192856113609861	0.0013673750489264437	2.301189237578227	2.378421018905516	2.4220226872894415	2.447369259737161	2.459285208581999	2.4748406827357368	2.4994001147666633	2.522969889912037	2.542693699362692	2.562962735098092	2.5835990316351296	2.608425096609071	2.6475025713872773	2.653517479690171	2.668119206844426	2.6871296440104318	2.7151640725914237	2.745454566559953	2.7768525011709024	2.8090875601786673	2.827524749929925	2.8564773807212873	2.894794135297886	2.7377598102034675	2.376802896730951	1.8771358154459001	1.5852543653558382	1.4850029809944518	1.4786796217441318	1.474010244218217	1.4805667859643208	1.525652899046296	-0.6663115141074485	-0.923898683495666	-0.9951971304265732	-1.0285696653272147	-1.0481427147151718	-1.0608836506466728	-1.0693718917809274	-1.0740236567012644	-1.0758593589684788	-1.0756634900368645	-1.074101209456973	-1.0717496826079138	-1.069313821233219	-1.065413817127523	-1.061347721588588	-1.056877587907218	-1.0523528453375133	-1.0480020291650298	-1.0441845447499236	-1.041023112600376	-1.037749913812017	-1.0345159855490964	-1.0317711237904037	-1.0271509642138308	-1.0187785775133855	-1.0052786383063244	-0.9937551823874068	-0.9868018925823806	-0.9788665278162857	-0.9648643179805018	-0.9443241061889887	-0.91712288170763
naca0012:a3:re1000000:n9	0.9721467941880698	0.3191806262020066	0.006393513342108032	0.004915536772472262	0.364641213985857	0.9295026239085314	7.510148515191738e-05	0.00013166187892734587	0.0001764299827804826	0.00021546787927434916	0.00024875680778627037	0.00027903213726865	0.0003100961217218285	0.00033181105141182667	0.00035671435809413545	0.00038469799373095406	0.0004025182438780958	0.00043205992623024657	0.0004914089161040408	0.0005900245190230347	0.000676170880468264	0.0007575585424836319	0.0008321886790443725	0.0009125468638833935	0.0010065641931387929	0.0011051341087523969	0.0012058551155426688	0.001308764000518532	0.001412028860137495	0.0015189599470641232	0.0016299437703267688	0.001751417133885672	0.0018832881709561948	0.002030530473457077	0.00220605686592357	0.0024349846623056407	0.0027523147123484767	0.003195276022254256	2.5006637982530933	2.6939251365185712	2.7556924346651175	2.817092468042263	2.8146294133898055	2.8668281897846883	2.903813376096314	2.997349171232803	3.0732050144200085	3.1728045835506693	3.2115228160749227	2.687917457291485	1.9962946098234393	1.5325069597684409	1.4709122335073022	1.4388948256336453	1.4383082547117776	1.4537202603810973	1.449124800053515	1.4475537970185002	1.4520418942378799	1.4567654888286428	1.4618602412075892	1.46549465348783	1.4692977355070602	1.470925672316709	1.4761897723821915	1.4870784819883205	1.503815983895306	1.527386324840576	1.5726423743137146	1.6609190109318608	1.4147908303245915	1.4035660073013727	1.3643758255303073	1.3373186325593405	1.3151390339065139	1.2990982946164082	1.2829255299564508	1.2681925078576772	1.2560076114398155	1.244653743547836	1.2333097990405848	1.2146229530868706	1.1899928133872981	1.1693994108278496	1.1625475155741856	1.1533096112078463	1.1443755435800171	1.13477972457345	1.1228653178574062	1.1109707734796537	1.099426367924481	1.088183070944063	1.0772742691054566	1.066122222729183	1.0544030400481155	1.0418330956370967	1.0282769390414073	1.0133615128175781	0.9958852363722354	0.9735658454879933	0.944727692667049	0.9098427211003589	6.161558561387247e-05	0.00010875501094748642	0.00014410774149761427	0.00017400781737485178	0.00020062510157923245	0.00022556179243786074	0.00024890257654073124	0.0002715356570392479	0.00029412831119150036	0.00031661878195976843	0.0003379611294372261	0.0003584312459787302	0.0003786262795513705	0.00040037206531933644	0.0004231065016861125	0.00044485962781263085	0.00046542554311435427	0.0004850055329475807	0.0005036820576845842	0.0005242623392708482	0.0005472705841335894	0.0005702555740792393	0.0005910098630316803	0.0006118902282303283	0.0006358150736029372	0.0006657691203258354	0.0006982366178421079	0.0007046264565389186	0.0006857181125151505	0.00072600318042792	0.000878009519848358	0.001150393362428873	2.296717667991931	2.378979083899951	2.4207333462936127	2.440567102819198	2.4533105361479457	2.468789840713081	2.4924246850831855	2.513062484937887	2.5375860191065014	2.560138467957424	2.582191778827233	2.5989674012722817	2.6252241272736967	2.6491343653509305	2.671814818974	2.702918453314774	2.7318671935895247	2.768028112620035	2.8077173436104683	2.8372864102343427	2.8637625922541656	2.897124737953876	2.943512042307278	3.0060809845636958	3.08588839412283	3.1859345068145513	3.3044758019041085	3.569292526972986	3.883641191990163	3.5565440679870663	2.553892282867582	1.7683477857583116	-0.6665717065400025	-0.9217081340983649	-0.9926296682521651	-1.0274013945709892	-1.048801644245834	-1.0624883446325315	-1.0708815271111636	-1.0753555855508985	-1.0773846353909393	-1.0771964075864568	-1.0753829826741128	-1.0727616185065627	-1.0697904263990683	-1.0662226968185569	-1.0624253968090231	-1.0586555658684573	-1.054859641164612	-1.0510545590356033	-1.0467703973925224	-1.0416229049729913	-1.036029668326699	-1.030699362987282	-1.0259484500188738	-1.0213714701711551	-1.016537392716978	-1.0107680075043572	-1.0028095440685392	-0.9973991487173235	-0.9953198524923654	-0.9831566979208872	-0.9540081994838276	-0.9092166969398543
naca0012:a6:re200000:n2	0.9767877458189473	0.6601619755843938	0.015705481464511332	0.002083823371186189	0.07070180228103574	0.9851000497683872	0.0001791766730328259	0.0003336296283817134	0.0004483951901747455	0.0006483359731840701	0.0007992265528305311	0.0009500819303106944	0.0011045868809835848	0.0012658323391303808	0.0014318306932380833	0.001584303357205765	0.0017467986565687238	0.0019167826517006556	0.0020849033956814103	0.0022501221272135906	0.002418036117773586	0.002590599502433741	0.00276776279882128	0.002950798975400073	0.00313697506040718	0.0033328942202246873	0.003541351760940136	0.003761349021287434	0.003995030510151287	0.0042428147341189906	0.004506355545523156	0.004794751297045564	0.005112191102726954	0.005468476586282395	0.005888559475907701	0.0064118401487071675	0.007058415493951864	0.007726554872637573	2.7499492667892054	3.2429284077646865	2.9638369406334206	1.99622321455946	1.7820727587647838	1.7207444769409914	1.6865590085219315	1.6486333956525028	1.621363082412945	1.6069026644008568	1.5875788393421613	1.5864138030504544	1.5815603838699719	1.5792261388599527	1.575351252119998	1.5742006114439517	1.574088799523846	1.5729387844215095	1.5745417134696493	1.5786051406616104	1.5843280883373936	1.5919295900521582	1.6011960391714049	1.6113826540948657	1.6239097223882235	1.63761404559077	1.6558542218447085	1.6807504111083578	1.7161581030083313	1.765621166206698	1.8380863128788094	1.9358675568421788	1.8087233332613946	1.66274129729767	1.5687183637988458	1.488649313293529	1.4462843433351282	1.413992628137346	1.3856809359524478	1.359871107971877	1.3360910632852903	1.3143766414414335	1.2935516936706275	1.273963131084281	1.2549211780410439	1.2373166002072873	1.2210132181006919	1.2059622036401236	1.1915747070041198	1.177266535126428	1.1628112139266298	1.1481652856064306	1.1332667670364782	1.1182865977328382	1.1033616876428627	1.0885041050686466	1.0736443043140813	1.0585483945215381	1.0428641332469804	1.0261823466444662	1.0075558679931504	0.9856465321068898	0.960778679252798	0.938911852741815	0.00012966111827086315	0.00021960740761653238	0.0002916843806861487	0.0003524177386627776	0.00040835587915986763	0.00045870145967628206	0.0005063231273018978	0.0005527816343272879	0.0005971660221303046	0.0006407110299469787	0.000686586601131298	0.0007309865395182639	0.0007718241367387049	0.0008113499710402267	0.0008512271253255711	0.0008879028065795571	0.0009263527742384274	0.00096720830853496	0.0010092646654714934	0.0010507038738877623	0.0010878369530341505	0.0011241077942904397	0.0011629750159651128	0.00120306152117933	0.0012463251189721554	0.001289579815219452	0.0013354101814222544	0.001383056224698191	0.001438880515225473	0.0014994763751344793	0.0015537462500675718	0.001648149283512185	2.254665453316213	2.321325951293936	2.3446956069028646	2.377793071572828	2.3929480606068227	2.407480521592428	2.425363145744739	2.445957791748147	2.4600165957045617	2.475348689953379	2.485658719448372	2.5083308668749247	2.5230241220089353	2.5254055605623424	2.5384115539959904	2.5623896580728265	2.5707356125692837	2.5805888487102058	2.598490371188832	2.6140945550960453	2.636646861869956	2.6643692456999744	2.688582761288529	2.7215654083017475	2.7503314342767093	2.789758736901837	2.8537961362246764	2.9546418764730786	3.085504172849719	3.239637290909476	3.4821897457559157	3.749926335039865	-0.26485694541551397	-0.6656666104314539	-0.796304192859816	-0.8644045821867132	-0.9066215294411035	-0.9360648573296471	-0.9575244470223157	-0.9729012239621049	-0.9833787700607419	-0.9908077283312148	-0.9960995766573713	-0.999768830625776	-1.0018436517707985	-1.0031265942464802	-1.0043131163084182	-1.0051559648148591	-1.0043841663692632	-1.002697773435508	-1.000676007698988	-0.9982190475146793	-0.9958154974141347	-0.9933144811619152	-0.990354206514246	-0.9872583484706365	-0.9837647992236505	-0.9801178267910676	-0.9767887127409473	-0.9736401380458298	-0.9690183231411275	-0.9614713828452056	-0.9516310241788928	-0.9385862618299818
naca0012:a6:re200000:n4	0.9808262438889376	0.6957375906568698	0.015437552240493296	-0.004735596872324344	0.0990970440559861	1.0	0.00018174233903107834	0.0003426789857184838	0.0004460013236765154	0.0005325151552484186	0.0007532894233147798	0.0009191622173170948	0.0010435945387497314	0.0012107736782260476	0.0013767181996363483	0.0015215129444261055	0.0016765875638150378	0.0018426387928791642	0.0020071712875149856	0.00216607925248157	0.0023367676154308656	0.0025115868463763185	0.002689548222305671	0.002873239376148195	0.0030602923277297037	0.0032573489707598308	0.0034659843723640546	0.0036826339838154773	0.003911450425446621	0.004154782858855199	0.004413525265878199	0.004694445349503596	0.0050004299729775525	0.005340714213861635	0.005736028158154534	0.00622642026548806	0.006828785637401612	0.007465797116944525	2.785167198660686	3.3571315012928684	3.7880992617317477	3.1712716936070526	2.0180112140890185	1.7335027207355935	1.6795329048009804	1.6339536000030208	1.6033304943582345	1.5955740834085836	1.5788258887929887	1.5722386398889612	1.5703626394585042	1.5766205248167948	1.5677511586782211	1.5709669416960765	1.5736463975290242	1.5725871965863143	1.5743624366796425	1.5773171480916452	1.5811879012366468	1.5870959007970757	1.594762538806068	1.6042671372173614	1.6154535122511025	1.6281767838986176	1.6453447440099154	1.668037854689172	1.6993719668416356	1.740649864028068	1.803587986766598	1.8939210317674362	1.8256731371268253	1.668823827452897	1.588224999875294	1.522290161678579	1.4572059734574696	1.4166944471567906	1.3888229829780236	1.3647136311993289	1.341586420585505	1.3205338078976283	1.3002257748076747	1.2807385324288996	1.2622284003991409	1.2451563678012953	1.2284870715627227	1.2131896323332412	1.198382331788693	1.183612322703651	1.1688042784137416	1.1538919971588972	1.1388764901810209	1.1239085329897136	1.1090551758825735	1.094223986838982	1.0794082882782101	1.064455179647375	1.0490933994964942	1.0329780256617633	1.015204344392933	0.9943174879159223	0.9707576834142483	0.9495928194904378	0.00013219831163112464	0.0002208460077163227	0.00029230997701346957	0.00035444820154288085	0.0004109441532421356	0.00046188809590524726	0.0005094643229221638	0.0005559081741561932	0.000599812975162347	0.0006432646568798217	0.0006890808180289508	0.0007336234626682714	0.0007753960415960746	0.0008159128329475148	0.0008561657073965071	0.000894980403056857	0.0009345402688125042	0.0009743253453669339	0.0010141980575205968	0.0010534432779129384	0.0010905922362362238	0.0011272326449893533	0.0011668611669545267	0.0012100025769261964	0.0012556922533337432	0.001299688040111244	0.0013517913827545112	0.0014071640472463726	0.0014669943488841192	0.0015336582320592206	0.0015828309532738842	0.001595985497197602	2.2533734929078744	2.317818590936834	2.3432167377672624	2.373761367514286	2.390734958027413	2.4046162707841137	2.4220437794129857	2.438265915478596	2.4542030479970247	2.471024304505278	2.4818496088713218	2.503104448152218	2.518259126515499	2.5252865202407824	2.5406442432158847	2.5635438236829806	2.5766939129887634	2.5888142334375672	2.6063068326023613	2.6230368756505533	2.6440710993892247	2.668963735002786	2.6928780008172244	2.726173529901113	2.767186927300488	2.835172402117398	2.9252286972245107	3.079550093975033	3.322390315207189	3.607171023144521	4.054370842501157	4.8133211595941825	-0.2457800058688545	-0.6522049898938119	-0.7878786835460221	-0.8566705290769807	-0.8981779564504576	-0.9270197543584342	-0.9486840891125792	-0.9648324194889428	-0.9763506596323852	-0.9846308756968147	-0.9904633449269529	-0.9944487919208045	-0.9966391358759068	-0.9978960175955578	-0.9986853431891813	-0.9991101815918262	-0.9985439997387392	-0.9975360896785452	-0.9962365407221478	-0.9944759910438403	-0.9922719604540375	-0.989592492776592	-0.986320087227402	-0.9825138606632549	-0.9781701805242036	-0.9736192948422187	-0.9686645610266161	-0.9639943688812745	-0.9587286969264744	-0.9511280623821448	-0.9435821539500653	-0.9394970167710117
naca0012:a6:re200000:n9	0.9478429497381657	0.6946870355950429	0.015287198346805465	-0.003781259159464778	0.15275527661023264	1.0	0.00018600632521793183	0.0003465977584505534	0.0004507043618385253	0.0005261775763740861	0.0005968643441757497	0.0008317601642362637	0.0010758930106971147	0.0012558283431066111	0.0013726151312450307	0.001493926975463255	0.001635839134684174	0.0017942172588229946	0.0019636550727783262	0.0021310775139621024	0.0023008437791774785	0.0024743145434541446	0.0026564145296518846	0.0028410154764772423	0.0030272053138456208	0.0032218045409127456	0.0034261990527452955	0.0036397809407910974	0.003869107525961504	0.004114255011691807	0.004379468589795224	0.004663825313821191	0.004969263926764945	0.005304257204029628	0.005690919491727586	0.006164145460826178	0.006723929601766608	0.007358554330525109	2.797217892784468	3.6399648780954084	4.61587810830786	5.296148463896843	5.057335611546002	2.8650920922649132	1.8248565712520595	1.541056259976006	1.5174419080230253	1.5036227295552154	1.509010874061941	1.5195558682701933	1.5302405222381914	1.536811828872975	1.536438179371898	1.5461031508674479	1.549757960098935	1.5497280397940685	1.5545293958798605	1.5613044658085022	1.5693897314335525	1.5777203918462819	1.5860937982431915	1.596813557787765	1.6079169159815627	1.621688368706238	1.6396865862807608	1.6623638765756392	1.6905201639134944	1.728076401085628	1.7861425054345836	1.8725403981901945	1.8218337832628098	1.6590264992218628	1.588979245671255	1.5434136094689532	1.498899909989463	1.4330383676814455	1.3833152632146948	1.3542712597342772	1.3344732242858026	1.3143005489120854	1.2963037996680118	1.2784313923295636	1.2609404199627234	1.244186585016466	1.2278404303789585	1.212548082336363	1.197390232309672	1.1823953881908995	1.167756339280725	1.1533876373545897	1.1391406447197117	1.1247885089198497	1.1100711092524016	1.094899687720443	1.0794409345638036	1.0639410771088236	1.0484077804179734	1.0324623240851483	1.0152350458253878	0.9954993728315062	0.9742316569834011	0.9533298397624919	0.00012435399013442154	0.00022204026877342575	0.0002954446804141785	0.00035766278399838435	0.0004138240807925932	0.0004654588839166841	0.0005131246574081644	0.0005603564922671371	0.0006059877636125045	0.0006492714270023792	0.00069478635574717	0.0007404153782683788	0.0007834932061522979	0.0008220886035220494	0.0008592053463392299	0.0008979195251834881	0.0009383171983641756	0.0009765837047452555	0.0010155181802413257	0.0010549038555635914	0.0010925997274843344	0.0011295083309674336	0.001167141201010614	0.0012075960416764208	0.0012530734148882225	0.0013032476348448098	0.0013661665420365951	0.0014324294511980536	0.001494987979777271	0.0015542350031425847	0.0015957594755293598	0.0016473440685463492	2.252513293540366	2.3147130161436413	2.346271849051679	2.374679453647218	2.3902347468495106	2.4046814139701356	2.425089116390455	2.4395190611944026	2.4525677513334774	2.466571301618013	2.478243378502749	2.5011367933707396	2.511431596069214	2.523075544451503	2.536194601731925	2.5519572569475337	2.571917040178034	2.5925453470748225	2.6086512391662535	2.627604214083346	2.648187868778817	2.671175821799753	2.6928828318668923	2.7218152557756006	2.75603993251994	2.8174526575726815	2.9028750660104885	3.0504084629526256	3.3045923125865526	3.629554325818184	4.06819669472766	4.702104293717267	-0.25414614524766255	-0.6556050839195651	-0.7891350868587362	-0.8573626765574702	-0.899078149046956	-0.9278294813876273	-0.9491887246276659	-0.9649969236848868	-0.975998725718707	-0.9839016317975383	-0.9896099115283785	-0.9934989154336968	-0.9953683642414426	-0.9967347361766492	-0.9975038978386792	-0.9978006471480099	-0.9977951225670375	-0.9975350664026351	-0.9967627511040301	-0.9953975138542965	-0.9933389854469892	-0.990593932140247	-0.9873854976611167	-0.9837713733525993	-0.9797822988072182	-0.9749341976305514	-0.968624901898074	-0.9617627557319166	-0.9555198550782003	-0.9502169460213926	-0.947377214732734	-0.9417953681127171
naca0012:a6:re1000000:n2	0.9812434275067538	0.6511662394024262	0.010401376387379561	0.0033736851524641676	0.03774976185967817	0.8414368098510635	8.030557466655693e-05	0.00015257934329798828	0.00028246218002858176	0.0003929412208234982	0.0005044121984974699	0.000615373246159788	0.0007228667665966542	0.0008270570431164069	0.0009345222150246119	0.0010488690123057816	0.0011636489490499118	0.0012780244630390622	0.001395291205152848	0.0015156888978926906	0.0016413561358647145	0.0017709243411022136	0.0019015937295861938	0.0020334910077429774	0.0021691461731600547	0.00231037471597289	0.002455820560967826	0.0026048680843292994	0.00276260476578571	0.0029349588526655333	0.003124001598803698	0.0033326618875609343	0.0035651184762924737	0.0038363929061936593	0.00416575033658235	0.004579381043838185	0.0051162706174061184	0.0057957891117399445	2.7500956859080974	2.161744945273744	1.5359263979577868	1.509023236025031	1.4963852499797226	1.4881735321993028	1.4834723854683012	1.4829833771074017	1.484308412960806	1.4813608596482484	1.4839245234883502	1.4836489904587196	1.4807512255757898	1.4832777023265833	1.4815902547472635	1.4815553777282133	1.4829687537989098	1.4834475102057179	1.4852121641338396	1.4874095945990726	1.4901735655363637	1.4940765713907884	1.4982881447613825	1.5027988246891189	1.5089904227949233	1.517793685801062	1.5304836786368585	1.5479173690468317	1.5736553368790809	1.6163902468726474	1.6846443976657415	1.790533184846678	1.7944378589380163	1.6479639236756947	1.548045458268692	1.4920315560172686	1.4494702034361833	1.414603701794849	1.3845814300982937	1.3581449995416337	1.3346761488504582	1.3126609311823085	1.2919982255476525	1.2724523582296996	1.2540248770251603	1.236611243339465	1.21965923693466	1.2034165857129353	1.18784233329047	1.1728673687213553	1.158171728673886	1.1438115793643624	1.1297450189215172	1.1159106256451015	1.1020835872328587	1.0878111906284555	1.0728824090459568	1.0571763292636125	1.0404268342394905	1.0221857986867133	1.0015105091505467	0.9773177842966652	0.9487921312476965	0.9176419137911609	5.5698891567489e-05	9.868316087427772e-05	0.00013160853241337418	0.0001591570930936358	0.00018414876759561245	0.00020677369874444378	0.00022826570261014144	0.0002492658070632473	0.0002698614791400118	0.00028914833141275583	0.00030788479043370034	0.0003267345599347967	0.0003446086726630844	0.0003627163163095384	0.0003805942446468709	0.0003984722804541897	0.0004165093248974393	0.0004350986778956382	0.0004544405026526419	0.0004737636514205929	0.000493464444974763	0.0005121448251778088	0.0005290755778279775	0.0005471550744195927	0.0005580322326128036	0.0005591386954911097	0.0005661423529552563	0.0006056182397822418	0.0006855813307958117	0.0007810263394388048	0.0008814618310468154	0.0010173578620830067	2.2573925509638126	2.3132568501693442	2.3515643955541634	2.376108493797477	2.391231861643352	2.411088749210371	2.427468235930295	2.445504490882988	2.457618235693441	2.4696896146276033	2.4783147738649345	2.4929544346611245	2.51958390662807	2.5219953882330954	2.5336542505325355	2.545396676932336	2.5591506603464347	2.5744012765450623	2.592492374117881	2.6093282360478556	2.6284620226929465	2.651327017388043	2.6856313980217674	2.697884470791831	2.7284748855177714	2.7495267092765983	2.5987740136588697	2.287820704510494	1.8680809056132321	1.6322850455492017	1.522754405635719	1.5141795484829543	-0.2804579503633754	-0.6734868500303345	-0.8003532831631628	-0.866316464938073	-0.9078866516296356	-0.9367103172252627	-0.9575889151637644	-0.9727670051266841	-0.9832757450347789	-0.990589613715191	-0.9958406229687169	-0.9995860330187485	-1.002676050585673	-1.0040483926563155	-1.0047125302136108	-1.0044838970846355	-1.0036025252907004	-1.0022411075309265	-1.0006329421240687	-0.9989968904589841	-0.9973668906718725	-0.9960631081567234	-0.9948976660090063	-0.9921434058216314	-0.9890122649106377	-0.986857804028138	-0.9837864536459727	-0.9766262015259769	-0.9648321938166614	-0.9520816281719681	-0.9379169218784691	-0.9159577000420212
naca0012:a6:re1000000:n4	0.9642076936079658	0.645680233859571	0.009844589708667938	0.005369130736761418	0.05748592849381157	0.9545165948026683	8.063213314566002e-05	0.0001400369792937709	0.00024591701902269256	0.00035221376990367975	0.0004571439613782798	0.000561147701797832	0.0006687576427959028	0.0007707735231127938	0.0008763982029716149	0.0009864338469717589	0.0010962694112697448	0.001208650211918309	0.0013242078642261945	0.0014417586087724964	0.0015657896460604815	0.0016915748175606582	0.001818336732044188	0.0019469008812181587	0.0020783340928491514	0.002215387025928469	0.0023575049946720056	0.002503704645691122	0.002658126591257159	0.002826488649188309	0.0030081821098189654	0.003210044361478011	0.003435398739122431	0.003697549837688223	0.0040159306532471205	0.004417687144656894	0.004942646676993839	0.005598640468885091	2.7589780849616203	3.308015949439195	1.6512097732419053	1.500404355539815	1.506134301465539	1.4993822903825353	1.4875623767315416	1.4838954262807935	1.4817158626036446	1.4794232493433472	1.48047020089075	1.4789404341291033	1.4768102807867456	1.4805951551350263	1.478787562309077	1.4818111340410618	1.4839074232187408	1.4846072174089917	1.486584054726288	1.4877226894590487	1.488971137562903	1.4919595780829344	1.4959433108426072	1.4999348382474451	1.507020905668882	1.5159848561295983	1.5290380515098894	1.5473480609077805	1.5741834366485896	1.6164692643678644	1.684639380206643	1.7911899837253722	1.7984148020339383	1.6645551301415602	1.5404296850593115	1.4890336012866996	1.4487781982274313	1.4150394188710667	1.3851809781556474	1.35856292768114	1.3350693090831898	1.3132767928479656	1.2926990427539824	1.2730131712942523	1.254338747511705	1.2367524320300243	1.2195649151472596	1.2032952393985512	1.1876194697241773	1.172600165492447	1.1580169704835206	1.1436674630460875	1.1295009629299972	1.115538743430856	1.1016368139846016	1.0873305967709783	1.0724309882710434	1.0567019774226685	1.0399085084741024	1.0216474233315067	1.000896075749937	0.9764439633347026	0.9475522707747241	0.9170485304828633	5.4521675788475894e-05	9.941399998147377e-05	0.00013163540224708404	0.0001585843139438171	0.00018299057048806855	0.0002059914343784745	0.00022743871451096976	0.0002484046669314054	0.00026917153672052085	0.0002892397147605917	0.0003084112755113529	0.0003274864375089714	0.0003458871928162956	0.000364853944272982	0.00038341884172435754	0.00040089023123380147	0.0004180037743097273	0.0004351452212001055	0.00045213482393378473	0.00046978836574626434	0.00048684286732274365	0.0005025655150573329	0.0005181110896090202	0.0005344078362982652	0.0005554665781451671	0.0005814625531845552	0.000608800225655462	0.0006306762020256176	0.0006427770685462332	0.0006536818742755439	0.0006943494698608862	0.0008425832776727551	2.2562197158907513	2.311264466494524	2.343126948574441	2.3662504627328995	2.3848127782263386	2.403436456859838	2.4248127883798913	2.4408335359228506	2.458709502871848	2.4740077716072704	2.4866104208553037	2.4976748789231493	2.5169651397568473	2.5265567344048185	2.539038817719158	2.559554813757501	2.5697777395196733	2.5834688762729012	2.5990909389506416	2.6115343338076342	2.634454626801827	2.663759307169924	2.6874022238563446	2.715763609942203	2.7281352975899122	2.739662467303862	2.7809875963485533	2.868254549813985	3.01974564680066	3.169344897869095	3.018497482269444	2.2841329068536695	-0.2832763711933044	-0.6753320630743078	-0.8031741458472167	-0.869651906117844	-0.9115533696306775	-0.9401606661579992	-0.9604672116239631	-0.9749915412374914	-0.9853744886535504	-0.9925688051728385	-0.9975747033901972	-1.0007502563156638	-1.00270578580119	-1.0034944483135035	-1.0038687244650468	-1.0043361171140532	-1.0042548958322177	-1.0037547899492414	-1.0027566116289603	-1.0008921172188814	-0.9988351966916195	-0.9967375161981267	-0.994554452430237	-0.992396411947822	-0.9891975130574575	-0.9848881492820587	-0.980124122079596	-0.9755003323813214	-0.9719753432377137	-0.9683464918482559	-0.9569150339931503	-0.9218326556427352
naca0012:a6:re1000000:n9	0.9641345840013084	0.6994778747202208	0.009806754915645708	-0.005172555123932931	0.08119533517090496	1.0	8.28114862863482e-05	0.0001526532837590621	0.00019338600872323452	0.00033373256627620973	0.00041176247382452625	0.0005059736933872251	0.000616322894974917	0.000722059964895103	0.0008278053970382625	0.0009359072133502679	0.0010465993235536347	0.0011604390739154034	0.0012744086999423123	0.0013882709899856519	0.0015087208193316647	0.0016321597759370598	0.001755935959957252	0.0018815499293653249	0.002012042224002124	0.0021477638994509716	0.002288204980217956	0.002433805125882101	0.0025872677251930556	0.0027523691760761525	0.002928461453511954	0.0031225275347179712	0.0033381080450462213	0.003583317933196868	0.003875353307962885	0.004244740962247743	0.004732217263627968	0.005347455297704134	2.807565449022525	3.5760404433894157	3.4367089959933788	1.5555430111606257	1.4384575713522199	1.4666702303066617	1.482201149266547	1.4859244755603764	1.484702008699356	1.4861322231420053	1.489537625698283	1.485019885102089	1.481829707069024	1.4825476584980584	1.4816557476007393	1.4821804860372005	1.4836536513949823	1.4846263925624266	1.4852571080527803	1.484927083147002	1.4856391593416756	1.4880645266544754	1.4926170220647779	1.4972690116479601	1.5037989943777772	1.5109756739944322	1.520994986854342	1.5349930500035303	1.5563016092263797	1.5902971209803016	1.6494323993604598	1.750700384597503	1.8214138956588284	1.6674046838578809	1.587188034496728	1.4849702959025382	1.4510490432629122	1.424520814444382	1.3967783537217429	1.3700280883605331	1.3455420808829355	1.3231720221764358	1.3025524482545199	1.2824543578391587	1.2635263583569118	1.2456215852966555	1.2284239518044793	1.212063407262928	1.1965024218793847	1.1816003862421889	1.1670076435824375	1.1525268103870312	1.1380985092387954	1.1236986949286583	1.1092601058740816	1.0945300283604924	1.0793878993771504	1.0636896652949719	1.047219573873917	1.0296911244669207	1.0101921559606593	0.9871282709427267	0.9595807637279775	0.9301496604599763	5.953758089048542e-05	9.89376045663653e-05	0.000131461014405618	0.0001589813288000173	0.0001836733877195062	0.00020648789828673337	0.00022771270359648956	0.00024917105979328454	0.00027010226903071815	0.0002901947529359519	0.0003101239270456603	0.0003299896973471393	0.00034932526927374647	0.0003682062835341802	0.0003865547987354518	0.00040439613752452693	0.0004222806523272913	0.0004402565157608802	0.00045746091769959804	0.0004751208621416211	0.0004922674318042738	0.0005095254641785064	0.0005275447892885988	0.0005467854669447476	0.0005691130775597223	0.0005905332540590153	0.0006149589084267991	0.0006432363828683836	0.0006719130119224374	0.0006921906783595753	0.0006910869124809747	0.0007076804462868927	2.253186915442229	2.318882767988021	2.347415520844592	2.3694482617234205	2.3869203795512632	2.403195663391535	2.4246545921266343	2.4380071657745535	2.454154944271951	2.4727342943971493	2.4876851034826757	2.501658236137397	2.5177192951044667	2.5323601089562633	2.5455810091754336	2.565937332915338	2.5795381049578356	2.595926204366949	2.6173307124569782	2.6312045968375966	2.650501391561167	2.671379664683979	2.69213191808309	2.7247310107349834	2.753791396535659	2.8245995789832428	2.9588630137228407	3.1842291707395134	3.559456430965735	4.202168983548588	5.443799852671249	6.882164081655667	-0.24772483725235894	-0.6544595359580272	-0.7861154051699792	-0.8543310751415661	-0.8970588303959135	-0.9262937668561662	-0.9474800191761767	-0.9628277840925601	-0.9739125760571659	-0.9819884015606911	-0.987730172653984	-0.9917497322250189	-0.994254800390207	-0.9957865105410181	-0.9965314820734515	-0.9970145058632349	-0.9965454629244748	-0.995405337407606	-0.9938556573943726	-0.9917020968073688	-0.9894359846135017	-0.9868543322111359	-0.9838791597266263	-0.9803327887369369	-0.9754105869954478	-0.9702934584706571	-0.9651375926481915	-0.9596976405266382	-0.9534232810121799	-0.9461778421214991	-0.9415575575005659	-0.9379272907596036
naca2412:a-6:re200000:n2	0.9880365551033938	-0.42838296950467136	0.015340011536621902	-0.054115101386644424	0.9009532732072112	0.051413776457939805	0.00013264393217213272	0.00021855278000978208	0.00028508594577280786	0.00033925857179314977	0.0003879377050304108	0.0004329771268667549	0.0004759159724578486	0.0005163319021558168	0.0005572913480168841	0.0005994501063025198	0.0006436689165668757	0.0006875945964546595	0.0007301262537289407	0.0007726626369734188	0.0008158213622646477	0.0008561979681485486	0.0008970464316173116	0.0009393331083139815	0.000983889692205308	0.0010305599773693182	0.0010758806713353113	0.0011205647434223446	0.0011644218608159549	0.001206480251938322	0.001251653388449017	0.0013032481634835745	0.0013659857999328412	0.0014212247974163222	0.0014717286749836595	0.001600524838676034	0.0018428316778129673	0.0021622883477516283	2.2508902296079256	2.307664935440318	2.329654496727794	2.355240211051335	2.369712193838407	2.3817333529949187	2.392337443532554	2.4120123570476375	2.4315386043374314	2.453129674789393	2.4712362092474476	2.5012434054384243	2.529239178397617	2.5466778570670034	2.5708834898299404	2.6004976270169635	2.616916032823165	2.634769654244623	2.6579792407535656	2.6786593270433845	2.7114968172679776	2.7541678740711912	2.796776134868709	2.8532513306601865	2.9242155179370446	3.0193358229345177	3.119619542456456	3.2609374957406203	3.393990243959935	3.2122374861355927	2.7514548485506016	2.4025843544200995	0.25677310989841096	0.6715841210992423	0.8161928083492862	0.8970283423925339	0.9510252096686078	0.9901585247435579	1.0188638310601368	1.0401069639872627	1.0552319948246667	1.0655787353233894	1.0723219669234971	1.0762884274304243	1.0780993649320791	1.0783070007661693	1.077679297570699	1.0762078653620502	1.073304287152104	1.0696327413476614	1.0657467201839699	1.0616939424722087	1.0578802191297985	1.0539188118690974	1.0493986959197255	1.044876377416997	1.0405121853389483	1.0356237321347108	1.0289413345998697	1.0215116783576021	1.0126143645204218	0.99496689926254	0.966919078775363	0.9342742861802822	0.00017574940834528903	0.0003334518963041214	0.0005908693142551622	0.0008065591095709248	0.0010002555181649242	0.0011920375499408235	0.0013944915654434537	0.0015914635740427471	0.0017837900055914554	0.001958040561557706	0.0021413934494941764	0.002333301331370246	0.0025191616756719314	0.002692434278634308	0.002861785168597976	0.0030389254674674467	0.0032187397680470257	0.0033983303483412857	0.003579966129782079	0.0037673284892768264	0.00396366874028543	0.004167941937360407	0.0043806062964997375	0.004602265957970061	0.004831032945625394	0.0050811008502038854	0.005353490276945122	0.005655848961438009	0.006011140110075894	0.00645067722866776	0.006993126774785302	0.007542638323796814	2.852199871726542	3.7503422825652706	2.1134151061884756	1.842972870303932	1.7668982151585415	1.7187475617191632	1.6812286344608847	1.6598872686422106	1.6401847350959204	1.6209997195141719	1.6039148872162547	1.599198611176086	1.5845595485391042	1.577920228485611	1.5744183172830741	1.5660745452663478	1.5633632318478874	1.56259530662345	1.5619519434751565	1.5640180830193173	1.5677813314477134	1.5724482575486503	1.5780072850112328	1.5826570615312778	1.5894022188233197	1.595487606408702	1.6043143738248677	1.6180701914061657	1.6390907958679868	1.6712693964825303	1.7174022066113834	1.77346720264012	-1.857556176264867	-1.6689732183294392	-1.5161891814804496	-1.4403425772527116	-1.3879963250518466	-1.3469619292961452	-1.3122870687667896	-1.2824541400659695	-1.2559003928241677	-1.2328325054020497	-1.2125630097852254	-1.194061525497822	-1.1762712113610256	-1.160562855304876	-1.1465947146860729	-1.1336369253322887	-1.1216889426520997	-1.1101314760456185	-1.098566670457291	-1.0871543976793379	-1.0757276939811504	-1.0643024273949178	-1.052968677482927	-1.0416603769051396	-1.0305153760037884	-1.0191266400486225	-1.007162583063721	-0.9942331481116615	-0.9794764841113242	-0.961933566315406	-0.9417141441591608	-0.9240621454976522
naca2412:a-6:re200000:n4	0.9755765168153943	-0.45104262338381107	0.015743154351589878	-0.05071903283200398	0.9562424031343455	0.06796885960501078	0.0001288499675345364	0.00022105045841153668	0.00028507755022943456	0.00033949977354330346	0.00038929056603845995	0.00043427629696405967	0.0004766289884404657	0.0005187653075270074	0.0005597259882547925	0.0006010036694800222	0.0006460778340755224	0.0006914189884201535	0.0007354127015884484	0.0007776674678336292	0.0008207850100081753	0.0008613842227618768	0.0009037811658048948	0.0009477497954275672	0.000992403061554174	0.0010365384315560663	0.0010759698120013702	0.001114565706176263	0.0011595069667846459	0.0012096879310913233	0.0012723471494725236	0.0013325210994158067	0.0013815525468353867	0.001435061697083485	0.001489019741715331	0.001539843241641687	0.0016666214968414912	0.002084002886972124	2.251375076684138	2.3078153220437727	2.326960614511289	2.3545067900435597	2.368429375873062	2.3798447455098644	2.3967190754259193	2.4166396544441318	2.437015568580896	2.4611868803862427	2.478949457461846	2.5072729546494714	2.5296426736469257	2.5470301040873236	2.5694346166851103	2.6027693659012914	2.622009864094345	2.640381892010282	2.6625862212572655	2.6843598254090106	2.7195209386879275	2.7650809917188046	2.8140491423597025	2.897308915265715	2.9858235469718024	3.139863098634649	3.3942336332881977	3.7006222573265553	4.083822343441541	4.575947538830112	4.8572981302877425	4.1626397598982585	0.24321563935375945	0.6595338438485318	0.8094827455707073	0.8923300402546076	0.9460546497106441	0.9843133010281224	1.0128407362119243	1.0340216950725742	1.0490257386113302	1.0595244359122509	1.0664793212173294	1.0704656774085413	1.0719151964744924	1.072127036034485	1.0716563538430353	1.070734826434668	1.0685899804744368	1.0656435103574995	1.062287826126807	1.0583833626636556	1.0542397034478164	1.0493450023168616	1.0431997645128122	1.0364949245812496	1.0290090676541788	1.0220172664981837	1.0166364807535533	1.0112083050674503	1.0053613607857996	0.999438739736889	0.9853107481981821	0.9483742431831806	0.00017900625231073285	0.00034173566878545905	0.0005552704597160742	0.0008379793777250586	0.0010005186950453702	0.001198031968070411	0.0014087900360707827	0.0016115570357043837	0.0018035132451404497	0.001969458899707788	0.0021489117474725148	0.0023424916488317057	0.002531250463663627	0.002705519761792361	0.0028820115306458583	0.0030624855509892956	0.0032443754708777047	0.0034280619076585564	0.003612405909667156	0.00380247684679201	0.004001588145687132	0.004208150347651865	0.004422242577902286	0.004645831205603202	0.004877604595837222	0.005128278814181007	0.005398292175485104	0.005689236004263439	0.006021051923846295	0.0064210020528601775	0.006902706675445087	0.007419660301103343	2.8856130622096905	4.251164407932962	2.962888220350301	1.7783375756403013	1.6914105670353226	1.6629542979212153	1.6362253854409667	1.618036595830435	1.60392839599125	1.596912726248065	1.58521979524904	1.5805180548496256	1.5696114158897219	1.5691845679096377	1.563060152719025	1.560019511264088	1.5602855144230763	1.5598332430930983	1.560581972738786	1.5625631143389873	1.5657811022717685	1.570063089315653	1.5756677873701213	1.5805480157722853	1.587327437191437	1.5941525864006156	1.6034393193203071	1.616630067009077	1.6348473899035953	1.6604602919282712	1.6976141582298534	1.7494450521137885	-1.8631543884257986	-1.681059879851883	-1.5462395054990248	-1.440798501390399	-1.3903977343571914	-1.3496855343943222	-1.314331085400013	-1.284399875115238	-1.258112561378372	-1.2359401152246505	-1.2163659380271261	-1.1981388696382718	-1.1806812357010947	-1.1651712464884982	-1.1508747822223704	-1.1379313702533236	-1.1259283258141368	-1.1142079451613278	-1.1024953694370685	-1.0908622930902085	-1.0792412429504303	-1.0676330080226397	-1.056109333370036	-1.0446098444858052	-1.0331920636364713	-1.021678331296096	-1.009845924827792	-0.9975386143863177	-0.9840777671710428	-0.968443971415579	-0.9508096041485112	-0.9344434656238165
naca2412:a-6:re200000:n9	0.9594942285662542	-0.5811266377604873	0.019146777806765703	-0.026296736102459844	1.0	0.08041066966257117	0.00014268060089946857	0.00022029573459497439	0.00028523171597089997	0.00033995919293707845	0.00039089366147000514	0.00043601680616792	0.0004777498948271649	0.0005213114381224581	0.0005637411864557023	0.0006053798208929021	0.0006507427212300614	0.0006966778698857786	0.0007425367770067539	0.0007853621891498809	0.0008293974894772709	0.0008732340474384033	0.0009181037253885551	0.000962601855112308	0.0010099113521893361	0.0010629788743328245	0.0011198877762695154	0.0011780006074077756	0.0012337369609895254	0.001285617546816847	0.001341746087571002	0.0013980497335544394	0.0014543918152439357	0.0014869496619325175	0.0014917535391193273	0.0014999866890273513	0.0014980962313484354	0.001482869837065374	2.2448916773397127	2.3026471547282723	2.326823661102339	2.3530244895654038	2.3619839013990998	2.3801472145888307	2.4013807252216672	2.4176091785434277	2.4320654603310192	2.4554788807929953	2.471393710365566	2.504453844883462	2.520426877990105	2.5446228008620952	2.564812972407202	2.5961601403792485	2.6271545178896343	2.6604524227988477	2.6934728661373066	2.730581637125993	2.7935907226079886	2.9038336251412162	3.079005006761908	3.3445112710782485	3.697922863702851	4.20513945719933	4.903620926493309	5.909039292734621	7.2500945175525855	8.643621613105351	10.362897923658162	12.678710330756509	0.18156655934638022	0.6178550809544436	0.7734093460122958	0.8589183968296823	0.9144499237524837	0.9545371396360134	0.9845343750468418	1.0067930372857863	1.0222530909212755	1.0331353885332588	1.0404018767760252	1.0448849482396525	1.0462948232882874	1.046599684867449	1.045743058831463	1.044337459719236	1.0422249159409525	1.0393591175086279	1.0351670352178044	1.0289355039034351	1.0212891133573265	1.013088102690293	1.0053308449855456	0.9982102978889755	0.9910237500585758	0.9844501700324322	0.9790819345350047	0.9761993580465218	0.9747740902737092	0.9718407468696023	0.9703455094727265	0.9746975357946572	0.0001902024914358777	0.00033425085098730316	0.00039536535283585434	0.0010825332596116136	0.0014085334610222581	0.0015686440992184543	0.0018691309339848687	0.0021277249056647993	0.002331183627208981	0.002528883366365093	0.0027462414262118045	0.0029641701401202447	0.0031799247001679833	0.00338979807008973	0.003613736098186244	0.0038265800542197277	0.004031048125404653	0.004234286216171425	0.004443917763331812	0.0046649941255501644	0.004892782852234492	0.005125298215371646	0.005360267878385259	0.005602068420653998	0.005844428311421561	0.006100725047667104	0.006369680159863706	0.006643984377469779	0.006943090661859525	0.007310191015322291	0.0077244481975086545	0.00812727174133164	3.125888451084223	7.1433805515687165	9.977334276840187	2.4381967873359263	1.5591148677247095	1.4485507392584627	1.453649047913534	1.4505040522954735	1.4329811450518282	1.4416582045168287	1.4452834133619954	1.4520058303775338	1.4576125752846272	1.466715243512382	1.46799662744309	1.4797281400675684	1.4858915278676486	1.4896888146848375	1.4973700137375248	1.5058157637046907	1.5131826398875639	1.521098314998945	1.5281999340517305	1.5343226165339328	1.5427539664289829	1.5504078158858685	1.5565237792105795	1.5632220791192497	1.57112583083443	1.5829175019556174	1.6053085214542104	1.6332697791762127	-1.8869872770939922	-1.735188196829716	-1.6660641563515215	-1.4944740221237796	-1.4056493169614566	-1.3621414436096084	-1.3309798987082293	-1.3020198163547674	-1.276890175410193	-1.255656880423257	-1.235716326558412	-1.21750223078746	-1.2008134620490605	-1.1858341875591876	-1.1718868930794986	-1.1592035817245878	-1.1471098729896905	-1.135561141496695	-1.1243406832884288	-1.1132755846613327	-1.1022548724934884	-1.091273766087994	-1.0803102122388395	-1.0693744114257284	-1.0589630516732509	-1.048695452283936	-1.0382182925675483	-1.0275414538288747	-1.0162202300276477	-1.0031590583267471	-0.9894687074158997	-0.9776132784185773
naca2412:a-6:re1000000:n2	0.9821547268321008	-0.4354715496354084	0.01010297812271691	-0.05171501822219413	0.7317834456112802	0.02983905553293212	5.792410233727247e-05	9.805428672849871e-05	0.00012768942692093714	0.00015254013376594976	0.00017470150496192604	0.00019479552395033727	0.00021418403496862586	0.0002329264561085845	0.000251892159628962	0.0002708046487309371	0.00028923628671336855	0.0003080715847862912	0.000326474986141501	0.00034592990847407285	0.000365029508898605	0.0003846657596094848	0.0004041462674070743	0.0004232494642850744	0.00044295753446974446	0.0004620396907583514	0.00048210151234294	0.0004977277013990291	0.0005070860414256422	0.0005299502945454086	0.0005803635529858072	0.0006623910700858841	0.0007516973183351849	0.000835346244221939	0.0009234914373765302	0.001036739632785368	0.00118507135379169	0.001389733171457382	2.2538288733621052	2.304147315631906	2.3347288978011402	2.355331213477276	2.369682656353314	2.3881317331852068	2.4013068606192944	2.4224558527217357	2.4389077679532094	2.4554020633830445	2.4746204647823444	2.4989587704748737	2.5399123906100507	2.5512323947639097	2.5765213224280683	2.596896116989105	2.6222458733916425	2.6448916761779944	2.6663179778249786	2.6936585965315847	2.7059290223205035	2.7275332348184667	2.7256463565350115	2.4892839336312695	2.0979605689110365	1.706818647252608	1.5192191046581434	1.4685358101667922	1.4780551682645335	1.4813999922196868	1.4950898539722381	1.546779577690489	0.25971770159398444	0.671200217905684	0.8160761971482835	0.8961359930098356	0.9488670601171391	0.9867037350688186	1.0146330195458968	1.035369457061033	1.0501985133335592	1.060337850056021	1.0671132173918605	1.0712208288879714	1.0736780097641767	1.073519436821267	1.0724305987703942	1.0702738357980421	1.0677690531542348	1.065058698125694	1.0623844590272045	1.0598742254674347	1.0568334732650098	1.0541022030671894	1.0519519955509036	1.0464862794542495	1.0372272695542617	1.0255434671661576	1.0159104663251375	1.0081355721716214	0.997665091828656	0.9810514215379473	0.9572856468893903	0.9239190828615553	7.998187154044557e-05	0.00019662828725560175	0.0003309369612846481	0.00046007527879635205	0.0005951833413998367	0.0007289447753852495	0.0008578120193810312	0.0009851444524261795	0.0011110291849832678	0.0012379769965501345	0.0013649416436307973	0.0014910821190794927	0.0016174630564060118	0.0017409165786883888	0.0018658929782001872	0.0019936553384357096	0.0021227933850892877	0.002251122662104513	0.002381754485407852	0.0025165128764841767	0.0026536403405263884	0.002793345186729529	0.002938990054268449	0.003093519540694172	0.0032586027396406887	0.003436158928138022	0.003627832460202474	0.0038440156689528706	0.0040984884797514816	0.004411139128843546	0.004815125557528416	0.005350878819334081	2.8351740023671783	1.6073223184031304	1.543563713251621	1.5315427910352917	1.512616522738669	1.5053173869755543	1.501298559564029	1.5027641245422376	1.502415205757008	1.4968147054304433	1.496960933032907	1.4942182905798553	1.4870919511778151	1.48678902995637	1.4827385528523223	1.479527058776077	1.4790956113516718	1.4787672196392008	1.4789710131004699	1.4799053301841023	1.4814170193703515	1.483404486258481	1.4852276365021162	1.4874694432166216	1.4901322079070227	1.4942001143457884	1.5006551641069916	1.5094343377234773	1.5234726007507402	1.5497348883352926	1.5913899021404005	1.6525719129328815	-1.8536801762955433	-1.6275416378353935	-1.519840257171967	-1.4456576350345105	-1.391270306583719	-1.3474292794442937	-1.3109644091564836	-1.2804267739548647	-1.2540878982971255	-1.2310079568956853	-1.210717538392053	-1.1922993339295418	-1.175378888898352	-1.1601586307514178	-1.1458700825395605	-1.1323954286651237	-1.1195129764054839	-1.1071374613504146	-1.095027530739929	-1.0833032811713394	-1.0719823378685822	-1.0609299914662997	-1.0499368542926208	-1.038781832968117	-1.0273469359218017	-1.0155115997381725	-1.0030346812997208	-0.9895539893856764	-0.9743425520058522	-0.9564685304592228	-0.9348951285618443	-0.9094003265038433
naca2412:a-6:re1000000:n4	0.9815036361359353	-0.4276913494887181	0.009495154641980443	-0.05360905693568321	0.8639428906456272	0.0397659774059214	5.77870338227848e-05	9.820337527180237e-05	0.00012752603731547058	0.00015191344989429477	0.00017369405687133954	0.0001939167716206816	0.0002132134387810375	0.00023209158729548264	0.0002515693210335678	0.0002710597175782902	0.0002901708792908284	0.00030924417721390644	0.00032817783261388964	0.0003482974929600312	0.00036823962980956954	0.00038776171909464774	0.0004069918314384797	0.0004258647842584623	0.0004441718601840663	0.00046311395580776754	0.000481788644712969	0.0004994886792415983	0.0005188721443135394	0.0005423838577082274	0.0005700662100260962	0.0005825890098794584	0.0005777934425796003	0.0006058684239044626	0.0006859696191580046	0.0007940755941944841	0.0009241551022692733	0.0011017108110201337	2.2539469832950965	2.307083965475571	2.3324198835402026	2.3526003620044476	2.366787057895148	2.3837545293569464	2.3983307954744744	2.4159526815769317	2.436274671348749	2.4572585241315976	2.4740413055008004	2.493538518673155	2.526021366748479	2.5422655865368364	2.563940683866438	2.5879499919823883	2.6055951450695756	2.6299244717800083	2.661211762343164	2.6836814005586014	2.714346400002383	2.745690322735297	2.7804897084011078	2.8340103216641026	2.8770629377832195	3.011231324211946	3.1528297314099363	2.927558994520109	2.233617993505542	1.772023891873134	1.5191007907169072	1.5300842613973435	0.26114369536116677	0.6719380722911381	0.8175333644944859	0.8989095044336195	0.9529020072222976	0.9913173133050834	1.019134134673572	1.0394560905672479	1.0539920332771529	1.0637878455556025	1.07014487742615	1.0741604555378519	1.07654885605328	1.0766774357402333	1.0754700967950654	1.0734065688805725	1.0706047910288252	1.0675734908256034	1.0642945099715155	1.0605072680994736	1.0569257833877974	1.0537554021998878	1.050642008529456	1.0466514337591337	1.0403158851276304	1.0350329688176698	1.031616719011183	1.0205511666608102	1.0001565231468899	0.9779160054155691	0.9541138205864936	0.9224014768682168	7.968920146586316e-05	0.00015911026917123872	0.00030875399648713417	0.0004385242394503371	0.0005687887215568097	0.0006992201015765194	0.0008299876592127064	0.0009536156016141618	0.001076501986912731	0.0012019098662201233	0.0013255830297684574	0.001447516549368776	0.0015704325947243035	0.001692784168240004	0.0018188071211057866	0.0019468623508347579	0.0020752896381702962	0.0022030004013651443	0.0023322450508300205	0.002464216603060315	0.0025978197549544166	0.0027321151591847086	0.002871456464410285	0.003020976480569228	0.0031798825333423644	0.003352509458767135	0.0035419337559424546	0.003759320951152316	0.004018777046746169	0.004336621485220244	0.004741154986602127	0.005246787910690549	2.8661487307699196	2.4692336377059907	1.5268040178879303	1.507858527006778	1.5107217364914975	1.504570347736868	1.495540808862464	1.4944237069981636	1.4938421352877502	1.4905696812663771	1.490240666541536	1.4877388091242543	1.4821915810353763	1.483428017326771	1.4794346580608768	1.4782212395281114	1.4785735735952503	1.4785884276604868	1.4792151516236645	1.4797170792112484	1.4805974570537896	1.4818555824979158	1.4831977693630276	1.4843092967746272	1.486609330573446	1.4906933159380225	1.496915532303797	1.5060506505232558	1.520904907487093	1.547613184380845	1.5907344607147365	1.6542986785004947	-1.8503476219244606	-1.6521017023706612	-1.5161751498527483	-1.4450914830285195	-1.3907061718930782	-1.3468389345071141	-1.3100332840764684	-1.279060262843253	-1.2531863167534545	-1.2306234531590712	-1.2106296195794983	-1.1924994585034585	-1.1757922262579357	-1.16042853855191	-1.145709359966662	-1.1318896443139173	-1.1187498320749947	-1.1062625126933232	-1.0942102480885945	-1.0826603101919612	-1.071565795016659	-1.0608303444800677	-1.0502234834501105	-1.0393565333574468	-1.0281403379354377	-1.016365378726539	-1.0037617460464803	-0.9899577068984433	-0.9741818601821126	-0.955664865894279	-0.9337467299550183	-0.9095340140238645
naca2412:a-6:re1000000:n9	0.9750036866467539	-0.4152085554063274	0.009245257625659824	-0.05786114364949983	0.9575931600089456	0.05936113460489115	5.667626761822812e-05	9.97529581159683e-05	0.00012892790395143918	0.0001534037807943658	0.00017500586974967608	0.0001953754588725099	0.00021453338351677635	0.00023355427324136694	0.0002526953466558909	0.00027194145779845295	0.0002911053304564135	0.0003108920748144684	0.00033067146030017194	0.0003505477393710893	0.0003700885049937456	0.0003900893353635141	0.00040964457052146175	0.00042816308704923995	0.00044580019156783245	0.00046446067486904675	0.00048315643132137694	0.0005011401722255383	0.0005194703480059671	0.0005396632038923261	0.0005656114912971808	0.0005920547900163654	0.0006186459870745666	0.0006472456389776313	0.0006693468597463832	0.000685253043529824	0.0007652093080745333	0.0011015130882752154	2.24861965431762	2.30090585847792	2.327749254376129	2.3465976387511644	2.363026685885624	2.3771419586575786	2.395533452243163	2.41113067436801	2.4343565478533504	2.4582213358384255	2.484411234834608	2.503851170431255	2.528834741021256	2.553187217636692	2.5784267699923156	2.6021660271229754	2.624930175279942	2.6499184684445236	2.6731536953272412	2.689645720345114	2.7124254376576533	2.741577201730425	2.7810947665682884	2.851362231277934	2.9302565602975243	3.0689775916847317	3.2911473089931556	3.5907627571555527	4.047316692890871	4.53392816595486	4.087358255040254	2.2364668083640833	0.26963516433301593	0.6790576397471164	0.8225239890696546	0.9021794978060647	0.9550794957564339	0.9925942858014318	1.0201157910774927	1.0405403035303054	1.055534089262081	1.0658951955116276	1.0726771691026082	1.0762997895581088	1.077694169934032	1.0773832166915907	1.076094938076314	1.0741628009131245	1.071965561516049	1.069481970696814	1.0664885651257667	1.0628323506733537	1.058929756130654	1.0547749013436147	1.0503954396806523	1.04566917890627	1.0394004444033043	1.032855261279857	1.0263561656085463	1.0192979548141914	1.0138279565491362	1.0101562833153277	0.9924568984087216	0.9293825482493151	8.290608096004524e-05	0.00014455248812290347	0.0003048815813286235	0.0004216832201635211	0.0005483069986837182	0.0006780202679585427	0.000808989820550004	0.0009301942134375677	0.001052497881567263	0.0011756486236973976	0.0012962344193159147	0.001418752157597731	0.0015395322660518105	0.0016594882132897966	0.0017822472413107759	0.0019046683161257482	0.0020282768548244476	0.002153729661026262	0.0022825076644747986	0.0024143580523721	0.0025498171224303742	0.002689677494967207	0.0028356199433663834	0.002991212180278649	0.0031531496498618905	0.003328654144285334	0.003520227082874078	0.0037360335238671247	0.003993227529265106	0.004311853778091543	0.004728931908549127	0.005257377274098563	2.884954286666719	4.794893486849198	1.59036992522638	1.4544123013466044	1.4850872608967811	1.4944030685697058	1.4857864083770989	1.4938548279238435	1.496334409597584	1.4930887555172958	1.492522651945835	1.4878888578910214	1.4840559203125556	1.4806233516203422	1.4771404257834049	1.4764740840342707	1.4756058442360596	1.475175545230088	1.475285661860023	1.474792850087673	1.475314587722387	1.4771858346920947	1.479801277980124	1.4820764463498775	1.486439360635696	1.4915152547337496	1.4982664662595018	1.5080031167590726	1.5227903146461412	1.5493215387068797	1.5954946012108173	1.6722355398817683	-1.8377837264965815	-1.6774274092414856	-1.4994203496309484	-1.4349043432362163	-1.3853054282508908	-1.3433542890563173	-1.306994801431388	-1.276596618619376	-1.2504655716701527	-1.2276167594288379	-1.2077216666660748	-1.1895393030623622	-1.1729199714815428	-1.1576569954024767	-1.143569650697049	-1.1304755294719597	-1.1179255531824488	-1.1057973842725257	-1.0939234778630762	-1.082283287065988	-1.0708166076294223	-1.0594061962867927	-1.0479291376635924	-1.0361613907320453	-1.0242141453992804	-1.0119071342986217	-0.9990292540039604	-0.9852793783513246	-0.9698398264946407	-0.951608884900382	-0.9293986366784988	-0.9046611357856646
naca2412:a-3:re200000:n2	0.9827441501492453	-0.09708273850599583	0.012478951135034774	-0.05282488566430001	0.7497648954108637	0.14349991276989432	0.00014013458415249464	0.00023400853325176145	0.0003051953050730806	0.00036474131947165206	0.0004167704193737678	0.000464213335870435	0.0005103374152119807	0.0005549575549945289	0.0005998214748151074	0.0006456071378555916	0.0006932255871463187	0.0007405947627848147	0.0007857845583420672	0.0008357103518136455	0.0008856354777229798	0.0009321054519193175	0.0009770287296038674	0.0010226637100096785	0.0010714914663742853	0.0011212793447281967	0.0011691295236984527	0.00121258821066357	0.0012523985939076078	0.0012987642344328297	0.0013780099008674537	0.0015213659264520377	0.0016880351925862404	0.0018516236706468485	0.002023129720444154	0.002233414407425916	0.002506179718606427	0.0028645778391916676	2.290395871355592	2.353772290131796	2.3878268361854524	2.407971937211562	2.4213454795160114	2.4368995526197557	2.4481613945242113	2.47120825832209	2.4960456943413294	2.5232558389570636	2.549317179959199	2.5869490279912264	2.642147907236889	2.6585068045637104	2.6939652759019417	2.7306655425147905	2.7665816602146758	2.804290347000469	2.847976116333227	2.8838265437888317	2.914868903480188	2.9487062913256317	2.994430433229132	2.9821665384740124	2.815528537325128	2.4355773730678227	2.1013672012121334	1.8991442183135414	1.7951353727624733	1.7354212364690995	1.7214208905615536	1.7603012217190768	0.6381238705032888	0.921812658112072	1.0139633593501622	1.0634371039351782	1.0962427626621387	1.1197027530628205	1.1360500155848858	1.146886828893319	1.1530372031910663	1.1554173181332734	1.1550052056902385	1.152703486903642	1.1493678042290072	1.1439852225228075	1.138511278763795	1.1324474194178205	1.1257058287651365	1.118989962336621	1.112585115092462	1.1064878670402172	1.100968890988948	1.096098857239026	1.0910844595057523	1.084824330090663	1.074514018585876	1.058151111194418	1.0409182215558115	1.0251931641129013	1.0082155982442778	0.986996640397064	0.9603596411624046	0.9291572392514323	0.00016353261765060645	0.00030974053926481404	0.0004341725522116905	0.0005182251368047635	0.0005911708409466891	0.0007243691001659487	0.0008843048073080017	0.0010266056739561189	0.0011666014171731898	0.0013010293667445475	0.0014339800758377426	0.0015666548541161882	0.0016964206830159137	0.0018245465941532982	0.0019549537302654026	0.0020853675874664586	0.002218681765275395	0.002352239915867528	0.0024856640356358847	0.002622929956426611	0.0027647683923699303	0.0029100439431386416	0.0030600031906088984	0.003211330734286256	0.0033673229770971687	0.00353062748084236	0.003700986948245239	0.003891946049139654	0.0041169558021743845	0.004399254020997751	0.004757482842598105	0.005172217792157726	2.5483299559364645	2.834634735082558	3.034668059027675	3.182413451524975	3.018765086030782	2.328818346286617	1.8648016959611495	1.7756163944653547	1.7134901674018508	1.676867621110863	1.6323137358001596	1.6102918709946072	1.599703479849222	1.5894182830630237	1.5693210423591977	1.5629520973903173	1.557506190922309	1.548787018662248	1.5437917616287817	1.5419447284342824	1.542202496784572	1.5429452867966336	1.542406156795828	1.543417023518849	1.5432607921105093	1.542716848629177	1.546414812901839	1.5522662967587348	1.563271161924524	1.5829883374346563	1.6167926618367818	1.666174806317992	-1.4618627662177641	-1.407772716327832	-1.3496127779011713	-1.3094193872754953	-1.2761430492700807	-1.2370465963987194	-1.2066441345180237	-1.1886563847361205	-1.1717078729638333	-1.1566476777885866	-1.1422152858033938	-1.1297821551025895	-1.118515762426163	-1.1080462747317554	-1.098032649175497	-1.0892674891463976	-1.0806659608182625	-1.0718575701525404	-1.0628101376508712	-1.0536641613006745	-1.044494057399303	-1.0353235863618022	-1.0262590287145699	-1.017468345752055	-1.0088786513147578	-1.0004101384373245	-0.9917053279948	-0.9819696025472333	-0.9701566629070583	-0.9551378613744455	-0.9369357785176045	-0.918166518805448
naca2412:a-3:re200000:n4	0.9822105889591027	-0.09641820889834316	0.011867005115084536	-0.055113558793480434	0.867048159662064	0.22608600892048664	0.00014054794321672256	0.00023497879946342168	0.0003052548050484917	0.00036428111193320727	0.00041590546164179786	0.0004635821220863372	0.0005100004467907138	0.0005563153797023811	0.0006017187057620548	0.0006458533793715384	0.0006930948519635715	0.0007408837581849272	0.0007888401536915239	0.0008364265289694098	0.000884625721547279	0.000931300881322868	0.000979005728953962	0.001026842717175917	0.0010753365825619397	0.0011262117695315732	0.0011768145295398106	0.0012258711655396505	0.0012731428624364986	0.0013137622195199387	0.0013562277981332058	0.0013904437473344507	0.001438857990350222	0.001542527724728962	0.0017179715813340042	0.0019927031255053576	0.002366743005869816	0.0027598710539767225	2.289719905647504	2.3553527882033127	2.3872673812838636	2.4045963618676907	2.4205628507041266	2.4359037883981287	2.4480669794013914	2.466971528522156	2.4943276516937662	2.5231816594760534	2.547127540103585	2.586499605167246	2.628297524366059	2.6722716286427395	2.713231113534587	2.759507607499606	2.799414243051025	2.8433865232887774	2.894596370830013	2.9372793469700644	2.9941546527053045	3.0581015417194446	3.1376377129639295	3.2627140088980577	3.398732692480791	3.5935175032005895	3.7304941381992234	3.6316577470282074	3.207728576142659	2.6782683250815493	2.2018938150232272	2.10259911820979	0.6404358582343336	0.92033538182938	1.0134175126118765	1.0638947857828436	1.0966285943976852	1.1192426947897804	1.1348309613428547	1.145297548858682	1.1513806114113874	1.1540860491731442	1.1541219745971387	1.1522683724923892	1.1487153439716928	1.1442101170224823	1.1387416576035403	1.1325929668820098	1.1255320200672836	1.1182223582364994	1.1111993457914406	1.104467611364957	1.0982546129939776	1.0920820538259948	1.085610073835417	1.079859325297302	1.0740481979180907	1.0686391500722685	1.0609593629789116	1.0467613836034086	1.0259321258934755	0.997283855833892	0.9630075333693642	0.9294794230614788	0.0001633916038112383	0.00030909030159791617	0.0004281686463267323	0.0005385249333182103	0.000631806447303014	0.000705066186571715	0.0007466041211678336	0.0008253118781499274	0.0009841553023498186	0.0011475593305348337	0.0012824967317610443	0.001401209236610719	0.001513936908007581	0.0016311998891447566	0.0017456758174496897	0.0018715322709595458	0.0020059375564329147	0.0021355871117064895	0.00226691526534164	0.0024012457938702467	0.0025406413292037573	0.0026822139260402017	0.002824700703889836	0.002970533021399598	0.0031214801155436643	0.003280223758788664	0.0034461867583227435	0.003633446307687385	0.003855504951561343	0.004135275331202834	0.0044905510292070246	0.00491209976307106	2.544758118454171	2.849479639725941	3.013358538481641	3.145589441564913	3.2585711067665386	3.3598251054277575	3.477339719127232	3.0210992163271877	2.2135321585109553	1.8343715907068454	1.6865868667968393	1.6300947044673098	1.6041616015538185	1.5763663025304018	1.5625233842079413	1.5552419544868414	1.552290914368666	1.5477999745221755	1.5400955784723016	1.5372053835597328	1.5378986879444496	1.5387731704924708	1.5396160876278793	1.5406757832079574	1.5401074080645616	1.5398607619472229	1.5426744778831953	1.5484969699201785	1.5597170081527092	1.5806583904713936	1.615812439565913	1.6660404863818232	-1.4613911977968974	-1.406375976236161	-1.3432506502356263	-1.3000087499225623	-1.2685171581992063	-1.2457508291238735	-1.2282954934639028	-1.2050015990999903	-1.1743367744196116	-1.1530994235643965	-1.1382863163558823	-1.126671235389979	-1.1161499045123269	-1.106245913565256	-1.0977553054885854	-1.0894679507418918	-1.0810159758847895	-1.0722189471855847	-1.0629882119818956	-1.0537885128740079	-1.0445752741757295	-1.035497542252246	-1.026690227851819	-1.0179866394165291	-1.0093560847042697	-1.000748203411283	-0.9919156389549556	-0.9820619514395873	-0.9701183213877751	-0.9549053895652775	-0.9363785482378534	-0.9161530086883717
naca2412:a-3:re200000:n9	0.9517670982367098	-0.14745206604673752	0.013224815590300643	-0.05000731348843823	0.9515144645819305	0.35093267084504565	0.00013943145315277277	0.00023686046370277822	0.00030519948100422243	0.000363320409861642	0.0004165071602459535	0.0004630153824750837	0.0005083478524909433	0.0005574389346370352	0.0006041256816244839	0.000648650533153631	0.0006980682793670147	0.000749578591401795	0.0008019671418075532	0.0008474856918136325	0.000895681012460655	0.0009447469003651266	0.0009949873856583673	0.0010413810429631381	0.0010894388092271808	0.0011466566041763316	0.0012043101230715743	0.001256994717242283	0.0013112082802281336	0.0013657104134940905	0.0014237062008071383	0.0014509853843233328	0.0014510489137548037	0.001462403564678362	0.001486261845034922	0.001579912016978854	0.0019459770744323524	0.00295239909927336	2.2825595841201816	2.3546801898051024	2.3791710756615423	2.4026438062935704	2.4119310076574734	2.431502446533355	2.4589507052249715	2.480201446456828	2.5001740423012624	2.53300332698471	2.5620524930722834	2.6063446920694306	2.6319531302848307	2.686327242711431	2.7272874616487224	2.7851401163078444	2.851724121023781	2.9268800792864598	3.0087917657512393	3.101071471318609	3.2297010745896393	3.4207736705013128	3.6923565146765007	4.1088526940905306	4.597551001605306	5.244903711326337	6.0707483653182495	6.936101027983007	7.909331289031366	8.425944004304586	7.255479552666852	4.727778463352055	0.6097160886328483	0.8961196340376535	0.9958737392310575	1.0502616729082281	1.0834688152824168	1.1059831667110234	1.1220748863127938	1.1323550351509164	1.1375332408445697	1.1398223583853817	1.1396487695578825	1.137155798082115	1.13196430256915	1.1269254864557303	1.1211596440375236	1.1154172653551635	1.1095008088205822	1.1036269497154003	1.0966508942104494	1.0875277307112543	1.0771832013752864	1.0676922664401873	1.0598422927139493	1.054040971227029	1.048602441211073	1.0452993188352118	1.0434999186406633	1.041287522906372	1.0397431663282743	1.0349883562667914	1.010186272274533	0.9505764904196502	0.00016667618608190064	0.00031079308527252886	0.0004286729298995084	0.0005346019000716955	0.0006240885652027917	0.0007108293283562634	0.0007936232694555975	0.000835200297477408	0.0008802813148956771	0.0009497115924413145	0.001019664577524064	0.0011268641172265381	0.001291680434696208	0.001452031599412844	0.0016055077130041461	0.0017180311572204709	0.0017913426343116818	0.0018786755004363356	0.001993136376551822	0.0021276033727738322	0.002266299432320207	0.0024013139792080185	0.00253658981293973	0.0026779523621130643	0.0028281749007986836	0.002979830636571873	0.003131664097387396	0.003292511367334796	0.0034760979293149146	0.0037004258322436106	0.0039722548976449164	0.004316652297764464	2.556153859460542	2.883890878907194	3.067178574235072	3.2613135056766414	3.463363552423835	3.712452178181434	3.8616837214108433	4.065581815756401	4.164292188862469	4.11819128209118	3.9266317829866115	3.1445630439239753	2.354074844008594	1.9216328018656497	1.6785659428044934	1.5696584828198223	1.5310276751364054	1.5142868488121275	1.5070704136833661	1.5024095229261538	1.5042532568795866	1.5076855769286253	1.5097311356254688	1.5126524799031151	1.5122407595594134	1.5123928129710091	1.516304665701863	1.5226270235415267	1.5298152371140177	1.5399988560559983	1.5608037331143974	1.595844217062288	-1.4852936459454225	-1.4248684263364166	-1.355056093127556	-1.308141894658053	-1.2744282233794118	-1.253171684328799	-1.2337632605042166	-1.2163525407518028	-1.200689773230932	-1.1842173916481675	-1.1683626446604922	-1.1459008479959731	-1.1223828492709795	-1.1071791581207933	-1.0964525435833679	-1.088760881769613	-1.082489899089422	-1.075522269363617	-1.0670897315522567	-1.0580839619313702	-1.049398747248735	-1.0413156267272812	-1.0337381221685258	-1.026276423110653	-1.0184942498932417	-1.0107069402822457	-1.0029058785426275	-0.9945629255427713	-0.984663602509791	-0.9718734407627176	-0.9564238932341699	-0.9377483235366728
naca2412:a-3:re1000000:n2	0.9741568244291113	-0.10540420960759828	0.008980727481619537	-0.050703759469063504	0.5528879529308416	0.07324079083008098	6.226614242439971e-05	0.00010594540436487279	0.00013791529515067062	0.00016563310481521143	0.00018860411624383632	0.0002094535913639395	0.0002302315507965598	0.0002509083978685976	0.00027126306496799485	0.0002907968480048869	0.00031103172586377883	0.0003315852310076134	0.00035371820813351513	0.0003766395533409086	0.00040192097013565784	0.00042314316530367993	0.00043428690155486216	0.0004470010279111533	0.00048041884090953166	0.0005556738959083987	0.0006400729789039706	0.0007105714310682457	0.0007886273849900912	0.0008720585598463657	0.0009569589999102567	0.0010502583230555494	0.0011535683838267824	0.0012679788046537	0.001398547096339804	0.0015597427009599425	0.001771067849768152	0.0020813557188879435	2.2926440406599333	2.3557299055754948	2.3935700382316054	2.40865765561579	2.4276412954631295	2.443683786712118	2.455647962340556	2.4703875983952552	2.492592308583067	2.5299770594697066	2.55718921099401	2.5973005286319215	2.6333815428606977	2.6740829404664757	2.706132381773833	2.7720138269894337	2.8261172107702266	2.692346234292852	2.2539429355933516	1.6987118544102144	1.4679056918685873	1.4419786879489473	1.4460807502666415	1.4430678578208975	1.4499625600033699	1.4531636565681196	1.4574458446194893	1.4666258924607618	1.4815110356325845	1.4995008470882039	1.5323025534886627	1.6034075761130424	0.6386568671327676	0.9226311126707973	1.0147304115017042	1.0624054372906886	1.093551339108381	1.1157482550666464	1.1316054567315665	1.1417982666565467	1.1474351811510506	1.1496486296840762	1.1488575976222775	1.1467035990472882	1.1434854178668363	1.1394233210210283	1.1350066681253845	1.1308941063555933	1.1270799630824149	1.1209971004691035	1.1099677405727855	1.0948278674058043	1.0858856697496364	1.0831490676136057	1.077798681505639	1.0703644057276704	1.06196111455117	1.0517879250116269	1.0399068549708845	1.0259925551935767	1.0093192683232992	0.9882560806287457	0.9613211623132689	0.9243198735295963	7.294209171119399e-05	0.00014108345520772936	0.00018764921460786738	0.0003043700065780399	0.0003929695916802655	0.000492985980708313	0.0005952628945456988	0.0006894058737535597	0.0007905486071169269	0.0008949394307935102	0.000992507517555485	0.0010853310531096032	0.0011803309244843617	0.001279020913596399	0.0013784946551117481	0.0014775020791307659	0.0015746401804211045	0.0016727752978128213	0.0017729283588374192	0.0018753420515697891	0.0019790010474795092	0.002083880399028666	0.0021918385610679627	0.002303515913601659	0.002419081790930641	0.0025403789384646413	0.0026697685767111032	0.0028128199015168926	0.0029796479886466908	0.0031864185959824052	0.0034563140370253423	0.003820940448118422	2.551035766875248	2.8434313165213263	2.474182770799084	1.5543542320690737	1.5085640240015756	1.5070044530485216	1.4929740474856776	1.487595929694964	1.4838026812698504	1.4802846491191188	1.4754825989668605	1.4729877104948357	1.4680343784406216	1.465088255204727	1.4640746764999493	1.462711638224625	1.462382980619141	1.4603526732919463	1.460188439964145	1.460193146531073	1.4602158249834511	1.4603554466883963	1.4600548041033756	1.4598108597735875	1.4598803495845865	1.4597321083127983	1.461801788105613	1.4659303830883144	1.4737400856681513	1.4893535187044207	1.517475535192575	1.5638704050511647	-1.4727606039012988	-1.412405046146014	-1.3478282837794031	-1.2813015684311053	-1.255509152182444	-1.2324366136661595	-1.2096507160988583	-1.1897633024648173	-1.1731458053159547	-1.1578316807720315	-1.1434648049857459	-1.130629619101812	-1.1189498353385918	-1.1079928623108408	-1.0975323672910957	-1.0875055433007106	-1.0779857699800273	-1.0688332445225681	-1.0597759675180896	-1.0508842138533312	-1.0422337049228756	-1.0337545537995294	-1.0254153408422035	-1.0170636553201815	-1.0085398403049262	-0.9997534726462545	-0.9903692204225731	-0.9800980962100684	-0.968105964951861	-0.9531835199878895	-0.9342640830333916	-0.910766942589617
naca2412:a-3:re1000000:n4	0.9666963701267992	-0.10008079793865926	0.008151024987271584	-0.05176162767923069	0.6846057142913807	0.11244456577339117	6.226482659885416e-05	0.00010543662335873677	0.00013744973588248848	0.0001649488504502743	0.00018858822843372902	0.0002101701454457175	0.0002305601787182553	0.00025084225524999603	0.00027146408926754053	0.0002923020034252578	0.000312170621825767	0.00033223475364496847	0.00035265380110975614	0.00037549348572058514	0.00039805973638822024	0.000420091417300971	0.00044209819147080604	0.0004644721602536911	0.00048796497922553526	0.0005060952417203931	0.000515908508382878	0.0005273381917549318	0.0005705295682780114	0.000653267832396564	0.0007434635916409667	0.0008168286648780555	0.0009016716121235736	0.0010041417342230219	0.0011137646753794804	0.0012495407623264354	0.0014354950029757366	0.001709700483363818	2.294982461613772	2.358469335438673	2.3903662531845846	2.4110419903790046	2.4249584465071794	2.4423226085361933	2.4638704365760247	2.481508840692121	2.5038069700626497	2.529316909130142	2.561187801579823	2.5960115601254072	2.648129839638593	2.674404843565429	2.7116871452728297	2.7512256355250675	2.7894882896939945	2.8315409861143035	2.8736970718140284	2.9289628256434255	2.9726029898372373	2.8727334712028405	2.380286709538304	1.8392529742030432	1.5245043379749552	1.466423161080995	1.4562780353339002	1.4515230432411184	1.462439338861395	1.4778927069841477	1.5033530571235134	1.5660502071628333	0.644042456446448	0.9248882190834735	1.0166559511121238	1.0644257684498168	1.0951633843959732	1.116889923378023	1.1322876877381982	1.1422876432478375	1.1481819542214757	1.1503355665260482	1.1497196526414695	1.1474118633772665	1.1441934209557956	1.1389108560375383	1.133395723493344	1.1279869957100255	1.123028054877886	1.1182920691800393	1.112918263840322	1.1068311158116062	1.1014044581105877	1.095019397228376	1.0833052524890392	1.0669195294763416	1.0546243155494686	1.0485259007613805	1.039626195031555	1.0265130357352388	1.0109327159423545	0.9905793588323067	0.9630167024679693	0.9244313487964902	7.197287865765806e-05	0.00014017374174560095	0.00019192948146260652	0.0002187243075246195	0.00032024431647022765	0.00041285918914369014	0.0005035689489334522	0.000601971244290926	0.0007008138452376023	0.0007991646966427756	0.0008946381581472161	0.0009874625485042886	0.0010815623349589034	0.0011767001139263442	0.0012741922925784978	0.001371765675352225	0.0014670520349768267	0.0015634743232160347	0.0016625751118184463	0.0017643548998629388	0.0018664463652402158	0.001968416503509164	0.0020720452787211757	0.002177806961566655	0.002287081010716621	0.0024017554357058856	0.002524685925343418	0.0026641652837135917	0.002828473503568291	0.003032112995514983	0.003299275263395461	0.003658199257510007	2.5659251765359916	2.8429219839701125	3.079780943770795	2.846787628348342	1.701730344142392	1.4870287016559545	1.492355085995958	1.4902802057717948	1.4788624450589416	1.4783227107772245	1.4724416027174743	1.4706841779317303	1.4687718375001177	1.4692527359346739	1.467819841304586	1.466541150426681	1.466049700226763	1.4636787793587867	1.462680437846405	1.4609811784683446	1.4600303100938754	1.4594562221069944	1.459028180986159	1.4593386913823898	1.4587198436826323	1.457795137697994	1.4593731874658429	1.4630730923743531	1.4712992283909838	1.4868495540971929	1.5151182589623118	1.5622062290995995	-1.4695936891926393	-1.403944041745596	-1.348976796012758	-1.305113905477616	-1.249868526548225	-1.224681912844027	-1.207709928124046	-1.1894225778411474	-1.1725679448827602	-1.1571316483246896	-1.1424833276539432	-1.1294591799168292	-1.117748974798785	-1.1068858205905086	-1.0964323161733436	-1.0862800808386956	-1.0765678309695406	-1.0672339573033658	-1.0579708006463704	-1.0488083986897088	-1.0399439042279837	-1.0314078920033616	-1.0232521598265887	-1.0152941033147007	-1.0072008926174332	-0.9987907759822258	-0.989719031771227	-0.9795082240800052	-0.9673323630977996	-0.9520226302836066	-0.9324391055437142	-0.908466116539855
naca2412:a-3:re1000000:n9	0.965735880325816	-0.09273301699615444	0.007038032219566336	-0.05423498511208955	0.8464852073762971	0.19487328043348384	6.294162482674993e-05	0.00010598181259043754	0.00013858415943792524	0.00016563790152056382	0.00018884830425386776	0.00021044792631051703	0.00023121693378643174	0.0002517655270153484	0.00027251417732049245	0.00029364697648083174	0.00031470935147311985	0.0003352093999353693	0.0003558401818640434	0.0003787340707057752	0.0004025268036042576	0.0004253540256462411	0.00044720157337468344	0.00046874193051672786	0.0004893523971372638	0.0005104433318196643	0.0005331342202622832	0.0005567814442833719	0.0005813480370080344	0.0006096937210958752	0.0006342752014912617	0.0006333742473958717	0.0006337294561226336	0.0007063553272325054	0.0008659677938974266	0.0010196399707845534	0.0011421343351411257	0.0013563334485307743	2.2907174778443373	2.3660248804698676	2.3947804694941457	2.408888825684965	2.4211687307904506	2.436196847197737	2.456879868367944	2.4747308182217176	2.5002845001598923	2.530135331666022	2.557680211015331	2.58864580570441	2.631589665141989	2.6674217303909185	2.7074669318976117	2.7541324575456287	2.796268749242416	2.844749941801338	2.8996359456384257	2.9396704757166088	2.9856698095527223	3.0450733853820826	3.1453281040076733	3.2698937247678215	3.4150327977367554	3.658577131968556	3.5990350416514327	2.9049510061241373	1.9111169552420535	1.5264682910123966	1.4750153463602818	1.5244889936602277	0.6448557916591555	0.9238791093727377	1.0142606639488216	1.0637480820555778	1.0963658488579684	1.1190047740627214	1.1344352099145776	1.144240640408495	1.1502991312853696	1.152781401354928	1.1521975858744926	1.1498778167720176	1.1463627079260759	1.1412798592903677	1.1354190130984487	1.1291895893376722	1.122840268656905	1.1165890684741857	1.1102492820259229	1.1034989495138219	1.0967697607275266	1.090560861471623	1.0848995212543837	1.0782680816753971	1.070370907144885	1.0650945859531402	1.0581843513861209	1.037080009001361	1.0056605545977493	0.9800750639127042	0.9585295685562278	0.9223717600543432	7.298558845239547e-05	0.0001389833018657686	0.00019430157923967084	0.00024376195789443857	0.00028234612476329084	0.0002923784863647412	0.00034829668333598665	0.00045069814725439826	0.0005386590012966096	0.0006155653160745466	0.0007045060684247608	0.0008034116060371835	0.000899252842216989	0.000993432566153824	0.0010811900063930145	0.0011712774118039818	0.0012665990104150974	0.0013592698367986642	0.00145309684921634	0.001549100888571411	0.001648809278221443	0.0017514369403751593	0.001855166510788979	0.0019598244831576955	0.0020638073699333855	0.0021701559583589135	0.0022835954828280465	0.002414395545246058	0.002575353143317208	0.0027827033049967736	0.0030576974429980643	0.003406454911587561	2.5498579068934464	2.8345809425763417	2.9763565829717984	3.1474158480103083	3.315403941019485	3.3818920717072745	2.434676837558164	1.6396122814080634	1.4764408350503668	1.4560234766984645	1.4558268450106275	1.4537877822984357	1.465451902137722	1.4590869303140535	1.460882848969291	1.4613994622730506	1.4601299296863126	1.4594120647790612	1.4561342335613103	1.4545889787661013	1.455578782044156	1.4564425166337378	1.4582719055253546	1.459507419815821	1.460030384276711	1.4600828154377485	1.460511658812592	1.464092751165146	1.4719923567802218	1.4881967271516854	1.5202125987634634	1.5737237546033338	-1.4606536789779667	-1.4018872563786027	-1.3351693239614297	-1.2936274912409012	-1.2664776781390545	-1.2471405575980898	-1.2131716203734992	-1.177969512652724	-1.1625401721399935	-1.1511501731652203	-1.1403595129354294	-1.128279320523208	-1.1164765112064738	-1.1047417323093085	-1.094684906857577	-1.0853668103676248	-1.0763874883646527	-1.0674960412801155	-1.0582431132118826	-1.0488895820700117	-1.039508159756514	-1.0302839389118055	-1.0214760529212765	-1.0130274053508979	-1.0047882770641108	-0.9966023547409041	-0.9879115454834201	-0.9778934683505897	-0.9652655956038007	-0.9485232672418911	-0.9270383888058714	-0.9023141478851754
naca2412:a0:re200000:n2	0.9789399548383058	0.22171955702905602	0.011215350249378843	-0.04943141270397556	0.5681065760529482	0.4492336063482275	0.00015544923934809052	0.0002572701372807991	0.0003347992412710607	0.00040043857947592447	0.00045695960494472946	0.0005079254672329209	0.0005577799442734623	0.0006082225279189204	0.0006582890986728801	0.0007078773992349683	0.0007580959051589291	0.0008112736414829916	0.0008672962569417896	0.0009229689701726567	0.0009746687022831464	0.001028109462999459	0.001074951307244025	0.0011082938333621033	0.0011523753408073157	0.0012553192898480455	0.0014014106986780775	0.0015490194736850229	0.001671588805589834	0.0017847280289831084	0.0019110857212044964	0.0020623096667140156	0.002240099440764455	0.002451283861952824	0.0026975241552960813	0.0030013971459231514	0.003394266840041847	0.0039054900615573904	2.356104303525265	2.4356300081977564	2.4829984107802545	2.4956164935003673	2.5091893011522477	2.5256131961404056	2.5429226770441584	2.568869589651633	2.6106584033509956	2.660414506420231	2.715906331664739	2.767466278784756	2.829561523658034	2.880970445767886	2.946933933357748	3.007120261869525	3.054526378133932	3.051974620159404	2.908713907284409	2.484853001493447	2.085826312725284	1.800766656995918	1.6867331448062306	1.636506493575743	1.602436249491281	1.5778151939579506	1.5686462941920973	1.56886337551443	1.5811320395424049	1.607223225542995	1.6560975298790657	1.7506701203128006	1.001807662971814	1.1634500261480696	1.2067554497198911	1.2262956618048735	1.2380950735457132	1.2452778126605775	1.248925411066625	1.2487437845224707	1.2452796776432193	1.2391067918923513	1.2311689170850506	1.2224010414469406	1.2141667814650199	1.2055211237599366	1.1978303443547356	1.1899719878953487	1.1820726270055308	1.1745703056320882	1.1647136494747747	1.1495045614065256	1.1321378282290495	1.1162697190346695	1.1030282257664163	1.0910673696959095	1.0780985676236776	1.0643612887917957	1.0494420552139638	1.0321515768785194	1.0123559786188856	0.9890209621617284	0.961261018620377	0.929130007707578	0.00015201975929266846	0.00027169962217895444	0.00036789839211842944	0.00045615510277069373	0.0005314778367702023	0.0005996338480067625	0.0006643542319522026	0.0007336915739964786	0.0008002903972067158	0.0008582527068477807	0.0009153428537875633	0.0009664798771818016	0.0010118608054558126	0.0010418544650873654	0.0010705527921537588	0.0011368021176777036	0.0012399618395738741	0.001358677064082694	0.0014707736145599124	0.001566774440325534	0.0016628256612747016	0.0017623089762385715	0.001862758320760881	0.0019685351918632145	0.0020811290592025354	0.002194229937747847	0.0023103794965503664	0.002433326873018455	0.0025749182406226787	0.002753319636387497	0.0029727640657659956	0.0032201904281514222	2.389508564577235	2.529073867709864	2.610166868548249	2.6509915537325393	2.706142933721735	2.7393087744314624	2.7891534493109686	2.817577911328655	2.834170174022134	2.8748649169345906	2.8785132837061407	2.894801822170452	2.868562821804139	2.8318958658331175	2.727504684126133	2.45009820834509	2.132421364590149	1.8847871509414063	1.7260753024961457	1.65725848509816	1.6144326253620458	1.5855167009446405	1.5641080375437997	1.5495439193970832	1.5377392667429401	1.5319927329600223	1.528681437766089	1.5310922711079793	1.5370494016878389	1.5414147937008422	1.558652658473903	1.5987364955225363	-1.069580968567887	-1.1656072423444226	-1.1656580446659808	-1.1526733849916257	-1.1390893532903361	-1.1255815510287863	-1.1141536397726068	-1.102771216838406	-1.0925384005034773	-1.0844752811363016	-1.0766210530357176	-1.0700682842953215	-1.0639735593499937	-1.0596254093733424	-1.055496502479326	-1.0475806235566107	-1.0374240098358989	-1.0273452826348768	-1.018718369906879	-1.0122263057507581	-1.0065034450372352	-1.001071921606552	-0.9962479694509258	-0.9916015295582701	-0.9866763030353844	-0.9816841806215353	-0.9764144117742957	-0.9702559064478444	-0.9619593024079083	-0.9500622125327405	-0.9349749168480229	-0.9196908419476924
naca2412:a0:re200000:n4	0.9880561390331394	0.2206446328068672	0.009727809822134285	-0.04922300166102505	0.6962667043780799	0.7313087486826122	0.00015626033502077395	0.00025766087546827735	0.00033433625314982556	0.00040086375177204707	0.0004593923395664414	0.0005124015740031918	0.0005634637850226381	0.0006126971410906069	0.0006616146620776975	0.0007125080336959407	0.0007610877570553157	0.0008103567178575188	0.000860544970595166	0.0009191170682358554	0.0009803293213298337	0.001036205983506034	0.0010864490693367212	0.0011376930544622296	0.0011865342393769028	0.001225613573684276	0.0012634838103959772	0.0012988096319015547	0.0013620805233212712	0.0015210094063954182	0.0017360586254439071	0.001948120685324775	0.0021289221115873285	0.002287839481530524	0.0024710410906438845	0.002730185830121853	0.003094287731522179	0.003588967474805378	2.359424039730669	2.4290988982483337	2.4769016809102595	2.4948934121128175	2.50757895708389	2.5240927678710308	2.5422675187748522	2.5663927097929817	2.601986304880257	2.639202145388403	2.6945599158198155	2.740979496889957	2.821842929326384	2.8820498957552174	2.949651052194556	3.0288209866550475	3.1089698428109673	3.1897693602684387	3.2821244517646684	3.3860340396831545	3.437580462509108	3.4346691014428785	3.232938501707028	2.679614358536327	2.1696694100813816	1.875723608015558	1.728209105859323	1.674918795920763	1.6574199743906561	1.6488127425077304	1.671652785779958	1.7465025390180293	1.0040748667241224	1.1640149169532423	1.2076797415865688	1.226880228559714	1.2373280976501824	1.2434591633396122	1.2463243858168038	1.2461286369520839	1.2435474825516466	1.2382086128063658	1.2308058469140848	1.2218692761755445	1.2133912483224423	1.203627041798382	1.1941924281674778	1.1852164317262535	1.1765073065079164	1.1683115181531845	1.1607358373954333	1.153882149703421	1.1469077342019662	1.1394753739963726	1.1288076090966204	1.1085486254825803	1.0850527664131886	1.063925788516057	1.0449249144320496	1.0283670939502811	1.010372063417617	0.9875051596525591	0.9582662462617423	0.9233862370215555	0.00015040276341606872	0.0002739232795503667	0.0003702312821905522	0.0004590051357602265	0.000536249072187795	0.0006057814564579051	0.0006740586965600149	0.000739521896783978	0.0008017229770817357	0.0008562965208361193	0.0009108277220076495	0.0009651973776537581	0.0010140375945959876	0.001065188507183131	0.0011198354725641495	0.001173047136513796	0.0012236335311094563	0.0012704131168578107	0.001310707594541421	0.0013412335426651067	0.0013694302743310072	0.001394537006708681	0.001421623227475062	0.0014798775853052462	0.0015706062177936301	0.0017209128232006895	0.001882390735570415	0.0020106655450108078	0.0021340627507216194	0.0022901493447017203	0.0024769756585748554	0.002680527015004452	2.394624872622158	2.533589330261729	2.6115405587169365	2.6670807645610037	2.708391975789544	2.7365330704123303	2.7689243075324965	2.807165042347905	2.831267942743137	2.862679525976439	2.870352558622078	2.8824418588177654	2.90586526405111	2.8866728604044463	2.879312972220293	2.8897077301511205	2.915154590697158	2.9419259492409635	2.9804364360837456	3.0307238816282625	3.052625958499421	3.0589056819323854	3.0292418405409762	2.8368310813442723	2.5554349554681344	2.2039625288876703	1.9269258165655483	1.7836660419207588	1.7093640811067743	1.644283646420121	1.6132434636881445	1.6488632026843106	-1.0813725408776067	-1.1697115303611405	-1.1665580741623756	-1.1530422647072665	-1.1383132402049498	-1.1245299528938588	-1.112341516477031	-1.1014356449913643	-1.0913377357100489	-1.0829267844431714	-1.07500073225036	-1.0676045708206643	-1.061450052673218	-1.0548018103547216	-1.049272158421164	-1.0437508327040843	-1.0378672910068527	-1.0322864636963323	-1.0276316285813303	-1.0242298783314472	-1.0214005120620677	-1.0189684902427394	-1.0159185648967792	-1.009259540102359	-0.99974865100298	-0.9867310962721414	-0.9743741507649822	-0.9658541638626458	-0.9571212369107122	-0.9443849823136573	-0.9277705145855193	-0.9102604635131237
naca2412:a0:re200000:n9	0.9722555906037454	0.26289274426676146	0.010033305432517438	-0.057572431573886695	0.837912367073335	0.9627923890500307	0.00015778090943082622	0.0002619666404967344	0.00033853059815101047	0.00040521345500506035	0.0004638545657243204	0.0005173848603111809	0.0005691897271673406	0.0006176992853570357	0.0006668330158989384	0.000717293539248004	0.0007675465434707121	0.0008190714231277813	0.0008719766190995074	0.0009258794618114324	0.0009857756235529863	0.0010450926374494462	0.0011022528718069608	0.0011587003687962964	0.001209152027995347	0.0012596613215494468	0.0013091855373545762	0.0013519853245400758	0.0013848181423850143	0.0014128777928303924	0.001442102632446673	0.001455335892611329	0.0015634666320290423	0.0018754804947363132	0.0024234624013431253	0.002952225990687378	0.003345760036360289	0.0038316530584230207	2.36032210402226	2.4436253471504035	2.4786201774822514	2.500581435349145	2.5112997149824094	2.5291962631637825	2.5491775598061404	2.5805930370160173	2.6159485045608095	2.658296291563224	2.7124081934894138	2.7671553881450186	2.833837493299383	2.932428571405463	3.0245518332430477	3.1431771319386117	3.268990181472839	3.4261730353747066	3.6295699331279385	3.873073266692562	4.1553404201068584	4.4475428002255	4.736455100491454	4.993570092359907	5.21578820297162	5.518762225483302	5.137050286622221	3.9535366029401082	2.6053176750928	2.0159643233443725	1.8335211362467039	1.8218140920251247	1.030658488006429	1.1779814591241613	1.218794095678666	1.2373927984396826	1.2467581429048558	1.2518190180619717	1.2534071287173632	1.2523740438398754	1.2490971908867692	1.2434202166265047	1.2357326395011	1.2265324693696278	1.2167574317333838	1.2069952760802254	1.1963387197461581	1.1857339800886821	1.1751552490839687	1.1652101637479064	1.1565258097611268	1.1491858115160976	1.1432505682224914	1.1385818834183608	1.1346822654061428	1.129929336689043	1.1231671027730854	1.1165704944275423	1.1020387805610352	1.0707504367552563	1.0308518584828572	0.9964669413983457	0.967818319266756	0.9337777665515874	0.0001501126913322507	0.000274683082659487	0.00036945663910215975	0.00045455297819220486	0.0005344734728403803	0.0006094294972274931	0.0006801137328814989	0.0007419693072546771	0.0007996865549944942	0.0008552889812638606	0.0009090854425843802	0.000963193219128046	0.0010141502013894398	0.0010623396961190476	0.0011120906447958537	0.00116235019035799	0.0012125546817877766	0.0012591429084693765	0.001304912749734127	0.0013571730580337186	0.0014101039783505026	0.0014599747580226724	0.0015064001597203068	0.0015478294520875943	0.0015935991945424616	0.0016319420897885283	0.001665048202801415	0.0017044132525553212	0.0017235106653307423	0.001736477734632646	0.0018052100248182729	0.0021129128696048233	2.383076150601301	2.5226304544416993	2.60318654621132	2.6565679072913064	2.6987445564987693	2.739585043529486	2.7783769348094816	2.8265521158323277	2.855206021643444	2.876551697739339	2.893533500158893	2.8862845563285204	2.8842420576122234	2.8901733468400295	2.9026435912244355	2.9340857640547804	2.9680034541304208	3.0217759948545573	3.093395168661155	3.1699098733673474	3.2564472575552976	3.358953991669266	3.4804955470093524	3.650693978373329	3.813031903956841	4.0119568709873015	4.241920050971371	4.472313041097017	4.779034634596959	5.194209836228821	5.43643810087167	4.89498353315013	-1.0517604772136284	-1.1472204546417377	-1.1503263382895765	-1.1400247580065943	-1.1273939568080535	-1.1143119149158394	-1.1017777642784805	-1.0909850984289053	-1.0815646950037692	-1.0735043957598762	-1.0659098729045335	-1.0580849822861758	-1.0507850440930526	-1.043852025622095	-1.0375626585975217	-1.0319707039497077	-1.0268317387071848	-1.0222387270892646	-1.017411184754812	-1.0113358993345285	-1.0045683692372747	-0.9980738006935941	-0.9927120027716739	-0.9887191023058038	-0.9845761192093281	-0.9806139042669202	-0.976378870383354	-0.9713457441585223	-0.9677955016634037	-0.9657395999740253	-0.960526062505026	-0.9366030930407705
naca2412:a0:re1000000:n2	0.9768390023062539	0.22948237675188937	0.008397413249942002	-0.050602777567201454	0.4222242107060465	0.22664923530088596	7.051836503763153e-05	0.00011557982618920391	0.0001500322422728844	0.00017901626086529125	0.00020437013716202834	0.0002273885875252342	0.0002501431916893293	0.0002734807515646517	0.0002963184153398231	0.00031997295794700164	0.0003452925159739426	0.0003690435136015702	0.0003772007517622606	0.0003931750518410654	0.00045553790056750035	0.0005376778723157738	0.0006159831266238018	0.0006945737389703714	0.0007766518601775227	0.0008620635904860945	0.0009494842577697212	0.0010389937588674402	0.0011331226734892135	0.0012341090146689522	0.0013437809445529098	0.0014637921508866712	0.0015942594859922935	0.0017385553415613225	0.001908170004311118	0.0021250136252476395	0.002419425054726708	0.0028549876419471246	2.352954324987972	2.4241361677916777	2.4652247811485593	2.475508205703387	2.4881112167280186	2.5062243820244956	2.5327372349587947	2.564467210769407	2.6022101385383962	2.6453115870179147	2.7011105827297976	2.7565304898049825	2.930372679470923	2.666417626594795	1.9060790401632102	1.5439770022216286	1.460768950145443	1.4476784525108357	1.451486091473148	1.4505789861978449	1.4516742550530837	1.4585526822469248	1.4634740523245113	1.4675731194656971	1.47159599833878	1.473980951403535	1.4803866797966592	1.4925605953799923	1.5101477337706726	1.5339857491955184	1.5787574412139165	1.6743526711549064	1.0031076831847923	1.1639557851107032	1.2072642011509365	1.227676363893781	1.2399302003974868	1.246084181863242	1.2483673948682772	1.2469363320158708	1.2435755840152245	1.2388881197039852	1.2329004989161056	1.2245394414371418	1.2197734104567015	1.2084756409691133	1.1854434449114106	1.1718723211124538	1.1649305569943076	1.158330072494989	1.1501939406810093	1.1407760522039843	1.1309031406037924	1.1207824556064707	1.1100800991971953	1.098506577407512	1.0856539164858237	1.0714024288566146	1.0559625163175332	1.0390508164309817	1.0195096952688614	0.9951998858751824	0.9647082898735899	0.9259656893765505	6.847968222784952e-05	0.00012187069473994762	0.00016596458478918807	0.00020655202554247076	0.0002430853970055797	0.0002734935966467183	0.0002911028239555415	0.0003178652859334679	0.00040395924011804606	0.0004947790183376762	0.0005698138451328365	0.0006433931387318069	0.000720521709488719	0.0008008229213734739	0.000880255727909312	0.0009607475591288194	0.001043469340057531	0.001122931191958378	0.0012018688750559281	0.0012819343432103505	0.0013640494133889914	0.0014470180003532387	0.0015293037234170523	0.0016118732902160897	0.0016951710924891516	0.0017817295613277244	0.001872462975396623	0.0019711418164948006	0.0020845654316012834	0.0022219057817235727	0.0023997774387796876	0.0026451749391036773	2.387859123909342	2.5272240204587475	2.602656775062266	2.6342796680489253	2.6793371464772577	2.7271726071713784	2.7859483852135343	2.4564658076333714	1.6781592019722802	1.5055376220418357	1.4722254926386047	1.4612603935214554	1.4612488372424248	1.4571629585976713	1.4587694333673564	1.4593199164243744	1.456113421595091	1.453941011273452	1.4517106620331397	1.4511743478859747	1.4516078463800994	1.4527068951838427	1.4537992813713292	1.45324486323369	1.4524085700417	1.4501584133216077	1.4493919581234005	1.4513781057116464	1.456617542223398	1.4674932506158773	1.4870795045745	1.5186357986606598	-1.0649964866070383	-1.1646257842441694	-1.1622143401372922	-1.1479361412987124	-1.1344015543823327	-1.1231948858010994	-1.1152774897998214	-1.10305779758708	-1.0788373415014112	-1.071450801343958	-1.0664838833479338	-1.0612428809401555	-1.0558306776089545	-1.0495604769223459	-1.0434439609596555	-1.037279710823124	-1.031283793362481	-1.025726331925709	-1.020184378355586	-1.0145185656041449	-1.0086408786716974	-1.0028369021512407	-0.9972347043926745	-0.9917361190319519	-0.9861546062319116	-0.980340623155627	-0.9740238309161913	-0.9668857497819102	-0.9581118332302618	-0.946780840471588	-0.931850363232376	-0.9115849013768365
naca2412:a0:re1000000:n4	0.9682063419774621	0.23200111689455596	0.007434955848916245	-0.05123947640902493	0.5212435577038586	0.3517400003406484	7.00674677466079e-05	0.00011586675281154359	0.00014992930725758402	0.0001791150736170221	0.00020402699706008803	0.00022660714071316874	0.00024927950678350365	0.00027216269693982817	0.00029449012396711376	0.00031640691197390474	0.0003400748633972237	0.0003637375877458552	0.00039045963481724403	0.00041625409432642055	0.0004444580074469692	0.00045666070394421494	0.0004707641134617831	0.0005281405817151204	0.0006200470350421322	0.0006928057860557857	0.0007613374793855022	0.000843964283522652	0.0009324426123919309	0.0010267077055848158	0.0011262081661553808	0.0012341561961800654	0.0013537992927959918	0.0014886015718890777	0.001646885960047444	0.0018485445410324393	0.0021170475415560872	0.0025053234345579775	2.355393570835357	2.431716828736939	2.469862858376195	2.4885298878105826	2.502827897427873	2.518740215298969	2.543478422408314	2.5751393815381722	2.613134033765235	2.662499469675353	2.7117112884940044	2.7709348683672914	2.8098892370156676	2.894309093033286	2.934511745484722	3.0277218571361124	2.767229941585577	2.1716680958262646	1.6000377150473144	1.4576642130563517	1.447766633993962	1.4486431901695207	1.4510703298558052	1.4516870389206413	1.4558851104793515	1.4622024512490526	1.4696220636420934	1.4819960082284866	1.4997849533884842	1.52290271145337	1.5666156681550338	1.660814053797939	1.008844571569845	1.1667253326616003	1.208374475972185	1.22827609749657	1.2399679669110653	1.2468571016817764	1.2501072394418509	1.249181504908313	1.2448192896128565	1.2382842719472258	1.2302361767530314	1.2218010228034912	1.2130156441865654	1.2052227150788961	1.1961079738699403	1.1901233836525247	1.1799114539342836	1.1608371463877794	1.141007023367166	1.1321388856495003	1.1262102801279474	1.1177511856236504	1.1085478205217678	1.0979501905647777	1.0861124520711254	1.07291374837425	1.0579433483554366	1.0408556530314432	1.020672889234695	0.995624055491156	0.9646098805895762	0.9249811286207856	6.812471923464905e-05	0.00012195653463140297	0.0001649730448333992	0.00020454511833876033	0.0002395302648036058	0.00027398842401723394	0.00030663045207709533	0.0003298935536451785	0.00035415859482807854	0.0003773355145551142	0.0003932534377297192	0.0004327325113043522	0.000493039677683102	0.0005765386099028543	0.0006542781355064205	0.0007279499057500676	0.0007957672892321168	0.0008682850520941623	0.0009500933892115099	0.0010336939141244433	0.0011161522812030687	0.0011975311054743265	0.0012765698011818931	0.0013550330592581655	0.0014341721427024363	0.0015174764552616103	0.0016050418628478222	0.0016996730106335223	0.0018105345110904455	0.0019480377506287715	0.0021231306365742755	0.002353344402841499	2.3910095639828852	2.5281755009870484	2.600139801531419	2.645352443817024	2.7004938847045166	2.745411389872912	2.7582900882197428	2.81063534295134	2.818546322878357	2.832520499497213	2.805312438262092	2.2842930165957216	1.8208069202625436	1.529735145118195	1.4734249922864735	1.4514723774365514	1.452555775321673	1.4617907136265786	1.4567660052795086	1.452631284561831	1.4536691333653275	1.4552949876607817	1.4555329334807379	1.4545057541241244	1.4528919411053216	1.4491515698263187	1.4487867751522794	1.452615472920989	1.4594653517859473	1.4696356996133035	1.4890037477938278	1.522221971145593	-1.0678655852705017	-1.1605147321360971	-1.1587269192495702	-1.1460827810676169	-1.13294483503944	-1.1214019588297615	-1.1096706168092325	-1.099243954126687	-1.0898074164467444	-1.0819542048231308	-1.0759062098665553	-1.062082848677194	-1.048117874109281	-1.0385774932698815	-1.0371127418167128	-1.0341070062131088	-1.0307105253264957	-1.026243944997228	-1.0199104836573407	-1.0134373427333454	-1.0074185440538819	-1.0018924322463603	-0.9968542178650959	-0.9920673765483814	-0.9871501502535964	-0.9817696935028282	-0.9757311992634367	-0.9686044021676755	-0.9593153469558469	-0.9467228615661059	-0.9303690855744648	-0.9097884701102403
naca2412:a0:re1000000:n9	0.9656693962143971	0.2330030869547051	0.005642425855493968	-0.05192106908742276	0.6640033635650362	0.6697959944801404	6.986878013156558e-05	0.00011609269753758932	0.00015094177623154237	0.0001804550660317349	0.00020644461629390707	0.00023072815254941538	0.0002532270399031141	0.0002739034217334257	0.0002947825051000459	0.00031758105796150804	0.00033930063298072026	0.00036113487109266457	0.00038533027229658	0.0004121355729121178	0.0004396248605098954	0.00046589718637570095	0.000489962381053463	0.0005147948620416623	0.0005386603021234513	0.0005499352942543615	0.0005570732756110296	0.0006005722855006335	0.0007133911056732299	0.0008162484005527602	0.0008878423743889938	0.0009721236894384355	0.0010724453075991276	0.0011917728858079333	0.0013320569193412276	0.001507301077366442	0.0017418931153431385	0.0020867554983756624	2.3625005572538575	2.447806159664518	2.4727048238094214	2.492478712299133	2.5085866707725835	2.5240297419126003	2.552872726423388	2.5813777240324014	2.622911481197415	2.66599531878826	2.7282770383371537	2.7829758106938596	2.84694783436777	2.919733571736203	2.9981065305864574	3.090856280402977	3.1971756366545754	3.2998504392286274	3.4023691764947226	3.54794447948442	3.447497448224171	2.804193132341661	1.8748820901623997	1.5289022895598496	1.4587841623609743	1.4420444393644918	1.4382596072554654	1.4467443920379575	1.4585722227088598	1.4791168749138714	1.515513876042738	1.593382807943067	1.0121817386779182	1.1670837990631726	1.2070769303052766	1.2259960348460321	1.237292393992801	1.2441168737799473	1.2472344767764074	1.2467091493722502	1.2441519768619806	1.238692361477528	1.2310867628940687	1.2222538055814685	1.2134912690776314	1.2037239663108594	1.1939552201390262	1.1849427884557149	1.1775236149026589	1.1705055754880218	1.162727201030131	1.1546690237553254	1.144986294942972	1.127453678972854	1.101839480097568	1.0865172024884417	1.0789413146110152	1.0688025430337569	1.0556083567219767	1.0391738528776622	1.0191824460832006	0.9943722904021023	0.963023912679724	0.9212462921954503	6.701031406722272e-05	0.00012215538345140654	0.0001663044827172569	0.0002054618843308134	0.00023991941395976738	0.0002701427739476718	0.00029998454861598044	0.00032885233747184016	0.00035640098798683984	0.00038044208327158954	0.00040681202013651734	0.00043319754852100484	0.00045857918420012404	0.0004803105539639298	0.0005035978306636501	0.0005278864757283781	0.0005494222363414744	0.0005652949507959121	0.0005754213934338849	0.0005821978393788708	0.000590919831665944	0.000620093860118832	0.0006908186091569075	0.0007777541250025512	0.0008584142725583203	0.0009265258916688772	0.0009982648602020884	0.0010825867333689636	0.0011713179858175425	0.0012807094898680364	0.0014267946932776292	0.001608076636281963	2.389193434299965	2.542829984870193	2.602862048568017	2.652034434551991	2.700863536521438	2.7503340190769534	2.7855605634997502	2.822602801151823	2.8406104923276936	2.875847024588605	2.8652519411855337	2.8790485427210055	2.8766370732369007	2.8875013645157157	2.8778987854035125	2.887278080520046	2.9232935944857577	2.964801884573546	3.007303850218234	3.040964739800685	2.967646733000362	2.6501644054762736	2.0760681881659853	1.6985517085487325	1.5022177198418603	1.4489557182066488	1.432916547612566	1.4269820563274775	1.4367073162794182	1.4458305016255928	1.4568776412422682	1.4971855756071957	-1.0719600571175294	-1.1627479942347392	-1.1581997868905163	-1.145395251459179	-1.1325853410037827	-1.1205760064160304	-1.1094757731496498	-1.0991287772784735	-1.088858416452764	-1.079888976658157	-1.0708306683518922	-1.0630244133286082	-1.0562663485290935	-1.050757703354307	-1.04525669547241	-1.0396287183271726	-1.0344180576388435	-1.0299174912180433	-1.025541007084057	-1.021141970458364	-1.016060145740207	-1.0076670587493255	-0.9948634987938365	-0.9845664211269486	-0.9792929329909745	-0.9769923776833027	-0.9733110809804008	-0.9668206889128386	-0.9584550565063064	-0.9462597225349386	-0.928695691518445	-0.9061816521774763
naca2412:a3:re200000:n2	0.9792322423739	0.5534164216293903	0.011461319287725156	-0.04713439312416133	0.4147992403273356	0.9576813063537153	0.0001663421152242526	0.0002841829179161512	0.00036894047373430304	0.00044320640546140336	0.0005056050331871804	0.0005616090468477153	0.0006180573039402062	0.0006798138789536448	0.0007421042282979143	0.0007996017608139026	0.0008574037163635496	0.0009151873944008133	0.0009436187484170768	0.00100418135857869	0.001098923373426329	0.0012326431644625135	0.001369983766969349	0.001502574335667893	0.0016318354755740364	0.0017648593283284524	0.0019042821973498537	0.002055015154672203	0.002221134112677869	0.002402814481416197	0.002600796763953774	0.0028138700221885483	0.0030434882867799488	0.0033073731145224126	0.0036233782949243146	0.004024046215601997	0.00455420440254914	0.005234734469451971	2.4731294881279413	2.588917191079689	2.629766259315505	2.633053809165285	2.6530795665083473	2.6694951902540494	2.713794521262718	2.7662891378308547	2.8173894806476656	2.896225545094404	2.9764899942098904	3.0700603127099733	3.28313853583235	2.9534638413630123	2.4581312733934415	1.9836443905823076	1.739565762431005	1.6341296730030381	1.5968942798846744	1.566512619928562	1.5461861319425725	1.5405130030659213	1.5354103598417155	1.5361352346797954	1.5404554107783557	1.5497273985658022	1.5667802141308775	1.5899133180326077	1.6236477868741261	1.6711695141280312	1.7474639332337472	1.8794062802878755	1.3772179642347293	1.410653127019357	1.402772321433415	1.3920083325918924	1.3820984062593822	1.370697957048999	1.3595675683678814	1.3474418567786437	1.335126245009087	1.3237072128934715	1.3119651811334532	1.2999656449312447	1.291434110111155	1.2724227163726036	1.2516010598854765	1.23018331761745	1.2127242799250064	1.1985507546760132	1.1849471826800815	1.1712565585066346	1.1580987767584547	1.1450189909872908	1.1313699152111036	1.1168865282163265	1.1013248427400737	1.0846760514256424	1.0669458086479262	1.0474606763968812	1.0250741467539783	0.9984696103626096	0.967084873236765	0.9336460625444054	0.00013669120752423123	0.00024339548913818014	0.0003311059767212172	0.0004081276969666582	0.0004765015080011606	0.0005362632660069631	0.0005932150201006618	0.0006524851548745166	0.000707523359023323	0.0007557309431784963	0.0008050440368735538	0.0008544341167704639	0.0008995677601535489	0.000942996996625069	0.0009861264583884014	0.0010253517407612404	0.0010664207147550117	0.0011094461290302102	0.0011547031562702322	0.001200691513511084	0.0012435443029843035	0.001283967949310309	0.0013226131979956572	0.0013596246567824058	0.0013946219906368616	0.0014340648531412003	0.0014769626292363985	0.0015138408060028018	0.0015461225373214224	0.001592577952802964	0.0016465826937622845	0.00173913081571344	2.29674520078419	2.401186146594568	2.46170889567853	2.4963364154962586	2.514561784945365	2.5344976118746616	2.5558490216748244	2.576963444737233	2.5925863770111746	2.606778165387335	2.6139522745842965	2.6299690922452545	2.642737837761556	2.6357889418343166	2.633715059114371	2.6466364835986367	2.6496351177296593	2.660656653684357	2.683656902336868	2.7042520356089392	2.725621016588427	2.750987360286046	2.7789846078495484	2.806991208681978	2.8407666208393576	2.863920658502203	2.8756606593257823	2.9085061424577883	2.9653820502931083	2.9895930262647505	2.9955361029798593	2.9566428029836618	-0.683839322207782	-0.9200747207569248	-0.9732049185950387	-0.992092995528576	-1.0006733669249255	-1.0053898004994928	-1.0081869054753327	-1.0085994674044505	-1.0066469206025102	-1.0042505971335145	-1.001811100219454	-0.999215085205603	-0.9964655990787225	-0.9938691558006681	-0.9920718491101974	-0.990659818399588	-0.9881238984733423	-0.9852045121712281	-0.9822515074953129	-0.9790084713935369	-0.9759364628202964	-0.9731266990051981	-0.970234969070407	-0.9673823048638155	-0.964725096128819	-0.9619671957490628	-0.9590794984127401	-0.9565259074906918	-0.9534354430131369	-0.9468853344825686	-0.9371596916487838	-0.9237725571178454
naca2412:a3:re200000:n4	0.9874292679662879	0.5887905467119886	0.010916499193612114	-0.05434074886454393	0.5088731035626708	1.0	0.00016855817709061872	0.0002897924917109047	0.00037571923732146814	0.00045090317118519796	0.0005149271746625166	0.0005717310464055144	0.000628821535058054	0.0006865201728199884	0.0007447984104085105	0.0008007100639755372	0.0008588423621221533	0.0009177294752137313	0.000981525924702694	0.0010320674167390656	0.001081765661759409	0.001123448496094694	0.0011949328792787172	0.00134224975485344	0.0015311968333714986	0.0016753360721737606	0.001798787720177503	0.001928429472627196	0.0020716737845074633	0.002237204686115241	0.002420106478733391	0.002621750077057875	0.0028432526903081714	0.003094145136957801	0.003391619638582214	0.003770010755179568	0.004258679513669812	0.004886655526517395	2.479546588685446	2.6031891462674936	2.6382893531815537	2.657129402433432	2.6694467242847817	2.686466910495248	2.7170341324736027	2.767905952598642	2.82850526417258	2.9235891272889107	3.0348409086136185	3.1569518238435768	3.250705753536628	3.4114925284656286	3.5072621711964245	3.5634476325919824	3.2050735950846683	2.559059573109676	1.9584703224074809	1.7195073217228145	1.6232367644778203	1.5797960005316818	1.5520831956875436	1.5332132398827052	1.526587229673577	1.5284403278708931	1.5350707850196637	1.5501388018965572	1.5767886461199874	1.6133004853632302	1.6740914497038808	1.7799512711482555	1.3947639594782066	1.4233340040546647	1.4115666204805715	1.3991581480001518	1.3874920134632724	1.3761471414398458	1.3648728224354203	1.352636505263469	1.3391101355872943	1.3256999660209634	1.3128336116318375	1.3005544274095853	1.2887455828344097	1.2793947781955652	1.2689702290978886	1.258707207882106	1.2416393391963232	1.2166786816061146	1.191274563037419	1.1736758749146436	1.1599413530868377	1.1465189487745737	1.1334191774462983	1.1195777393595683	1.1049619853957466	1.0892305423648159	1.0721085112596203	1.0532100000953548	1.0314573065422787	1.0054239213312295	0.9749414255868103	0.9411999776673674	0.00013680395543290045	0.00024615291220301015	0.0003322494959496443	0.0004082839191324775	0.000477255087357582	0.0005385063168975169	0.000596036281962492	0.000655538460869358	0.0007099352861197622	0.0007595745782400897	0.0008103934852196541	0.0008595466269561856	0.0009047986430273246	0.0009464508568034618	0.000986768450053763	0.0010239539512487306	0.001063122076464342	0.001105524767466332	0.0011484830322063097	0.001190569833703629	0.0012285359164054361	0.0012637410688603353	0.0013032566068965194	0.0013473134550304443	0.0013929262068486676	0.0014346526262436269	0.0014791012380969248	0.0015247649230598621	0.0015779395465001069	0.001635733279968191	0.0016719413357079251	0.0016799038265211802	2.2995374010702965	2.396167350924651	2.4511335257275997	2.4914141379562667	2.5119670446161297	2.5310442168163303	2.5567162251425315	2.57293707311116	2.5884290431940737	2.6010884256713886	2.608154764477405	2.618530198602765	2.6250556636848508	2.629059393042748	2.6346528358353645	2.6562622163136074	2.666056021565621	2.6799608441346443	2.7075203245143453	2.7291010466018117	2.753265942654169	2.7797482940063776	2.803843196240944	2.8347785571593414	2.865814935165154	2.905512508849335	2.9488854079870186	3.0306262228459184	3.1494641260565674	3.2882910245413584	3.555524981583118	4.028237994744258	-0.6645058801277242	-0.9019184149953433	-0.9603284864564534	-0.9822853626497731	-0.9913699364829229	-0.9957206049617865	-0.9982693005610684	-0.998676473008663	-0.9973175267482817	-0.9956691103979973	-0.994094918187019	-0.9922996939082973	-0.9901363132156168	-0.9883082888087535	-0.986698439665192	-0.9855023314870646	-0.9832958984562226	-0.9807130527274398	-0.9780228068920119	-0.9747879966590769	-0.9714209063802519	-0.9679383214272437	-0.9640438240538544	-0.9599086634919975	-0.9556303865022642	-0.951716286593334	-0.9484501988798384	-0.9460719475668432	-0.9427925949725113	-0.9366320150461638	-0.9293269739316551	-0.9241718483279566
naca2412:a3:re200000:n9	0.985727713942168	0.6055037876098205	0.010624199477708911	-0.05817884523150102	0.6369273851656694	1.0	0.00017139534701891533	0.00028841033072885805	0.0003750361430484322	0.0004495099045717838	0.0005164537866334991	0.0005804202836840954	0.0006394690464601579	0.000693799818494542	0.0007482113225262465	0.0008101761589394052	0.0008708397487763215	0.0009296003138309157	0.000982099597282468	0.0010387550253261406	0.0010921414351125565	0.0011451768272718137	0.001185405365294037	0.0012251517403046913	0.0012509835613645688	0.0012783998119967638	0.0014266424408465475	0.001760021323072904	0.0021014971877428516	0.0023004180472431827	0.0024050621906616574	0.0025549209458468826	0.0027583770330390405	0.0030118585147070414	0.003306128342872016	0.0036594384242258425	0.004112905335461917	0.004702994573158484	2.47739030297785	2.5935357698943373	2.628641184128167	2.655093356010098	2.6770790679359524	2.7027481918274425	2.747880839089064	2.79919046323395	2.8762362602547924	2.9636612383123024	3.1102499503192322	3.267139917298835	3.5161328402995236	3.782456963772183	4.092470802315201	4.399518051947879	4.71907985318506	4.93914538476136	5.146601414797556	5.200505485002558	4.186611702504865	2.762182212744349	1.955271669843393	1.682035951253244	1.594147261499165	1.5304814541863867	1.5033963257396854	1.496253928308892	1.4990242815962675	1.5166235305373792	1.553343558691538	1.6253002519659498	1.4045840784382115	1.4281859414654292	1.416944374527663	1.4041646142461472	1.3912354307506456	1.378380727063138	1.3657592197352781	1.352813703700322	1.3399254502355573	1.3255337080509986	1.3110697110937046	1.296577763929786	1.2850572220614174	1.273633805249815	1.2637988043350146	1.254919821190466	1.2475758217937631	1.239858763752955	1.2319594560614089	1.222781164921282	1.1997177513378223	1.1644228102387966	1.1333869090007416	1.113392754667299	1.0988713326486064	1.0843104731898174	1.068826793985147	1.0510577958201812	1.0307021794622646	1.0067046305287246	0.9781896040567051	0.9461744735338156	0.0001368103164385705	0.0002456180271620282	0.0003328985581951893	0.00040847441767358385	0.0004765119863720328	0.0005402153992299449	0.0006005162548965425	0.0006575435304838465	0.000712023505457716	0.0007643228706123584	0.0008166205149424312	0.0008653294350244138	0.0009105241387492957	0.0009500470100040616	0.0009880408681509384	0.0010257822014534833	0.0010639499576129284	0.0011030833654617996	0.0011437242513290472	0.0011853645311248721	0.0012254652511450729	0.0012632229289259713	0.0013027267227318803	0.0013448532637707327	0.0013899608240707537	0.001436418838435806	0.0014920660543263234	0.0015460315551774986	0.0015953290992567854	0.0016427390761199767	0.0016708876963381996	0.0017162067021128007	2.3048659202734014	2.3950936380689605	2.445730714473899	2.4838622541463375	2.5085620301128313	2.5290722756519397	2.5507170334249993	2.565711608302371	2.5796833942050137	2.5931590236276536	2.5979657401295064	2.608248972621675	2.6050205778936695	2.618475416895983	2.622337722764429	2.6353679031468973	2.653226915923885	2.6742508525920994	2.6997313272507157	2.7279145580103203	2.7566806317209998	2.784689334253347	2.807508291421353	2.833550238836529	2.8588594818807618	2.8957915746933596	2.936175869939377	3.0189464237322947	3.16467177678776	3.3417231446222675	3.5961410955687922	3.980643799743281	-0.6545474061336637	-0.8938787593932607	-0.9538534212834062	-0.9773006189742433	-0.9878251742751827	-0.9927525275497223	-0.994576973854632	-0.9945384459921978	-0.9933849256299101	-0.991876324895155	-0.9901485292962404	-0.9884523062153564	-0.9861078965871456	-0.9846447691582385	-0.9830511657297006	-0.9817447279237359	-0.9804267908618465	-0.9789575517677602	-0.9769895141417233	-0.9742847514905115	-0.970861547647305	-0.9668507426784118	-0.9624898279307611	-0.9582187566784015	-0.9541893589778278	-0.9502883605693161	-0.9459106137053153	-0.9417348286419883	-0.9381407818899656	-0.9346311708039468	-0.9326133038960844	-0.9268613853226335
naca2412:a3:re1000000:n2	0.9799006002305474	0.5562255273293235	0.008932707882452337	-0.04953330572015449	0.22421889529107272	0.5568977622846625	7.623274090735275e-05	0.00012759107302506641	0.00016849887797842257	0.00020128860527967413	0.00022911566255879126	0.0002519651211851726	0.0002696366046293267	0.00029463178471458157	0.0003713186621438382	0.0004590373757332894	0.0005398993421984592	0.0006202666263781241	0.0007036235777517869	0.0007956442892109645	0.0008892825721470294	0.0009887079432888773	0.0010930306627138782	0.0011930345785357073	0.0012935263149902241	0.001396412062995022	0.0015039293635268098	0.0016169774117602597	0.001737789453277884	0.0018694242487774198	0.0020138773473542784	0.0021727375331124536	0.0023496497710285107	0.00255632833467636	0.0028077677700696154	0.0031289279880806755	0.003565013457172587	0.004191709689115378	2.4737648695178858	2.585838874908404	2.6151593041123578	2.6272336486740833	2.653910571954614	2.669906743307386	2.6612430482405434	2.3840843621068033	1.6691269886045017	1.4970695687810225	1.463112802426185	1.457061209356942	1.4636096623797654	1.4568670966235189	1.462258856038309	1.466343721681124	1.468204214664377	1.4689904945080914	1.465993036811879	1.4663812376460548	1.4682864438579228	1.4715754048973824	1.475727446991189	1.4805433842206464	1.4867273061911448	1.4952166543618925	1.5071500713419947	1.5225416837244035	1.5459745975830168	1.5846647746441405	1.6513280354470543	1.7778778215405473	1.3751218965343601	1.4104186285553735	1.3988066359917795	1.3871002543109032	1.3783181701457294	1.3697513754974486	1.3617254043217484	1.34957389312263	1.3246699229344823	1.3136263164851862	1.30342805649927	1.2910235016600984	1.2769745368643712	1.2608308456722437	1.2451481240825442	1.2297314756888453	1.2152262829871658	1.2016798669789297	1.1884777629084868	1.17543934303748	1.1621832980749534	1.1485465202851068	1.1343694977152212	1.1194034938067132	1.103425748307798	1.086422832954934	1.0681898103652885	1.0482467102115696	1.0255350459074426	0.9983998595637823	0.965254373325898	0.9252058964859413	6.082066266180658e-05	0.00010928625485461613	0.0001487451091838968	0.0001838654394793232	0.00021360248360828866	0.0002406063098902725	0.00026708534911343854	0.0002927081950377328	0.00031774027913008613	0.0003400299317250555	0.000362520370673049	0.00038179867585178256	0.0004025228997778521	0.00041944757845474703	0.0004424726769604201	0.0004563919321830067	0.00046270879162140985	0.0004789080691153298	0.0005135250768294833	0.0005795895429692698	0.0006585459743350266	0.0007329636055216749	0.0007996806966982342	0.0008632891955174407	0.0009266640317608164	0.0009928698378126944	0.001062688397445434	0.001137580486920862	0.001216657333404348	0.0013101061467400135	0.0014255529306115078	0.001568852381203316	2.300138551732421	2.4003534098890276	2.4585940081308455	2.485228181757511	2.51759160175045	2.543937725717804	2.562044314074458	2.580480079505294	2.5886232645227674	2.621873996063753	2.6201722385850523	2.6430698006136857	2.6142083991998706	2.6554912692492687	2.6320946850138736	2.6589615515876885	2.621438365605192	2.475999318758196	2.2135035442059694	1.8440618604942947	1.608357774666573	1.4889423926156007	1.452530458801048	1.4422612260182168	1.4423540144606752	1.4456218642840395	1.4452401283674896	1.4458443262188128	1.452224857800327	1.456604427281758	1.4667971726913258	1.493768655390588	-0.6822772917702904	-0.9192004026437376	-0.973806678995151	-0.9924838084712337	-1.0006761725352011	-1.0042227566135034	-1.0055792008590054	-1.0049606448827655	-1.003085676169406	-1.0012721718135709	-0.9984366023403706	-0.996547795116723	-0.9943019552315389	-0.9950086303197825	-0.9937620655282091	-0.993464252657079	-0.9913157211544819	-0.9876477010059841	-0.9824021183694359	-0.9740122670676756	-0.9674394900275114	-0.9646770372950296	-0.9633354452186351	-0.9621437828327671	-0.9605820528966882	-0.9585032168147525	-0.9557400002113184	-0.9518678984968589	-0.9465597147018631	-0.9383695953591276	-0.9269034514467273	-0.9121441472244507
naca2412:a3:re1000000:n4	0.9819367561475597	0.5561931135596225	0.007398340662033802	-0.04917164982805219	0.33593228357883764	0.8299096528449741	7.606997331820845e-05	0.0001272980525656315	0.00016564026983929348	0.0001990236463384817	0.00022633738257304295	0.0002539749196354347	0.0002814830702382667	0.0003020048367163564	0.0003251527254411029	0.0003461866459773178	0.00035718862311072413	0.0004179188122037889	0.0005039914341466544	0.0005920980909464567	0.0006770282742717872	0.0007666625895570859	0.0008541392704292549	0.0009457320273789394	0.0010459034457940479	0.0011481515864602062	0.0012518593284629633	0.0013585461326247347	0.001469217180849197	0.0015870092480033023	0.001715633575670805	0.0018603612529132225	0.0020228593587472846	0.0022120133373685073	0.0024407308918783376	0.002734391478180753	0.0031360121024290467	0.0037112055485806115	2.4760881297806177	2.584974173691429	2.6139009698519615	2.6399416851476154	2.670372824740388	2.6864864794939223	2.679716795351924	2.7330156280761884	2.7840910059280697	2.8505431099573917	2.8512477086158565	2.0235667188379938	1.5995590193578324	1.4651059791607126	1.4581084302727954	1.44569359833613	1.45381782978618	1.4631436383049536	1.4577392863767042	1.4558728622851094	1.4595973437486438	1.4642660493469337	1.4690363442381669	1.474211242931218	1.4804446070088857	1.487603472773343	1.499638517819555	1.5157406090485006	1.5393953980890653	1.5756519511874314	1.640279564705275	1.7682750114113812	1.3786073755874204	1.408121963939195	1.3978410967191417	1.3874967366428568	1.3785770217448885	1.369786300266312	1.3587273452187854	1.347860865522594	1.3371064787902895	1.3265914823573035	1.3166701793709137	1.2886623668381088	1.2671895959152861	1.2533031976385292	1.2426347975122758	1.2292334483625842	1.2160543388674734	1.202600256222027	1.1882321896763615	1.1745482030621468	1.1613273450566868	1.1480544569004818	1.1345386888793767	1.1203115885815738	1.1049476795743924	1.0882005057555149	1.0699325730585918	1.0496209520244217	1.0263526146461912	0.9983650566416264	0.9641138907189744	0.9233597863545926	6.055636069956299e-05	0.00010960182263527808	0.00014878272293914607	0.00018371748921825512	0.0002147717612264431	0.00024230467372743315	0.0002685989590775472	0.00029486931026913017	0.000319583873735847	0.00034110505602497754	0.000362406123461443	0.00038369603070289904	0.00040330248469626183	0.00042296143300565907	0.00044312229117018806	0.00046264060632257093	0.0004821485575909417	0.0005025835958277875	0.0005230633576578523	0.000541319140607509	0.0005602944259028029	0.0005787039131995214	0.0005928525592507458	0.0006053414354869781	0.0006091621188665225	0.0006170909875744161	0.0006408832344396168	0.000691647172773221	0.0007755324031108918	0.0008698772716331394	0.000961639424771075	0.0010770065123886113	2.307513512590563	2.3986298130324006	2.4606719930939978	2.4962986675082632	2.511091011756722	2.5305635367160124	2.5582841601437094	2.5844150904034353	2.5968209354190828	2.6093455604149276	2.611315527458893	2.6223192686168524	2.640887254952232	2.627014836681243	2.619918165804321	2.623763396588928	2.639413412923191	2.658083870588326	2.678843965510119	2.701013548131777	2.72052290269231	2.743633829015091	2.7875690991508324	2.7829936683294325	2.7865515164307917	2.7138692368255475	2.464225086783027	2.153603114145094	1.8059600271576695	1.609539504344961	1.5183672246225932	1.4998273734641512	-0.6847898715741204	-0.9198996503253025	-0.973200730058613	-0.9922842863109109	-1.0004074456309815	-1.004321814639944	-1.0063833265247208	-1.0063025686229166	-1.0042236566274942	-1.001769415970631	-0.9992865283958817	-0.9970778635992776	-0.9954976414559763	-0.9932387863937469	-0.9910397277488352	-0.9885201819892916	-0.9856667408071762	-0.9826020225431804	-0.9797540375667415	-0.9776452801939708	-0.9758413806254624	-0.9742136676498814	-0.9727728463005476	-0.9699435844648501	-0.9674653853914095	-0.9645251857043798	-0.959894185323644	-0.9532424104036624	-0.9436784425993401	-0.9331753498943612	-0.9220929811874128	-0.9065972106572514
naca2412:a3:re1000000:n9	0.9596311123356228	0.5840463812382533	0.006326301001289332	-0.05348423155051103	0.46851631198499827	1.0	7.600819865907362e-05	0.00012856366694442736	0.0001674192897111283	0.0001998131900374794	0.000227654046099235	0.00025185045019757217	0.0002767679234546722	0.00030256677337624536	0.00032889433708321826	0.0003547091480612636	0.00038111581342508295	0.0004073815912985679	0.0004374460464267412	0.0004584882012884107	0.0004731302260553198	0.0005369797133895496	0.0006291922526880973	0.0007152247048732242	0.0007887315767662036	0.0008765048784594385	0.0009730125222551695	0.00107023357716721	0.0011726793674044092	0.0012845017864881482	0.0014038161482959688	0.0015360787771150047	0.001680845034972964	0.0018413098513516645	0.0020323487779004066	0.0022836223752792837	0.0026366796889496255	0.0031518846252459798	2.4706485466459136	2.5937538630668335	2.62407755039098	2.639816958061705	2.6563417917917977	2.6827458956901036	2.7102307552999023	2.7606745771000756	2.816245517617961	2.9021136866055817	3.024544041016221	3.173972236824316	3.269834737295411	3.433663320240367	3.4004705213822835	2.347014432783122	1.662501209978298	1.4420861858333605	1.4377105972959487	1.4412706575134806	1.4381030918240605	1.4478040229072011	1.454353199277404	1.4582367273563945	1.4655242702706996	1.4706819474147301	1.479524216642836	1.4955790255288421	1.5180480466850192	1.5470320468119947	1.6012032486501058	1.7213426245982641	1.3959892174704678	1.4201148620472457	1.4046060696832525	1.3934483178392418	1.3843011604588096	1.3746120720921062	1.3640280940504645	1.3523632547865665	1.3391440959374488	1.3256380631537188	1.3126127539773416	1.3005589071501902	1.2883733101303805	1.2789774194557804	1.2672117185621747	1.2356786566923113	1.2090790427223117	1.195767756741657	1.1879913037380356	1.177255638685333	1.1648165041179224	1.1523200542051844	1.1391218787197557	1.124849706441887	1.1094000749958282	1.0925047869310887	1.0743218171746747	1.0547744651246551	1.0324632266727627	1.0049796867179124	0.9703852397600887	0.9278223182823812	6.022818165004623e-05	0.00011032563800305199	0.0001497924253166288	0.00018338291947531937	0.0002141034851246558	0.0002423379250597681	0.0002683937762458271	0.00029392608262039774	0.00031878615029597217	0.0003423606535195346	0.00036468681925286067	0.0003859781614448816	0.0004059823398635282	0.0004263471828171268	0.00044653314133257335	0.0004654868528145912	0.0004844414218798543	0.000503566520638498	0.0005215687680660152	0.000539753285992804	0.0005583001836999431	0.0005773220284759668	0.000597159332365017	0.0006172443183066358	0.0006396124747054248	0.0006608501139980704	0.0006836643891394928	0.0007103560764592932	0.0007384023918816782	0.0007540587818408622	0.0007572086349200527	0.0007964789540797318	2.3029305744949404	2.3984907175054584	2.453388650745287	2.4881551331991343	2.504613347308084	2.524294226366063	2.5542993807283314	2.5783463568850435	2.5924556344845975	2.6060166666366538	2.6163472847098284	2.6187827590114	2.6293050114137477	2.630072073153626	2.6353733875692593	2.656209177626445	2.669779086127578	2.6924383264415157	2.724433070387912	2.7483000021060695	2.7691279942498697	2.7871248952644527	2.8034496384729026	2.828467606670391	2.8390468813971452	2.86616101900669	2.925009689353388	3.022143315158078	3.1946338844006053	3.5823279643867427	4.282491198880985	4.755636921198815	-0.6686959619469863	-0.9064001909991595	-0.9611602747385594	-0.9825342252423845	-0.9930003131313588	-0.9980802383358498	-1.0001370380880992	-0.9998981014345152	-0.9983161278696444	-0.996378236015544	-0.9943283952406413	-0.9922712724178765	-0.9902882361649177	-0.9881351593233143	-0.986395869706259	-0.9851199833900511	-0.9833370283463035	-0.9811931363944753	-0.9785640633106776	-0.9751956335648271	-0.9714642586743674	-0.9676007490683639	-0.9637127957124887	-0.9600201689402836	-0.95594291459947	-0.9523917497858196	-0.9495535527927247	-0.9462630732355254	-0.9414893753204276	-0.9359088210641089	-0.9298740553973304	-0.9199515191118941
naca2412:a6:re200000:n2	0.9834172484590986	0.8455674303642979	0.015719285452250903	-0.04085959801676769	0.133070446429575	1.0	0.00018072843537484803	0.0003210137292737588	0.0004299786259748851	0.0004881986796795597	0.0005635680856003804	0.0006835491713654563	0.0008140841567647535	0.000943773266095521	0.0010692916378392118	0.001194877332481944	0.0013359454837033045	0.0014881150018645863	0.0016418709609709035	0.0017955734444937421	0.001953398228166458	0.0021166533157098147	0.002292879283893309	0.0024733166631383894	0.00265622985202641	0.002848877252300245	0.0030545384247182513	0.0032746451092491107	0.0035164173476360714	0.0037815561396503357	0.004077261863492538	0.004407049341236574	0.004776967105037821	0.005212428507319815	0.005735051559419323	0.006374416307999126	0.007144024961456249	0.007908359080421591	2.662057098730855	2.9027898801070307	3.0228465315167736	3.052227781008032	2.7347829945831434	2.1670901416943784	1.8019898627820392	1.7115192548046423	1.6800061903764194	1.6534489354682413	1.6152084565983211	1.6022715308984032	1.6002488491199518	1.59350974637761	1.5805354406296654	1.5826613623823356	1.581728383994873	1.5784066174668678	1.5795751813604235	1.5849003813167193	1.5916659626019878	1.5999857069618129	1.6091895208837104	1.6243401233135335	1.6434358570598766	1.6679799202169512	1.7018154926299298	1.7442120268388215	1.803650649013169	1.8893072270180755	2.015425872417346	2.1881439926599104	1.7386653223117006	1.639432263860484	1.5788664523985134	1.5413019552561822	1.5092522882784556	1.475024997404991	1.4483907634991038	1.4297387492715619	1.4101692882756947	1.3889631336816783	1.3670499501798994	1.3460981305018676	1.3255325183774285	1.3056408426696673	1.2866042078833608	1.269121376367013	1.2517630464321492	1.234432535037326	1.2173368837640717	1.200238776294449	1.1828447152446016	1.1650350313289173	1.1466958369293034	1.1279126595518534	1.108613005751148	1.0887500395247147	1.0680673261226605	1.0458930221954565	1.0215431471887761	0.9944034187440396	0.9655991440640033	0.9418323375953914	0.00012573170456477332	0.00022374075066508174	0.0003016766647260005	0.0003696630513579957	0.00043322845637719934	0.0004905445138860403	0.0005443718096394563	0.0005967126189807575	0.0006447696158336617	0.0006907433242236717	0.0007370645813247228	0.0007802281993583105	0.0008188492003310846	0.0008558032537681173	0.0008915458063707022	0.0009253536764948855	0.00096042746494761	0.000996508176169825	0.001032580311768052	0.0010676535170756664	0.0010995789007341402	0.0011293871978829164	0.0011607511115089928	0.001194712958820335	0.0012268108642338339	0.0012531087796550518	0.0012791406179762477	0.001310034115601029	0.0013535096248864567	0.0013992496775029047	0.001435540024437767	0.0014667080648672112	2.257886710585871	2.330498568556932	2.3645144103745577	2.403271792761654	2.4229273763171424	2.4423478986975895	2.4629223663243907	2.477923259344413	2.4883109819459013	2.4938650910768083	2.497569907497158	2.508152175904156	2.512033408977042	2.5043778304325004	2.509968252201161	2.518531200784598	2.519465800010119	2.521234049513382	2.5323348090311675	2.5438124940051745	2.5574347900964347	2.5711050430884343	2.5775301690007484	2.5813913559979818	2.5835428928568023	2.584108771914052	2.57731020644861	2.5720283229473893	2.5764926002038626	2.5967653110626716	2.6605155600253543	2.7796024565540303	-0.3011140140480236	-0.6782496375459433	-0.7909963960695916	-0.8438066547840677	-0.8731971931493863	-0.892333777067887	-0.9059487496118025	-0.9152594538909192	-0.9215749518724421	-0.9261938899550481	-0.92986010787978	-0.9329165221189493	-0.9354360809881864	-0.9377345716380859	-0.9403202907055611	-0.9425556228195813	-0.9434817442579797	-0.9437288655706997	-0.943639547480307	-0.943231912751795	-0.9427582510478141	-0.9424771548296049	-0.9421944641543918	-0.9418688501748893	-0.9415529225062182	-0.9415991756216621	-0.9421319780201458	-0.9427558226476731	-0.9421572165329528	-0.9393346397439355	-0.9347059255563219	-0.9301485109515218
naca2412:a6:re200000:n4	0.983477498900497	0.8593252391683888	0.014445203912247288	-0.04246665853074309	0.2384280817809854	1.0	0.00018325497368829296	0.00032251116447851635	0.00042685179692877195	0.0005176417022455735	0.0005850005141027492	0.0006447382434012008	0.0006964041401479319	0.0007505073461711158	0.0008401270552009645	0.0009798967924427304	0.0011312517093624692	0.0012587093349313374	0.0013852979713641711	0.0015243909789391839	0.0016694086606786791	0.0018316116153296177	0.0020053370790557635	0.0021762363623464465	0.002350488350605781	0.0025343856576850983	0.002730154850832243	0.0029371901675530263	0.003160044783574837	0.0034046071392835387	0.003678871838201802	0.003986445229248347	0.004330248531007104	0.004734886642186989	0.005219439915080456	0.005809704936579582	0.006517978102192481	0.007291640473191344	2.66508891408929	2.93385646522305	3.020412911448172	3.0551381546160243	3.089875597464731	3.085762080805456	3.1230263595789727	3.0332822858507242	2.553277346370204	2.030913287094084	1.759588960482025	1.6736779106572532	1.6188100422598428	1.5790761990862543	1.5622261920785192	1.5586637586200451	1.5612305664949222	1.5638679909923536	1.5615682568651645	1.5645243315265518	1.5705531036217277	1.5774698852306686	1.5870247772291601	1.6014479664561407	1.618458645231605	1.6413130550982042	1.6721686439114753	1.7104116894756074	1.763972294191458	1.8429045948156129	1.9606431484392421	2.1252503400563505	1.7440705608279026	1.643868910154644	1.5787134694904985	1.538173596140076	1.5093939351098569	1.4872597679440602	1.4689640124534376	1.4501525694773836	1.4239870841079678	1.3940579579402563	1.3691041483505857	1.3488385400236769	1.3282039444082867	1.3081491557852676	1.289587590998405	1.2716779118417674	1.2541419218624896	1.2367868636185249	1.2195536264526967	1.2024591894376595	1.1851165100405123	1.1673735616877923	1.149060333256638	1.1300533807770932	1.1103096460372617	1.0899627315903075	1.068957331874426	1.0466777088181267	1.022455623216883	0.9957326798361701	0.9676435996375655	0.9416106545380742	0.00012443054342721414	0.00022555839756347972	0.00030450628105616154	0.000373671139471261	0.00043732448663293306	0.0004950586432676953	0.000548945338108506	0.0006012777039646505	0.0006489881648509028	0.0006942566670006068	0.0007399529590516365	0.0007830559032890918	0.0008226995376041441	0.0008602698513095168	0.0008972633121498253	0.000933181718303097	0.0009691850395993503	0.0010045314430641617	0.0010389483720093628	0.0010733037287183646	0.0011064265782675918	0.0011368523126342794	0.0011672672020981724	0.0011990423204953908	0.0012285689292355038	0.0012552659706016056	0.0012846306831474621	0.0013186609792836409	0.0013585066475087259	0.001400733169326239	0.001442188393671142	0.001495345006065969	2.2547600291598044	2.3310319474563292	2.3660457007733564	2.4036201536260653	2.425126205320357	2.4423554061159	2.4597212240897823	2.4703049926274785	2.4812205662739344	2.4873404571157134	2.491903613879727	2.500825994346415	2.504991648289278	2.5060107832815657	2.5115371252687275	2.519619296733912	2.5254674880510763	2.53129651629604	2.5428267313615502	2.5544108067190576	2.5657182518602064	2.577605312714557	2.584046140143453	2.5865743184499803	2.5901565696590056	2.59375335565883	2.5878247175451974	2.583559044952878	2.5999906947403653	2.622047747978332	2.662932116473009	2.7512828072533297	-0.2979771954475212	-0.6744752315473355	-0.7877033609889731	-0.8408740964178194	-0.87033957863375	-0.8892570347551341	-0.9029209598878712	-0.9126499995191281	-0.9196759419300407	-0.9249339816556676	-0.928985286776726	-0.9321857478544532	-0.9345887654215942	-0.9368791800162993	-0.9389525103609268	-0.9406213781856091	-0.941555531359576	-0.9421284460065062	-0.9424295661386524	-0.9424329646772989	-0.9420813999657878	-0.9418560399776165	-0.9417520879886558	-0.9417376006347797	-0.9418224065458193	-0.9419187618177304	-0.9416133769362531	-0.940933439530133	-0.939697373195163	-0.937389441535664	-0.9337648038838358	-0.9284467158328541
naca2412:a6:re200000:n9	0.9834929660906451	0.8840186826013844	0.0131749795585557	-0.045965147077850765	0.40545272769675395	1.0	0.00018594795155286604	0.00032114301836602525	0.0004233295771106911	0.0005071597246897119	0.0005930650138068602	0.0006623245171312713	0.000725333706057146	0.0007868558119145835	0.0008425652554396214	0.0009094056880706233	0.0009678377851901002	0.0010032518082949715	0.001045096819546548	0.0011593412662320808	0.001427119138949585	0.0016403541046775586	0.0017598005766210523	0.0018719251197729554	0.002008938538106901	0.0021942218999423443	0.0023925187310872265	0.0025839923309502397	0.0027870822504136405	0.0030151641001014886	0.003272890524861386	0.0035605931283774882	0.003874625250942403	0.004235866168952226	0.004670657873354108	0.005221390466775049	0.005903350175690807	0.006695248225325773	2.6724372833790966	2.969439365559356	3.0094257029917615	3.07203131390901	3.059604961423127	3.1629832504953024	3.2756692041514186	3.381491503486619	3.5890357396625117	3.8209225299685667	4.071213950136953	4.233538945829024	4.0771669662481935	3.2881638515698604	2.174943439566421	1.7651227220515167	1.6118910792930632	1.5367676755800346	1.5208114957422265	1.5044651068717538	1.495683700359867	1.4989490552807843	1.5037535047971395	1.513690527002421	1.527801417540297	1.545376410479379	1.5715622504256175	1.606892811562667	1.652350728349826	1.7100507083609542	1.798046379246891	1.9421944925654615	1.7566066394775985	1.653414459931364	1.583912357600696	1.542955846733201	1.5127747843124806	1.4891836676777215	1.4660277737858811	1.4437873314318792	1.4271644558851224	1.412053766966197	1.3969957406519	1.3812118586183502	1.3628528299470197	1.3349104473389064	1.2950867317989931	1.2695106919381254	1.2504513589151243	1.234071416370715	1.2189006762050485	1.2020903610116684	1.1849471679334191	1.168326287028468	1.1515745105228246	1.1339788351452502	1.1150457855614389	1.0948610427492995	1.0735769415889207	1.0509192099178342	1.0258245020623171	0.9974387663934157	0.9672437799576548	0.9378579452842539	0.00012375843781536037	0.00022361857685478377	0.00030382263401024093	0.000373520254668704	0.00043705914074340966	0.0004961296293169396	0.000550595089381697	0.0006021745444357194	0.0006511755264524156	0.0006977923538960408	0.0007444944519062574	0.0007880407973416554	0.0008277839412194806	0.0008635610625944029	0.0008991893348284161	0.0009345300329666986	0.0009691567547734513	0.0010029382070295522	0.001037590852650785	0.0010728940097795552	0.0011073178306074197	0.0011382595181763883	0.001167540019953782	0.001197017138847839	0.001226557929501853	0.0012585556606844323	0.0012935568670205172	0.001329466156883986	0.0013644845141513773	0.0014015004513341475	0.0014481299584500858	0.0015203764753360402	2.2520877915344046	2.324964406219335	2.3664976815160594	2.402471582144054	2.4253400618624945	2.442099671338757	2.461893926392832	2.471994771726783	2.4817856646228984	2.4880221114237746	2.489847700179405	2.4989409584500146	2.4993771656511186	2.5051611551392643	2.5061343057124783	2.5140532440913903	2.5270819143265117	2.540610058417683	2.5523062376334984	2.565777955813889	2.57747838119168	2.5892822903086397	2.595146059650745	2.5943274568032093	2.5916967813186047	2.591302405735521	2.591363042011785	2.59910713623362	2.6359803330394924	2.6856346912000997	2.753153274801797	2.859158163952692	-0.2895268619403102	-0.6656060078868107	-0.7798612153061348	-0.8343156025739387	-0.8651898095775826	-0.8847589398470148	-0.8983198748588785	-0.9077762513414072	-0.9143826761451324	-0.9192767806293962	-0.9231364719961517	-0.9265358481205888	-0.9291921445104288	-0.9320422413175974	-0.9344797077682249	-0.9365726831307777	-0.9382862232370899	-0.9396634390977132	-0.9403351517563608	-0.9403751426660852	-0.9398257199442458	-0.9392842558569584	-0.9390469023248212	-0.9391324622954156	-0.9395198814959056	-0.9395492660211476	-0.9386417430934989	-0.9369535582741612	-0.9347982414345106	-0.9324656089334188	-0.9289344981626694	-0.9222668514931605
naca2412:a6:re1000000:n2	0.9736450102082721	0.8688317383737119	0.010926314307620321	-0.04542020077993787	0.05362467940872817	1.0	8.202786993669432e-05	0.00013317172782085463	0.00022620180584949118	0.00032444039340752005	0.00042010551426551254	0.0005109822957647196	0.000603397336319494	0.0006913245691525234	0.0007851831576400102	0.0008881893424497624	0.0009933551759666918	0.0010999541538664482	0.0012102849364576996	0.0013275571898971308	0.0014528430460487953	0.0015812901900964362	0.0017120165313089977	0.0018467155784169377	0.0019860060301041278	0.0021323739934051076	0.0022846778215711732	0.002443674450912439	0.002615405694904016	0.002806039288325688	0.003018410205175069	0.0032589385984520404	0.0035352087079647035	0.0038660322439514117	0.004277707039229078	0.004798602501233507	0.005466896924774997	0.006260405114252365	2.6760762986642037	2.928706505843329	1.61204019017685	1.500444729633641	1.4976699989169202	1.4873139556178006	1.4800429511223552	1.4756090143350564	1.4737441328524943	1.4726631191607593	1.4742981281753618	1.4753383949333816	1.4772140444151043	1.4799214657645217	1.4813773074615806	1.4855312666163554	1.4875687324632159	1.4880923964312356	1.491554201889598	1.494733939879727	1.4979319788715781	1.5029302742647503	1.509150106282384	1.5169302847972037	1.5290227896088457	1.545017268237804	1.5669711930359405	1.5970701983677413	1.639661307382804	1.7054629660121796	1.8088961781441548	1.9742175049771418	1.7440279561435994	1.6619493260457165	1.5689966994451212	1.5337065217608563	1.5041455462300155	1.479901992142052	1.4578566517698972	1.4364710099599745	1.416296755974908	1.395790534052255	1.3747351808379151	1.353804845287925	1.3335034401841017	1.3135927811635937	1.2939912686989161	1.2750400936825443	1.2565701782621517	1.2387945654791712	1.2214924877499411	1.2044447976354955	1.1875372281805185	1.1706709142956564	1.1535874092206369	1.135816494744575	1.117017701072295	1.096981703104559	1.075456590334619	1.0519301707656172	1.0253346168281583	0.9950032368522456	0.9609166359958926	0.9274587665205751	5.397555147224415e-05	0.00010047720279594705	0.00013721653855800799	0.00016790850801388663	0.00019601622298657666	0.0002216890557784215	0.00024588866638691954	0.0002692930231550758	0.00029165570757212224	0.0003122973026767056	0.00033130523835612645	0.00034995005012425254	0.00036694693788749786	0.0003840319357840143	0.00040106447736694173	0.00041704894236824295	0.0004330261111447064	0.00044979031177121674	0.0004671975751672582	0.0004845372220458468	0.0005009562017150266	0.0005169091329902111	0.0005328587331103943	0.00055015200548208	0.0005667517191977726	0.000582833336148913	0.0005963971095688874	0.0006043657693487532	0.0006087163195758623	0.0006185443038615084	0.0006339888427363414	0.0006729245789403118	2.2609769143287974	2.323578915731693	2.3701446150600103	2.4001612547131947	2.417810531046295	2.4417443599956714	2.4631420121413368	2.480093437895841	2.4891809028003244	2.4940196743093677	2.4960136577586582	2.4978971750861474	2.506935720185884	2.5009718391488365	2.5011446997628366	2.5120558594258027	2.5160678816723308	2.5231976459640864	2.5317455569424308	2.542222488365254	2.558075393547917	2.5772184465451926	2.59507658074717	2.6067864958885956	2.616212058636553	2.6076088302233615	2.585871486372236	2.5830457916807394	2.6081876987951063	2.6574340330738853	2.7222095910828066	2.724214247828904	-0.3035813603281079	-0.6769290279141467	-0.785260442700426	-0.8367677923649713	-0.8673176468153534	-0.8874868472733989	-0.9013294168451073	-0.9107163930743222	-0.916983933479294	-0.9214113190747666	-0.9248789885899792	-0.9275682862503102	-0.9302311924902741	-0.9324251049727882	-0.9347702340890538	-0.9372014980838442	-0.938759873640244	-0.9396455813185507	-0.9400931339500785	-0.9399297045734195	-0.9396160527592855	-0.9393752550251318	-0.9391064268235666	-0.9384299883465199	-0.9374626402001899	-0.9363797791154567	-0.9353353467563865	-0.9350190465928556	-0.9349104410859389	-0.9328355782946023	-0.9282989222679892	-0.9176944866342914
naca2412:a6:re1000000:n4	0.9701948991299321	0.8824724597723625	0.0105141499606961	-0.04810631996847657	0.08571112695181887	1.0	8.175574027678595e-05	0.00014561047212218042	0.00017418752702107326	0.00025662775802650056	0.0003434146029748326	0.0004292140961144633	0.0005184281948520417	0.0006109644915271778	0.0007066287665242206	0.0008050059942967304	0.0009061025237493505	0.0010111197591444257	0.0011200910178884324	0.0012335825016857455	0.0013539998405833228	0.0014769871023869799	0.0016027270029522328	0.0017327462889345463	0.0018678052733124802	0.0020090733267371388	0.002155890375051957	0.002308548892482904	0.00247276208498011	0.002654174401532331	0.0028544256667486344	0.0030801468772316326	0.0033392857759760555	0.0036498066589520785	0.00403512179515902	0.004529235010048503	0.005173132431912662	0.005925881617540243	2.684028084487062	2.927746197900718	2.960397657550641	1.7807162874172169	1.4838879871404702	1.479055919084431	1.4856540431554197	1.4785594946805105	1.4713496029046216	1.4721153752682758	1.4727389216209588	1.4714463065831265	1.4746228802517785	1.4786155661438443	1.4801721048777234	1.4859858628403604	1.488554016948895	1.4890699223968762	1.4921947503819049	1.4941124729118314	1.4959735677851582	1.4999887877935842	1.5058352333950265	1.5132629500602452	1.5248558898823181	1.5398500964030686	1.5608636102806581	1.589168172084689	1.6305440127299398	1.6928848132809586	1.7934904675733851	1.9558885989511994	1.7535027028412413	1.6497753500919314	1.5956970291824972	1.5305472873723205	1.5018814685841129	1.4827678438479257	1.4626328372899922	1.4415520796504508	1.4206290217558504	1.399753873303844	1.378636545394826	1.3575112845059372	1.3370563918918126	1.3168243853606034	1.2966963513170766	1.277295499619796	1.2584399174293082	1.2403622706917738	1.2228578305390814	1.2056218741618268	1.1885273446243367	1.1715284182950028	1.1544409371969824	1.1368007421680681	1.1182803199472067	1.0986229108169816	1.0774499508141477	1.0542379033566291	1.027906493271738	0.9972683539553324	0.9624012879072339	0.9290186734845193	5.467666154620733e-05	0.00010080069215433386	0.00013626607982389816	0.00016649333488355714	0.00019441788987930808	0.00022036921729859363	0.00024432386118448165	0.0002679988736727063	0.0002904698192001404	0.00031182684693616754	0.0003321109245985343	0.00035102922098257267	0.00036850057858839335	0.00038596116126230525	0.00040290503845209	0.00041831515620847036	0.0004339902737537003	0.00045063648110922546	0.0004670686794530928	0.0004831091131054979	0.0004975130447877239	0.000510408119887752	0.0005244719268763141	0.0005404225732478413	0.0005565442625126004	0.0005705542178149841	0.0005853578834588153	0.000601529307736626	0.0006253732191860767	0.000649768038461221	0.0006625267751821923	0.0006683424747426005	2.2608580879215103	2.3230935450694328	2.362998174122158	2.3927708936276155	2.4144430835210646	2.4366832441234454	2.4635220452717093	2.476391872860012	2.4882152702179465	2.4965641651323023	2.4993102245174743	2.5009694628320185	2.5068904181775773	2.5057717253048204	2.5082749794396486	2.5220655814279107	2.52422107402356	2.5273318119654413	2.537965912833864	2.545861959272776	2.561582146579633	2.578963684271362	2.589731174619699	2.596577910909206	2.5925989074327327	2.5836321139502876	2.5743328153759495	2.5889766862997847	2.6142350267719454	2.687733435339372	2.9258089333331863	3.364301458025367	-0.29200796173077215	-0.6694214907708651	-0.7818217774193666	-0.8350511234945333	-0.8656202267862375	-0.8850998414880656	-0.8983991462002563	-0.9071966777692204	-0.9134406125545113	-0.9181692488025188	-0.9219667256522303	-0.9252207616141028	-0.928122017933561	-0.930583475870236	-0.9329237644188342	-0.9355335521351584	-0.9370241472346112	-0.9377471869768516	-0.937980479810796	-0.93747448102645	-0.9368429546305159	-0.936356304685066	-0.9358583590528236	-0.9351060012686756	-0.9337989369540403	-0.9328543469538338	-0.932907673697198	-0.9338352691622634	-0.9328611027784516	-0.9279487485199096	-0.920428105318086	-0.9148946269934057
naca2412:a6:re1000000:n9	0.9822071109029403	0.8938608766040401	0.009272576069315407	-0.04967583474199239	0.1866240592815569	1.0	8.30574012638517e-05	0.0001446746268285063	0.00019348523998622232	0.00022966656571659215	0.0002563682500558404	0.0002732313071645403	0.000332032001877194	0.00041671930442728765	0.0004994199455088933	0.0005840197270548306	0.0006760791726611191	0.0007800207802319301	0.0008829054260348084	0.000989496653509716	0.001093941435751398	0.0012039705135457842	0.001323051101892296	0.0014418362014701007	0.0015629008813910457	0.0016894971001753033	0.0018241855841419005	0.001966950680933022	0.0021189859278800856	0.0022831586745863685	0.0024614385462298836	0.0026610339140629323	0.002889825935869408	0.0031637308096772077	0.0035040657419895403	0.003943487956776481	0.004520798026511988	0.005240458652527341	2.698574609682236	2.9234545630419566	3.0168078789415462	3.1187927373460242	3.076517225589729	2.850382112174846	2.0934522229922874	1.602135891859713	1.4597987746310723	1.4346808291027824	1.4551023958078206	1.4511980135236813	1.4701646451739265	1.4686738168211662	1.4756563448405937	1.4821467085316018	1.4822138451965834	1.482702341415219	1.4839108661746423	1.4865835522583228	1.4898109495952654	1.4934533523711717	1.4994533151002318	1.508393118009246	1.5202409028678965	1.534454398383399	1.5518143599696226	1.5746894241175076	1.6091813071065881	1.6634080698046514	1.7562931293978705	1.9117982342876276	1.7581603643086683	1.6471818884225025	1.5827430580892141	1.5458908168179986	1.5189638554532228	1.4975787846294648	1.4668297594802064	1.437540161626552	1.4182100987527746	1.4001202233948769	1.3826207243657267	1.3617861585016577	1.3412223198786233	1.3199091342075344	1.2998298725875412	1.2806789056634669	1.2619528452764512	1.2438919064360487	1.2263414073641732	1.2090652304969058	1.191710106526397	1.1742244703067446	1.156534320503464	1.138410938821257	1.1196972788017074	1.1000990756641378	1.079068892064609	1.0559746658195204	1.0297488355262443	0.9991484130374351	0.9643005107824509	0.9286460034198116	5.670311344056262e-05	0.00010115460118998226	0.00013673837657769634	0.00016745002676328487	0.00019513958397046057	0.00022081177968782994	0.00024471271474315524	0.00026838745132722546	0.00029087298752184144	0.0003120515253254919	0.0003326464621655974	0.0003521050276187515	0.00037066151183120724	0.000388428567709945	0.00040546702460528175	0.00042155722844199094	0.0004369809415054652	0.00045244031284080255	0.0004680862763134706	0.000484067316527932	0.0004997299615006516	0.0005139245277539283	0.0005276729069427217	0.0005423122356080267	0.0005554804854610862	0.0005685103959263883	0.0005851438122544258	0.0006030156386843936	0.0006256513065305057	0.0006529767070999991	0.0006766853604018154	0.000696794149510051	2.256333513878758	2.332448678123189	2.371780886496938	2.395857181211595	2.4187335084314223	2.4385188897554464	2.459171563281507	2.4679270958968615	2.4783179944434255	2.4882860479435065	2.492414298696666	2.498194447352551	2.5026536216052246	2.511405818574715	2.516387809077056	2.523633602581025	2.532458056382783	2.543410773379851	2.5581052011133645	2.568667755632238	2.581399423120183	2.592988038553036	2.60105962479944	2.5998099344099077	2.5962834916067803	2.586372307245804	2.5688170085024438	2.589926882301616	2.6504606189803073	2.7298485557084464	2.9046824039507593	3.2506163374002557	-0.2768334899145255	-0.6646069357225473	-0.7773118596810156	-0.8304433170009611	-0.8614913735738841	-0.8813464561906199	-0.895146994569925	-0.904607667604721	-0.9115687346962583	-0.916888344619843	-0.9209610050864536	-0.9244243002365718	-0.9272746718310758	-0.9299423670829068	-0.932062833456275	-0.9340170507479496	-0.9355015179100966	-0.9365634082000294	-0.9370818681457682	-0.9369583537703008	-0.9364272343786615	-0.935925180131426	-0.935641798485817	-0.9351350289254361	-0.9345640252311789	-0.9338174465165618	-0.932765623081512	-0.9321060283905336	-0.930251817458684	-0.9249125908898355	-0.9170711960585631	-0.909548258607012
naca4412:a-6:re200000:n2	0.9937997014495155	-0.2152991013917772	0.015533827734945133	-0.1010833895331201	0.827401978316641	0.037073197675359534	0.00013955689792545544	0.00021853025647030898	0.0002799210713975054	0.00032908021223721905	0.00037305135271689216	0.00041334503547462434	0.00045220944196189256	0.00048786585112762734	0.0005259124433334226	0.0005674491706263135	0.0006115845453611073	0.0006555139118597126	0.0006989329041922596	0.0007437639842122164	0.0007886774384685579	0.0008323077207938613	0.0008775398821438002	0.000923694379202721	0.0009718657864092367	0.0010218768683663546	0.001070773655424395	0.0011186645228396003	0.0011678022151265905	0.001217349288524054	0.0012697320421046069	0.0013056623793266545	0.001368189129519168	0.0015141895840534863	0.001737712125814895	0.002008944202396391	0.002332611440915587	0.002715585087527333	2.2447536093324456	2.2991045857986303	2.3164965333028396	2.3398837558276955	2.352198421177914	2.363837754384088	2.3679521627415396	2.390467196393185	2.4121888243192386	2.4374146772654224	2.4621099622033396	2.498744856909721	2.5414856776029544	2.568007705640509	2.602958452180273	2.6362708025209005	2.659852739053829	2.6883375056091463	2.723824339025104	2.752833279609764	2.7957212910104765	2.8432344939037	2.9064964426444044	2.995041487036617	3.080366783066986	3.207711969088699	3.1607054656957874	2.856857028728632	2.4138720483620504	2.116947613826472	1.9573714240508717	1.997036969412977	0.24121813903363576	0.6726254027797087	0.8318899741806125	0.9254103881786029	0.9908013986547457	1.0397171037436976	1.0761392758706254	1.1035664600891004	1.1233744693573442	1.1367386759561984	1.145085890857489	1.1498025926786428	1.151919161139082	1.1513714170661509	1.1492658333020078	1.1456331899791592	1.1404047688767376	1.1345476129587921	1.12871813001234	1.122966507818063	1.1175675565804615	1.1119374571906975	1.1057801452154523	1.099579802688458	1.0929626577599951	1.0869303778060626	1.0770800377885508	1.0578943297435957	1.0320962602404982	1.0026871658976306	0.9695639418422768	0.9348820278532083	0.00017499990631807317	0.0004045503093414992	0.000724441710182164	0.0010070857208296221	0.001269544538443362	0.0015245074692128743	0.0017894079680857346	0.0020394850194054574	0.00228081850903172	0.002500157133104976	0.0027201089046312243	0.002942245642843309	0.003152238878256073	0.003339300519919788	0.0035192260276037213	0.0037026927826096724	0.003882957466228834	0.004056505056878784	0.004230715884430813	0.004405571539294704	0.004582931545953771	0.0047644052551529025	0.004949246861538676	0.005138153784197505	0.005328730548325325	0.005539890474487457	0.005772229550651371	0.006023844233615621	0.006313137072866113	0.006662400309184948	0.007075079625317445	0.007432222640861313	3.0171878934635297	2.9084080438793753	1.962438963963631	1.832720104826095	1.7860075462764429	1.7488635094773202	1.7184008427070243	1.7111716747059966	1.6899186672979383	1.6638208040726186	1.6421167785552824	1.6255262756724953	1.60060580787374	1.5884603540409254	1.580681355544857	1.5664296732915457	1.5588420336926576	1.555047846877386	1.5506909816256713	1.548305956718841	1.547768746989966	1.547170460060808	1.5475142301628784	1.5463277501959367	1.5476853751741046	1.5483138313829943	1.5509377732191882	1.557774092813321	1.5690176899906152	1.5865324641442846	1.6103588731273482	1.6334831584121472	-1.9113309564588918	-1.6505927881413542	-1.484536758846739	-1.3949366961735625	-1.3316403878801988	-1.2818796544273097	-1.2408115930904393	-1.207313542895136	-1.1785641385971897	-1.1545689778843042	-1.134658442563489	-1.1170221186868654	-1.100685194258567	-1.086821721696544	-1.07472915889536	-1.0636278718860859	-1.05384009366766	-1.0448683023106724	-1.0362489043335963	-1.0281744446472991	-1.0203652794576055	-1.012579028751545	-1.0047813106716785	-0.996920030271383	-0.9892589284989495	-0.981318372699842	-0.9727475551666859	-0.9633637702830704	-0.9525810290395035	-0.939858727362764	-0.9257762631642189	-0.9156382157570574
naca4412:a-6:re200000:n4	0.9871504535109925	-0.2198801151417834	0.016092588714494968	-0.1020138498531955	0.9031220187290578	0.05066232056972354	0.00013850798763403982	0.00022168507765756948	0.0002805065434411117	0.0003292896222864919	0.00037329968907451886	0.00041407777104582663	0.00045294686408593206	0.0004902725081167737	0.0005288471490395911	0.0005695857479183051	0.0006134878645030858	0.0006580907561905946	0.0007040317380451811	0.0007488635897591354	0.000794240564849911	0.0008388531110787262	0.0008846735742922177	0.000931146172912721	0.0009770225538946963	0.0010234933687483052	0.0010688349154969914	0.0011152002060660733	0.0011664492194610756	0.001220109024110408	0.0012744251639152087	0.001323833568380645	0.001383309695944413	0.0014488529256683803	0.0015486618991482296	0.001798798990131176	0.00226071442031411	0.002857808435707676	2.246305681373538	2.293792273635004	2.3140416703067412	2.3360044252095227	2.348317873406421	2.358708554328765	2.3688880005405903	2.3887528273558583	2.413010003308564	2.441279324116451	2.4645955922747347	2.5009777557154678	2.5315380858893284	2.5703186156214395	2.605660420642729	2.645516441230863	2.673334592901616	2.701155962291768	2.7361250332949525	2.7706565487185353	2.820363366973333	2.881882929916948	2.957069306792206	3.087023858264827	3.2729624613893895	3.5382567275671235	3.8222317775772954	4.139866699555001	4.292972018770018	3.8218513693517915	2.9706459076098364	2.5264048538538266	0.2396672097862721	0.6691736956287493	0.8309074661365653	0.9253106385927379	0.9903159088244476	1.0381912119288657	1.0739259647197001	1.1008585467746053	1.1204458903196786	1.1339202647834643	1.142389950903092	1.147007743718669	1.1484445348355934	1.1480551338273317	1.1459705245677787	1.1426878192924736	1.137947800449961	1.1324360879308213	1.1268447579353766	1.1213134428119758	1.1157853632402805	1.1094648758382797	1.1018771097939888	1.0939589932795915	1.0866088600292694	1.0799397963358983	1.072024843756352	1.063231716385305	1.0504720810612072	1.023653163610096	0.9824071263361902	0.9370520305250805	0.00017880762875178708	0.00033459124559361475	0.0007840839061035095	0.001062163644450823	0.0013218941597225571	0.0015973010910472732	0.001885261142276524	0.0021473339777468743	0.002391084871995975	0.002602859590941499	0.0028191702178290813	0.0030444018313910627	0.0032594834814319218	0.003448396269125563	0.00363659999066104	0.0038279552670500024	0.004016724955048716	0.004198701579510248	0.004380150625181492	0.00456133913017341	0.004745924527899709	0.00493464688054422	0.005124349097327665	0.005321601086810494	0.005521018583493223	0.005743671232052978	0.005985908951914803	0.006238206946744203	0.006520869769031582	0.006851700385151872	0.007238934688240194	0.007610510062958146	3.0458787287071694	5.496353431612342	1.9525118042131309	1.7029092236179413	1.680953184913571	1.6664962709590707	1.6419183284763008	1.6441513136627868	1.6339475331057003	1.6232685560553168	1.61081327894551	1.6014841750007254	1.5824153169101327	1.5761089438522762	1.5691880756190488	1.5587384508701299	1.5528563565575435	1.5500997549848776	1.547476273096851	1.5464423313282043	1.5459299890555713	1.5458394933435717	1.5471253240013052	1.5456009823812427	1.547372506022174	1.5483467722072348	1.5507152293159776	1.5571931088093949	1.56704477977843	1.5825642695424265	1.603428522522448	1.6289664433025106	-1.9008959510250134	-1.6967127724514968	-1.4854652627463834	-1.391181081052331	-1.3279374734340628	-1.278259326193325	-1.237201962739774	-1.2043481859179335	-1.1762051043533992	-1.153221198746086	-1.1340850852864421	-1.1169593956697144	-1.1009529263621602	-1.0872986145461163	-1.0752096899477306	-1.0641053296657703	-1.0541809267131081	-1.0450575632219024	-1.036378958291422	-1.0282574128907807	-1.0203760102877464	-1.0125509832427568	-1.0046967212401137	-0.9965489415137629	-0.9884543141758246	-0.9800465065236416	-0.9712084704191312	-0.9620771864868983	-0.9521791283054042	-0.9410355849250748	-0.9286735675995323	-0.9184384554322877
naca4412:a-6:re200000:n9	0.9549972178949612	-0.31222146199956224	0.022503309564474695	-0.08790393453038192	0.9609667515192941	0.06825479071310575	0.00014579569128712343	0.0002224288487100882	0.00027937090818462595	0.00032821782817335043	0.00037327381800136426	0.00041292669419062055	0.0004506153735372962	0.0004910041370452314	0.0005310806747916304	0.0005705046539637568	0.0006142689113486641	0.0006602539028725714	0.000708148307289491	0.0007516291351674195	0.0007963995170704121	0.000843117931838458	0.0008911393137638971	0.0009373103003378001	0.000986968155861521	0.001045805433592634	0.0011081690526939536	0.0011670540738794389	0.0012252863009025684	0.001280167067125097	0.0013318037086853523	0.0013608229990434912	0.0013587496426511034	0.001362669009208682	0.001382120033763851	0.001443679630003094	0.0017375362829915929	0.0026412656275416504	2.236015444000391	2.2909451175138376	2.3084846829149184	2.331500972559901	2.3400008137320043	2.354770706794261	2.377294382309943	2.3936108252979236	2.4124157809470703	2.440959762006814	2.4646970829161092	2.5078823726921704	2.5294550061827747	2.569883413793196	2.6052450321801053	2.64636745452497	2.6979569484799324	2.7515906276203776	2.802951949778784	2.870140076784523	2.9863825668051383	3.1888474518154375	3.518171587734773	4.040428994073194	4.732708483714502	5.679843064276719	6.910974232810022	8.26064436772479	9.720018974623846	10.98885683598073	10.32939580546188	7.01299559034216	0.20527662540178904	0.6402508236723392	0.8061878159082403	0.9037118872918095	0.9697088886995406	1.0179419436536898	1.054100706296153	1.0804626102469828	1.0989118056867169	1.1118095632327352	1.1203617862125723	1.125040837360333	1.1257839811338475	1.1250723748691567	1.1227023194874195	1.1193583653002621	1.1154724141825345	1.1106871562688336	1.103948538353984	1.0943404152879679	1.0827048565380917	1.0711146551918789	1.061228325307995	1.0539606616141988	1.0485845458762282	1.0459162167710363	1.0461377212126914	1.0460880751899393	1.045238769228274	1.0428339599150336	1.0223523342384262	0.9707927101555032	0.00019229264237057692	0.00028584866149671326	0.0008013000555413398	0.0017150500737189867	0.0020896678248958746	0.0025344203648304457	0.0028830552333427547	0.003165106466078437	0.0034680832813196935	0.003781380842763682	0.004078728303031639	0.004352913657846889	0.004612103194463279	0.0048431016432873624	0.005106780417837846	0.005326742873410168	0.005541660949125951	0.005770172097684758	0.006002393306250073	0.006260320577973608	0.006520415367843595	0.006780291327990903	0.007030675217542121	0.0072710960513648224	0.007494784073855651	0.007711907980431887	0.007932807906675823	0.0081485400623362	0.00839262396178834	0.008721439265911365	0.00909479035733994	0.009373777578485485	3.6855636930386884	12.37338451720555	5.760617366514957	1.9015742547935441	1.6182020883793247	1.5156013840495381	1.4826838262591442	1.4717930854764478	1.452424266596803	1.4457368252093097	1.4409810607437894	1.4378932616980413	1.437987629305988	1.4453633911269157	1.4359354420762542	1.4445959568970526	1.4378033421439493	1.4289763062614154	1.4316016775248108	1.4349302513910076	1.4364830947016796	1.4393477092223086	1.4407875323257313	1.4429006483476947	1.4488657736434942	1.4554740665051045	1.4582454383724077	1.4617964895999316	1.4657425070968	1.4706695783546295	1.4824212014269817	1.486764552003769	-1.8694910467062322	-1.765322015060425	-1.5958801798234954	-1.4189637185290493	-1.3431617255972075	-1.2890445095869807	-1.2492357521567703	-1.21905185736045	-1.1918379901522114	-1.1675526266853673	-1.1460860590131943	-1.1281165752897426	-1.1134634858824453	-1.1021668127896584	-1.091753394621084	-1.0830427299774035	-1.073731701107793	-1.0643618411805784	-1.055367625322094	-1.0460917811785535	-1.0368005229120683	-1.0277235314453672	-1.0190242482587024	-1.0111355168512564	-1.0044150427155194	-0.9984013577474947	-0.9923084177321343	-0.9857909203611712	-0.9782128080929126	-0.9687168918626992	-0.9589038969505604	-0.9529645957823589
naca4412:a-6:re1000000:n2	0.9829839981184262	-0.21779598668108097	0.010027808210728649	-0.10015911829214792	0.6582094925019647	0.024749920035184086	6.11988106079114e-05	9.8069617818906e-05	0.00012491417582311895	0.00014746140825542352	0.00016727609231950868	0.00018540585904040771	0.0002029495487176299	0.00021961814952282631	0.0002370974630300767	0.00025535612252640107	0.0002734173934604479	0.0002923960036728023	0.0003118871783485719	0.00033269586476246166	0.00035210387570952604	0.00037282459126255243	0.0003946553303403986	0.00041587769428152896	0.00043564956824105694	0.000449510166687952	0.00046270377658868406	0.0004928597028367583	0.0005597281380918961	0.0006425114769059355	0.0007237878518409053	0.0008043610609236706	0.0008954132601652964	0.0010027704316366163	0.0011225514320874726	0.0012703359279594229	0.0014723210157851973	0.0017823523295258162	2.2510389255412804	2.297332164247041	2.3216642554852815	2.336636023673886	2.3501454341916963	2.3670548770326993	2.37687636950182	2.3971842220303183	2.4172340288198884	2.441830292174881	2.469717167612485	2.501032932737749	2.55039687172334	2.573524214463161	2.6149236369308606	2.647399949257448	2.680894670667195	2.712365992656812	2.744497425536901	2.784941584376912	2.731214877369209	2.4330604894687617	1.9086268486630957	1.6007344691958638	1.4708358668443864	1.4519768897786505	1.45385492105454	1.4565096710173537	1.469948146120447	1.4888631240826353	1.5234629430878617	1.5990683100069805	0.24385685521152944	0.6709753857166667	0.8326909993939813	0.9260985261551544	0.9901854727272641	1.0375584104495843	1.0731253865851478	1.099938289666	1.1194590930240311	1.1326884460140314	1.1409181064314216	1.1454094052498105	1.1473174846849852	1.1458870537288353	1.1434808770813554	1.1401686216616056	1.1369272800839165	1.1333375705764837	1.1291655896021764	1.1247769699887193	1.1197760807151351	1.1112293783840368	1.0977678820599572	1.0864786654437877	1.0786397074765974	1.0710149847663173	1.06024634317823	1.0454776194280968	1.0274967601529392	1.0046381808047224	0.9742223485262093	0.9307380974270625	8.011529395151316e-05	0.0002219086271223666	0.0003800142318863552	0.0005395344475686186	0.0007096305528382115	0.0008747726686182893	0.0010347709137967455	0.0011936562352122771	0.0013449092649028922	0.0014908344988526473	0.0016346996378348994	0.0017748520191573918	0.0019101283229938316	0.0020367314656162816	0.002161963418897388	0.0022878819138679326	0.002414424464725087	0.002538217005802078	0.0026626990008938906	0.0027892758057517482	0.0029162306479026258	0.0030446857210243913	0.0031758395863014173	0.0033111516421362812	0.0034521484920572456	0.003600838794536426	0.0037567743137696457	0.003925591746264809	0.0041167501694497925	0.004343457312460441	0.004628726653903063	0.0050025262713183204	2.9594026776088302	1.6096178732450308	1.550551298529812	1.548522808670075	1.5349835156453198	1.5322634380662146	1.5300863278692178	1.5317039889340542	1.5281862130453878	1.5197130039491518	1.516135359856027	1.508981048628389	1.4975423050056218	1.4927153945715645	1.485676340286793	1.4788134454513417	1.475112552036556	1.4728112872849726	1.4711859653639505	1.4703542489403942	1.4700853964968068	1.4698537895433688	1.4691220806756002	1.4691627267189666	1.469379431108424	1.470095753057378	1.4723967978412809	1.47583750535296	1.4826757970494873	1.4972716937639472	1.5189499026210553	1.5455398217421787	-1.9164719835466288	-1.6238191873036414	-1.4872967274462179	-1.396805320062347	-1.3302996101719355	-1.2785350250856726	-1.2368220641994356	-1.202915640666625	-1.1744600599917239	-1.1507295919172997	-1.1308873306419784	-1.1135703377949726	-1.0982531327324487	-1.0851174892636544	-1.073299575281332	-1.0623762414927833	-1.0520309827294216	-1.0422295349175292	-1.0328307537865051	-1.023938064926671	-1.015480364019479	-1.0072348038132417	-0.9990544482920639	-0.9908571697297659	-0.9826441709787461	-0.9742417425968972	-0.9654913023930585	-0.9561544377211453	-0.9457255446563396	-0.9336212650659841	-0.9190949279338425	-0.9015806944886716
naca4412:a-6:re1000000:n4	0.9843229697250759	-0.20866110165517476	0.009364211708004763	-0.1022106401407131	0.792928633126406	0.03089553081145549	6.0104895413144055e-05	9.835421300189016e-05	0.0001252057429270491	0.00014755143977895297	0.00016718606589183812	0.00018519376171581594	0.00020260206558763284	0.00021924880268045407	0.00023684274743017937	0.0002557507054499917	0.00027474823085388685	0.0002938996862061256	0.00031333173815256796	0.00033493181876744995	0.0003563397572531296	0.0003775299516668985	0.00039785347236370337	0.00041725368354123964	0.0004357217851580664	0.0004546172842348951	0.00047482544894310574	0.0004966190115054754	0.000517643005563464	0.0005340697076702788	0.0005479541700718725	0.0005804285964502801	0.0006628268020983703	0.0007724064433784895	0.0008698159096881622	0.0009877613173133895	0.001162459992959097	0.0014357203030844529	2.2523824773459418	2.29988514942459	2.3197763941671083	2.3386780107182252	2.349823731915239	2.364715731710109	2.3760088822796983	2.3960756747236536	2.418998455649076	2.4440819670381053	2.4706607631143203	2.500362206884669	2.5474011323989854	2.5712766347082	2.604755875569615	2.635153178926615	2.6619118869111627	2.693995743261462	2.7319610856699508	2.757561868757414	2.7872385316956914	2.821934411945443	2.88939359508894	2.9875361437233963	3.0028608392813556	2.6521852314830694	2.0145409953993587	1.5953535784595951	1.4854899397986296	1.4882114643973907	1.5115932984735012	1.5597902620681252	0.2460615038462961	0.6724032591441217	0.8343832321549483	0.9285395497199983	0.9930658847930364	1.040781438164879	1.076434496828365	1.103114520758174	1.1226710957744395	1.1357956630277757	1.143889822367101	1.1483027072279193	1.1500266126544432	1.1484030513227228	1.145040857596823	1.1405113580288386	1.135254643470751	1.130173106850823	1.1257332729719678	1.121615993261367	1.1176817217174784	1.113153365450344	1.1077847836729031	1.1021162441212415	1.094714277000893	1.0822702346690907	1.0612775527727667	1.0406988632104648	1.0259905617020046	1.0073402734848869	0.9777535930249222	0.9322605100279859	8.018106842531482e-05	0.0002177015858130631	0.00037187078548636026	0.0005301959818283766	0.0006938485252666833	0.0008591982696192283	0.0010227100576324598	0.0011780147489643638	0.0013254311647687422	0.0014696551895142511	0.0016102686914998441	0.0017457311597684638	0.0018776511387421312	0.002004432220460752	0.0021297631358222838	0.0022554215332000385	0.0023818938731175027	0.002506479926961343	0.0026319631090891056	0.00275756910993085	0.0028817205570450116	0.0030053062140364324	0.003130897887634634	0.0032612212474996956	0.003396836573285104	0.0035421905510721846	0.0036983286718866052	0.003871849712360159	0.004070485117429897	0.004302951482978723	0.0045897298061428355	0.004950606903722582	3.0103997332411723	1.6030885192956736	1.5312039978186527	1.5362260383122917	1.5345509693967818	1.5318772600417572	1.5251830045266248	1.5259763219755367	1.5243380885679205	1.517313437098796	1.5129726655543676	1.505440213382175	1.4943910614171483	1.4894724714175804	1.483245677337912	1.477311493884586	1.4741557615327556	1.4722396874408858	1.4709547820262256	1.4700431080517744	1.4698933824213332	1.4691313331425688	1.467964198251658	1.4669881281665462	1.4667677160310069	1.4678476870416628	1.4700428900421443	1.473678313690025	1.4812213551899496	1.4967172933112158	1.5200975136887904	1.550948641384394	-1.90677868256316	-1.619203584999508	-1.4858304939499476	-1.3953311225849432	-1.3290277417531144	-1.2765979368850418	-1.2340216383950304	-1.1997682650612882	-1.1720506134182993	-1.149132058098036	-1.1298938003959664	-1.1131750320514882	-1.0982636801155103	-1.085071067040889	-1.0729690580295588	-1.0617076392443041	-1.0510073840497942	-1.0408884488444612	-1.0312270781876192	-1.0222291067106135	-1.0138486410476386	-1.0058326548983438	-0.9979735598628396	-0.9900849657464988	-0.9820918098543525	-0.9737616363774328	-0.9648422408163206	-0.9550951436797416	-0.9441138009531225	-0.9316427073569031	-0.9171498186348132	-0.9004490844595019
naca4412:a-6:re1000000:n9	0.9840049530067482	-0.19961741444278097	0.009214684176459344	-0.10493784601977227	0.8908158715232575	0.041933601265776554	6.070324573431317e-05	9.863622479983693e-05	0.00012554741457822458	0.00014770218194629163	0.00016689980271247668	0.00018495892468755443	0.00020228314503977355	0.00021951751719149695	0.0002377552197129869	0.0002565145252927696	0.0002755065060133476	0.0002949758930667718	0.000314968995676194	0.00033567773440103146	0.0003564513266843565	0.00037802397839171477	0.0003992091234618472	0.00041908057427188	0.0004373803262995156	0.0004570176274230291	0.0004781561965185444	0.0004997501709981634	0.0005209252376270405	0.000540510820903351	0.0005663098803681689	0.0006022711945894917	0.0006211151326735857	0.0006346709166131565	0.0006879375559745505	0.0008366757091965001	0.001087580733582465	0.0013428330068103668	2.2432628315202767	2.2978174575165666	2.3225225913299075	2.336732362488895	2.348034384116802	2.3596390478961506	2.3716569067832833	2.388086195581463	2.4138886793807246	2.4443361260941785	2.469515395793052	2.499396684947227	2.534408286876584	2.5706273587335127	2.6076506540939324	2.6427675912462267	2.6765392095478893	2.7127232224905007	2.7474330671227847	2.770304733736827	2.7996423481875965	2.8441221083249544	2.913834112811578	3.064391769984137	3.256686609518137	3.4952972271374527	3.943410557922562	4.23861651495678	3.576412470434219	2.4810745133700096	1.6094057065162826	1.5446941589162242	0.25043617393832784	0.6765388859742842	0.8361219264668902	0.930339280928939	0.9957466411110545	1.0436635787828914	1.0791733739191671	1.105619423442092	1.1248675137608721	1.1378586175826915	1.145730879672263	1.1500845770113788	1.1515676747174184	1.1506201716111335	1.1478670949767702	1.1437768023933172	1.1390512306728553	1.1340553078825468	1.1286416041149052	1.1226586924382222	1.116541918471738	1.110374463678031	1.1041086661699007	1.0985114545492745	1.0919111990866002	1.0831274007512635	1.076148387184834	1.0671037192008517	1.0478158288025687	1.0120596578286216	0.966816774089259	0.9249970407052498	8.302070697126822e-05	0.00018151413439065954	0.00038475225083055753	0.0005605209983578298	0.0007313568103569824	0.000893501863263419	0.0010640762826558546	0.001223194719313546	0.0013777300351023832	0.0015313783204584798	0.0016775550856343957	0.0018118226387050418	0.0019395358638085308	0.002067538229088862	0.0021906128231000276	0.0023093354695640092	0.0024303988716741576	0.0025543517496772997	0.002683283525416344	0.0028137577794409853	0.00294401770697668	0.0030746791213546753	0.0032081021606747548	0.0033472714162884596	0.0034876462470696916	0.0036334578278231218	0.003788208718627255	0.003959236234250474	0.004162090567841941	0.004407837599834803	0.004718135824504656	0.005087882687501622	3.1354209994736837	3.385178004597749	1.4315324081954897	1.4350997080305532	1.4842022179170034	1.4996731877799359	1.5023470385602498	1.5126467945584503	1.5147785913740377	1.5116703109600076	1.5070050006501958	1.5035365845491635	1.4985227412146562	1.4858803204495488	1.4824574214906496	1.4782153160910878	1.4715329147955638	1.4673826538877985	1.4663474449262057	1.4654779524988515	1.4653128335008763	1.465871711610586	1.4659071082097384	1.4652787468871817	1.465611190993147	1.4669146655439462	1.467971063941791	1.4704470549013835	1.4759779535811013	1.4895659765203317	1.514610831403587	1.5571812627441264	-1.887816917339205	-1.6637605502486223	-1.4724427995007376	-1.388895564313716	-1.3250427818448416	-1.2741028127333647	-1.2317012798989757	-1.1965038895076623	-1.1678888035547026	-1.144266778690848	-1.1247203978089488	-1.108518066560895	-1.094483470184224	-1.0816165455253568	-1.070631604375746	-1.0604733501292292	-1.0505159957283516	-1.0409424132435627	-1.031599324915066	-1.0225821943866205	-1.0138565729122437	-1.0053508373626332	-0.99686068666259	-0.9882805533493582	-0.97985325267165	-0.9714127881653795	-0.9627109621238041	-0.9533942258428608	-0.9427049832936284	-0.9301164996835254	-0.9150546566252332	-0.8986687300199356
naca4412:a-3:re200000:n2	0.9866811312972608	0.11226656624907691	0.01297337480262068	-0.09946636635569613	0.6908166056992501	0.0849152687091862	0.00014326201715837177	0.00023232491283292392	0.00029842490878473517	0.00035141097327139016	0.00039787276991532416	0.00044023407326211416	0.00048166769678832427	0.0005206343410149457	0.0005618973678891715	0.0006075237282850527	0.0006536118674074226	0.0007001449697254575	0.0007465672059645412	0.0008003024915701008	0.0008525008141236224	0.0009013006556552604	0.0009480689910882216	0.0009965549049729414	0.001046396145961226	0.0010902102307365244	0.001133012476403596	0.0011744120819337633	0.001232750416827893	0.0013522932757596697	0.0015155075034702212	0.0016990355414805498	0.0018728319455583481	0.002037321690481236	0.002233889298499917	0.002510042657253921	0.00289437625351531	0.003415513141685264	2.2845012149240143	2.336372067976007	2.360726648417155	2.379448373147975	2.391528822579558	2.406085714050074	2.4130242655893177	2.4409445327628494	2.4695659605472824	2.50042022181368	2.5357097886713267	2.5787827306048245	2.6470066276228654	2.677413668187005	2.733316372453433	2.789476207375514	2.841213999786837	2.8873710747147143	2.936255392055707	2.990512764753323	3.008208565734818	2.993262200799029	2.8611245555865175	2.4963012858479727	2.1262642409801553	1.8703423495670002	1.7377536491650882	1.6942864687070947	1.6836587051220215	1.67758191769444	1.7064219211071987	1.7952885672197416	0.6083362759495526	0.9170110035121314	1.0282172666048355	1.0927529635891409	1.1377872597720518	1.171483320000591	1.1961018884669448	1.2135950886515292	1.2246621736968917	1.22977959607547	1.230237968383328	1.227652352673077	1.223429203654959	1.2164735757029996	1.2094797145028933	1.2021707163754232	1.1944735896740624	1.1867119728561497	1.1791722748978795	1.1719191266986557	1.164451150193202	1.1566826913608361	1.1466352348371756	1.1299083641559582	1.1100889069591648	1.090234609263997	1.0712366830549267	1.0532696985509316	1.0323340695392305	1.0055835377652595	0.9724289546107133	0.9340789042888481	0.00016099836576203265	0.0003299492150102958	0.0004448195974164787	0.0006095900753874385	0.0008297417971429041	0.0010158642656264646	0.001190331980521567	0.0013641371720429839	0.001539714114244861	0.0017019920126745943	0.0018550882053161488	0.0020003422640592263	0.0021350636357045528	0.0022659037165256653	0.0023988769460514393	0.0025288464550904948	0.002655800980756053	0.0027854631781004833	0.002914254862736933	0.003044669868888858	0.0031768510779277346	0.003310343242717813	0.0034435834881080237	0.00356970411882382	0.0036909596723725914	0.0038160572820194307	0.0039462507825672125	0.004088814327157818	0.0042577944306291995	0.004469419234378667	0.004725518849294734	0.0049482917879695295	2.6019908983386455	3.0804495199488966	3.4820046066156065	2.569119794900005	1.928347833024843	1.807316318530166	1.7456548542682688	1.694221797827302	1.6551633359284539	1.6300617313981034	1.602941801559752	1.5867057610291166	1.5733940203024648	1.562821819561343	1.5467644015656383	1.5401784614280738	1.5361425856923503	1.5297706432994966	1.526510541481796	1.524524642947817	1.5235132651434307	1.5225149965431322	1.5210601167418527	1.5199365727954466	1.5177538877365677	1.5136494588653537	1.512317667275829	1.5136824542742207	1.5190523402642258	1.529023744991994	1.5463208442689946	1.5656672757436167	-1.520855222291629	-1.4096055917389863	-1.333356178437677	-1.2579245737745088	-1.2041824916301802	-1.1691105065283225	-1.139912483001515	-1.1160328362389433	-1.096965622070809	-1.0814100776265383	-1.0679972973009901	-1.056520198672231	-1.0464499351700918	-1.0375315292026972	-1.029205861131545	-1.0220548885328862	-1.0153627048079534	-1.0085855959035785	-1.0016564657877847	-0.9947565046716822	-0.9880324435388983	-0.9815322932853396	-0.9754283347184125	-0.970015107982509	-0.9652070195247595	-0.9606594804601636	-0.9559139151752336	-0.9503261196228845	-0.9428876601599439	-0.9328316151794167	-0.9209013192606386	-0.9126118217165146
naca4412:a-3:re200000:n4	0.9874318276952063	0.11893567170865033	0.01260050950341098	-0.10207842863116048	0.8005163598483743	0.12450269755797766	0.00014332952854800407	0.00023236327103180626	0.00029715196409144123	0.0003508437658666602	0.0003971702321949742	0.00043946556910006633	0.0004812368545747605	0.0005217794392032867	0.0005632481009286939	0.000606813032603221	0.0006533641526439878	0.0007003369720670445	0.0007475132365978951	0.0007980605854867977	0.0008489007768586221	0.0008976928395167914	0.0009465218420797376	0.0009963934530564976	0.0010477791567329749	0.001099401189553338	0.0011500052347021585	0.0011973015370030167	0.0012435957196016794	0.0012908105677118832	0.0013468334857691395	0.0014194247527958765	0.001589008172417328	0.0018650216932316027	0.0021776479280808812	0.002485403994880325	0.0028350373909521594	0.003334429706567063	2.281892509129377	2.333338863091069	2.359369286763422	2.376533988337186	2.389568755441188	2.405043220015421	2.4132586885810103	2.4360388993614475	2.4650071550898027	2.4977836789009658	2.530562695686894	2.5777956016964456	2.6408002809761655	2.6941734706710148	2.7514710045985677	2.811487701985403	2.86760611351172	2.9298242601600766	2.997702821021087	3.0585554294581407	3.1348271238223977	3.22363877633223	3.3503567527316798	3.4947709349235265	3.5774451816377066	3.5126276075055842	3.035767768300161	2.4594653325584663	2.048182302411661	1.8755201434748645	1.8422078915651658	1.8913503507158975	0.6115651137435987	0.9197518172820344	1.0319289584794789	1.0961573634797388	1.1400669413380342	1.1724160604733493	1.1959949371964897	1.2128659666414476	1.2237349672738906	1.229253538383463	1.230376312996503	1.2285097499941173	1.2244172579401424	1.218205994411408	1.2107138330553577	1.2024332602218688	1.193398838921513	1.1844002150324409	1.1758059372588958	1.1676214938952052	1.1599738916350586	1.1524543300591183	1.1447330578124997	1.1367877004178364	1.1275028795445539	1.1157696779934798	1.0952261807420627	1.0659481223086869	1.0355867567169716	1.005738111262564	0.9729729692581193	0.9336749575258732	0.0001613556986310511	0.00033274452522544327	0.00046961473835127073	0.000554392532058986	0.0007322342372010484	0.0009838047532389777	0.001124089045602223	0.0012960160389327642	0.0014840549817847668	0.0016404990445147113	0.0017839914603031536	0.0019201072429733148	0.002048666320242918	0.0021739992890149524	0.002306367731661456	0.0024371414529116937	0.002564683969419909	0.002694153278257775	0.0028240901097413484	0.0029557691826916127	0.0030897960146716768	0.0032229787332748337	0.0033529600096096806	0.003476759074255397	0.0035968604542055407	0.0037236470503503004	0.0038561740761391713	0.004002813452875037	0.004176171653386632	0.00438896057939312	0.004644626840894913	0.004886907593005148	2.611549520752558	3.127285762745876	3.6283385343271712	3.9762420119472353	2.823912035716219	1.894895207019434	1.7486253235085558	1.6910213300919172	1.6356712016592534	1.6194525672942344	1.593839072485998	1.574632504894171	1.5643054833748344	1.560923624515165	1.541064690967226	1.5345060137170465	1.5324449558757272	1.5268433042108447	1.5241110986401947	1.5222068844247947	1.5217529364697688	1.5213602273723226	1.5201029804635642	1.519199191694152	1.5170452060974853	1.513220020939994	1.5127711696396406	1.5152766533780728	1.5206216587386843	1.5311755541173842	1.5489382117613908	1.5706964729358548	-1.5135040170518392	-1.4017931114433833	-1.3262553972068183	-1.2788810686423473	-1.2183005344614015	-1.1632562741978525	-1.1336591657093706	-1.111966922001979	-1.0927364578068497	-1.0779612268180063	-1.0649378456520218	-1.0540072745967122	-1.0449644850509587	-1.036946395446498	-1.0286811833322307	-1.021508511568044	-1.0145900703822346	-1.0074926888104956	-1.0001957473682093	-0.9930053305430165	-0.9860990268634076	-0.9795714192365133	-0.9736377846722208	-0.9683756485600159	-0.963657698284152	-0.9590374290642211	-0.9541707172928864	-0.9483722747057464	-0.940751319885363	-0.9308546992437037	-0.9193501627078101	-0.9102947357224379
naca4412:a-3:re200000:n9	0.9712861596907203	0.12036188481502366	0.014667916538946071	-0.10719638400953499	0.9016834413479567	0.17472980530960358	0.00014202576857044597	0.00023478669355987998	0.000297908949711793	0.0003506499286429097	0.00039709646278443376	0.0004386761732564419	0.0004793058361320847	0.0005214115530608052	0.0005648213015343867	0.0006081983143137146	0.0006542552890118527	0.0007033818615921212	0.000756428265189695	0.0008081320368533155	0.0008605122086038176	0.000913398264561624	0.0009659601808260959	0.001017302272308376	0.0010661531613957082	0.0011210027373716952	0.0011785003235326643	0.0012397161795024102	0.0012980333447517613	0.0013429409402390877	0.0013752022008515041	0.0013771120352394654	0.001378314967558971	0.0014390928303091547	0.0016594882455718755	0.002197913932766437	0.0031686398595285954	0.00425446108531732	2.2835488006213964	2.3508768801751914	2.362337826128211	2.3775878566682778	2.385692495213134	2.4044964050552555	2.4227978663359626	2.446704102823514	2.4765031693871484	2.51382745509359	2.547639237266241	2.600966805441709	2.644190044028804	2.717020687638716	2.779673052286136	2.861582209736891	2.94668742746209	3.04403461612544	3.1651977298576335	3.31053744144072	3.502253822314641	3.76049753527555	4.105950349672988	4.604613585270064	5.173458642831005	5.833026143491114	6.626417089224017	7.193239906509444	6.702205532494894	4.986807658237158	3.1739320243495452	2.6395448482677364	0.6141947209897424	0.9190709034163869	1.0326517226137437	1.0979109673837257	1.1412770724373678	1.172812486710829	1.1960327306036542	1.2123504316793268	1.2224037193870863	1.227360481965456	1.22787129776751	1.2250984782888492	1.219200205796552	1.2125390519254644	1.204362365747036	1.1958889311087186	1.1867387326634724	1.1774203589981798	1.1680002174055653	1.1578462084481578	1.1477233053705684	1.1388412039081395	1.1318525718471388	1.1271554842661073	1.1225693895539586	1.1186952467709612	1.1138097802760993	1.1045184894264402	1.0846515861471824	1.0436912420379438	0.9872893278184804	0.9351567416939747	0.00016205092305181059	0.00034082721523863	0.00046571801886199763	0.0005568203344386677	0.0006401455712796188	0.00073399449893123	0.001155735069157862	0.0014952308309772325	0.0016422824077273184	0.0017688375971817915	0.0019122253194590166	0.002065709586184554	0.0022137006972760627	0.0023517443650380404	0.0024752779214266387	0.0026041719032084834	0.002740909198455661	0.0028696642648714833	0.0029978465971584878	0.0031252814976630468	0.003255365010311131	0.0033905850278267385	0.0035256172227265486	0.0036556574518915408	0.0037840091206875065	0.003918327804337629	0.004054269935999584	0.004198727098133302	0.004360096458810218	0.004550942919299742	0.004787113206963411	0.005095820675694747	2.60334750993856	3.195085546631728	4.383033351960483	5.558327168253532	6.482679759346617	5.4575422479717615	2.4625138842436876	1.6819405862687256	1.5357678122408418	1.490621528983601	1.473887887733202	1.4722389417658561	1.4801592158437247	1.4751606236583767	1.4708807549861274	1.470148967158429	1.472098922869273	1.4722964506819574	1.4718128125410872	1.4748467283134257	1.4798564380263988	1.4850814956167784	1.4890749188191401	1.4912289500673812	1.491421736232912	1.4899858390903793	1.4915316519009343	1.4940602942601022	1.4979756621650409	1.5091473098498283	1.5259200238162423	1.5460519491180056	-1.504219202508536	-1.3823095618233183	-1.3164496797258598	-1.2796272716917467	-1.2537190786385697	-1.2154445282090045	-1.1446077314034753	-1.0990603123477747	-1.0769682561017673	-1.0630488159452223	-1.053355620600441	-1.0447787807794688	-1.0367631008977118	-1.0290747230249997	-1.0223295703297588	-1.0161956175283504	-1.010110568575851	-1.003785087241981	-0.9971874171634396	-0.9909055054098967	-0.9849346510471753	-0.9791324408671774	-0.9735481630258788	-0.9682524955705012	-0.9633753995245359	-0.9586930534482891	-0.9540267372065371	-0.9487990837366723	-0.942461052744741	-0.9346556703162612	-0.9250934068770955	-0.9124481162855533
naca4412:a-3:re1000000:n2	0.9763451954079572	0.11607589404412438	0.009025691055566928	-0.09983552808178132	0.530869562782526	0.05349772094721092	6.390373960889682e-05	0.00010501984989666973	0.00013397960902078614	0.00015871720665582654	0.00017914368868955058	0.00019772230472903758	0.00021658658466846198	0.00023563599462736042	0.00025441241883948813	0.0002731377231493828	0.0002926740214686114	0.000312613039489589	0.0003347291336981826	0.0003597185417473057	0.0003868280694212413	0.0004019734639153088	0.0004085167127736957	0.0004470617043031477	0.0005252625200956854	0.000602569458231127	0.0006750265989576811	0.0007516654495674321	0.0008364212226028969	0.0009279935398265765	0.0010251773241619858	0.0011333075938560761	0.001255223476504336	0.0013924384671346107	0.001553297892266586	0.0017572442159035037	0.0020344964907592212	0.002463096685696565	2.2890257198956134	2.3402255223507367	2.3707428498063576	2.38024916307381	2.39551013022818	2.410611746818099	2.4214467739150103	2.4363436457280514	2.464354000379663	2.5051128641036122	2.5413821612015393	2.5910249110159778	2.645960599687197	2.705180893472669	2.7538404115784574	2.86026325191024	2.822180645953124	2.364716303328066	1.7356854638092778	1.484334452937516	1.435417033256032	1.4473941274484194	1.4529102402161493	1.4512697025361492	1.4566088032674656	1.4618683087422972	1.4701399291446133	1.4838880950906863	1.503952408542342	1.5307752184540044	1.5797283628084953	1.6825457011764529	0.6149242604836944	0.922529138010715	1.0336995886824543	1.096356051662048	1.139541658546326	1.171412595568968	1.1948853620570516	1.2110069836924473	1.2211740310679904	1.2262565698416754	1.226782657129752	1.2247116228306165	1.220656194671904	1.2146659909224866	1.2075988469829362	1.2028063761668877	1.1982886460793511	1.1848836258781534	1.1664020670750896	1.156039650295226	1.1501678454926982	1.1434119361706967	1.1345331573612243	1.1235290794416057	1.1110015612130804	1.0965290289380345	1.0800122209211	1.06122914671385	1.0392301199358025	1.012092052562875	0.9778023851482391	0.9314195097437359	7.200939978756482e-05	0.00014206755862629432	0.00025167694833394186	0.0003730438573914819	0.0004943674154252778	0.0006117584623165278	0.0007335886359336714	0.0008460629298977815	0.0009588722375900961	0.0010723296384099578	0.0011778858447951625	0.0012775031866357782	0.0013772365352436831	0.001477152309302535	0.0015746494662127021	0.0016702023536821916	0.001763625709169697	0.0018564959785777482	0.0019495290328385225	0.0020439236857057413	0.0021382027001935694	0.00223225330915278	0.002326477748333296	0.002419869958035891	0.002511872090037796	0.002605958142707676	0.0027037619718915176	0.0028108669773545744	0.0029360223685874825	0.0030877466651658227	0.0032753924050463513	0.0035043151725833426	2.601665636043595	3.1278746173885534	1.6679504578822644	1.544719402462395	1.538850015440263	1.5199234988883887	1.5000457479014784	1.4969038452457974	1.495155190268389	1.488742414168019	1.4827955470892906	1.478216086101739	1.4679493000369261	1.4624188506451175	1.4584663103653996	1.455344261519391	1.4539464447604744	1.4521238278619681	1.4518464721950834	1.4518506237691369	1.4515965950330714	1.4503671178501607	1.4480858867960948	1.4461166071383276	1.4443818519952982	1.4418772750643398	1.4403483299137485	1.439779350161781	1.441669950463673	1.4501135944742272	1.4660032820609274	1.486787294542756	-1.524196211642581	-1.4195171900394474	-1.2994254756337607	-1.2464889892533444	-1.2029474684491217	-1.168309105658566	-1.139415955051326	-1.1155747455875802	-1.0964812314254841	-1.0800923499822388	-1.0658772488362005	-1.053963316955623	-1.043512583017419	-1.0344455392134229	-1.026177224541987	-1.0185355825315392	-1.0113363060275038	-1.0044184717615536	-0.9977041897491956	-0.9912883603858318	-0.9851963562559566	-0.979320158879038	-0.9736712861481643	-0.9683191851142827	-0.9632567719879472	-0.9582249653111075	-0.952839088220305	-0.94672231893258	-0.9391018155648785	-0.9294269607599372	-0.9175424585274733	-0.9037200460999119
naca4412:a-3:re1000000:n4	0.9681979117862826	0.12288426132177127	0.008329338153415699	-0.1012524321048724	0.6368847922399951	0.07280372934422513	6.387927261783333e-05	0.00010457169609619911	0.0001335113346506193	0.0001580898807707789	0.00017892882184825727	0.00019816091794844465	0.0002165221459623716	0.00023475643936755528	0.0002536776616659376	0.0002735466596225661	0.00029279105868321365	0.00031272988241789763	0.00033397989903834137	0.0003581002663246396	0.00038134281161033434	0.00040505772592769286	0.00042876033413038377	0.00045301618807060026	0.0004706039470343325	0.0004779699587307638	0.0005096943555879342	0.0005825504267480265	0.0006695459486277751	0.0007470593296319447	0.0008256936980212643	0.0009203643570997156	0.001026355961198116	0.0011494932025356915	0.0012941011275988466	0.0014736863516884198	0.0017195920213057933	0.0021083224036371087	2.2879079893929544	2.340569866123593	2.3640326714532196	2.3800600042198052	2.3940643185590837	2.4111332406042254	2.429144721067753	2.444197619235681	2.47064024062178	2.50300638828805	2.54423125555943	2.5875686908566107	2.6511673362680526	2.693330397838328	2.752031741404325	2.8103345224371497	2.870363085413203	2.917530997924548	2.9909896712997934	3.0347619443703677	2.65223964291961	1.981228073208838	1.5639707333284485	1.46142211513223	1.458121435546456	1.4527000949591014	1.4550612091914414	1.4630022609012694	1.4767696160363604	1.501543003179072	1.5458816167732312	1.6386425899336614	0.6195234397560399	0.9238699203304565	1.035617400027942	1.0985985599326744	1.1414042470630088	1.1728745958650268	1.1958606357592454	1.2117641992612542	1.2221371583389855	1.2271592983133095	1.2279472385448562	1.226011478525832	1.222273229458338	1.2156774038290319	1.2086127978620715	1.2013602527528502	1.19480550319767	1.187583313048825	1.1807117431535512	1.174557935285918	1.1608973880338418	1.1406354016027238	1.1249831099142247	1.1167766830833994	1.1083111028106651	1.0959273431508252	1.0807815414622328	1.062360255374125	1.040375183273495	1.0135787431214136	0.9793217948482194	0.931310928041296	7.12227317873491e-05	0.0001481001827889626	0.0002079541322696497	0.0003453245553366537	0.0004375209151920913	0.0005549636296369526	0.000677921260587509	0.0007893333959463927	0.0009037136363020542	0.001015963537085847	0.0011179592406871345	0.001213491647738254	0.001310063770939299	0.0014068743413354968	0.001503469246989056	0.0015990113545356357	0.0016923831837309092	0.0017859925223002058	0.0018807650896428714	0.0019762510553036354	0.00207068266804636	0.00216403871192763	0.002256402286256809	0.0023465167384645264	0.0024347942873888325	0.002524511608143463	0.002619211626917833	0.002724464044932277	0.002848952341716381	0.0030010457145727455	0.003192768693298074	0.003425043949821508	2.611909413845994	3.10555281926445	2.7267457915400213	1.5301441959914304	1.49985755205635	1.5087922013850652	1.4937314918139886	1.490393035904687	1.4893511842314286	1.4855559700490677	1.4804277220592719	1.476322891365098	1.4668930354998164	1.4641411082697888	1.461028357820857	1.4584866776954672	1.4576155913064424	1.4557722834661233	1.4548818375847081	1.4535299998608813	1.4522496384342232	1.4498027193808651	1.4469211718243886	1.4448795706758706	1.4425446696328226	1.4396078989011727	1.4376618490520119	1.4371636340117917	1.4396912354846143	1.44792234964917	1.4639715540466591	1.4864758109849117	-1.5187026338175316	-1.4050826209042238	-1.3215279390843482	-1.232931946551088	-1.1995610774284151	-1.168861872589311	-1.1389176918697599	-1.1140581238860763	-1.0942324346357422	-1.0776966656798062	-1.0639265554146835	-1.0525495184808387	-1.0426173128236589	-1.0338746740473255	-1.0254905511481094	-1.017480334180553	-1.009788989138244	-1.0024196010941724	-0.9952243422287846	-0.9883723857427107	-0.981984042462679	-0.9759741830165247	-0.9704483216424853	-0.965431689089274	-0.9607519280943332	-0.9561447022435404	-0.9511051527874748	-0.945181746021017	-0.937588559851998	-0.9276997019425436	-0.9151075967011519	-0.9006594770211067
naca4412:a-3:re1000000:n9	0.9573832928700279	0.13343263227629898	0.007467401549408678	-0.10389900645041308	0.7843455857518189	0.10769621728870298	6.441792596865118e-05	0.00010460388449531042	0.00013406837723124227	0.0001587918009918041	0.00017930508636107304	0.00019835133330339537	0.00021694510636583142	0.00023550586755734964	0.00025433515895710525	0.0002744315343586424	0.0002946246489353354	0.00031463309035887103	0.0003353745332625199	0.00035938288554848827	0.00038454753674137216	0.0004086052555992494	0.0004314096487887029	0.00045396866434208174	0.0004766422463951824	0.0004996026308787785	0.0005212799122491083	0.0005456458791339917	0.0005678754010405213	0.0005689284900352058	0.000588178571082398	0.0006806921436642803	0.0008119147066654172	0.000927195898171349	0.0010213949274890958	0.0011494681485227083	0.0013547450254672497	0.0016953299239779273	2.2862147938341018	2.3481907953111767	2.368804260829131	2.380749607213104	2.393383832818282	2.407232525205893	2.425609011580577	2.4401350112275257	2.4697780339928888	2.506095993119347	2.543944598817457	2.5891586309872894	2.649123041831939	2.699449979611668	2.7549227340775766	2.81673430557984	2.8694700326211855	2.9310894731715735	2.993528562496384	3.0452878386499087	3.1392756462765794	3.2475008508017185	3.3924938237252045	3.660667491582171	3.5201271045494886	2.5422313128442466	1.8056879621253523	1.4970567397123338	1.4635932417771067	1.4868980101341922	1.5111278780722273	1.5685666146561643	0.6236287398147513	0.9277847527238652	1.038068231488557	1.1010724406723293	1.1437584253090427	1.174979854412348	1.197795183614387	1.2135898349683512	1.2243530627055077	1.2297778987176802	1.230447101487195	1.2280875748229083	1.2234378067769764	1.2162633678994001	1.207881132911537	1.199106117724488	1.1901840934812804	1.1818391989156456	1.1740954865331017	1.1666587973676843	1.1605407551946127	1.1540693264745685	1.1465978777701642	1.142279796824416	1.1305547259631086	1.1028492544435118	1.0736923532326828	1.0538071620215792	1.0384568482524719	1.0169445465099372	0.9831638027904804	0.931635498987706	7.149374860931918e-05	0.0001494998691619769	0.00019889985721281817	0.0002545726589580448	0.0004072879942615928	0.00048494692749967205	0.0006068201166431762	0.0007348141282423554	0.0008431542094207094	0.0009527581908567455	0.0010592677927277522	0.0011572998092454505	0.001252478101609195	0.0013458975401460097	0.0014379057782644268	0.0015301801568311847	0.0016197943247104496	0.0017101956028294384	0.0018047901208428914	0.001901348821668806	0.0019973705158997314	0.0020938090563171288	0.00218907543248748	0.0022805773005515487	0.002368058347655662	0.002455786059087106	0.002547105969431397	0.0026489254212254698	0.0027718167218114737	0.0029251329642690695	0.003126947386601601	0.0033732451165737537	2.61628607663934	3.181867795072289	3.995217117489634	3.2594868927250085	1.5371942979148774	1.4343885951906192	1.4465406448082623	1.4612760850326987	1.467961486528094	1.4718664621757627	1.47409948038363	1.4768221313552778	1.4703286791434906	1.4637068371088902	1.4627577173213924	1.4579486180262424	1.4556445320448277	1.4542469209016673	1.4525468589170765	1.4503992556168461	1.4500706405844153	1.4488356904116564	1.4482243790062639	1.4474840309194834	1.445546550125963	1.4420665388304112	1.4390583370757752	1.4383788250059713	1.4403134952212278	1.4491628938130292	1.467509380876318	1.4973980758056247	-1.5046071686638518	-1.3918890953949132	-1.3280234924137828	-1.2644007604201368	-1.180532342313801	-1.1546467640731182	-1.134031757744066	-1.1108662300463101	-1.0916222697079572	-1.0750789545510249	-1.0608590337668826	-1.0490364429134162	-1.0388981795215493	-1.0302525124947797	-1.0227330407051447	-1.0152761385632185	-1.0082073408411412	-1.0013798489330528	-0.9943440829744818	-0.98735249172493	-0.9806228167779648	-0.974103769496447	-0.9680307960534185	-0.9625991342904828	-0.9576755982319851	-0.9530228683905798	-0.9482261161362922	-0.9426538505290275	-0.9352762933517622	-0.9251895864502865	-0.9114957892747306	-0.895764816169625
naca4412:a0:re200000:n2	0.9717199437755697	0.43671399462051813	0.012351173074105729	-0.09724030357928407	0.5541591214013178	0.2613318303512727	0.00015777380931873304	0.00025112737280009415	0.00032184989773234606	0.00037860771726309775	0.00042780429639548335	0.0004725811709938011	0.0005167935323734709	0.000562708339952129	0.0006082387960975642	0.0006542025646117274	0.0007020670618243117	0.0007538274394498372	0.0008078742667255978	0.000863654227586369	0.0009150215755124765	0.0009686651433365812	0.00101564502594835	0.0010563797070623207	0.0011247508430289313	0.0012643237279636999	0.0014279214831881331	0.0015625429977369895	0.0016840207379610148	0.001813692262672427	0.00196499699985667	0.002147457826261971	0.0023623047583423112	0.0026179744480546723	0.0029288439362056885	0.0033191138211209415	0.0038240060219852543	0.004492404820779344	2.3398436177549655	2.401557519097226	2.433019679957759	2.4407330738409088	2.4546706692290248	2.471157161518366	2.4868837278315716	2.5105659510874436	2.5531631792327043	2.6024659272496753	2.6637346313134773	2.7261749720882533	2.812869658396369	2.8823512756063963	2.9776965358441503	3.0617593216203587	3.123490865672102	3.069547394961167	2.7790159114622464	2.239684607951013	1.8783795243124872	1.6996469183005511	1.636497293582726	1.602347852673315	1.5822729715910495	1.5696771620346601	1.5705415369567826	1.5834518443980479	1.6104093562994213	1.657610402657133	1.7376301977217357	1.878890174897075	0.9677499098510483	1.1588933647814441	1.222353916456076	1.2585957728088526	1.2838496217701911	1.3015766049342166	1.3133835335120088	1.3195117705171087	1.320606258234574	1.3171992879319139	1.3106794849051049	1.3021627756310654	1.2932254708627648	1.2827591502310591	1.2729116716453617	1.262628765576145	1.2525588061873862	1.2419205754129963	1.227021355318314	1.2061079069696143	1.185965401559784	1.1699155959383039	1.155011462758006	1.1399652431595049	1.1234371645943233	1.1053234459270809	1.0855421748235647	1.063099348064354	1.0373882846641995	1.0077441552429585	0.9738006606427945	0.9355291229584041	0.0001508032396761447	0.00028007988360404125	0.0003910165558590477	0.0004988903568190037	0.0005910024273113934	0.00067041812589993	0.0007355117052258774	0.0008018965412747249	0.0008567725430247384	0.000964638025481014	0.0010933358513467379	0.0012191814625043343	0.0013273822833932164	0.0014282145991761964	0.0015151802542197712	0.001608865468051614	0.0017115070101075642	0.0018118065967766602	0.0019152070809894178	0.002018657467234638	0.0021212803508216856	0.0022237197230913683	0.002320424442210753	0.0024107339630097904	0.002499369164460289	0.0025861428120296385	0.002671233138321481	0.0027590976863358253	0.002861495754936254	0.002986692430142624	0.0031375273484986026	0.0032878498517206946	2.4045310953310537	2.591583036550668	2.732254123751144	2.816607667498683	2.892769600418451	2.9587433388537288	3.0488735642704263	3.062574132249482	2.9261628838785123	2.3631472363307084	2.006244259745772	1.8000195933130865	1.7084495019929424	1.6335094346974603	1.609703440767876	1.5919528821769762	1.577566182104676	1.5675955540266955	1.5551110951356886	1.5463280126578438	1.5412281166793378	1.5374061581554712	1.5341787408146836	1.5310302210512647	1.5242756599135807	1.5179345501551955	1.5128622096857745	1.5101751469585978	1.508169669938545	1.5088513058893855	1.5166514040332988	1.5282977283594765	-1.107451704850106	-1.1663919158268943	-1.1420421222487045	-1.113512989295967	-1.0880639981004205	-1.0690320747451474	-1.0554377622285305	-1.0438329435003875	-1.0313506822111438	-1.0104631339973165	-0.9957069457131518	-0.9860028776147742	-0.9803527902534863	-0.9756390228256722	-0.9739222338049102	-0.9718790648406144	-0.969141747290571	-0.9659727360089092	-0.9622104504563211	-0.9582809826296008	-0.9543476185196607	-0.9505864754486713	-0.9472057174183516	-0.9443990557355231	-0.9420432923138407	-0.9401856122191053	-0.9386611103613642	-0.9368571168362945	-0.9337040210173277	-0.9286025028377111	-0.921749463858141	-0.9163379794386903
naca4412:a0:re200000:n4	0.9814239105047788	0.4454523441701717	0.011068684037480073	-0.0996241049557364	0.6583121067373098	0.46625771474885636	0.00015909692432192267	0.0002517821801961089	0.0003209387442374453	0.00037873081468815215	0.0004302226571276947	0.00047693314414598136	0.0005222400204599279	0.0005665291711587504	0.0006113482880891051	0.000658696047255161	0.0007040373553441508	0.0007523576842670675	0.0008042205155637416	0.0008648783549038561	0.0009245807772926144	0.0009804055283589618	0.001031749033554906	0.0010833483901374697	0.0011311139743638908	0.0011661503247004264	0.0012049617791998625	0.0012881734932106287	0.0014599238542153464	0.0016719334002994303	0.0018602083584921942	0.0020245765598026814	0.002209086466462859	0.00243422513790407	0.002703271070984918	0.003051927706333142	0.0035323398622937757	0.00420611200433619	2.3390194379104607	2.3934581091601306	2.4300091601780633	2.4435150153915846	2.45885081411263	2.47877252845788	2.492150801096484	2.515336492283957	2.553091883470055	2.591515540687354	2.6534415615099927	2.711700994510058	2.809687354510236	2.8949288707820577	3.0005693833132008	3.1154295815890936	3.2287110436502697	3.3373422302360507	3.4433140880782567	3.548183621078732	3.5081829117889076	3.176692812328021	2.5209001468131054	2.0261224671477067	1.766286274099382	1.6817440908945085	1.6377953290469875	1.6166986845901197	1.6212344701278185	1.6480485582784192	1.7052867671870962	1.826238396355428	0.9703471093760739	1.1620722561089853	1.2277825861495695	1.2629449584026429	1.2858616873158493	1.3019311585820754	1.3126893789583167	1.3187673492990335	1.3206595323120611	1.3178115207570396	1.3112566010006586	1.3021348463076339	1.2926197864410625	1.2812325554296315	1.270119090579931	1.2595043606575003	1.2494523162369766	1.2398895059570187	1.2305574170180156	1.2214377388595903	1.211047717855575	1.194733623320344	1.170144448360185	1.1441367933963318	1.1219320819462197	1.1029650277118817	1.0827095972401553	1.060475158049071	1.036081733409319	1.0076141295483798	0.9732037938297303	0.9322060538483985	0.0001501085534354139	0.0002822941840621036	0.00039379041963276824	0.0004976876654308551	0.0005930652171686217	0.0006791938692109856	0.0007529210684027602	0.0008275466983046371	0.0009006263805273507	0.0009681217076133339	0.001026866533912085	0.0010688789444265536	0.0011044309625432558	0.0011318128889600111	0.0011566914457280743	0.0012158711859578686	0.0012958105818761927	0.0013927956696739457	0.0015075238738534791	0.0016127871906441021	0.0017103240694720148	0.0018016203967795839	0.0018879548410339543	0.001970716184538271	0.002052923683857483	0.002131541503393632	0.0022105996649084726	0.002297953686336007	0.0023943688740306183	0.0025158563557257803	0.0026626941501645632	0.002804599031070165	2.4108540450489757	2.6166773104516454	2.7246125563593826	2.813621291675677	2.9016741419588863	2.981208050174248	3.080756347839344	3.114176391791489	3.1276696531604933	3.1417516254498654	3.1113244462722074	3.0759182691056735	2.9760855271084283	2.8759850898364716	2.745442385518115	2.4930087137878734	2.259953277585978	2.0490283135022556	1.8537864889225828	1.7448379783241352	1.6716097799779315	1.6152895848579796	1.5732955689493333	1.5450897845188742	1.5225198863188965	1.512606043316669	1.5052933524888026	1.5013562784624261	1.5030719344090744	1.5034070228700283	1.512664202200983	1.544214668332992	-1.1075107678044769	-1.1622276521277057	-1.136794760973154	-1.108796768188152	-1.0848091638344246	-1.064189382724971	-1.0470357403841004	-1.0316640973875868	-1.020062312836647	-1.0111746079668427	-1.0026913100465782	-0.9962566883708917	-0.9906084537933134	-0.9869676519620145	-0.9843218414490835	-0.9788631634982892	-0.973465870805703	-0.9671380530334419	-0.959958934930705	-0.9542716436743307	-0.949472906656651	-0.9450348155068036	-0.9413743749083755	-0.9386922001600027	-0.9366976835716365	-0.9356204797859455	-0.9348173134633577	-0.9332388349934156	-0.9301051286075249	-0.9242187337919888	-0.9164607878321872	-0.9107900586952999
naca4412:a0:re200000:n9	0.9795920119019227	0.4787824165471849	0.010099935368676137	-0.10753606915718883	0.7857718198712851	1.0	0.00015931392444092486	0.00025506239108838354	0.0003243111425931214	0.0003846162297555469	0.00043568486532575906	0.00048169598235538484	0.0005269857293515935	0.0005717238066654771	0.0006173849731284048	0.0006656403370510763	0.0007135496734678867	0.0007635855584937921	0.00081710794044953	0.0008764987476303046	0.0009391018481420632	0.0009978750028215317	0.0010525274061857284	0.0011106661761391037	0.0011661899508592292	0.0012138809846231585	0.0012507897032473037	0.0012824608269878695	0.001315460073712264	0.0013331853789528142	0.001394303426168264	0.0016422461756875634	0.002153047141603816	0.0026848066889326797	0.003032848236511908	0.003322013059583043	0.003748014730612112	0.004441319074856918	2.3442905440863404	2.4038788539238882	2.431663875348324	2.4462987804948897	2.460267120103473	2.476019261304141	2.4936580961881734	2.516489119570739	2.557334196652651	2.6069876782260417	2.669735274186629	2.745380959341774	2.850407277392593	2.982262905752803	3.128994535886354	3.308424842263639	3.5027264036215606	3.7412025903996566	4.030015113835085	4.3629037634867895	4.728278573487934	5.04326063930021	5.295566170097278	5.585533973571337	5.48053701031944	4.277372531747842	2.810758232856495	2.0254580022811615	1.7855904293405471	1.720001551771246	1.7049384300854808	1.7516691923523793	0.9912011884427216	1.1756250495707645	1.2385405004613637	1.2720272540036937	1.2930546881814933	1.3081507852942562	1.318309283533105	1.3234796357702716	1.3247100520917328	1.321262292503424	1.313872688144469	1.3040857257841554	1.2932797518799317	1.2813824088357544	1.2685792438492425	1.2559274738671249	1.2435693691121064	1.2323657420390266	1.2232684669594882	1.2167504743859139	1.2125112228619415	1.2082358745504607	1.2015441036371484	1.193570174653264	1.1795554769334538	1.1496558976498858	1.1072319659422218	1.0683057934696154	1.0397852830506364	1.0129857724907159	0.9793903825688182	0.9361518020125745	0.00014772528478762485	0.0002841029273355973	0.00039656337555384123	0.000499986692917369	0.0005892311096539454	0.0006727588323816591	0.0007539548443742418	0.0008329841467180623	0.0009046531044878804	0.0009615689475308641	0.0010202057554173048	0.0010811826980641117	0.0011296296192202949	0.0011788569274096218	0.0012242108469431156	0.001271054881556913	0.0013209387459260007	0.001370385870948329	0.0014201032845269804	0.0014615494272921111	0.0014941779608331877	0.001526973033242145	0.0015651857363206164	0.0016127776702949555	0.0016504119928806734	0.001669055557076386	0.0016795464232322657	0.0017004243154651077	0.0017515650197215894	0.0018087992152386325	0.0018415495087741572	0.001874533133194289	2.400419776946157	2.6200616850880376	2.714602417186202	2.8025484163519634	2.9133411609894404	2.9866890527558603	3.047573720302235	3.0898875252153544	3.1063007317149274	3.111627275592823	3.0730813856042314	3.0330918848171784	3.010659867811112	2.9336034816715646	2.879598599796653	2.848205643520697	2.8340258553326585	2.837024307960399	2.8555611185628087	2.895173371355718	2.9342277476794076	2.9732667571643487	3.0113900601775097	3.0318042002341143	3.0582396207956895	3.0911700735718277	3.1078463441052477	3.1372023663551283	3.1645732289160216	3.2522019324216287	3.4679201671395377	3.6590443472597274	-1.0940801682324481	-1.1525039525064216	-1.1271132304178182	-1.1001632125671308	-1.0779297324196322	-1.0581567671829928	-1.0410574001413189	-1.0263614018151515	-1.0135786104218454	-1.0039778997768563	-0.995893973865098	-0.9887087146377035	-0.9829880451532708	-0.9767493010982082	-0.9719907155897846	-0.9677786235537185	-0.96356383387403	-0.959666677257166	-0.9558755178195047	-0.9522693849535355	-0.9489861825170798	-0.9459440070693568	-0.9431057155234887	-0.9395980140048096	-0.9360092903366714	-0.9334771423048431	-0.9324128572259034	-0.9326467718609501	-0.9316280559356412	-0.9274325329201464	-0.9212577903392647	-0.9139936646331512
naca4412:a0:re1000000:n2	0.9738893306474046	0.45324800668569637	0.008695990163871757	-0.10014717101901116	0.4446661754071885	0.14642365509680305	7.164519574478073e-05	0.00011374156636859705	0.00014500059640594105	0.00017074547761495025	0.00019227245733570658	0.00021152971146111324	0.00023126575412123752	0.000252115483648281	0.00027264319492372835	0.0002932351699429384	0.0003164156232749075	0.00034079158864462313	0.000362168638101569	0.0003761683956175445	0.0004044313936907888	0.00048627233431392284	0.0005668185465985724	0.0006403933042583281	0.0007277006228146216	0.00081716474627587	0.0009070500099411308	0.0010013297797359327	0.0011001879926559473	0.0012081882022159285	0.001328396454921491	0.0014627294022345973	0.001612771450146264	0.0017841346557099715	0.001992099065157342	0.002263011617699374	0.0026410804128334385	0.0032098770753277183	2.340673066843276	2.3946998803990547	2.4261957119098	2.4324833978115517	2.4399725462608943	2.453364814412747	2.475663466787863	2.5036050519239312	2.5412567030621163	2.5947220123667227	2.6562279618882774	2.7298889316097235	2.8303039871219493	2.899543023922346	2.543605595137713	1.7170404259646945	1.4742619495790317	1.455398406989392	1.4512522890302058	1.4500020460297394	1.4547643869731957	1.4595747521213245	1.4654069531589056	1.4718659551159214	1.478150303780591	1.4840659358684434	1.4950372853213747	1.5120040267465968	1.5362280053250497	1.5730934268664072	1.6405571482311951	1.7830057711493161	0.975033241303392	1.1657569497757592	1.2281491448039885	1.2636071913184572	1.2884571264862694	1.3057324310878753	1.3172596573372166	1.322632512370297	1.3230392413152199	1.3198996051940812	1.313689385951828	1.3047274184834077	1.2960211750939545	1.2886190330243026	1.2745633565713834	1.2450782566825243	1.230742846354811	1.2239928379859601	1.213614409771313	1.2023675312396997	1.1905909155578045	1.1778597088677714	1.1644851894479942	1.149832526827949	1.1333761917594476	1.1150366300433507	1.0949657235512678	1.0727982975278785	1.0473206035574165	1.0164422165692448	0.9783064587720746	0.9308848404197023	6.764304311774116e-05	0.00012728842634930325	0.00018117767074274922	0.00022552475842615633	0.00024669506887145065	0.0003278437982376768	0.00042122589340951017	0.0005066758900915117	0.0006004955595529835	0.0006914354456291956	0.000776072626085048	0.0008583629936073492	0.0009410164077065806	0.0010232074046998914	0.001101101984810825	0.0011768373478230332	0.0012515203288883804	0.0013260820119470325	0.0014016953085243483	0.0014781104172140016	0.0015552915261034211	0.0016312033944845933	0.001704596084485113	0.0017737663345658069	0.0018400367033381746	0.0019061511465205243	0.0019723915270640946	0.0020438021592984294	0.0021254505788517544	0.002221629294614335	0.002338329179644322	0.002478862925622879	2.4109586651702215	2.6069282279277473	2.7050559749393215	2.831574198000285	2.785258300326094	1.8750439409077149	1.51947670789074	1.524367793590419	1.495536646008625	1.4955453595122892	1.4830006184570612	1.476860106967417	1.4713489653970835	1.4628003045716147	1.4582397080567	1.4514489887637327	1.4479788661949786	1.4453296138662042	1.443990891785532	1.443193023592995	1.4425173528702975	1.4418233014886381	1.4398685094471015	1.438182463849626	1.4354116079073809	1.4302822320253945	1.4278194299148974	1.4267789491561484	1.4277939138535996	1.433177706457414	1.444183256205716	1.4559198590027362	-1.104489377056522	-1.1636584708275979	-1.1362223955405852	-1.108986942313681	-1.0876812060858485	-1.0524699800033193	-1.0342354602230486	-1.0269181024613014	-1.0160816805091368	-1.0064449086643728	-0.9964100611468949	-0.9885745725425135	-0.9825262222545386	-0.9774490300011693	-0.9732893073752327	-0.9693529586719767	-0.9656232003364644	-0.9619007186062234	-0.9578095272641675	-0.9535875457821785	-0.9493294970070487	-0.9454033073724181	-0.9420650351336936	-0.9394746216918992	-0.9374362595143718	-0.935578045157968	-0.9335672696510653	-0.9308917688415925	-0.9268046985995987	-0.9209965592575734	-0.9133685123795939	-0.9041196307422359
naca4412:a0:re1000000:n4	0.9661940439815864	0.4577717818011303	0.008009338525342543	-0.10136979925482073	0.520959798907168	0.21415674733211076	7.10212659634265e-05	0.00011305085996160399	0.00014434091721735333	0.00017015135943480365	0.00019162850575287632	0.0002114954379941286	0.00023133064596320835	0.00025194026075602233	0.00027222110679949563	0.0002928424803392165	0.00031493772435313373	0.00033817301231295387	0.0003651148648673636	0.0003923801314530246	0.0004206723568222834	0.0004321988978113779	0.00045267226589989205	0.0005193057292072499	0.000616971004332746	0.0006871530021637358	0.0007554369341567783	0.0008450935109038539	0.0009396701921527675	0.0010405145369930763	0.001149602166835019	0.0012703850518390447	0.0014086479205684017	0.0015698969528986082	0.001765694605546233	0.002019533999319296	0.0023647606474228957	0.002877174451969713	2.3405597673745517	2.40028252684615	2.4275798932259636	2.439040190332137	2.4503393558343283	2.461862371549678	2.4861136181910855	2.5117271694811323	2.5556770248121468	2.607835966862329	2.670499781968931	2.7409751147379935	2.8121436804448896	2.9250154399718915	3.009307045474983	3.1577173224065858	2.7913326801025433	2.108435641673252	1.5341869257764968	1.4417979595980244	1.455285609256602	1.4508074802533728	1.4533132781804072	1.4559705902606614	1.4607752503034634	1.4695010610888233	1.4809430598915867	1.4974319082858731	1.521584241948695	1.5579600987528865	1.6240917437688656	1.7585547332327351	0.978527659138918	1.168561328209525	1.2296653365866594	1.2651911774766864	1.2900253811294653	1.307565051277188	1.3190971740788298	1.324307718882773	1.3244465291939909	1.3202781146566545	1.3129498027196629	1.3037560298682536	1.2935845957594425	1.2832651951905496	1.2717458138514366	1.2643826779266063	1.2506125441275056	1.2274483574289787	1.2054561656897262	1.1962213304143627	1.1886800841939964	1.1770128084686355	1.1648095200041522	1.150922430285193	1.1353099042427748	1.1179217100117578	1.0981702618067826	1.075581079998411	1.0492369828491879	1.017444163289515	0.9790893921259468	0.9313358185257798	6.67739301702565e-05	0.00012681250969799553	0.00017897030268323723	0.00022719046643118233	0.0002690656053744442	0.00030421286394951495	0.00031764144432708887	0.0003731109633927595	0.0004750833728031444	0.0005624262485014469	0.0006417464690494746	0.0007229277348884249	0.000802583704813441	0.0008801435043356551	0.0009549760348612424	0.0010306500178855523	0.0011093074138791123	0.0011852874920677112	0.0012604144356088826	0.0013368547104408131	0.001414484755546794	0.0014917533198409898	0.0015652858100767752	0.0016337771808442128	0.0016984361723135992	0.0017614728080139037	0.001825532126655638	0.0018959769348240757	0.0019797113404568367	0.0020821744198312457	0.002209054880617402	0.0023537213447863063	2.4177855642472346	2.6217374571883014	2.71954249316396	2.784765613734469	2.8702636977667777	2.951827720466398	2.942978564951579	2.136901581206102	1.5566316399842133	1.4904117432011112	1.4677906265889769	1.4592377301931376	1.461138134434319	1.4565658390754017	1.454310528330506	1.455235836029348	1.4530496850397632	1.4514096252053161	1.4492817888415996	1.4480974791912973	1.4473458355751327	1.4464757632811374	1.4453727675538734	1.4436786513842315	1.4395886419920425	1.4342529982991976	1.430320885500756	1.428341502290794	1.4290030899456065	1.4347730059877395	1.4463793375196743	1.4574165654432754	-1.10825544296194	-1.1622527164423022	-1.132022088573585	-1.1017354106145223	-1.0797150792703145	-1.0645923858367556	-1.0511848575527287	-1.0252047967674476	-1.003821923468199	-0.998257470532762	-0.9926050006661283	-0.9872151474376323	-0.9820886296816773	-0.9772239082225005	-0.9730919605949487	-0.9693455572229699	-0.9655894824664288	-0.9618350917474111	-0.9578851844684382	-0.9536168457083147	-0.949193751815012	-0.9450982572565769	-0.9416975848107911	-0.9391647425653257	-0.9372798963301752	-0.9357172255080454	-0.9340020162803516	-0.9314680806849394	-0.9271026492588317	-0.9202728853220488	-0.910955934499873	-0.9006189655852631
naca4412:a0:re1000000:n9	0.9502935488054771	0.46524860899219744	0.006802777692335034	-0.10322427308912178	0.6287517962386893	0.4007130283685385	7.112722211088272e-05	0.00011365105713019225	0.00014503431468576472	0.00017096142429180386	0.00019346156684880238	0.00021488174507875593	0.00023476853568240991	0.0002540079351803595	0.00027338640961884544	0.00029475740589208474	0.00031532100229667107	0.00033666283889067963	0.0003612483046751263	0.00038916055384267034	0.00041768806234326156	0.00044571119298605547	0.00046936528163288657	0.0004901324239134829	0.0005007078751050806	0.0005124120415531994	0.0005844549503341156	0.0007120538140071125	0.0007879973302596648	0.000854087064106591	0.000950053094496908	0.0010614780718052553	0.0011849642876183427	0.0013311012817366758	0.0015059068217194616	0.0017283752401043902	0.0020347941502379396	0.0025071113120333144	2.34624310688333	2.413527788744131	2.4327815025119777	2.442758253920865	2.457749513001839	2.470562132287329	2.4976442350914203	2.5152032187035473	2.559426297787097	2.6074773986204383	2.6797982243077394	2.7483779495034484	2.832319441090549	2.936888826422598	3.064570000164324	3.2142224622489244	3.387208979284891	3.544772619390638	3.706083928962895	3.5846170819394696	2.655134520110932	1.690790150510452	1.4579732408821333	1.4469134472985832	1.4419355008996577	1.4454051302640654	1.4554916199864654	1.4673240862282193	1.485346979763127	1.5171635469599862	1.5727074627766418	1.6923150911087437	0.9882403386563341	1.1722525714309298	1.2327405021524243	1.2668836353888466	1.2904108364231515	1.3071049308050755	1.318056032960516	1.323179154453853	1.3246242435911477	1.3213683179415712	1.3144131589164654	1.3051904284608369	1.2951921549256058	1.283622072074289	1.27229566173347	1.2616131528114987	1.2525918532262341	1.2436080824905058	1.2349008522901257	1.2243789132385483	1.1979302224034738	1.1669302098344776	1.154720764923682	1.1472204899777325	1.1336530333179387	1.117116434886642	1.0978702309534174	1.0752924692464627	1.0492195789544132	1.0182029542303837	0.9799210863232977	0.9292031459178415	6.680181616926833e-05	0.0001255733552054718	0.00017697043575199518	0.00022250482784829474	0.00026710508086044097	0.0003058287235820001	0.0003414016660156509	0.00036875586547872744	0.0003969679328879789	0.0004326502585415328	0.000462322700195936	0.00047860842378806995	0.0005020173289925165	0.0005375762482694216	0.0006042853830966399	0.0006747903692602573	0.0007497142138016282	0.0008208764972888623	0.0008828233196220451	0.000949803815422728	0.0010233301877060116	0.0010964626016078322	0.0011689776830474544	0.0012419360837124809	0.0013117098102130317	0.0013775026090624032	0.0014414830541155691	0.0015047221946113997	0.0015782157044909291	0.0016738323685122761	0.0017960249466954664	0.0019311860278914876	2.407149331413901	2.6237748803064704	2.724405630388391	2.805446998782967	2.8438761312347562	2.9586494016499896	3.037434736997649	3.125953566361015	3.144748771485078	3.102465081514704	3.047179334263646	2.8947654536418965	2.5629274360102126	2.264849777135985	1.8490720795856994	1.6434164117498953	1.4968928317978536	1.4280892142165564	1.4208023721029688	1.4249334493302148	1.425706059956029	1.4275104034074513	1.4298339252075887	1.4295776357266876	1.42983026845153	1.4294490725701463	1.4282714076250473	1.4321700406140876	1.4376302340541294	1.4408072513548826	1.4517698637451157	1.4668228165479875	-1.0979128510966483	-1.156127611425021	-1.1269007694786037	-1.0984901621439216	-1.0741116361259897	-1.0563652132673012	-1.0406518256913553	-1.028150880308041	-1.018863557057365	-1.0095416397648553	-1.000092724595739	-0.9911821955876492	-0.9804680262733908	-0.9739720877939784	-0.9641782005435511	-0.9603763042652994	-0.9576962568184955	-0.9558238051798571	-0.9545078427870713	-0.9515283776164789	-0.9475475810361089	-0.943740764505617	-0.9404677717033986	-0.9376820139961786	-0.935402786386152	-0.9338613391407671	-0.9327848672558878	-0.9317672985296055	-0.9289734261965632	-0.9223562047391273	-0.9115078180103229	-0.8995102367124301
naca4412:a3:re200000:n2	0.989410482698703	0.7575539081314129	0.011983790140346064	-0.0938206519352122	0.45939349850135675	1.0	0.0001694950823364818	0.00027816605809857477	0.00035540361641447937	0.00041837006367307684	0.00047116627628831343	0.000517610068178417	0.0005652346422057572	0.0006149902402703768	0.000668092402058111	0.000721120015604921	0.0007745736661091965	0.0008305293234319442	0.0008985093334690008	0.0009551116852117723	0.0010183098089390603	0.0010968663007123638	0.0012376915385361135	0.0014087880791260952	0.0015357418882404204	0.0016611455033904605	0.0018005592964486223	0.001955799145594119	0.002130929683648419	0.002326944742979766	0.0025429840131449694	0.002783482156298979	0.003053585440980282	0.003374876418707047	0.0037728516453603114	0.004279286541438534	0.004948559241610171	0.005762689925620906	2.429437645265434	2.507896446433765	2.5354910178255325	2.5399011837871637	2.5396008776003214	2.553171010176577	2.579963449073159	2.6302030217600816	2.686501324027784	2.772738984108085	2.8815377878681643	2.9965756183379786	3.063384678566042	3.196399137896139	3.1665458314817765	2.8173464001160786	2.173091338195485	1.7760505848747214	1.6547014907644435	1.6067394238163726	1.5711086724023158	1.5588216023338914	1.5471742937247737	1.5425280907607533	1.5482303011688812	1.561968755395451	1.5861629618402253	1.6199555681977824	1.669685121424966	1.7437002666562997	1.859638629249355	2.0552776941160573	1.326320760059943	1.3996437643487993	1.4142418024267303	1.4214805213091468	1.4264932757275524	1.4283962480502526	1.4270442981209146	1.4216902455077085	1.412432056069982	1.4009408297329513	1.3881670703868525	1.3747226790804004	1.360686665027215	1.3489982529949818	1.33410836104332	1.314128065790742	1.2849372668470673	1.2589733537103853	1.2412046112847384	1.2248640656437695	1.209142687706763	1.1937394993287547	1.1774639631082502	1.1598704533866893	1.1408582166011292	1.1200702869295096	1.0974328082166265	1.0722967260072935	1.043696828697223	1.0111035003126547	0.9741139470749018	0.9374523949461177	0.00013626922251145317	0.0002526895506019109	0.0003501745675771888	0.000437801592791795	0.0005172481605148594	0.0005866350779527772	0.0006527174390725619	0.0007211275962437383	0.0007835508948375979	0.0008358847754664464	0.0008862194888021315	0.0009349908104303095	0.0009763727219683696	0.0010159562030737843	0.0010520467263784397	0.0010863017195201566	0.0011234594732153517	0.0011629235629087022	0.0012028527537349327	0.001241625827563027	0.001275885325965586	0.0013087782979241372	0.0013422202791179745	0.001375194884730752	0.0014022544379821973	0.0014272021005756453	0.0014479859402460463	0.0014677751185626742	0.0015008990243727792	0.001532656444680835	0.0015335873950892884	0.0015153108817074629	2.3033555976449005	2.4284920731735733	2.507557766481244	2.56146955522271	2.591198556168564	2.6207610685030387	2.653744691069132	2.6791294762087574	2.6861934359567217	2.687098990519797	2.6760157678949987	2.6684242375344294	2.659335118069571	2.6175642125269483	2.5966629428958	2.588875270767933	2.5749144056739484	2.5712460987818346	2.5845544701456338	2.5968244645689085	2.6067432659941145	2.6162911427944184	2.623500435739756	2.6261050925628484	2.629033778677852	2.6100752940073515	2.5786842030190744	2.554476316271664	2.5287957633788314	2.5254705440287504	2.59675890125975	2.696085048374643	-0.7210495401166458	-0.9253980349692166	-0.9584440906377146	-0.9626000262375441	-0.9591881556749657	-0.9544200892846688	-0.9502431898261717	-0.9454594761375819	-0.9398250886262067	-0.9352691734095104	-0.931841630522065	-0.9293086298448622	-0.9277235204153346	-0.9262438806277916	-0.9262267492202854	-0.926502524745008	-0.9255741782139105	-0.9242994390835009	-0.9231346229800255	-0.9217765014154098	-0.9206787518364965	-0.9199508775829823	-0.9191814787133898	-0.9183937953132008	-0.9178738359848794	-0.9177472704868402	-0.9189116409353272	-0.9211380880255111	-0.9222969756890915	-0.9209557675002402	-0.9188738523474911	-0.9184228160760485
naca4412:a3:re200000:n4	0.9930270491079024	0.7695556373068599	0.011507554085308222	-0.09622663852013927	0.5366394302667512	1.0	0.00017336970638336433	0.00028045685450911207	0.00035661370344088305	0.0004197514977152141	0.0004743424945104784	0.0005238777887496088	0.0005722642326139513	0.0006204997605963337	0.0006699400954205737	0.000723759604933903	0.0007805125381065239	0.0008385475959699353	0.0008964981346652201	0.0009545356497336719	0.0010107877382116977	0.0010627574472333087	0.0011056764870794418	0.0012063812416550285	0.001390527953733866	0.0015874939131460656	0.0017512966589987612	0.0018785990857480693	0.0020255888849834477	0.00220300324913897	0.00240522710418295	0.002642025476215558	0.0029119438874190134	0.0032289947412952984	0.0036188587009928137	0.004112318868573288	0.0047446703905609225	0.005543814833058065	2.430843982324265	2.5069101102987355	2.530483838333529	2.54389046359835	2.5521791084652867	2.5629005828393456	2.5881159674937133	2.630386337437157	2.6956306248882336	2.7762669799531245	2.8990091046834614	3.027317196491969	3.2013124013434555	3.3866680634168587	3.576995434778904	3.7544250791364497	3.7905806177539856	3.2679686703444135	2.4053971531645435	1.8799134261421389	1.6670991884294486	1.6091165014880828	1.5702265881175999	1.5424762287522116	1.5373454202108066	1.5404839486658997	1.5520395839921002	1.5763828611225643	1.6177292517898727	1.681636769806087	1.783740933282491	1.9498139765249778	1.3273212024024958	1.4007139935776594	1.4156448947330267	1.4232879514482164	1.4278000157722481	1.4292878325271259	1.4276267748274467	1.422042880160222	1.4130121308002408	1.4009269840234981	1.3875785204529296	1.3732393866134252	1.360288162944201	1.3473355548258434	1.3349168263069204	1.3223607950884992	1.3086062488045478	1.285589387674872	1.2551104487057017	1.2287734580041965	1.2090582378890182	1.1929469748846042	1.1763351942669695	1.158791292426462	1.1402494750567822	1.1196845475982924	1.0971110139066453	1.0721040770587935	1.0436620602083804	1.01137040594382	0.975395235971229	0.9372715761030235	0.00013505576299514824	0.00025538283054422873	0.00035308816035236826	0.0004399373511429045	0.0005194876186894051	0.0005903613711093872	0.0006565174610721483	0.000722701500694417	0.0007828538956499947	0.0008371545839347396	0.0008883731773155396	0.0009359453327793261	0.0009776078220121232	0.0010153218626672291	0.0010488324358071323	0.0010798307312915275	0.001113660294914709	0.0011506998654766173	0.0011872337270434825	0.0012232340685949278	0.0012558584554368073	0.0012854231729232625	0.0013171499667102421	0.0013504208034129136	0.0013805171707497554	0.0014039723759384129	0.0014246105682859868	0.0014489643238693598	0.0014826835624842615	0.0015137673592285788	0.0015287050540190833	0.0015459318293820498	2.3061421039393926	2.4261822701349476	2.4997314635352548	2.5600006333684355	2.5902763118417185	2.616872670562628	2.6488525215401224	2.6686773541103284	2.675644469627784	2.6718425972890394	2.663376580559726	2.64710077566238	2.6322427832465434	2.6106672784976768	2.59959074495065	2.600743862061474	2.5932343365949215	2.5939168531814167	2.6111415377718434	2.6227870574932983	2.6352136717369676	2.646901350205013	2.65318752766419	2.653488356663337	2.645699864488542	2.628280466811835	2.59977128904754	2.569752627874886	2.5491249384175947	2.5507003263168433	2.5912962643396504	2.6352759523768072	-0.7167820921384165	-0.9188353162562782	-0.9523283606367475	-0.9577480630582756	-0.9548758939469021	-0.9502040526934866	-0.9458014435198245	-0.9410056473997118	-0.9361303818701409	-0.9321811979762119	-0.9293082037376416	-0.9270744205627225	-0.9256089268757448	-0.9247928860167575	-0.9247401588511792	-0.9252000303754091	-0.9246990295091206	-0.9239439635503389	-0.9231795948299357	-0.9219685570194978	-0.9206932101936085	-0.9195165353304016	-0.9182403148317959	-0.9170863833675303	-0.9161557165898487	-0.9159008856415216	-0.9164591667104031	-0.9174559889286472	-0.917999698615381	-0.917607507666156	-0.9166547449839538	-0.9146521632177034
naca4412:a3:re200000:n9	0.9943083703863654	0.7927393247059156	0.011528217550672461	-0.10165803541745319	0.6401696638146166	1.0	0.00017527901973806505	0.0002802532746489962	0.00035621788820195375	0.00041899306051554943	0.00047522483307646377	0.0005295526927171791	0.0005799979644989752	0.0006254459569649477	0.0006731421759090482	0.0007306342390874095	0.0007873477638079676	0.0008435757965621854	0.0009006451555713601	0.0009607308578546038	0.001018033903397224	0.001069220288675699	0.0011054740036669606	0.0011500167274240984	0.0011844739482332403	0.00121030517726717	0.0013678620928691027	0.001756718108374306	0.002182664768657667	0.0024263904454161164	0.002538544305429915	0.002718346845183481	0.002976523321579131	0.00330599955583718	0.0037042720533184826	0.004187150486565948	0.004819110765428872	0.005689131542772182	2.4365330458371304	2.5111305538797755	2.5331228296473127	2.5499601916156522	2.567618358108633	2.5819717536013815	2.6107691905796666	2.6494641802060643	2.7220887653712422	2.8090225693586857	2.957052637343782	3.12411384685344	3.3873877515656026	3.730895690473765	4.1492866014245084	4.597134607980806	5.071094581657202	5.405480421692289	5.731327456144897	5.998745593344882	4.799459825249985	2.9927982418851666	1.986387651955075	1.6709922837983722	1.5846384328877474	1.5134543281675705	1.4862901403639133	1.4858642552330783	1.4993079678086425	1.535369637690262	1.5985825650520198	1.713429782156821	1.3437530593898195	1.408004976158891	1.4237637075045195	1.4306088222419864	1.4334151913887538	1.433054053789876	1.4296579101141749	1.4229144578352149	1.4142563234928394	1.4017193628951619	1.3868079003588552	1.3704673496784678	1.3564998939048167	1.3432208038164908	1.3316897292639645	1.3218333135085047	1.3142779518126155	1.3057259666857155	1.2967524959336925	1.2870999631862925	1.26075603135163	1.2182145909484434	1.1792582819341566	1.1539869401574139	1.1359449034498006	1.1171265217379278	1.0966675389462526	1.0730972835060455	1.0459009018030108	1.0148894326975855	0.9789246064451476	0.9379422689414898	0.00013429335793741176	0.0002523648206532774	0.0003507705250948459	0.00043811881877442574	0.0005173093646583883	0.000592334912931291	0.0006626665391741027	0.0007243834104332705	0.0007833310857147594	0.0008405457424280452	0.0008926481891087435	0.0009374094902133163	0.0009770223906033079	0.0010130891843575561	0.0010460164765651503	0.001077048616852592	0.0011076890769255983	0.0011411153843723725	0.001176212691020363	0.001213063369936827	0.0012492975574886697	0.0012816011405062662	0.0013123859040755149	0.0013426376993909536	0.0013699088617452023	0.00139885559441607	0.0014281745658460585	0.0014528572352355885	0.0014765872880482351	0.0015013876524797066	0.0015273006949748386	0.0015739128413745005	2.315485216588858	2.4239893823215892	2.495449132071708	2.54925751687891	2.588008126098712	2.618757389327639	2.644913543243054	2.6642604224781676	2.6702277241071766	2.666765312761021	2.6520044239117064	2.630706559093822	2.6059449506133054	2.593021641884032	2.5796811555706713	2.5794350755083455	2.58524387918163	2.595173223879249	2.610792528939128	2.626495134026656	2.6408303302729332	2.65246851048074	2.6564989545698547	2.6503478502541085	2.6386199384520337	2.6180780476754277	2.5887194326918923	2.5722471094243247	2.575393574199826	2.5925734567560963	2.6248842614906973	2.631949244263726	-0.7040537492157547	-0.910051708498713	-0.9458559513609524	-0.9522017673108445	-0.9506521366245098	-0.9463355756953112	-0.9406852567212509	-0.9351577230247943	-0.93070658281886	-0.9272994138486335	-0.9246837434419203	-0.9231103733926325	-0.9220203374536997	-0.9218112625700239	-0.9217717797627818	-0.9222727623772851	-0.9228471726958475	-0.9232243537681015	-0.9230082880450636	-0.9218871470968779	-0.9200418254043996	-0.9180946222962807	-0.9163924907873019	-0.9152021793421735	-0.9147576759167523	-0.914527677634835	-0.9143846496521868	-0.9145974507786945	-0.9148293051591398	-0.9150631703012757	-0.9149785247970172	-0.9121450652752934
naca4412:a3:re1000000:n2	0.98071634309472	0.7841129389038177	0.009059182738996778	-0.09971794743152691	0.35083602103287614	0.37163152145907774	7.76339335338535e-05	0.00012465771288277142	0.00015802360116309516	0.00018524285027608236	0.0002100981595165504	0.00023438238824824954	0.0002560372229506885	0.0002748843847353736	0.00029734413781540053	0.00031965471134605286	0.0003348609828759839	0.0003661426671236283	0.0004399905138449714	0.0005287691369585688	0.0006168256721580739	0.0007093745208837658	0.0007986240529004878	0.0008905278662194868	0.0009905908075907752	0.0010948474298385974	0.0012026388784384383	0.0013152183093479656	0.0014351836592107598	0.0015649640062193148	0.0017099585398865017	0.0018748193143279762	0.0020636874433775524	0.002290081868578184	0.002573528905923003	0.0029435114078713263	0.003452664379720546	0.0041579376506342336	2.44267312536274	2.4983088225648657	2.5198399322846345	2.5238733559133184	2.5362086846926424	2.5443348268723214	2.5655879100422356	2.6187598376906736	2.6740766498853303	2.7651543557484706	2.8607871333608608	2.4132563010303723	1.7110538321815352	1.487639037525867	1.4669092259443517	1.453869049489211	1.4594303931454768	1.4639783972298086	1.4589808600917813	1.459002483397695	1.4634472603701059	1.4680644394019526	1.4729915312555217	1.4806926269083365	1.4900394515586668	1.5021536395563722	1.5206044042737954	1.5449473239467442	1.5788748972077977	1.632092088959494	1.7250320276787883	1.9122340895460737	1.3378059434249392	1.4060787046132388	1.421766864944222	1.4289929545774198	1.4335201689256172	1.4340136007011002	1.4308076498117044	1.4250151314381676	1.4175630969348179	1.409134874374955	1.4005019167448798	1.3806646379549274	1.3489913372580342	1.3320840397791363	1.3189294361098778	1.302050649997057	1.2855576208623596	1.2692366173046918	1.2525893865860418	1.2365830152033686	1.220705194631348	1.2044495329142253	1.1875661645615867	1.169772448779983	1.150559737356626	1.1295059728862256	1.106448531588083	1.0806549715482863	1.051028882210554	1.0161446492922939	0.9748666846294619	0.9291613691999399	6.138123553284091e-05	0.00011149427212949621	0.00015466078724287485	0.00019514018431951568	0.000232613605458857	0.0002661468886964563	0.0002947714402248009	0.00032302357548421467	0.00034931736356492353	0.0003737479079514399	0.00039433177741343836	0.00041267161987522323	0.00044233266593491814	0.0004975633806723462	0.000568491224858243	0.000634615615925965	0.0007002753491922746	0.0007652712248467508	0.0008260966187937339	0.0008894921224501324	0.0009557074920891135	0.0010212745374397465	0.001086241440114562	0.0011507246827847264	0.0012122276257920308	0.0012702947264878416	0.0013245607411006925	0.0013768855509350782	0.001434002164863005	0.0014997469875419056	0.0015763504176890268	0.0016607899726022609	2.304976484386424	2.424584822997109	2.500066914467121	2.538685298124506	2.5897343197053715	2.6225528092158004	2.6585547155725338	2.6915020215990544	2.6821837500110037	2.6418374945066994	2.6119409507672233	2.4670083391681383	2.170565033609112	1.8569703813680203	1.6219353979819382	1.5372320659453005	1.4734924824978437	1.4439290816314925	1.4461786040637408	1.448288267863806	1.4474450915187684	1.4478922447882063	1.4456346157697246	1.4412761682852522	1.4377314830595749	1.4331715165016214	1.4294131765005273	1.4296559950044343	1.4316916855847743	1.4335053454238758	1.439633398923088	1.4433997212587406	-0.7034815565691058	-0.9152810813085991	-0.9512052703691308	-0.9559392362955822	-0.9532207422428428	-0.9472611429707227	-0.9420428957262743	-0.9372832466315287	-0.9326511710509894	-0.9289049657666657	-0.9269779355827192	-0.9250543818365256	-0.9202068176623169	-0.9162167484639598	-0.9139804453144138	-0.915666856631889	-0.9166826811292144	-0.9171011162492451	-0.9171356198162532	-0.9158793357928113	-0.9140980681735253	-0.9125485869511499	-0.9113150355038271	-0.910577005433985	-0.9103790151017522	-0.91075929389883	-0.91176862299128	-0.9129576593972937	-0.9131841786714119	-0.9116710145091957	-0.908364350600453	-0.9050839293221677
naca4412:a3:re1000000:n4	0.9718223953024567	0.7800947823869782	0.0073667678749602195	-0.09888522327345821	0.42177025982740346	0.8886217857437119	7.707411589210285e-05	0.0001248923376268096	0.000158526689283284	0.0001858994724297408	0.00021021653640349424	0.000231887930360819	0.00025361344518348624	0.0002756936050661056	0.00029887976423418613	0.0003248520718280405	0.0003526075598750042	0.0003788641582948073	0.00038715322347398015	0.00041347606914672987	0.0005050410695003548	0.000595682943352885	0.0006738378166330636	0.0007590998444047599	0.0008483041446676633	0.0009503945183733233	0.0010567390213685752	0.0011619653760441726	0.0012737569371042072	0.00139613669235778	0.0015331197902776431	0.0016881824112727636	0.0018653964711091405	0.0020758575804344943	0.002336772739145544	0.0026788680415403025	0.0031512101726994183	0.0038179960906979185	2.448173375694826	2.511301921646684	2.5270513072478407	2.5292746615331714	2.530320334428958	2.5494694252289047	2.5752573987770475	2.6229053080609153	2.6838110136494024	2.7579938061877396	2.871787963669377	2.9820733854710895	3.2457933467471416	2.798357723394075	1.8120757655376114	1.532495237207987	1.4610595424697148	1.4301226104641809	1.4458191923242951	1.4483644289590651	1.4490508000124735	1.4590959749253314	1.4659182595708655	1.4739908096224594	1.4835050987004164	1.4934258426312277	1.5092144866929058	1.5312864836589168	1.5638461419816627	1.6137528848329077	1.702464003608526	1.8860619211976846	1.338870584287804	1.4054315456011879	1.4217126207282698	1.4302030149166136	1.4348934527528383	1.4354226181512026	1.4325055390522654	1.426318664526066	1.4178655009111083	1.4075823248617336	1.3960623935026184	1.3817747549806756	1.371534474111253	1.3493006122969384	1.3114018063592907	1.2928210311900599	1.2785968497992812	1.2645789203253575	1.2515909704004646	1.2366580303473316	1.2210763727816896	1.2055390728600641	1.189273342295707	1.1719816255256021	1.152992077065577	1.1319816673781862	1.1087720493680493	1.0827667658071194	1.0529322274631217	1.017876073781132	0.9767251925865612	0.9304346695271366	5.9603038055352596e-05	0.00011250441501263188	0.00015614257930721863	0.00019601427542437357	0.00023194648439595463	0.0002638882192040803	0.00029474388309650703	0.00032490681980843064	0.0003529903766666145	0.0003748388383371397	0.00039722915354317544	0.0004190817361154594	0.0004385457617275346	0.0004533963061766561	0.00047091015693664185	0.00048755147534377906	0.0005035648028223532	0.00052120396168073	0.0005397775159857405	0.0005546011639824876	0.0005675367403355024	0.0005790817250813552	0.000588655679942254	0.0005988237771963597	0.0006036831431633223	0.000614839417281719	0.0006252568286563347	0.0006388879520418546	0.0006680029797067253	0.0007052518059856691	0.0007483012392231507	0.0008220946622147002	2.3194098322681365	2.4300964682328123	2.5106377032083507	2.5544226766502387	2.5914298620350493	2.632194633281783	2.6644195352835958	2.6871256727793456	2.6829878997464	2.6899640847885893	2.6552056554070496	2.646958661584339	2.6169803799020896	2.6046708934788523	2.573333754632884	2.5685243250136933	2.5804381185355396	2.5905156321736387	2.5994079101437553	2.616685617443429	2.629467613360779	2.6428272423304366	2.6680943678975955	2.6519506762208893	2.6453341723691843	2.5856118279700424	2.4782168884309317	2.366610350579413	2.198060267327281	2.083743215420433	1.9809978570683269	1.8415931474604779	-0.7127458918688139	-0.919336080917162	-0.9538322431261221	-0.9580995040110415	-0.9548741729438501	-0.9496336097175653	-0.9446018369296296	-0.9396417268318054	-0.9341720542303745	-0.9302345615477311	-0.9267894708494026	-0.9244513511661162	-0.9225634831605574	-0.9224538369449504	-0.922112454302384	-0.9216950357532865	-0.9207819420490353	-0.9194922119686895	-0.9183110789676138	-0.9177516774971157	-0.9174616652999794	-0.9173369280733326	-0.9174730403291993	-0.9167844738759787	-0.9166307697581921	-0.9155576310192695	-0.9151061042841856	-0.9156786514968245	-0.9143382274389695	-0.9123580539626386	-0.9102113269927955	-0.9029336030963862
naca4412:a3:re1000000:n9	0.9766771443719743	0.7960250371734354	0.006590578179398288	-0.10194362740986418	0.5077543512588831	1.0	7.748189269927377e-05	0.00012487742662527432	0.0001587589174333995	0.00018678638165361912	0.0002100148038960959	0.0002315827491337285	0.00025237117626590567	0.00027206166214027304	0.00029363173139128416	0.0003188770680610054	0.00034655453661137003	0.0003749959097361203	0.0004058089080543199	0.00043035955359008003	0.00045228136252536006	0.0004599264079923351	0.0005346611835214883	0.000652907967469302	0.0007404243813864798	0.000812129133704271	0.0008948845890614626	0.0009951465024675957	0.0011038989790919257	0.0012213275807412792	0.0013460401361126	0.001487321173947444	0.0016521011543734988	0.0018472552456102413	0.002088075406782163	0.0024046488565491113	0.002840805432959708	0.0034630058420086294	2.437154937929718	2.511058697042831	2.531437660189349	2.5414234963951023	2.5515982159801207	2.5600499987093914	2.5931516169506836	2.644484882915387	2.704600888261433	2.7724188314145333	2.8994175888935754	3.0632239180592733	3.258705741770104	3.562908366869835	3.784385532558622	3.9091226952621234	2.596353222308577	1.739713528459255	1.448104370738812	1.4317572538324748	1.4380926412014277	1.4441249904352766	1.4542415824647188	1.4601753588985562	1.4690737774540086	1.4795139208497003	1.4933410560131728	1.5136966587627583	1.544150457113401	1.5910927394717513	1.6759120674249193	1.8487294581552127	1.3476188005150398	1.4135574751009106	1.4232250854487432	1.43056465526926	1.4360829669813475	1.438846686702784	1.4380026155263566	1.4325595147426684	1.422792029564992	1.4092254979794903	1.3946881551815242	1.3799656317087423	1.3657667873518502	1.354173798217356	1.3399770692716046	1.3300265748336808	1.2957367406127926	1.2614828145457628	1.2445980224991366	1.2332570230816664	1.221138641713786	1.207169657345148	1.19183155953722	1.174381489109371	1.1552729213563486	1.1342305969816788	1.1107407365014232	1.0845118925487998	1.0546401360586188	1.0197140990980849	0.9786980529191431	0.9310173297183582	5.947051678432144e-05	0.0001130587255752008	0.00015713593043797976	0.00019526826878843323	0.00023069624259736647	0.0002629363277308771	0.0002924955095634711	0.00032154198342709454	0.00034905437507616865	0.00037412884496685326	0.0003968075532761452	0.0004178638030073417	0.0004362681341356491	0.0004546907232934374	0.000471392000078414	0.0004870627685250449	0.0005032845434659624	0.0005206489801738899	0.0005372732411222632	0.0005532967906946219	0.0005692235378017592	0.0005843470144620828	0.000599595517311732	0.0006153745269913357	0.0006287540136359667	0.0006413731721735576	0.0006574609313728714	0.0006718681844731458	0.0006918056935882796	0.0007136726321040653	0.0007202793759755938	0.0007174636650336503	2.312737667180082	2.4254954173933663	2.50425887696675	2.555828557906838	2.582649700382247	2.6122545705756366	2.6477085028058776	2.6722903936853197	2.6755766540489234	2.6691867681762345	2.658178608354121	2.6374888297381944	2.6294715922402885	2.6029331391943997	2.592467207198521	2.5970669696856485	2.5979889018047873	2.6076811796213644	2.629105892259498	2.646781714646576	2.6607144187400076	2.6719540683429037	2.678587739473644	2.667969225922159	2.6483438791985363	2.6147469075804395	2.564279292388149	2.5542656658907164	2.562568444483045	2.593751252341168	2.7443683603689863	3.0033454201695244	-0.6995983383954079	-0.9109430885693129	-0.9448007368566778	-0.950970379984162	-0.9499319256692809	-0.9461387301275551	-0.9417859571640372	-0.9369085417834392	-0.9319110614589357	-0.9277491566946882	-0.9247562927804689	-0.9227133996186945	-0.9218019305468089	-0.9209509733083542	-0.9209495618878447	-0.9214535366580852	-0.9215118238356669	-0.9212031321212092	-0.9205249098200963	-0.9191547589797298	-0.9172709516677149	-0.9153601085044845	-0.9136688449142735	-0.9120661648838664	-0.9110595332630927	-0.9107343874001187	-0.9111421338708419	-0.912938098599693	-0.9131866622950008	-0.9092223927693377	-0.9035750535064524	-0.8996322794449159
naca4412:a6:re200000:n2	0.9544660412195403	1.0492853643917472	0.015011938805407844	-0.08641762569578594	0.31847470337704975	1.0	0.00018339832526128889	0.00030756143162169767	0.00039161522092206243	0.00046644915040697845	0.000525623323833788	0.0005863665729072529	0.0006394552519155579	0.0006845270845240084	0.0007356466744003473	0.0007852868571409079	0.0008435476655237383	0.0009519828991072371	0.0011069882411810393	0.0012538836282044814	0.0014040529383874468	0.001556060229850606	0.0016972416870490337	0.0018455370237652285	0.0020148806403090897	0.002203180935892188	0.00240085848602142	0.002609803909427091	0.0028376035281093993	0.0030902714559125906	0.0033833705873858935	0.0037264746842918337	0.004121049489351415	0.004604099529249765	0.005193610302321522	0.005897779114621337	0.006739676821410138	0.007588460482382431	2.5951601973194287	2.725000540125963	2.749538438777934	2.731979454627934	2.7452163295081666	2.7326294166521223	2.7794610513454177	2.825614459241564	2.8752381500856425	2.9568330324172427	2.8665899959697367	2.3776158204725486	1.9131544764171964	1.743992332119152	1.6498437455203596	1.5949843126581733	1.5772455439958608	1.5685770859592838	1.560686952392629	1.5568062936844802	1.559354929429349	1.5659083913672946	1.5752849018713122	1.593879250406049	1.6175422531730048	1.6494486067912737	1.696949678669611	1.755211382282261	1.8371785028138108	1.9637370740113431	2.1517248808308973	2.42297022064693	1.677618013370132	1.6310070008132496	1.5938460361224673	1.5703178335231647	1.5547759892575241	1.5418601097403972	1.5294236279937687	1.5146108826360387	1.4992074138564557	1.483337405189058	1.4629453708748903	1.4334683786728806	1.400884673584569	1.377426378688915	1.3551738140639444	1.333217085523034	1.3126879354422822	1.2928812827114728	1.2732486249980286	1.253672074214565	1.233938218999962	1.213651118801436	1.1924680449722236	1.1702882716267768	1.1467611184204292	1.121593012282513	1.0948453038101034	1.0658028509381838	1.0344438611452293	1.0016075733233822	0.9685773493115633	0.9422858357548627	0.00012069685483561634	0.00022911484931696286	0.0003157051656419214	0.0003921951852282887	0.0004649470135972589	0.0005308427648498412	0.0005923522398882589	0.0006516306290028817	0.00070473747913752	0.0007538632933877263	0.000800062642323408	0.0008407969810278198	0.000876766861480925	0.0009098994339110144	0.0009410965618089531	0.0009708376181794158	0.0010023443588197385	0.001034861613492229	0.0010658976995442317	0.001096024648358433	0.0011244205134190743	0.001150078284135903	0.0011748574521203432	0.001198887439891827	0.0012197370037669653	0.001237382107704749	0.0012504870477378887	0.0012627531108816148	0.00127745243602835	0.0012894577331536725	0.0012981524703274665	0.0012980841004804596	2.2574509958390183	2.342815757455601	2.38783336538697	2.4359672158085197	2.462308926887315	2.488772389934978	2.5117234174122873	2.5235984523208477	2.5291918626981	2.5230682005566045	2.516098706515074	2.510525690063356	2.500371491617643	2.484260388166762	2.4773150228362533	2.472404953145594	2.466804258754704	2.4652408522431495	2.474342311987864	2.48445681691247	2.4946858242429726	2.5016958743858995	2.5010310586131137	2.496392946365712	2.4858125516458083	2.4626627069838762	2.434430008525563	2.404202822367226	2.3843013684014718	2.38088377155956	2.3823345768496007	2.3569851359427534	-0.3355782080438907	-0.6881176746731836	-0.7805426012473302	-0.8189252040978379	-0.8369629901434643	-0.8469456545403213	-0.8532195929909827	-0.856622234098775	-0.8586668984725853	-0.8603885943983043	-0.8624583914176382	-0.8650923961522424	-0.8682615960834772	-0.8719025283346005	-0.8759916000798109	-0.8798030050155197	-0.8823927503948847	-0.8842295780674583	-0.8856244439480121	-0.886743244073706	-0.8878149426063376	-0.8892412642323816	-0.8910129951954676	-0.8932481467756989	-0.8958368648523469	-0.8988349046151201	-0.902603816866566	-0.9067932050905002	-0.9110652285961873	-0.915321664488926	-0.9192300991273752	-0.9249800128748324
naca4412:a6:re200000:n4	0.975900250144142	1.0676695970245798	0.014188831941715642	-0.08944043258446341	0.4081548038639249	1.0	0.00018631205529301352	0.00030975365131017806	0.0003951014910979082	0.00046826923540885007	0.0005321077914505503	0.0005894795297089024	0.0006445802656790925	0.0007006338567734301	0.0007588663568231378	0.000815827248039405	0.0008743355503959892	0.0009314729435422898	0.0009723447337545593	0.0010572547103752253	0.0012425622986044576	0.0014381413167578493	0.0015897378491963705	0.001734235174883311	0.0018907167577075362	0.002071943772371153	0.0022634325985335796	0.0024628622158020756	0.002682727727564888	0.0029297224162363918	0.00321101937127965	0.003531407555129058	0.003894637406436337	0.004337411196719861	0.004884112523850004	0.005553804843303158	0.006376265966668361	0.00729608664255902	2.598992550996917	2.7483372190197075	2.7558275382072073	2.7434716497684217	2.7374078885957345	2.7420609013729913	2.7830824279679858	2.845031866009763	2.939083026800645	3.0859628306469555	3.2420465864037364	3.422038635314555	3.6351239140303044	3.2071188700425535	2.3406576015392426	1.8547199723221388	1.6658282830348559	1.5865584383737952	1.5645991467457006	1.5421166904267545	1.529654569055101	1.5316192571784468	1.5348169983227737	1.546655286906712	1.5654451756072878	1.592284968028661	1.6327863521190145	1.6846907849766242	1.757882364615652	1.8645991742174675	2.023302264507065	2.2587275230358377	1.6841506430939222	1.638997995943818	1.6018382599997103	1.5777429803214031	1.5606110168701244	1.5444309152222941	1.5284673195011864	1.5120503089358528	1.4963685922285506	1.481296153889887	1.4651946665643987	1.4483578007751785	1.432716801766111	1.4055966998220437	1.367813929998548	1.3366927590785675	1.312310593373696	1.291617862126162	1.2721152130892568	1.2521217023007976	1.2325617929436723	1.2132457418666571	1.1933147387021181	1.1722922832107132	1.149674554201113	1.12519004797092	1.098875549919563	1.0702046883697043	1.0388083210552406	1.0052714172574302	0.9708324319955316	0.9402152444792559	0.0001199889289968069	0.00023095548513058276	0.00031853395333272545	0.00039628175485748073	0.00046998595842320226	0.00053662696833411	0.0005979827001664924	0.000656690541316026	0.0007093673209453507	0.0007583500462665299	0.0008045499612780071	0.0008455938757905442	0.0008823920499281446	0.0009153604462208099	0.0009477172661558927	0.0009789620587412695	0.001010970559730527	0.0010428568962685414	0.0010730668882609257	0.0011028305143068323	0.0011326674028627032	0.001159470185383671	0.0011842462921617357	0.0012084015074061473	0.0012284100183638357	0.0012473668964548088	0.0012627091375712947	0.0012758346812003988	0.0012886014563402957	0.0012985356573837425	0.0013093882179181296	0.0013281957020843795	2.256834592478852	2.3416049790849534	2.3864299556774027	2.4361843889744876	2.46434288958048	2.4894790004279175	2.5096518985178125	2.517116375490837	2.5211950630667577	2.5145823588080924	2.508675927300487	2.5011249567758047	2.4900840390530585	2.4837661619479428	2.4767241579533614	2.474385347947812	2.4730441974537243	2.4750111367550893	2.485335487263414	2.495529252596576	2.5031446776694017	2.509028441861844	2.5095810598590305	2.5018521955661246	2.49378290871486	2.4746339342365973	2.448734881632673	2.420987599308352	2.4044897047321725	2.395308861948237	2.382827433465633	2.358294613281487	-0.32917242479233977	-0.682417823135999	-0.7758017450266103	-0.8144638712541199	-0.8326500907444286	-0.8426434522513291	-0.8491497656657776	-0.8532281009754181	-0.856073702557238	-0.8584384990135449	-0.8609830716664362	-0.8637785942417139	-0.8668659590147711	-0.8706815268928332	-0.8744660522191046	-0.8779999512782231	-0.8805953828152417	-0.8826804677443774	-0.8842877072011699	-0.8855870452255115	-0.8865742195715012	-0.8878373669748683	-0.8895092848737356	-0.8914883661870412	-0.8939004760736369	-0.8965508778469146	-0.8995662540393871	-0.9031586578262154	-0.9073250602981137	-0.9122751651267165	-0.9169800216151536	-0.9202537840210452
naca4412:a6:re200000:n9	0.9902775031925819	1.0969966633430053	0.014334315105753741	-0.09526949393726294	0.5067695383980975	1.0	0.00018723075017474728	0.00031101668535646755	0.0003989042097972255	0.0004703299376424168	0.0005298215081564953	0.0005848613635905013	0.000640063277074884	0.0006979637593738687	0.0007525075193029365	0.0008067592590890166	0.0008648538162410534	0.000928144887675427	0.0009809177332457011	0.0010138130785731644	0.0010500093738583824	0.001121934208656896	0.0014154292606698641	0.001837465418227849	0.0021491030762583346	0.002258232641690154	0.002351880515576405	0.0025330138972211274	0.002765391050058483	0.003026377528033405	0.0032995581063195957	0.00359795049096267	0.00395033573807515	0.0043890209578539155	0.00494449749403916	0.005654084780326234	0.0065208824082918174	0.007538332555193004	2.599659683597638	2.7354751216351767	2.7406172529478647	2.750993576060656	2.7741229546324226	2.802505003536911	2.8442413611507256	2.9177575793393293	3.058212476538087	3.2882400520288937	3.6638694488672243	4.101599707977745	4.616559026672683	5.159109607006672	5.55631713586945	5.659049771314627	3.8296440355248653	2.408891307798688	1.7144788785323366	1.5538888856610245	1.497748214796829	1.4619285355007656	1.4481023567546965	1.4423858408254822	1.4468667120022876	1.4650580770692274	1.4918887061488142	1.5266101804861392	1.5774029081440533	1.6454854362276854	1.7504510874135037	1.9131728909655117	1.7018584364450169	1.6472639159025408	1.6060722386948314	1.5814531844941566	1.5643606739934632	1.5488273514737316	1.5326219136879549	1.5148407224109612	1.495509437865444	1.476886721318074	1.462069479201317	1.4479673937394704	1.4351435290691277	1.4248799786335429	1.4134193118230016	1.3992346141472916	1.3568962108616547	1.3044241721347338	1.2659361550985786	1.243766623382605	1.2281612905276682	1.2117199885581926	1.1944547738715354	1.17508049444228	1.1545726407184276	1.1326135970127291	1.1078319790115756	1.0796269493800195	1.047450515948938	1.0119120199285123	0.9757550252426381	0.9413350418372328	0.0001227025936930189	0.0002280954025180883	0.0003158677724014025	0.0003937417550506404	0.00046637351097766623	0.0005353209268513599	0.000597782505980619	0.0006552983357831908	0.0007093692009663594	0.0007603330756064277	0.0008077409085710111	0.0008490255034462702	0.0008851586635633223	0.0009175438376015305	0.0009487624948538823	0.000979012090115159	0.0010087036000277882	0.0010395103133630178	0.0010700086584187866	0.0011001164755793484	0.0011303950649128695	0.0011583313218069993	0.001184173033430564	0.0012086918833891065	0.0012280672593498528	0.0012482554433329305	0.0012656268545689173	0.001280208095502232	0.0012938509218307166	0.0013057202543232248	0.0013207307861386587	0.0013538798546789913	2.257182687747543	2.3363410842478776	2.384328957685715	2.4283385669741957	2.4637787830657447	2.4862317261469	2.5090626953576853	2.5173470374866116	2.5220179839004877	2.516853819451582	2.5080241618070045	2.4984725923289606	2.4863793222487804	2.4790918257287293	2.469763518176208	2.4680996603675833	2.4746803203677663	2.4827661325942647	2.492514494925768	2.503624807110032	2.509948736304219	2.5144195209598954	2.513023832581121	2.500230117628764	2.4889178080013017	2.4709227829955123	2.4479704117389303	2.427386227202804	2.421082610346372	2.4285514403409114	2.43453728665895	2.41140651288064	-0.31476860910402693	-0.6703450698129465	-0.765774785353253	-0.8061578303002929	-0.8265119907056019	-0.8374347154244682	-0.8437621444761566	-0.847492158146121	-0.8501049231931777	-0.8521747034277498	-0.8546303982530725	-0.8578327584802955	-0.8615031359207477	-0.865760663288943	-0.8698962609115235	-0.8738794221736481	-0.8775188894778924	-0.8803736360126287	-0.8824782524259782	-0.8839650038364397	-0.8848227237047634	-0.885680343990124	-0.8868823046743181	-0.8885011947007289	-0.8910239921412136	-0.8937718271629504	-0.8966785721115684	-0.899950550749218	-0.9035735138172616	-0.9081780364768806	-0.912887452539926	-0.9145621927468014
naca4412:a6:re1000000:n2	0.9123542594891567	1.070396429184324	0.01177965083274591	-0.09180807469547361	0.09070877872554856	1.0	8.322170864257077e-05	0.0001388844044062927	0.00016488693831849023	0.00022284105443972843	0.00030403723286013477	0.00038081859018683153	0.00045727021231159194	0.0005424454412386853	0.0006282386097687351	0.0007157372529980434	0.0008106355134377993	0.0009124372028068859	0.001019307915411165	0.0011337381407610697	0.0012538933260596795	0.0013772575238900448	0.0015073749018214557	0.0016433931170575992	0.0017853699005503803	0.0019329228092490925	0.002087143711296378	0.0022512044422032126	0.0024318884676135712	0.0026351374824377214	0.002866717250950568	0.0031354582339779007	0.003455388446362386	0.003854720055679956	0.004363955573091748	0.005008879953162228	0.00581522742589002	0.006663968897702401	2.6102082844197816	2.7262817549383125	2.764951833945979	1.9522677464894524	1.5278100211886358	1.4591536153784999	1.4680123753760002	1.4693217064275643	1.4673782518143874	1.4718075860673454	1.4683158390134063	1.4677564923180062	1.4763472163100861	1.4762084350517906	1.4796390042936742	1.4872487854157501	1.4897121983695985	1.4907241340648285	1.495256939703475	1.4993715760134698	1.5032151554825695	1.5085199587044282	1.51567797456112	1.5273812753138292	1.5456445939631775	1.57043004475782	1.6046879401975283	1.650938983315489	1.7178772338500141	1.821727741932173	1.985070523965993	2.2500687931787042	1.684540558968983	1.6367310882494175	1.6071552193581438	1.5703643317069882	1.549063633814578	1.5383257132495616	1.5280513629601602	1.5139560696610048	1.4966210614748467	1.4771161316517598	1.4556272112751043	1.4334657557641903	1.4114241861075594	1.3885738243345442	1.365783947466586	1.3434699562737769	1.3214890025124777	1.3003181152525938	1.2799368352296212	1.260087449586625	1.240398666722089	1.2204936393458468	1.2000536525940833	1.1786634895774715	1.1558557247451877	1.131260375847194	1.104412354951946	1.074687490981224	1.0413549708939376	1.0046001748099684	0.9660152034746301	0.9337072410068299	5.373985132514151e-05	0.00010312163655783738	0.0001433605658872595	0.00017768366109457525	0.0002096193563996773	0.0002393156612648751	0.00026718449500483645	0.0002938489641579446	0.00031877400449765243	0.0003413004045755614	0.00036122676529497477	0.00037942346053974885	0.0003950046092508309	0.00041012010888957285	0.00042496428731124246	0.00043871664594381966	0.00045289067159350174	0.00046808334363995064	0.0004837587857223901	0.0004983008332871216	0.0005109640669763699	0.000522847070677377	0.0005360167982277755	0.0005509821909825688	0.0005638337782675855	0.0005717802529697439	0.0005773279303465861	0.0005823063073917536	0.0005906896842455661	0.000599118274293573	0.0005967057922092203	0.000595703603425426	2.2743136671884163	2.34053540764255	2.3995691514197772	2.4360997619316827	2.4613866935303124	2.4890929432468893	2.513466157103272	2.529591815292206	2.5345892350075645	2.5314367811263154	2.521970219252512	2.507735664125021	2.500530828935839	2.4761670926383976	2.462691883841003	2.4610259550478846	2.4574368449296218	2.456076802073628	2.4560968775800465	2.4615044499206236	2.4737559880413107	2.4844880277361883	2.4905682594413188	2.489463446423276	2.4799408803408505	2.457897909678196	2.4126551551795874	2.3726801837934333	2.3372830604937214	2.334491687317755	2.3922974746405727	2.4428562976882584	-0.33181535681534446	-0.6840102441720555	-0.7747187753255421	-0.812660894659269	-0.8320909024773377	-0.8428087875124889	-0.8489495562040283	-0.8520603488454283	-0.8537800705839658	-0.8552322101884773	-0.8570357455709455	-0.8593164486481768	-0.8627365978723452	-0.8662833457856749	-0.8704044598257867	-0.874668702613158	-0.8779747527490654	-0.8804875022818057	-0.8824522195807389	-0.8839071007961659	-0.8852226035778901	-0.8866390368116022	-0.888120244948319	-0.8894141659188854	-0.8907760856659369	-0.8930353969704601	-0.8963900319628331	-0.9009169546022118	-0.9049829456140597	-0.9069778546206998	-0.9084576641041757	-0.9084679070284559
naca4412:a6:re1000000:n4	0.9224856618330817	1.0888312058811893	0.010436598933239597	-0.09494060657543935	0.19874698004135655	1.0	8.259845491245779e-05	0.0001384647578744657	0.00018187354068473918	0.00021201212981976502	0.0002343721859730102	0.0002514398090397877	0.00028422426406081626	0.0003381596381914575	0.00042023188707511	0.000505283446707577	0.0005940659720252288	0.0006898789157685488	0.0007854769933713345	0.0008896217508115922	0.0009961995984068461	0.0011106328763430104	0.0012344592607468328	0.001357546193398733	0.0014821950042321443	0.0016110656519486885	0.0017480335150802278	0.0018952543680962144	0.0020555343110032005	0.002232433034536596	0.002431371847736459	0.002662008611506281	0.0029355708031680063	0.003279736997063218	0.003722348801034739	0.0042936103500752585	0.005027541615078333	0.005851508770672896	2.613715234784891	2.7295786490553056	2.7447004709991254	2.759564698331312	2.741647422176433	2.667113273678951	2.297340500970526	1.8347061394379005	1.4863946801908232	1.4471234720264397	1.451994506103113	1.4509250696227307	1.4690453263438128	1.4637380626029548	1.4707940984847112	1.4788419391770196	1.480886132593967	1.483522307059263	1.4851478760229364	1.489652974978958	1.4944109909594607	1.4991017550235488	1.5058916842835444	1.5171975006352145	1.5336744827629594	1.5559130851726393	1.5855474071099565	1.6240015544476993	1.680517230860274	1.7718814717188391	1.922265742867985	2.174924715793898	1.696878077202608	1.640350284210006	1.601781722404159	1.5799793722597126	1.5658652474514496	1.5547876367336428	1.5376500969233353	1.5151704738216267	1.4930858131845692	1.4781033608930938	1.4606139997614336	1.4394369901658322	1.4170610648013733	1.3927704314379157	1.3694373362286925	1.3468813191398852	1.3250446893033119	1.3042226054903867	1.2841783773446065	1.2646550752537729	1.2450300082923182	1.2249619345006357	1.2043244480714668	1.1829029705500989	1.1603734135993709	1.1362048828654419	1.1097464138408806	1.0800425526678825	1.046223103147422	1.008272790949039	0.9678439693475559	0.932002194613442	5.3708813249809774e-05	0.00010334056525295096	0.00014246539423744896	0.00017645796067116348	0.00020826827963569175	0.00023820881108552945	0.0002658621375149121	0.0002926152495693857	0.00031748136607884616	0.0003403573095899545	0.0003608380172279447	0.00037871328165283065	0.00039451881591386106	0.0004102394760741679	0.00042503591537645415	0.0004384365013582877	0.0004520739162349967	0.0004668041876933678	0.00048149823249169643	0.0004954767737925148	0.0005082872972504245	0.0005192994486910291	0.0005306460591101714	0.0005431386452307587	0.0005533441441139848	0.0005611504266177876	0.0005686150410879176	0.0005765574914914004	0.0005881426864792609	0.0005973615520487002	0.0005959884534553733	0.0006001767591804005	2.2677901174635844	2.338365981820673	2.3912394597759543	2.4293812472694216	2.4597356165268107	2.486978953359726	2.512951652951246	2.524329286455819	2.529902628686486	2.52669033420064	2.517775230229921	2.5034436165108183	2.4971047000567608	2.481539392519219	2.4738641651730755	2.4733146597683695	2.471013028315674	2.470286746627175	2.4762772601641063	2.482716626005616	2.494463587476666	2.504255663136537	2.508809514221889	2.5035258965235156	2.4928210784232077	2.4691637816191196	2.4294973111191553	2.3985700583901717	2.3732833189657927	2.3719778756844545	2.4100213255258693	2.415412746445276	-0.3206487902858779	-0.6772787914198725	-0.7704014446738019	-0.8097184912153346	-0.8294254869655115	-0.8398015926912363	-0.845692183464543	-0.8486239827380481	-0.8506536159315011	-0.852539614956657	-0.8546724132783619	-0.8573881282244002	-0.8609306782442327	-0.8646318970463314	-0.8686210273955337	-0.8727543872539409	-0.875961788951646	-0.8783409674530054	-0.8801254995506937	-0.8813555096775076	-0.8823595960694615	-0.8835423826101054	-0.8849747330943768	-0.8864889007821679	-0.8883260300104924	-0.8907792687588784	-0.8940240692333143	-0.8981666060386863	-0.9018111996388298	-0.9041522183545465	-0.9059832251162313	-0.9046930351603464
naca4412:a6:re1000000:n9	0.9693652770354594	1.1127235971227705	0.008670847168584617	-0.09851176104023088	0.3565410573330865	1.0	8.487970600411807e-05	0.00013765496537297697	0.00017644699819870804	0.00020921933351107994	0.00023591990594706987	0.0002604374806868003	0.00028679462296545943	0.0003066671801899258	0.00033033265047594163	0.00035983747803856696	0.00037650994600886117	0.00040651184401574295	0.0004864489733506363	0.0005936266900598834	0.0006832265112123793	0.0007791012011691167	0.0008774384027964414	0.00098217841638016	0.0010984253414037855	0.0012181614312967164	0.0013423889486713207	0.0014736228943587732	0.0016121666002880985	0.001760919340162737	0.0019263695002892684	0.002121017335502745	0.002350771703790379	0.002632559501688345	0.002989949457154281	0.0034579369234320886	0.004091334962804518	0.0048939265550171284	2.616781490069952	2.750701452544448	2.7562743329317465	2.772460776253238	2.744487071573518	2.748437433696385	2.756928897004438	2.840639540936195	2.9537223419987884	3.0947616772312005	3.3013528644862404	2.7837878882447753	1.8638981600665943	1.4621351507204146	1.457528597956173	1.4398532939776039	1.4435348371351373	1.4577310153311136	1.4559155115651863	1.4599308124899637	1.4685367824783757	1.4753647905204559	1.4834754113057698	1.4943666689086896	1.5082472082257745	1.5244212008901548	1.5487500746937062	1.5811836044327259	1.6277951770008194	1.7018254804664243	1.8306594949933144	2.069130201836896	1.7040637263899043	1.6475850305138369	1.6091240269106122	1.5867712175424997	1.5699100659883567	1.556568980534773	1.541151636529532	1.525287289595572	1.511354990634075	1.4966227766664812	1.4828330420842892	1.456635777244562	1.4163615101560025	1.3882018527776	1.3722283645086533	1.351219473890902	1.3302076641351783	1.309295179078371	1.2877222909103176	1.2674065438294138	1.2477684937307738	1.2280734194983205	1.2080414052705495	1.1871692591957397	1.1650200581799488	1.1409269518764393	1.1144162809288463	1.0847472012612738	1.0511875427115829	1.0131337941272398	0.9707174653211267	0.9287160826991616	5.536627701895495e-05	0.00010369544219287223	0.00014226322025885096	0.00017652952748698774	0.0002083012022425131	0.00023817852049749902	0.0002655925219156069	0.00029156964143657376	0.00031618701627483787	0.00033937579107350216	0.00036013695620592206	0.000377957532616514	0.00039465322254967635	0.00041046851559158114	0.0004256874379753014	0.0004394811535751425	0.000453010112627317	0.0004673080565215248	0.0004817303809754002	0.0004957119475285665	0.0005097328193689657	0.0005223035258619085	0.0005343069597415152	0.0005459089252462052	0.0005541928311550361	0.0005619013931943241	0.0005703385071018889	0.000578096727603156	0.0005853770984454025	0.0005919613454800957	0.0005974759762379891	0.0006164465664341411	2.2587912355737427	2.3398596498490325	2.394090445767919	2.4290330678533696	2.4592254560850395	2.483779328145653	2.504347116096764	2.5100387761420406	2.51490813428422	2.5155057283945257	2.5076914427565375	2.4976212272730547	2.487969686952054	2.488180622880702	2.481606477604159	2.479186047668807	2.4806746644152633	2.4869028475999504	2.4986306186065605	2.5104611845373297	2.5216484186103285	2.526801041103343	2.5277065088318516	2.5162144817340546	2.504679880246876	2.481442885833724	2.442767655646632	2.4161730409671867	2.4104380844043725	2.422186644011495	2.4454871731789543	2.4310068259272875	-0.29625914126679576	-0.6648911924020329	-0.7603145569816948	-0.8004299125862001	-0.8212756762947868	-0.8329201648469702	-0.8398848805458557	-0.8438099665519813	-0.8468312453195382	-0.8493227310313478	-0.851597703100084	-0.8545622264194479	-0.8579182519032971	-0.8618552924268419	-0.8654503890829126	-0.8690560790086772	-0.872101991852326	-0.8745688031393346	-0.876492719440911	-0.87797913727849	-0.8790228143402031	-0.8799750110547147	-0.8811634277376648	-0.8826407615350567	-0.8848289531662288	-0.8874806342420345	-0.8900955490914148	-0.8931438848972667	-0.8963649935598792	-0.8995233651035586	-0.901688233028525	-0.8982748853354005
