wing,n,alpha,twist,k_from_tip,eta,deta,alpha_i_deg,gamma,cl_local,chord,self_deg,alpha_eff,verdict,CL,AR,seconds,diag
rect,16,5,10,1,0.9975923633360984,0.004815273327803182,210.73483100567765,0.9328774102094525,0.746301928167562,0.25,353.32664737795096,-195.75890737231666,out:alpha;sweep=0.1,0.8061907676017668,8,0.08,RunDiagnostics { ResidualInf = 9.769962616701378E-15; Kappa1 = 10.897648031865002 }
rect,16,5,10,2,0.9879850035377136,0.014399446268966387,13.563638073137454,0.7288301690561344,0.5830641352449075,0.25,92.31096893767166,1.3162119622396808,in;sweep=0.1,0.8061907676017668,8,0.08,RunDiagnostics { ResidualInf = 9.769962616701378E-15; Kappa1 = 10.897648031865002 }
rect,16,5,10,3,0.9688628080677196,0.023844944671021606,9.51091684254689,0.8365269697249093,0.6692215757799274,0.25,63.98179027174993,5.177711238130305,in;sweep=0.1,0.8061907676017668,8,0.08,RunDiagnostics { ResidualInf = 9.769962616701378E-15; Kappa1 = 10.897648031865002 }
rect,16,5,10,4,0.9404099341217478,0.033060803220922086,6.6819452964437005,0.934447062038076,0.7475576496304608,0.25,51.54826612633401,7.722154044773777,in;sweep=0.1,0.8061907676017668,8,0.08,RunDiagnostics { ResidualInf = 9.769962616701378E-15; Kappa1 = 10.897648031865002 }
Prect,16,5,10,16,0.049008570164780295,0.0980171403295607,-0.21074964896085174,0.8331815226784536,0.6665452181427629,0.25,,5.700835350608655,in,,,,
Prect,16,5,10,15,0.14655373117284443,0.09707318168656755,0.2291364779865447,0.8745639538631524,0.699651163090522,0.25,,6.236400833741899,in,,,,
Prect,16,5,10,14,0.24268749963529518,0.09519435523833397,0.6356836274913834,0.9295905039700637,0.743672403176051,0.25,,6.791191368861568,in,,,,
Prect,16,5,10,13,0.33648405480977595,0.09239875511062756,1.0262273020373984,0.9878861567209393,0.7903089253767515,0.25,,7.338613246060362,in,,,,
Prect,16,5,10,12,0.4270400845955437,0.08871330446090797,1.4169939240840785,1.0430971559357607,0.8344777247486086,0.25,,7.853406921871358,in,,,,
Prect,16,5,10,11,0.5134834849227998,0.08417349619360426,1.8220544257483404,1.0904865766327316,0.8723892613061853,0.25,,8.312780423479657,in,,,,
Prect,16,5,10,10,0.5949817585916237,0.07882305114404342,2.2538044920902656,1.1260669211538872,0.9008535369231098,0.25,,8.696013093825972,in,,,,
Prect,16,5,10,9,0.6707500326750964,0.07271349702290208,2.723617128757226,1.1462571224433573,0.9170056979546859,0.25,,8.983883197993737,in,,,,
Prect,16,5,10,8,0.7400586172746422,0.06590367217618953,3.2429436201655775,1.1478268195107384,0.9182614556085907,0.25,,9.157642552580844,in,,,,
Prect,16,5,10,7,0.8022400328326411,0.05845915893980835,3.8268691864176434,1.1280906024212454,0.9024724819369963,0.25,,9.195531141908766,in,,,,
Prect,16,5,10,6,0.8566954383254501,0.05045165204580959,4.506005561316265,1.0853783673896715,0.8683026939117372,0.25,,9.060948821938236,in,,,,
Prect,16,5,10,5,0.9029003984298208,0.0419582681629318,5.365315733653878,1.019816257000883,0.8158530056007065,0.25,,8.66368825064433,in,,,,
tap,16,5,8,1,0.9975923633360984,0.004815273327803182,70.59507615792998,0.4330865098219265,0.5184555591734421,0.16706793944398363,164.0312037415962,-57.614337251241196,out:alpha;sweep=2.1,0.7173968142531411,8.000000000000004,0.01,RunDiagnostics { ResidualInf = 1.4210854715202004E-14; Kappa1 = 16.706277508570572 }
tap,16,5,8,2,0.9879850035377136,0.014399446268966387,10.019407818877262,0.4688427784865914,0.5559318153887415,0.16866916607704774,59.38191501811178,2.8844722094244464,in;sweep=2.1,0.7173968142531411,8.000000000000004,0.01,RunDiagnostics { ResidualInf = 1.4210854715202004E-14; Kappa1 = 16.706277508570572 }
tap,16,5,8,3,0.9688628080677196,0.023844944671021606,5.65854293647335,0.5675657722353509,0.6605124245456861,0.17185619865538007,43.41028504619257,7.092359528068406,in;sweep=2.1,0.7173968142531411,8.000000000000004,0.01,RunDiagnostics { ResidualInf = 1.4210854715202004E-14; Kappa1 = 16.706277508570572 }
tap,16,5,8,4,0.9404099341217478,0.033060803220922086,4.286117992744188,0.6647064099401466,0.7527889488724466,0.17659834431304203,36.66816913174539,8.237161480229794,in;sweep=2.1,0.7173968142531411,8.000000000000004,0.01,RunDiagnostics { ResidualInf = 1.4210854715202004E-14; Kappa1 = 16.706277508570572 }
Ptap,16,5,8,16,0.049008570164780295,0.0980171403295607,0.5179405546037168,0.895767787475057,0.5509615924150195,0.32516523830586996,,4.874128006714526,in,,,,
Ptap,16,5,8,15,0.14655373117284443,0.09707318168656755,0.7503537696278789,0.9138926913973854,0.5916930251076695,0.30890771147119256,,5.422076079754876,in,,,,
Ptap,16,5,8,14,0.24268749963529518,0.09519435523833397,0.9808745492257516,0.9359729007479097,0.6391392997343356,0.2928854167274508,,5.960625447856611,in,,,,
Ptap,16,5,8,13,0.33648405480977595,0.09239875511062756,1.1989479933298606,0.9555368274746814,0.6892895714555343,0.277252657531704,,6.492924445148347,in,,,,
Ptap,16,5,8,12,0.4270400845955437,0.08871330446090797,1.408030052211234,0.9688139459563628,0.7391013106959572,0.2621599859007427,,7.0082906245531165,in,,,,
Ptap,16,5,8,11,0.5134834849227998,0.08417349619360426,1.6158027391997956,0.9734465658257444,0.7858209896377961,0.2477527525128667,,7.4920651401826035,in,,,,
Ptap,16,5,8,10,0.5949817585916237,0.07882305114404342,1.8324108229815368,0.9678833931454633,0.8266512402076146,0.23416970690139605,,7.927443245751453,in,,,,
Ptap,16,5,8,9,0.6707500326750964,0.07271349702290208,2.070228794421796,0.9510009123427454,0.858530090550196,0.22154166122081725,,8.295771466978975,in,,,,
Ptap,16,5,8,8,0.7400586172746422,0.06590367217618953,2.3438045175604207,0.9218290933720183,0.8779733146423293,0.2099902304542263,,8.576664420636718,in,,,,
Ptap,16,5,8,7,0.8022400328326411,0.05845915893980835,2.669728752456232,0.8793748644121272,0.8810194581725457,0.1996266611945598,,8.748191510204897,in,,,,
Ptap,16,5,8,6,0.8566954383254501,0.05045165204580959,3.0679216552659905,0.8226242452222835,0.8634174369259097,0.1905507602790916,,8.78564185133761,in,,,,
Ptap,16,5,8,5,0.9029003984298208,0.0419582681629318,3.5724320090004507,0.7508887093504649,0.8213169068067687,0.18284993359502985,,8.650771178438116,in,,,,
ell,16,5,3,1,0.9975923633360984,0.004815273327803182,-1.4421927648453605,0.09110011759963353,0.8253723146670421,0.022074914794394,34.5041039422196,9.434969854853655,out:sweep;sweep=54.1,0.531596252121412,7.993848189520612,0.00,RunDiagnostics { ResidualInf = 1.2434497875801753E-14; Kappa1 = 201.27983352417007 }
ell,16,5,3,2,0.9879850035377136,0.014399446268966387,0.36037814515499417,0.16670449395332643,0.6777332614888577,0.04919472111700899,21.114182722464328,7.603576865458146,in;sweep=24.6,0.531596252121412,7.993848189520612,0.00,RunDiagnostics { ResidualInf = 1.2434497875801753E-14; Kappa1 = 201.27983352417007 }
ell,16,5,3,3,0.9688628080677196,0.023844944671021606,1.0372459828921985,0.2519802451031417,0.6394386939827675,0.07881294875468778,19.272716574954064,6.869342441310961,in;sweep=15.2,0.531596252121412,7.993848189520612,0.00,RunDiagnostics { ResidualInf = 1.2434497875801753E-14; Kappa1 = 201.27983352417007 }
ell,16,5,3,4,0.9404099341217478,0.033060803220922086,1.3295188732540875,0.33751117740637837,0.6236405571981244,0.10823900835530631,18.618621322014924,6.491710929111155,in;sweep=10.7,0.531596252121412,7.993848189520612,0.01,RunDiagnostics { ResidualInf = 1.2434497875801753E-14; Kappa1 = 201.27983352417007 }
Pell,16,5,3,16,0.049008570164780295,0.0980171403295607,0.7611472856910286,0.7616809443804924,0.479154023422388,0.3179273916725724,,4.3858784248033125,in,,,,
Pell,16,5,3,15,0.14655373117284443,0.09707318168656755,0.8946757157575379,0.7678164749756806,0.48769914795741853,0.3148730024202213,,4.544985477760996,in,,,,
Pell,16,5,3,14,0.24268749963529518,0.09519435523833397,1.0159441954098178,0.7715226046549498,0.49970074352405197,0.30879385898604905,,4.712118303496068,in,,,,
Pell,16,5,3,13,0.33648405480977595,0.09239875511062756,1.12569299572676,0.7694274630963633,0.5133812215210364,0.2997489704889158,,4.883759168702568,in,,,,
Pell,16,5,3,12,0.4270400845955437,0.08871330446090797,1.2244260967900393,0.7595088487081307,0.5277551748452494,0.28782620613083976,,5.056694156996592,in,,,,
Pell,16,5,3,11,0.5134834849227998,0.08417349619360426,1.3120589566377032,0.7404674984305907,0.5421859162844791,0.27314154653994194,,5.228391498130696,in,,,,
Pell,16,5,3,10,0.5949817585916237,0.07882305114404342,1.3877834293480125,0.7115177186274964,0.5562249118926914,0.25583813432821023,,5.397161846426858,in,,,,
Pell,16,5,3,9,0.6707500326750964,0.07271349702290208,1.4499120086406927,0.67230397046819,0.5695435462616153,0.23608518606911666,,5.562338089384596,in,,,,
Pell,16,5,3,8,0.7400586172746422,0.06590367217618953,1.4955274585536031,0.6228671077577435,0.5819097233116837,0.21407688608912354,,5.724648393270323,in,,,,
Pell,16,5,3,7,0.8022400328326411,0.05845915893980835,1.5197081358674653,0.5636339153969492,0.5932004604132715,0.19003151649756853,,5.887011962630458,in,,,,
Pell,16,5,3,6,0.8566954383254501,0.05045165204580959,1.5138326447066328,0.49542268862346545,0.603469628122743,0.16419142423608393,,6.056253670269718,in,,,,
Pell,16,5,3,5,0.9029003984298208,0.0419582681629318,1.4616778349367416,0.4194708668316858,0.6131474400927448,0.13682544830269097,,6.2470233603527205,in,,,,
ell,16,3,0,1,0.9975923633360984,0.004815273327803182,-0.6632802576372925,0.036830862924399854,0.33368974029972864,0.022074914794394,13.94966281174424,3.6632802576372923,out:sweep;sweep=54.1,0.25450397954552545,7.993848189520612,0.00,RunDiagnostics { ResidualInf = 3.219646771412954E-15; Kappa1 = 206.02382492670435 }
ell,16,3,0,2,0.9879850035377136,0.014399446268966387,-0.01813473234875138,0.06716978130245944,0.27307719111852263,0.049194721117008997,8.507479325933295,3.0181347323487513,in;sweep=24.6,0.25450397954552545,7.993848189520612,0.00,RunDiagnostics { ResidualInf = 3.219646771412954E-15; Kappa1 = 206.02382492670435 }
ell,16,3,0,3,0.9688628080677196,0.023844944671021606,0.26114854220551936,0.1020687816949868,0.2590152590602462,0.07881294875468776,7.806733817379771,2.7388514577944805,in;sweep=15.2,0.25450397954552545,7.993848189520612,0.00,RunDiagnostics { ResidualInf = 3.219646771412954E-15; Kappa1 = 206.02382492670435 }
ell,16,3,0,4,0.9404099341217478,0.033060803220922086,0.391073475824384,0.13794277163202984,0.254885505194611,0.1082390083553063,7.609538293997281,2.608926524175616,in;sweep=10.7,0.25450397954552545,7.993848189520612,0.00,RunDiagnostics { ResidualInf = 3.219646771412954E-15; Kappa1 = 206.02382492670435 }
Pell,16,3,0,16,0.049008570164780295,0.0980171403295607,0.5818954567529501,0.40509388263859275,0.25483421262159855,0.3179273916725724,,2.41810454324705,in,,,,
Pell,16,3,0,15,0.14655373117284443,0.09707318168656755,0.5812663767241083,0.40115021334492335,0.25480127560098575,0.3148730024202213,,2.418733623275892,in,,,,
Pell,16,3,0,14,0.24268749963529518,0.09519435523833397,0.5799602097250418,0.3933029077949938,0.2547349283994425,0.30879385898604905,,2.4200397902749584,in,,,,
Pell,16,3,0,13,0.33648405480977595,0.09239875511062756,0.5778735572388798,0.38163190434993793,0.2546343386784376,0.2997489704889158,,2.42212644276112,in,,,,
Pell,16,3,0,12,0.4270400845955437,0.08871330446090797,0.5748309364336268,0.36625683925225944,0.2544986046793577,0.2878262061308397,,2.425169063566373,in,,,,
Pell,16,3,0,11,0.5134834849227998,0.08417349619360426,0.5705541549147117,0.3473368679762638,0.254327378881903,0.27314154653994194,,2.4294458450852883,in,,,,
Pell,16,3,0,10,0.5949817585916237,0.07882305114404342,0.5646084102925935,0.32507071486028444,0.2541221743301622,0.25583813432821023,,2.4353915897074065,in,,,,
Pell,16,3,0,9,0.6707500326750964,0.07271349702290208,0.5563064804146272,0.2996973037490007,0.2538891225993832,0.23608518606911666,,2.4436935195853726,in,,,,
Pell,16,3,0,8,0.7400586172746422,0.06590367217618953,0.544532537346524,0.27149760190925476,0.25364494679376653,0.21407688608912354,,2.455467462653476,in,,,,
Pell,16,3,0,7,0.8022400328326411,0.05845915893980835,0.5274015069483813,0.24079885554223676,0.2534304414134566,0.19003151649756853,,2.4725984930516187,in,,,,
Pell,16,3,0,6,0.8566954383254501,0.05045165204580959,0.5015558603554263,0.20798354301544755,0.25334276011443413,0.16419142423608396,,2.498444139644574,in,,,,
Pell,16,3,0,5,0.9029003984298208,0.0419582681629318,0.46058627702051436,0.17350801789193843,0.2536195131012423,0.13682544830269097,,2.5394137229794858,in,,,,
ell,16,4,0,1,0.9975923633360984,0.004815273327803182,-0.884059358008011,0.04909036362368495,0.44476152303112504,0.022074914794394,18.59293987387559,4.884059358008011,out:sweep;sweep=54.1,0.33921803366947023,7.993848189520612,0.00,RunDiagnostics { ResidualInf = 4.3298697960381105E-15; Kappa1 = 206.02382492670435 }
ell,16,4,0,2,0.9879850035377136,0.014399446268966387,-0.024171049346463844,0.0895278776234336,0.36397351419268226,0.049194721117008997,11.339274197520115,4.024171049346464,in;sweep=24.6,0.33921803366947023,7.993848189520612,0.00,RunDiagnostics { ResidualInf = 4.3298697960381105E-15; Kappa1 = 206.02382492670435 }
ell,16,4,0,3,0.9688628080677196,0.023844944671021606,0.34807430178811344,0.13604334001943744,0.34523093519285597,0.07881294875468776,10.405278925859863,3.6519256982118864,in;sweep=15.2,0.33921803366947023,7.993848189520612,0.00,RunDiagnostics { ResidualInf = 4.3298697960381105E-15; Kappa1 = 206.02382492670435 }
ell,16,4,0,4,0.9404099341217478,0.033060803220922086,0.5212459770818771,0.18385832644146827,0.3397265537354765,0.1082390083553063,10.142445009432771,3.478754022918123,in;sweep=10.7,0.33921803366947023,7.993848189520612,0.00,RunDiagnostics { ResidualInf = 4.3298697960381105E-15; Kappa1 = 206.02382492670435 }
Pell,16,4,0,16,0.049008570164780295,0.0980171403295607,0.7755848572325564,0.5399332087678176,0.3396581879449286,0.3179273916725724,,3.2244151427674437,in,,,,
Pell,16,4,0,15,0.14655373117284443,0.09707318168656755,0.774746381972618,0.5346768518902941,0.3396142875258186,0.3148730024202213,,3.225253618027382,in,,,,
Pell,16,4,0,14,0.24268749963529518,0.09519435523833397,0.773005444947357,0.5242174965473871,0.33952585603139906,0.30879385898604905,,3.226994555052643,in,,,,
Pell,16,4,0,13,0.33648405480977595,0.09239875511062756,0.7702242304666629,0.5086616893389846,0.33939178407139453,0.2997489704889158,,3.229775769533337,in,,,,
Pell,16,4,0,12,0.4270400845955437,0.08871330446090797,0.76616884457995,0.48816888856122026,0.33921086972831727,0.2878262061308397,,3.23383115542005,in,,,,
Pell,16,4,0,11,0.5134834849227998,0.08417349619360426,0.7604684959257921,0.46295122609171047,0.3389826498064529,0.27314154653994194,,3.2395315040742076,in,,,,
Pell,16,4,0,10,0.5949817585916237,0.07882305114404342,0.7525436540313062,0.4332735735423334,0.33870914098090976,0.25583813432821023,,3.247456345968694,in,,,,
Pell,16,4,0,9,0.6707500326750964,0.07271349702290208,0.7414783483575302,0.3994543828168027,0.33839851577968794,0.23608518606911666,,3.2585216516424698,in,,,,
Pell,16,4,0,8,0.7400586172746422,0.06590367217618953,0.7257853370999772,0.3618681437912833,0.33807306375021917,0.21407688608912354,,3.2742146629000226,in,,,,
Pell,16,4,0,7,0.8022400328326411,0.05845915893980835,0.7029520813812792,0.3209510296568268,0.33778715822744426,0.19003151649756853,,3.2970479186187207,in,,,,
Pell,16,4,0,6,0.8566954383254501,0.05045165204580959,0.6685034671323561,0.2772128303191799,0.3376702913796365,0.16419142423608396,,3.331496532867644,in,,,,
Pell,16,4,0,5,0.9029003984298208,0.0419582681629318,0.6138967709072433,0.23126180093644605,0.33803916421284297,0.13682544830269097,,3.3861032290927566,in,,,,
rect,32,5,10,1,0.9993977281025862,0.001204543794827595,5348.393077916534,3.6378695414274644,2.9102956331419714,0.25,5508.042538776036,-5333.399100635508,out:alpha+cl;sweep=0.1,0.8079506363588693,8.000000000000002,0.02,RunDiagnostics { ResidualInf = 1.9539925233402755E-14; Kappa1 = 15.887722901133264 }
rect,32,5,10,2,0.9969900914386847,0.0036107295329755873,-514.8642411078685,0.110508095866064,0.0884064766928512,0.25,55.81769487666369,529.8341420222553,out:alpha;sweep=0.1,0.8079506363588693,8.000000000000002,0.02,RunDiagnostics { ResidualInf = 1.9539925233402755E-14; Kappa1 = 15.887722901133264 }
rect,32,5,10,3,0.9921806183184889,0.006008216707415803,75.66938355991493,0.7991896472526565,0.6393517178021253,0.24999999999999997,242.5923047115014,-60.74757737673004,out:alpha;sweep=0.1,0.8079506363588693,8.000000000000002,0.02,RunDiagnostics { ResidualInf = 1.9539925233402755E-14; Kappa1 = 15.887722901133264 }
rect,32,5,10,4,0.9849808951840058,0.008391229561550584,9.647148743484433,0.7521456374297631,0.6017165099438105,0.25,163.47415388204394,5.202660208355624,in;sweep=0.1,0.8079506363588693,8.000000000000002,0.02,RunDiagnostics { ResidualInf = 1.9539925233402755E-14; Kappa1 = 15.887722901133264 }
Prect,32,5,10,32,0.024533837163708973,0.04906767432741807,-0.3286631979296274,0.8276744442804937,0.662139555424395,0.25,,5.574001569566716,in,,,,
Prect,32,5,10,31,0.07354240732848932,0.04894946600214264,-0.0992906773181936,0.8416539327864077,0.6733231462291261,0.25,,5.834714750603086,in,,,,
Prect,32,5,10,30,0.12237380739246115,0.04871333412580099,0.1187149300951811,0.8626071256751013,0.6900857005400812,0.24999999999999997,,6.10502314382943,in,,,,
Prect,32,5,10,29,0.17091039823574491,0.048359847560766556,0.32747312857831085,0.8877976105241544,0.7102380884193236,0.25,,6.381630853779138,in,,,,
Prect,32,5,10,28,0.21903525095969603,0.04788985788713568,0.5293071839794113,0.9155235379214889,0.7324188303371912,0.24999999999999997,,6.6610453256175495,in,,,,
Prect,32,5,10,27,0.26663242857886305,0.047304497351198294,0.7265628682649198,0.9445656243618762,0.7556524994895011,0.24999999999999997,,6.939761417523711,in,,,,
Prect,32,5,10,26,0.313587265323341,0.046605176137757776,0.9214679957229185,0.9739776003839766,0.7791820803071813,0.25,,7.214404657510491,in,,,,
Prect,32,5,10,25,0.3597866428786548,0.045793578972869786,1.116077841987601,1.0029816932253406,0.8023853545802725,0.25,,7.481788586798948,in,,,,
Prect,32,5,10,24,0.4051192628976858,0.04487166106519214,1.3122745699206044,1.0309092130102124,0.8247273704081699,0.25,,7.738918059056252,in,,,,
Prect,32,5,10,23,0.4494759151281398,0.043841643395715835,1.5117900489970553,1.0571642792361733,0.8457314233889386,0.25,,7.982969102284343,in,,,,
Prect,32,5,10,22,0.4927497405096097,0.042706007367223964,1.7162343596881606,1.0812008108943643,0.8649606487154914,0.25,,8.211263045407938,in,,,,
Prect,32,5,10,21,0.5348364886064119,0.041467488826380294,1.9271222351277157,1.102507827898309,0.8820062623186471,0.25,,8.421242650936403,in,,,,
Prect,32,5,10,20,0.5756347687560177,0.0401290714728314,2.145896032590082,1.1206004807090342,0.8964803845672275,0.24999999999999997,,8.610451654970095,in,,,,
Prect,32,5,10,19,0.6150462943280394,0.03869397967121202,2.3739484264557293,1.135015508365777,0.9080124066926215,0.25,,8.776514516824664,in,,,,
Prect,32,5,10,18,0.6529761195053319,0.037165670683373064,2.612652794671288,1.1453105848063252,0.9162484678450603,0.24999999999999997,,8.91710840038203,in,,,,
Prect,32,5,10,17,0.689332868016783,0.03554782633952902,2.8634159968967055,1.1510674881332004,0.9208539905065602,0.25,,9.029912683271125,in,,,,
Prect,32,5,10,16,0.7240289532707531,0.03384434416841142,3.1277788764533745,1.1518993176917711,0.9215194541534169,0.25,,9.112510656254157,in,,,,
Prect,32,5,10,15,0.7569807893588479,0.03205932800777811,3.4076071842444833,1.1474621225827897,0.9179696980662317,0.25,,9.162200709343995,in,,,,
Prect,32,5,10,14,0.7881089924216909,0.03019707811790784,3.705444755581517,1.137471294173084,0.9099770353384674,0.24999999999999997,,9.175645168635391,in,,,,
Prect,32,5,10,13,0.8173385718915951,0.028262080821900515,4.0251517469031315,1.1217229059719256,0.8973783247775404,0.25,,9.148233972012818,in,,,,
Prect,32,5,10,12,0.8445991111514086,0.02625899769772666,4.373044191924298,1.1001198418578906,0.8800958734863125,0.25,,9.07294691958979,in,,,,
Prect,32,5,10,11,0.8698249371743134,0.02419265434808293,4.759928234388801,1.0727019868117187,0.8581615894493749,0.25,,8.938321137354333,in,,,,
Prect,32,5,10,10,0.8929552787358992,0.0220680287750884,5.204763385460766,1.0396788232236513,0.8317430585789211,0.25,,8.724789401898224,in,,,,
Prect,32,5,10,9,0.913934412817365,0.0198902393878434,5.741355365123647,1.0014612854653007,0.8011690283722406,0.25,,8.397988763050003,in,,,,
Prect,32,5,10,8,0.9327117988471537,0.017664532671733957,6.4307959817694496,0.9586877867384898,0.7669502293907918,0.25,,7.896322006702087,in,,,,
Prect,32,5,10,7,0.9492422004576148,0.015396270549188129,7.386888195223711,0.9122419121896544,0.7297935297517237,0.24999999999999997,,7.105533809352436,in,,,,
Prect,32,5,10,6,0.9634857944633763,0.01309091746233515,8.786707755366157,0.8631755503772448,0.690540440301796,0.24999999999999997,,5.848150189267606,in,,,,
Prect,32,5,10,5,0.9754082667988873,0.010754027208686456,11.651100408167698,0.814204842424228,0.6513638739393824,0.24999999999999997,,3.1029822598211734,in,,,,
tap,32,5,8,1,0.9993977281025862,0.001204543794827595,1122.429966478574,0.9238037895600688,1.1078972920678494,0.16676704531623562,1398.7171646575168,-1109.4347846537532,out:alpha+cl;sweep=2.1,0.7177348772532747,8.000000000000002,0.06,RunDiagnostics { ResidualInf = 2.3314683517128287E-14; Kappa1 = 24.359026249190684 }
tap,32,5,8,2,0.9969900914386847,0.0036107295329755873,-39.25840303730942,0.3429169789595336,0.4102655130712348,0.16716831809355254,173.2075387742566,52.234323768818896,out:alpha;sweep=2.1,0.7177348772532747,8.000000000000002,0.06,RunDiagnostics { ResidualInf = 2.3314683517128287E-14; Kappa1 = 24.359026249190684 }
tap,32,5,8,3,0.9921806183184889,0.006008216707415803,18.19230030133731,0.44620250839016795,0.5312886612428844,0.1679698969469185,135.44381518270984,-5.254855354789397,in;sweep=2.1,0.7177348772532747,8.000000000000002,0.06,RunDiagnostics { ResidualInf = 2.3314683517128287E-14; Kappa1 = 24.359026249190684 }
tap,32,5,8,4,0.9849808951840058,0.008391229561550584,9.017645815323956,0.488687566516959,0.577747824684206,0.1691698508026657,106.21318860803073,3.8622013461480904,in;sweep=2.1,0.7177348772532747,8.000000000000002,0.06,RunDiagnostics { ResidualInf = 2.3314683517128287E-14; Kappa1 = 24.359026249190684 }
Ptap,32,5,8,32,0.024533837163708973,0.04906767432741807,0.47125481776457123,0.8944571967801194,0.5433394184768391,0.3292443604727152,,4.725015879545101,in,,,,
Ptap,32,5,8,31,0.07354240732848932,0.04894946600214264,0.5746379114738341,0.9004281994827065,0.5608811963936604,0.32107626544525175,,5.013701347154081,in,,,,
Ptap,32,5,8,30,0.12237380739246115,0.04871333412580099,0.6914782738340804,0.9095487588374852,0.5812970200896206,0.3129376987679231,,5.287512185305609,in,,,,
Ptap,32,5,8,29,0.17091039823574491,0.048359847560766556,0.8091912189031382,0.9202060707111785,0.6037141558228248,0.3048482669607092,,5.558091966982821,in,,,,
Ptap,32,5,8,28,0.21903525095969603,0.04788985788713568,0.9249164036878318,0.931327104068562,0.6275208565944406,0.29682745817338396,,5.827365603989736,in,,,,
Ptap,32,5,8,27,0.26663242857886305,0.047304497351198294,1.0377268212846595,0.942122693719177,0.6522259047087804,0.2888945952368561,,6.095332607346245,in,,,,
Ptap,32,5,8,26,0.313587265323341,0.046605176137757776,1.147588745773314,0.9519893138282779,0.677406635459834,0.2810687891127765,,6.361109376813414,in,,,,
Ptap,32,5,8,25,0.3597866428786548,0.045793578972869786,1.2549552021085504,0.9604557619872505,0.7026810929082282,0.2733688928535575,,6.623337940920688,in,,,,
Ptap,32,5,8,24,0.4051192628976858,0.04487166106519214,1.3605774349423023,0.9671494092909807,0.727690330787865,0.265813456183719,,6.880376668239185,in,,,,
Ptap,32,5,8,23,0.4494759151281398,0.043841643395715835,1.4654180793228218,0.9717728173135802,0.7520859509077981,0.25842068081197667,,7.1303892417022965,in,,,,
Ptap,32,5,8,22,0.4927497405096097,0.042706007367223964,1.5706136078173523,0.9740863197695132,0.7755205722231083,0.2512083765817317,,7.371384316259526,in,,,,
Ptap,32,5,8,21,0.5348364886064119,0.041467488826380294,1.6774608316727344,0.973894198171001,0.7976400099492101,0.24419391856559802,,7.601231077178561,in,,,,
Ptap,32,5,8,20,0.5756347687560177,0.0401290714728314,1.7874147464927717,0.971033124356965,0.8180765183454284,0.23739420520733037,,7.81766340355537,in,,,,
Ptap,32,5,8,19,0.6150462943280394,0.03869397967121202,1.9020907813489873,0.9653621518995994,0.8364428193774627,0.23082561761199344,,8.018279573275327,in,,,,
Ptap,32,5,8,18,0.6529761195053319,0.037165670683373064,2.0232673403209485,0.9567539459918728,0.8523269348191721,0.22450398008244468,,8.200541615721706,in,,,,
Ptap,32,5,8,17,0.689332868016783,0.03554782633952902,2.1528865396470778,0.9450872663825902,0.8652881360830755,0.21844452199720282,,8.361776404487186,in,,,,
Ptap,32,5,8,16,0.7240289532707531,0.03384434416841142,2.2930539675994432,0.9302410287751528,0.8748546743216603,0.21266184112154116,,8.499177658566582,in,,,,
Ptap,32,5,8,15,0.7569807893588479,0.03205932800777811,2.446044367410971,0.9120906065141038,0.8805243864673458,0.20716986844019197,,8.609801947459813,in,,,,
Ptap,32,5,8,14,0.7881089924216909,0.03019707811790784,2.614333053898659,0.8905074102413508,0.8817698007554285,0.20198183459638483,,8.690538885474869,in,,,,
Ptap,32,5,8,13,0.8173385718915951,0.028262080821900515,2.800699135600086,0.8653631798720025,0.8780499567888318,0.19711023801806749,,8.738009439532675,in,,,,
Ptap,32,5,8,12,0.8445991111514086,0.02625899769772666,3.0084984639175913,0.8365407832773173,0.8688317186021565,0.19256681480809856,,8.748294425293677,in,,,,
Ptap,32,5,8,11,0.8698249371743134,0.02419265434808293,3.242307542118225,0.803953554476228,0.8536237412276647,0.18836251047094776,,8.716291955276283,in,,,,
Ptap,32,5,8,10,0.8929552787358992,0.0220680287750884,3.509356528657682,0.7675752426815092,0.8320262709586348,0.18450745354401682,,8.634285701229512,in,,,,
Ptap,32,5,8,9,0.913934412817365,0.0198902393878434,3.822657189267235,0.7274823953743781,0.8037994065476747,0.18101093119710582,,8.488818113271684,in,,,,
Ptap,32,5,8,8,0.9327117988471537,0.017664532671733957,4.207879399425848,0.6839100923245661,0.768950795017688,0.17788136685880773,,8.25381499135138,in,,,,
Ptap,32,5,8,7,0.9492422004576148,0.015396270549188129,4.718782158613694,0.6373191388687395,0.727839438332561,0.17512629992373085,,7.875155445047225,in,,,,
Ptap,32,5,8,6,0.9634857944633763,0.01309091746233515,5.472833652597431,0.5884665217123816,0.6812833073419047,0.1727523675894373,,7.23505270310958,in,,,,
Ptap,32,5,8,5,0.9754082667988873,0.010754027208686456,6.740974805357267,0.5384691237098445,0.6306540717764905,0.17076528886685213,,6.062291329033831,in,,,,
ell,32,5,3,1,0.9993977281025862,0.001204543794827595,-3.5566153234343276,0.04470593660172898,0.8094670396479591,0.01104577071381975,67.68857369237182,11.554808507742086,out:alpha+sweep;sweep=70.1,0.5279292715744833,7.998427922830615,0.04,RunDiagnostics { ResidualInf = 2.6867397195928788E-14; Kappa1 = 671.0450264927167 }
ell,32,5,3,2,0.9969900914386847,0.0036107295329755873,-1.152657605672006,0.08077885417020902,0.6546556957062873,0.024678271250068107,40.80143992367781,9.14362787998806,out:sweep;sweep=42.6,0.5279292715744833,7.998427922830615,0.04,RunDiagnostics { ResidualInf = 2.6867397195928788E-14; Kappa1 = 671.0450264927167 }
ell,32,5,3,3,0.9921806183184889,0.006008216707415803,0.03159899719592609,0.122666544533457,0.6175262711816762,0.03972836468923878,37.235166711262025,7.94494285775954,in;sweep=28.8,0.5279292715744833,7.998427922830615,0.04,RunDiagnostics { ResidualInf = 2.6867397195928788E-14; Kappa1 = 671.0450264927167 }
ell,32,5,3,4,0.9849808951840058,0.008391229561550584,0.6416335051237704,0.1666857308411907,0.6065660547739159,0.05496045468727034,36.228101922639034,7.313309180428248,in;sweep=21.4,0.5279292715744833,7.998427922830615,0.04,RunDiagnostics { ResidualInf = 2.6867397195928788E-14; Kappa1 = 671.0450264927167 }
Pell,32,5,3,32,0.024533837163708973,0.04906767432741807,0.7302041891029968,0.7586164637822883,0.47679629753212854,0.31821407494514764,,4.34339732238813,in,,,,
Pell,32,5,3,31,0.07354240732848932,0.04894946600214264,0.8002920123523264,0.7612526658194221,0.47960789112507746,0.31744793190689774,,4.420335209633142,in,,,,
Pell,32,5,3,30,0.12237380739246115,0.04871333412580099,0.867294481820559,0.7643846112949302,0.4839140748063913,0.3159174948985528,,4.499826940356825,in,,,,
Pell,32,5,3,29,0.17091039823574491,0.048359847560766556,0.9312681415903669,0.7671488078636943,0.48921179259506253,0.3136264576919918,,4.581463053116868,in,,,,
Pell,32,5,3,28,0.21903525095969603,0.04788985788713568,0.9923156607271088,0.7689909858779704,0.4951961614801811,0.3105803500493197,,4.664790092151979,in,,,,
Pell,32,5,3,27,0.26663242857886305,0.047304497351198294,1.0505532342415334,0.7695059196916029,0.501655618978439,0.3067865246914242,,4.749344051495056,in,,,,
Pell,32,5,3,26,0.313587265323341,0.046605176137757776,1.106085651219103,0.7683793069281437,0.5084326103440718,0.30225413999631456,,4.834676144750921,in,,,,
Pell,32,5,3,25,0.3597866428786548,0.045793578972869786,1.158990203212489,0.7653599699873699,0.51540409105106,0.29699413849299355,,4.920369725423476,in,,,,
Pell,32,5,3,24,0.4051192628976858,0.04487166106519214,1.2093078769988754,0.7602445794863641,0.522470355226217,0.2910192212368477,,5.006049911694182,in,,,,
Pell,32,5,3,23,0.4494759151281398,0.043841643395715835,1.2570390225225836,0.7528685903954421,0.5295480627815914,0.28434381817612564,,5.0913887228618355,in,,,,
Pell,32,5,3,22,0.4927497405096097,0.042706007367223964,1.302141026680251,0.743100626318826,0.5365656353496511,0.2769840546476992,,5.176108194848578,in,,,,
Pell,32,5,3,21,0.5348364886064119,0.041467488826380294,1.3445261635101797,0.7308389168183254,0.5434600892975688,0.2689577141765633,,5.259983302309056,in,,,,
Pell,32,5,3,20,0.5756347687560177,0.0401290714728314,1.38405827132155,0.7160090127202302,0.5501747849221132,0.2602841978014655,,5.342846034946503,in,,,,
Pell,32,5,3,19,0.6150462943280394,0.03869397967121202,1.42054712339048,0.6985623204207714,0.5566577820445825,0.2509844802151077,,5.424591759593638,in,,,,
Pell,32,5,3,18,0.6529761195053319,0.037165670683373064,1.4537393111605834,0.67847517305222,0.5628606115488638,0.2410810631020037,,5.505189047355413,in,,,,
Pell,32,5,3,17,0.689332868016783,0.03554782633952902,1.483304142599212,0.655748263647675,0.568737346827013,0.2305979261977769,,5.584694461451137,in,,,,
Pell,32,5,3,16,0.7240289532707531,0.03384434416841142,1.5088124171087443,0.6304063361533297,0.5742439124853538,0.21956047681024687,,5.663274442703514,in,,,,
Pell,32,5,3,15,0.7569807893588479,0.03205932800777811,1.5297048289008646,0.6024980817301642,0.5793376154317647,0.20799549888751437,,5.741237539175678,in,,,,
Pell,32,5,3,14,0.7881089924216909,0.03019707811790784,1.5452448851594585,0.5720962307935584,0.5839769400547071,0.19593110328636068,,5.819082092105614,in,,,,
Pell,32,5,3,13,0.8173385718915951,0.028262080821900515,1.5544480535761065,0.5392978733839628,0.5881217347040564,0.18339668186394717,,5.8975676620986786,in,,,,
Pell,32,5,3,12,0.8445991111514086,0.02625899769772666,1.555973314217687,0.5042250891624179,0.5917340670837353,0.17042286973518658,,5.977824019236539,in,,,,
Pell,32,5,3,11,0.8698249371743134,0.02419265434808293,1.5479532634327051,0.46702603299676415,0.5947803146904558,0.1570415232184746,,6.061521548090235,in,,,,
Pell,32,5,3,10,0.8929552787358992,0.0220680287750884,1.5277199703584405,0.42787671750918993,0.5972356437425582,0.14328572716387591,,6.151145865849257,in,,,,
Pell,32,5,3,9,0.913934412817365,0.0198902393878434,1.4913461238830217,0.38698388676939915,0.5990932921642603,0.12918985801740385,,6.250457114569073,in,,,,
Pell,32,5,3,8,0.9327117988471537,0.017664532671733957,1.4328415378718813,0.3445896393549482,0.6003839527894245,0.11478975670617492,,6.36529385866958,in,,,,
Pell,32,5,3,7,0.9492422004576148,0.015396270549188129,1.342665162259427,0.3009789549893609,0.6012176235746346,0.10012313118828516,,6.505061439113417,in,,,,
Pell,32,5,3,6,0.9634857944633763,0.01309091746233515,1.2047701654825156,0.2564923110486668,0.6018793029193743,0.08523048053141832,,6.6856872179076134,in,,,,
Pell,32,5,3,5,0.9754082667988873,0.010754027208686456,0.9902001846489449,0.21154801863152123,0.6030673656776814,0.07015734250312139,,6.9360246157477174,in,,,,
ell,32,3,0,1,0.9993977281025862,0.001204543794827595,-1.6341943378819102,0.017770491316303063,0.32176100295237486,0.01104577071381975,26.906028649598035,4.63419433788191,out:sweep;sweep=70.1,0.25252058160603785,7.998427922830615,0.08,RunDiagnostics { ResidualInf = 1.5210055437364645E-14; Kappa1 = 726.1842669824138 }
ell,32,3,0,2,0.9969900914386847,0.0036107295329755873,-0.6400506367071817,0.03217923550875309,0.2607900300849824,0.024678271250068107,16.2537480617605,3.6400506367071817,out:sweep;sweep=42.6,0.25252058160603785,7.998427922830615,0.08,RunDiagnostics { ResidualInf = 1.5210055437364645E-14; Kappa1 = 726.1842669824138 }
ell,32,3,0,3,0.9921806183184889,0.006008216707415803,-0.1554207933482461,0.04899078669971638,0.24662876049859916,0.03972836468923878,14.871048312462056,3.155420793348246,in;sweep=28.8,0.25252058160603785,7.998427922830615,0.08,RunDiagnostics { ResidualInf = 1.5210055437364645E-14; Kappa1 = 726.1842669824138 }
ell,32,3,0,4,0.9849808951840058,0.008391229561550584,0.09252790717487246,0.06676238508413047,0.2429469896638015,0.05496045468727034,14.51038717723678,2.9074720928251274,in;sweep=21.4,0.25252058160603785,7.998427922830615,0.08,RunDiagnostics { ResidualInf = 1.5210055437364645E-14; Kappa1 = 726.1842669824138 }
Pell,32,3,0,32,0.024533837163708973,0.04906767432741807,0.5845919293410877,0.4043073525057148,0.25411028885218706,0.3182140749451476,,2.4154080706589123,in,,,,
Pell,32,3,0,31,0.07354240732848932,0.04894946600214264,0.5844702425208704,0.4033054709516009,0.25409235998417773,0.3174479319068977,,2.4155297574791295,in,,,,
Pell,32,3,0,30,0.12237380739246115,0.04871333412580099,0.584224382290002,0.4013041753136913,0.2540563164712089,0.3159174948985528,,2.415775617709998,in,,,,
Pell,32,3,0,29,0.17091039823574491,0.048359847560766556,0.5838492774870386,0.3983083975610589,0.2540017831991917,0.3136264576919918,,2.4161507225129615,in,,,,
Pell,32,3,0,28,0.21903525095969603,0.04788985788713568,0.5833370701284559,0.3943255283752836,0.25392818851074467,0.3105803500493197,,2.416662929871544,in,,,,
Pell,32,3,0,27,0.26663242857886305,0.047304497351198294,0.5826767957066712,0.38936540887332743,0.2538347531821769,0.3067865246914242,,2.4173232042933286,in,,,,
Pell,32,3,0,26,0.313587265323341,0.046605176137757776,0.5818539246773948,0.383440320351258,0.2537204753297562,0.30225413999631456,,2.418146075322605,in,,,,
Pell,32,3,0,25,0.3597866428786548,0.045793578972869786,0.5808497334512573,0.3765649727826066,0.25358411091435745,0.29699413849299355,,2.4191502665487428,in,,,,
Pell,32,3,0,24,0.4051192628976858,0.04487166106519214,0.5796404595621617,0.3687564930778974,0.253424149450103,0.2910192212368477,,2.4203595404378384,in,,,,
Pell,32,3,0,23,0.4494759151281398,0.043841643395715835,0.578196177059312,0.3600344144572425,0.253238784487471,0.2843438181761256,,2.4218038229406877,in,,,,
Pell,32,3,0,22,0.4927497405096097,0.042706007367223964,0.5764793021076823,0.35042066873580546,0.25302587846185703,0.27698405464769915,,2.4235206978923176,in,,,,
Pell,32,3,0,21,0.5348364886064119,0.041467488826380294,0.5744426015682338,0.33993958391407736,0.2527829216238181,0.2689577141765633,,2.425557398431766,in,,,,
Pell,32,3,0,20,0.5756347687560177,0.0401290714728314,0.572026523243514,0.3286178902606665,0.25250698508506714,0.2602841978014655,,2.427973476756486,in,,,,
Pell,32,3,0,19,0.6150462943280394,0.03869397967121202,0.5691555864920009,0.31648473916004677,0.25219466868134777,0.25098448021510766,,2.430844413507999,in,,,,
Pell,32,3,0,18,0.6529761195053319,0.037165670683373064,0.5657334515592414,0.30357174049666474,0.251842045651027,0.24108106310200372,,2.4342665484407586,in,,,,
Pell,32,3,0,17,0.689332868016783,0.03554782633952902,0.5616361014708989,0.28991302644559347,0.25144460856681233,0.2305979261977769,,2.438363898529101,in,,,,
Pell,32,3,0,16,0.7240289532707531,0.03384434416841142,0.5567022817477414,0.2755453525184952,0.2509972254766351,0.21956047681024687,,2.443297718252259,in,,,,
Pell,32,3,0,15,0.7569807893588479,0.03205932800777811,0.5507198817179002,0.26050825100161956,0.25049412356995715,0.20799549888751437,,2.4492801182820996,in,,,,
Pell,32,3,0,14,0.7881089924216909,0.03019707811790784,0.5434061846442669,0.24484425819105332,0.24992893326712323,0.19593110328636068,,2.456593815355733,in,,,,
Pell,32,3,0,13,0.8173385718915951,0.028262080821900515,0.5343786383794211,0.2285992461550769,0.249294855099574,0.18339668186394717,,2.465621361620579,in,,,,
Pell,32,3,0,12,0.8445991111514086,0.02625899769772666,0.5231105777828385,0.2118229039045056,0.24858506869840755,0.17042286973518658,,2.4768894222171616,in,,,,
Pell,32,3,0,11,0.8698249371743134,0.02419265434808293,0.5088623192471842,0.19456943485203104,0.2477936164454391,0.1570415232184746,,2.491137680752816,in,,,,
Pell,32,3,0,10,0.8929552787358992,0.0220680287750884,0.4905704849548608,0.1768985726908549,0.24691722782484257,0.14328572716387591,,2.5094295150451393,in,,,,
Pell,32,3,0,9,0.913934412817365,0.0198902393878434,0.46666341959372837,0.15887707655142685,0.24595905435552642,0.12918985801740385,,2.5333365804062717,in,,,,
Pell,32,3,0,8,0.9327117988471537,0.017664532671733957,0.43473901930881476,0.14058096937509673,0.2449364358092318,0.11478975670617492,,2.5652609806911855,in,,,,
Pell,32,3,0,7,0.9492422004576148,0.015396270549188129,0.3909701405247458,0.12209897754286406,0.24389764102213815,0.10012313118828514,,2.609029859475254,in,,,,
Pell,32,3,0,6,0.9634857944633763,0.01309091746233515,0.3289284848777744,0.10353803129971358,0.242960102193831,0.08523048053141831,,2.6710715151222257,in,,,,
Pell,32,3,0,5,0.9754082667988873,0.010754027208686456,0.23704778789208233,0.08503262387856492,0.24240548699455572,0.07015734250312139,,2.7629522121079177,in,,,,
ell,32,4,0,1,0.9993977281025862,0.001204543794827595,-2.1781513629767355,0.023685567245043514,0.4288621927559962,0.01104577071381975,35.86195449151492,6.1781513629767355,out:sweep;sweep=70.1,0.33657444298684724,7.998427922830615,0.03,RunDiagnostics { ResidualInf = 2.0095036745715333E-14; Kappa1 = 726.1842669824138 }
ell,32,4,0,2,0.9969900914386847,0.0036107295329755873,-0.8530975382797991,0.04289039807455514,0.3475964555210631,0.024678271250068107,21.663961668163633,4.853097538279799,out:sweep;sweep=42.6,0.33657444298684724,7.998427922830615,0.03,RunDiagnostics { ResidualInf = 2.0095036745715333E-14; Kappa1 = 726.1842669824138 }
ell,32,4,0,3,0.9921806183184889,0.006008216707415803,-0.20715407281681003,0.06529783291355379,0.32872147355836673,0.03972836468923878,19.821017243680128,4.20715407281681,in;sweep=28.8,0.33657444298684724,7.998427922830615,0.03,RunDiagnostics { ResidualInf = 2.0095036745715333E-14; Kappa1 = 726.1842669824138 }
ell,32,4,0,4,0.9849808951840058,0.008391229561550584,0.12332669527392365,0.08898487572478858,0.32381419051614513,0.05496045468727034,19.340306642099012,3.876673304726076,in;sweep=21.4,0.33657444298684724,7.998427922830615,0.03,RunDiagnostics { ResidualInf = 2.0095036745715333E-14; Kappa1 = 726.1842669824138 }
Pell,32,4,0,32,0.024533837163708973,0.04906767432741807,0.7791788761976944,0.5388848746491406,0.33869329930929754,0.3182140749451476,,3.2208211238023057,in,,,,
Pell,32,4,0,31,0.07354240732848932,0.04894946600214264,0.7790166847696876,0.5375495073540474,0.338669402648181,0.3174479319068977,,3.2209833152303124,in,,,,
Pell,32,4,0,30,0.12237380739246115,0.04871333412580099,0.778688987638119,0.5348820615549867,0.33862136171138457,0.3159174948985528,,3.221311012361881,in,,,,
Pell,32,4,0,29,0.17091039823574491,0.048359847560766556,0.7781890256575216,0.5308891108735341,0.3385486765245507,0.3136264576919918,,3.2218109743424783,in,,,,
Pell,32,4,0,28,0.21903525095969603,0.04788985788713568,0.7775063252403486,0.5255805060494602,0.33845058514873766,0.3105803500493197,,3.2224936747596513,in,,,,
Pell,32,4,0,27,0.26663242857886305,0.047304497351198294,0.7766262722390637,0.5189693639084857,0.3383260489882871,0.3067865246914242,,3.2233737277609364,in,,,,
Pell,32,4,0,26,0.313587265323341,0.046605176137757776,0.7755295008132552,0.5110720536921065,0.3381737326730003,0.30225413999631456,,3.2244704991867446,in,,,,
Pell,32,4,0,25,0.3597866428786548,0.045793578972869786,0.7741910550500056,0.5019081817275234,0.3379919780735767,0.29699413849299355,,3.2258089449499945,in,,,,
Pell,32,4,0,24,0.4051192628976858,0.04487166106519214,0.7725792629217749,0.49150057577924083,0.33777877192464223,0.2910192212368477,,3.227420737078225,in,,,,
Pell,32,4,0,23,0.4494759151281398,0.043841643395715835,0.7706542373424092,0.4798752708842352,0.3375317064828857,0.2843438181761256,,3.2293457626575908,in,,,,
Pell,32,4,0,22,0.4927497405096097,0.042706007367223964,0.7683658843422265,0.46706149906955574,0.33724793267512776,0.27698405464769915,,3.2316341156577737,in,,,,
Pell,32,4,0,21,0.5348364886064119,0.041467488826380294,0.765651248785662,0.4530916861405069,0.33692410535811196,0.2689577141765633,,3.234348751214338,in,,,,
Pell,32,4,0,20,0.5756347687560177,0.0401290714728314,0.7624309559636416,0.43800145978814775,0.3365563207354125,0.2602841978014655,,3.2375690440363583,in,,,,
Pell,32,4,0,19,0.6150462943280394,0.03869397967121202,0.7586044007900375,0.4218296747106947,0.33614004686597615,0.25098448021510766,,3.2413955992099623,in,,,,
Pell,32,4,0,18,0.6529761195053319,0.037165670683373064,0.7540431759128493,0.40461846244127936,0.3356700499284603,0.24108106310200372,,3.2459568240871506,in,,,,
Pell,32,4,0,17,0.689332868016783,0.03554782633952902,0.7485819841361937,0.3864133163719263,0.33514032215581263,0.2305979261977769,,3.2514180158638064,in,,,,
Pell,32,4,0,16,0.7240289532707531,0.03384434416841142,0.7420058959038636,0.36726322643361725,0.3345440233772321,0.21956047681024687,,3.257994104096136,in,,,,
Pell,32,4,0,15,0.7569807893588479,0.03205932800777811,0.7340321975028825,0.34722088360757786,0.33387345924765194,0.20799549888751437,,3.2659678024971175,in,,,,
Pell,32,4,0,14,0.7881089924216909,0.03019707811790784,0.7242840672590951,0.3263429827979266,0.33312014001264934,0.19593110328636068,,3.275715932740905,in,,,,
Pell,32,4,0,13,0.8173385718915951,0.028262080821900515,0.7122516169285031,0.30469066502426656,0.3322750029363141,0.18339668186394717,,3.287748383071497,in,,,,
Pell,32,4,0,12,0.8445991111514086,0.02625899769772666,0.6972328759026429,0.2823301587541202,0.3313289574255169,0.17042286973518658,,3.302767124097357,in,,,,
Pell,32,4,0,11,0.8698249371743134,0.02419265434808293,0.6782419498970462,0.2593337095182034,0.33027406281257343,0.1570415232184746,,3.3217580501029538,in,,,,
Pell,32,4,0,10,0.8929552787358992,0.0220680287750884,0.6538615057408103,0.23578093393385868,0.32910595995956526,0.14328572716387591,,3.34613849425919,in,,,,
Pell,32,4,0,9,0.913934412817365,0.0198902393878434,0.621996747802281,0.21176081253884055,0.3278288493982448,0.12918985801740385,,3.3780032521977192,in,,,,
Pell,32,4,0,8,0.9327117988471537,0.017664532671733957,0.5794460092634875,0.18737467322878554,0.326465842607202,0.11478975670617492,,3.4205539907365123,in,,,,
Pell,32,4,0,7,0.9492422004576148,0.015396270549188129,0.5211082456514463,0.1627407757988881,0.3250812751607783,0.10012313118828514,,3.478891754348554,in,,,,
Pell,32,4,0,6,0.9634857944633763,0.01309091746233515,0.4384154387580329,0.13800164323644426,0.323831667675681,0.08523048053141831,,3.561584561241967,in,,,,
Pell,32,4,0,5,0.9754082667988873,0.010754027208686456,0.3159513836995493,0.1133365361176317,0.3230924435673692,0.07015734250312139,,3.684048616300451,in,,,,
rect,64,5,10,1,0.9998494093481021,0.00030118130379575003,907943.2846930618,124.95873144074828,99.96698515259864,0.24999999999999997,756678.4375265895,-907928.2861989683,out:alpha+cl;sweep=0.1,0.8098105582674473,8.000000000000007,0.16,RunDiagnostics { ResidualInf = 1.6564527527407336E-13; Kappa1 = 96.17444434319889 }
rect,64,5,10,2,0.9992471374506884,0.000903362491031845,-185883.2799572631,-60.05005806621107,-48.040046452968866,0.24999999999999997,-121233.91704472755,185898.2724286376,out:alpha;sweep=0.1,0.8098105582674473,8.000000000000007,0.16,RunDiagnostics { ResidualInf = 1.6564527527407336E-13; Kappa1 = 96.17444434319889 }
rect,64,5,10,3,0.9980429564419313,0.001504999526482198,38542.44993444956,18.657945961513704,14.926356769210964,0.25,22609.982558820895,-38527.46950488514,out:alpha+cl;sweep=0.1,0.8098105582674473,8.000000000000007,0.16,RunDiagnostics { ResidualInf = 1.6564527527407336E-13; Kappa1 = 96.17444434319889 }
rect,64,5,10,4,0.9962375916754436,0.0021057300064933893,-6936.6408319278635,-3.514393225766146,-2.8115145806129167,0.25,-3043.8302373910888,6951.603207844618,out:alpha;sweep=0.1,0.8098105582674473,8.000000000000007,0.16,RunDiagnostics { ResidualInf = 1.6564527527407336E-13; Kappa1 = 96.17444434319889 }
Prect,64,5,10,64,0.01227061426145604,0.024541228522912205,-0.38832507934523974,0.8259528144063047,0.6607622515250438,0.25,,5.5110312219598,in,,,,
Prect,64,5,10,63,0.03680445142516507,0.024526445804505866,-0.27178119589967187,0.8303325112642754,0.6642660090114203,0.25,,5.639825710151323,in,,,,
Prect,64,5,10,62,0.061316118963542665,0.02449688927224932,-0.1586989308189151,0.8373488251740673,0.6698790601392538,0.25,,5.771860120454342,in,,,,
Prect,64,5,10,61,0.08579085196461399,0.024452576729893316,-0.04855486130310221,0.8463146358727385,0.6770517086981908,0.25,,5.9064633809492415,in,,,,
Prect,64,5,10,60,0.1102139077643884,0.02439353486965551,0.05907210586477245,0.8567942345203532,0.6854353876162826,0.24999999999999997,,6.043066971779111,in,,,,
Prect,64,5,10,59,0.1345705748272889,0.024319799256145483,0.16453612763983697,0.8684688357928414,0.6947750686342733,0.24999999999999997,,6.181169620633052,in,,,,
Prect,64,5,10,58,0.15884618160783143,0.024231414304939608,0.2681507530759777,0.8810876944303826,0.7048701555443061,0.25,,6.320311063002337,in,,,,
Prect,64,5,10,57,0.18302610538821473,0.024128433255826948,0.37020075578155304,0.8944445754698167,0.7155556603758534,0.25,,6.4600602981005935,in,,,,
Prect,64,5,10,56,0.20709578108649893,0.024010918140741466,0.4709496927189908,0.9083645711571271,0.7266916569257017,0.25,,6.600008118145999,in,,,,
Prect,64,5,10,55,0.23104071003006676,0.023878939746394212,0.5706457080433219,0.9226959598839776,0.7381567679071821,0.25,,6.739761392257346,in,,,,
Prect,64,5,10,54,0.2548464686890811,0.02373257757163444,0.6695259373352469,0.9373048138475424,0.7498438510780341,0.24999999999999997,,6.878938749555564,in,,,,
Prect,64,5,10,53,0.27849871736468024,0.023571919779563855,0.7678196018169449,0.9520712274499165,0.7616569819599331,0.25,,7.017167571829858,in,,,,
Prect,64,5,10,52,0.3019832088266768,0.023397063144429242,0.8657500009269818,0.9668865612880378,0.7735092490304303,0.25,,7.154082087339786,in,,,,
Prect,64,5,10,51,0.3252857968955557,0.023208112993328534,0.9635356928788746,0.9816513562113176,0.7853210849690541,0.25,,7.289322276076682,in,,,,
Prect,64,5,10,50,0.34839244496360405,0.023005183142768226,1.0613911437208046,0.9962737102109822,0.7970189681687858,0.25,,7.422533305915236,in,,,,
Prect,64,5,10,49,0.3712892344500389,0.02278839583010156,1.1595270659921924,1.0106679884245056,0.8085343907396044,0.25,,7.553365278508197,in,,,,
Prect,64,5,10,48,0.39396237318503974,0.022557881639900024,1.2581505985548445,1.0247537818458499,0.8198030254766799,0.25,,7.681473133295552,in,,,,
Prect,64,5,10,47,0.4163982037176358,0.022313779425292113,1.3574654206447756,1.038455057854697,0.8307640462837576,0.25,,7.806516616531582,in,,,,
Prect,64,5,10,46,0.4385832115424443,0.022056236224324843,1.457671851821318,1.051699463054035,0.8413595704432281,0.25,,7.928160263603124,in,,,,
Prect,64,5,10,45,0.4605040332403022,0.02178540717139099,1.5589669640021686,1.0644177503170427,0.8515342002536342,0.24999999999999997,,8.046073368400853,in,,,,
Prect,64,5,10,44,0.4821474645278908,0.021501455403786285,1.6615447186992265,1.0765433097454387,0.8612346477963511,0.24999999999999997,,8.159929926579682,in,,,,
Prect,64,5,10,43,0.5035004682115028,0.02120455196343768,1.7655961385199577,1.0880117887916596,0.8704094310333277,0.25,,8.26940854359507,in,,,,
Prect,64,5,10,42,0.5245501820401594,0.02089487569387538,1.8713095246308222,1.0987607909022648,0.879008632721812,0.24999999999999997,,8.37419229577077,in,,,,
Prect,64,5,10,41,0.5452839264533496,0.020572613132504913,1.9788707398085423,1.108729645188143,0.8869837161505145,0.24999999999999997,,8.473968524724953,in,,,,
Prect,64,5,10,40,0.5656892122187236,0.020237958398243383,2.0884635894642125,1.1178592421200497,0.8942873936960398,0.25,,8.568428532723022,in,,,,
Prect,64,5,10,39,0.5857537479551393,0.019891113074588018,2.2002703507525943,1.1260919322724836,0.9008735458179868,0.25,,8.657267128798798,in,,,,
Prect,64,5,10,38,0.6054654475365301,0.019532286088193462,2.3144725233033396,1.1333714868088949,0.9066971894471159,0.25,,8.74018195206196,in,,,,
Prect,64,5,10,37,0.6248124373721361,0.019161693583018558,2.43125190530171,1.1396431197802679,0.9117144958242143,0.25,,8.81687246841965,in,,,,
Prect,64,5,10,36,0.643783063558711,0.018779558790131157,2.5507921371455087,1.1448535734260128,0.9158828587408102,0.25,,8.887038498441601,in,,,,
Prect,64,5,10,35,0.6623658989003975,0.018386111893241908,2.673280903553486,1.148951268522133,0.9191610148177064,0.25,,8.950378085450488,in,,,,
Prect,64,5,10,34,0.6805497497920427,0.0179815898900485,2.798913046099577,1.1518865223981722,0.9215092179185378,0.25,,9.006584451820851,in,,,,
Prect,64,5,10,33,0.6983236629618073,0.01756623644948052,2.9278949145535047,1.153611837508514,0.9228894700068114,0.24999999999999997,,9.055341715064568,in,,,,
Prect,64,5,10,32,0.7156769320690071,0.01714030176491932,3.06045038069525,1.1540822633544707,0.9232658106835766,0.25,,9.09631893999482,in,,,,
Prect,64,5,10,31,0.7325991041532128,0.016704042403492103,3.196829057438895,1.153255834073123,0.9226046672584983,0.25,,9.129161984093232,in,,,,
Prect,64,5,10,30,0.7490799859307218,0.016257721151525684,3.337317416064956,1.1510940831104235,0.9208752664883388,0.25,,9.153482443242263,in,,,,
Prect,64,5,10,29,0.7651096499346108,0.015801606856252426,3.482253685674849,1.147562635079928,0.9180501080639424,0.25,,9.16884281367126,in,,,,
Prect,64,5,10,28,0.7806784404946716,0.015335974263869234,3.63204766777565,1.1426318732130676,0.9141054985704541,0.25,,9.174736737171067,in,,,,
Prect,64,5,10,27,0.7957769795536256,0.014861103854038604,3.7872069301326126,1.1362776788181717,0.9090221430545373,0.25,,9.170562865403644,in,,,,
Prect,64,5,10,26,0.8103961723161142,0.014377281670938769,3.948371296365321,1.128482237018649,0.9027857896149192,0.25,,9.15559042679582,in,,,,
Prect,64,5,10,25,0.8245272127270644,0.013884799150961746,4.116358179757444,1.119234900903023,0.8953879207224184,0.25,,9.128913947513201,in,,,,
Prect,64,5,10,24,0.8381615887761262,0.01338395294716177,4.292222208925162,1.1085331042540254,0.8868264834032203,0.25,,9.0893936788361,in,,,,
Prect,64,5,10,23,0.8512910876249895,0.01287504475056489,4.477333887095551,1.096383311323791,0.8771066490590329,0.25,,9.035576989154345,in,,,,
Prect,64,5,10,22,0.8639078005544917,0.012358381108439342,4.673483898912168,1.0828019906221136,0.8662415924976908,0.25,,8.96559410663275,in,,,,
Prect,64,5,10,21,0.8760041277285331,0.011834273239643589,4.883022387109432,1.0678165980632253,0.8542532784505802,0.25,,8.8770188901759,in,,,,
Prect,64,5,10,20,0.8875727827719351,0.011303036847160275,5.109046419159331,1.0514665524177245,0.8411732419341795,0.25,,8.766681408560018,in,,,,
Prect,64,5,10,19,0.8986067971594793,0.010764991927928125,5.35565453533051,1.0338041820895096,0.8270433456716079,0.24999999999999997,,8.630413436264282,in,,,,
Prect,64,5,10,18,0.909099524413487,0.010220462580087353,5.628294348023084,1.014895613653684,0.8119164909229472,0.25,,8.462700896111787,in,,,,
Prect,64,5,10,17,0.9190446441074087,0.009669776807756048,5.9342502641904575,0.9948215832024361,0.795857266561949,0.24999999999999997,,8.25619617688363,in,,,,
Prect,64,5,10,16,0.9284361656730128,0.009113266323452107,6.283243459944179,0.9736779509373765,0.7789423607499012,0.25,,8.00111819678595,in,,,,
Prect,64,5,10,15,0.9372684320088798,0.00855126634828185,6.688899758078221,0.9515772642403076,0.7612618113922461,0.25,,7.683784562010577,in,,,,
Prect,64,5,10,14,0.9455361228880287,0.00798411541001598,7.166247954720553,0.9286412283509949,0.742912982680796,0.25,,7.289113274159734,in,,,,
Prect,64,5,10,13,0.9532342581626227,0.00741215513917215,7.757736342761392,0.9050486519642489,0.7240389215713992,0.25,,6.774606238864836,in,,,,
Prect,64,5,10,12,0.9603582007638243,0.006835730063231016,8.398486648756473,0.8807709513230693,0.7046167610584554,0.25,,6.2050953588817706,in,,,,
Prect,64,5,10,11,0.9669036594949919,0.006255187399104134,9.625041551743195,0.8568736598151067,0.6854989278520853,0.25,,5.043995043206724,in,,,,
Prect,64,5,10,10,0.9728666916165363,0.005670876843984485,9.289633100237639,0.829750231832618,0.6638001854660944,0.25,,5.439033815927724,in,,,,
Prect,64,5,10,9,0.9782437052208794,0.005083150364701972,16.693914197731548,0.8143007851448907,0.6514406281159125,0.25,,-1.9114771455227526,in,,,,
Prect,64,5,10,8,0.9830314613960858,0.004492361985710791,-4.072337957836994,0.7583963082707569,0.6067170466166056,0.24999999999999997,,18.90265257179785,out,,,,
Prect,64,5,10,7,0.9872270761768611,0.003898867575839793,84.22577539857689,0.8386748206136005,0.6709398564908804,0.25,,-69.35350463680828,out,,,,
Prect,64,5,10,6,0.9908280222817455,0.0033030246339289526,-254.8287362687459,0.46825901195503394,0.37460720956402715,0.25,,269.73701649156334,out,,,,
Prect,64,5,10,5,0.9938321306354534,0.0027051920734868506,1309.9487710152584,1.711161014560116,1.3689288116480927,0.25,,-1295.010449708904,out,,,,
tap,64,5,8,1,0.9998494093481021,0.00030118130379575003,65435.50841670734,9.685371487752821,11.620695817144775,0.16669176510864964,58649.05701041341,-65422.50962143255,out:alpha+cl;sweep=2.1,0.7184927242322043,8.000000000000002,0.17,RunDiagnostics { ResidualInf = 4.218847493575595E-14; Kappa1 = 33.54451057482457 }
tap,64,5,8,2,0.9992471374506884,0.000903362491031845,-10350.12842069273,-2.7448940729894424,-3.2913949196173564,0.1667921437582186,-5541.614297432489,10363.122397792336,out:alpha;sweep=2.1,0.7184927242322043,8.000000000000002,0.17,RunDiagnostics { ResidualInf = 4.218847493575595E-14; Kappa1 = 33.54451057482457 }
tap,64,5,8,3,0.9980429564419313,0.001504999526482198,1549.669326711555,1.0386385113298715,1.2439317849095117,0.16699284059301145,1258.637937666258,-1536.6849830600195,out:alpha+cl;sweep=2.1,0.7184927242322043,8.000000000000002,0.17,RunDiagnostics { ResidualInf = 4.218847493575595E-14; Kappa1 = 33.54451057482457 }
tap,64,5,8,4,0.9962375916754436,0.0021057300064933893,-197.0608652214213,0.28540150893387156,0.3411980842082978,0.16729373472075942,247.18740530254112,210.03076595482486,out:alpha;sweep=2.1,0.7184927242322043,8.000000000000002,0.17,RunDiagnostics { ResidualInf = 4.218847493575595E-14; Kappa1 = 33.54451057482457 }
Ptap,64,5,8,64,0.01227061426145604,0.024541228522912205,0.4549820321446514,0.8942567246731175,0.5398662802426831,0.3312882309564239,,4.643182881946997,in,,,,
Ptap,64,5,8,63,0.03680445142516507,0.024526445804505866,0.4922060388273318,0.8959446587831703,0.5476446762118468,0.3271992580958058,,4.802229572573989,in,,,,
Ptap,64,5,8,62,0.061316118963542665,0.02449688927224932,0.5444054512001661,0.8989168187483447,0.5564084960160293,0.32311398017274284,,4.946123500508175,in,,,,
Ptap,64,5,8,61,0.08579085196461399,0.024452576729893316,0.6008977501552419,0.9028100584094397,0.5659632706296629,0.31903485800589765,,5.08542906556167,in,,,,
Ptap,64,5,8,60,0.1102139077643884,0.02439353486965551,0.6590617122577694,0.9073710738159221,0.5761738289072736,0.31496434870593526,,5.222649549857338,in,,,,
Ptap,64,5,8,59,0.1345705748272889,0.024319799256145483,0.7178978742188561,0.9124062516793172,0.586935901857456,0.3109049041954518,,5.3586667243994555,in,,,,
Ptap,64,5,8,58,0.15884618160783143,0.024231414304939608,0.7768479979895168,0.9177575719268881,0.5981624540604707,0.3068589697320281,,5.493921454873135,in,,,,
Ptap,64,5,8,57,0.18302610538821473,0.024128433255826948,0.8355505524913406,0.9232915048202992,0.6097775037219694,0.30282898243529754,,5.628658290614378,in,,,,
Ptap,64,5,8,56,0.20709578108649893,0.024010918140741466,0.8937681577635743,0.9288931091238933,0.62171292765665,0.2988173698189168,,5.762998090928417,in,,,,
Ptap,64,5,8,55,0.23104071003006676,0.023878939746394212,0.9513535439853957,0.9344623908595112,0.6339065434628929,0.29482654832832217,,5.896972136255139,in,,,,
Ptap,64,5,8,54,0.2548464686890811,0.02373257757163444,1.0082276529908503,0.9399117801490425,0.6463008073172811,0.29085892188515317,,6.0305440965217985,in,,,,
Ptap,64,5,8,53,0.27849871736468024,0.023571919779563855,1.0643637391420253,0.9451642395430392,0.658841848619124,0.2869168804392199,,6.163625999775417,in,,,,
Ptap,64,5,8,52,0.3019832088266768,0.023397063144429242,1.1197754939336961,0.9501517724814197,0.6714787114618825,0.2830027985288872,,6.2960901766797175,in,,,,
Ptap,64,5,8,51,0.3252857968955557,0.023208112993328534,1.1745081884639383,0.9548142084234528,0.6841627353396768,0.27911903385074066,,6.4277781867005075,in,,,,
Ptap,64,5,8,50,0.34839244496360405,0.023005183142768226,1.2286321312751733,0.9590981910495195,0.6968470359376996,0.2752679258393993,,6.558507428433659,in,,,,
Ptap,64,5,8,49,0.3712892344500389,0.02278839583010156,1.282237896155988,0.9629563212906699,0.7094860609941472,0.27145179425832683,,6.688075979444323,in,,,,
Ptap,64,5,8,48,0.39396237318503974,0.022557881639900024,1.335432891079172,0.9663464211879431,0.7220352039480188,0.26767293780249335,,6.816266094401145,in,,,,
Ptap,64,5,8,47,0.4163982037176358,0.022313779425292113,1.3883389349760895,0.9692308934062895,0.7344504627476217,0.2639336327137274,,6.942846694764996,in,,,,
Ptap,64,5,8,46,0.4385832115424443,0.022056236224324843,1.4410905867150714,0.9715761571760162,0.7466881342828039,0.26023613140959256,,7.067575105624484,in,,,,
Ptap,64,5,8,45,0.4605040332403022,0.02178540717139099,1.4938340319968741,0.973352145721355,0.7587045371246137,0.25658266112661626,,7.190198233925544,in,,,,
Ptap,64,5,8,44,0.4821474645278908,0.021501455403786285,1.5467263810287615,0.9745318534819807,0.7704557569649791,0.2529754225786849,,7.310453335194364,in,,,,
Ptap,64,5,8,43,0.5035004682115028,0.02120455196343768,1.5999352653245194,0.9750909239855281,0.781897410541928,0.24941658863141622,,7.428068480367503,in,,,,
Ptap,64,5,8,42,0.5245501820401594,0.02089487569387538,1.6536386483090397,0.9750072712996116,0.7929844250327326,0.24590830299330674,,7.542762808012236,in,,,,
Ptap,64,5,8,41,0.5452839264533496,0.020572613132504913,1.7080247838383442,0.9742607297228866,0.803670830980182,0.24245267892444172,,7.654246627788452,in,,,,
Ptap,64,5,8,40,0.5656892122187236,0.020237958398243383,1.7632922712102546,0.9728327278693502,0.8139095678483047,0.23905179796354606,,7.762221426539535,in,,,,
Ptap,64,5,8,39,0.5857537479551393,0.019891113074588018,1.8196501664260734,0.9707059846379248,0.8236523023350819,0.2357077086741434,,7.866379817215042,in,,,,
Ptap,64,5,8,38,0.6054654475365301,0.019532286088193462,1.8773181188423067,0.9678642258040944,0.8328492606462955,0.23242242541057828,,7.966405461449935,in,,,,
Ptap,64,5,8,37,0.6248124373721361,0.019161693583018558,1.9365265114442145,0.9642919211755161,0.8414490770985494,0.22919792710464393,,8.061972987532876,in,,,,
Ptap,64,5,8,36,0.643783063558711,0.018779558790131157,1.9975165933431893,0.9599740434637468,0.8493986627089768,0.22603615607354816,,8.152747915126499,in,,,,
Ptap,64,5,8,35,0.6623658989003975,0.018386111893241908,2.0605406066789813,0.9548958512773604,0.8566430988794812,0.22293901684993372,,8.2383865845242,in,,,,
Ptap,64,5,8,34,0.6805497497920427,0.0179815898900485,2.1258619292932646,0.9490426999677813,0.8631255629242892,0.21990837503465957,,8.318536069043077,in,,,,
Ptap,64,5,8,33,0.6983236629618073,0.01756623644948052,2.1937552824872113,0.9423998854790339,0.8687872940427119,0.21694605617303214,,8.392834021207246,in,,,,
Ptap,64,5,8,32,0.7156769320690071,0.01714030176491932,2.26450709409141,0.9349525278752296,0.8735676104126147,0.21405384465516547,,8.460908362460646,in,,,,
Ptap,64,5,8,31,0.7325991041532128,0.016704042403492103,2.3384161665954606,0.9266855028377313,0.8774039903627361,0.2112334826411312,,8.52237666663024,in,,,,
Ptap,64,5,8,30,0.7490799859307218,0.016257721151525684,2.4157948857360267,0.917583431108624,0.8802322330333806,0.20848666901154636,,8.576845001709748,in,,,,
Ptap,64,5,8,29,0.7651096499346108,0.015801606856252426,2.4969713268361353,0.9076307375519842,0.8819867164762513,0.20581505834423153,,8.623905872640751,in,,,,
Ptap,64,5,8,28,0.7806784404946716,0.015335974263869234,2.5822927879136484,0.896811793119433,0.8826007736465493,0.20322025991755469,,8.663134736043725,in,,,,
Ptap,64,5,8,27,0.7957769795536256,0.014861103854038604,2.672131518568143,0.8851111544135359,0.8820072090156004,0.2007038367410624,,8.694084317860861,in,,,,
Ptap,64,5,8,26,0.8103961723161142,0.014377281670938769,2.7668937474980777,0.8725139165754155,0.880138980326754,0.19826730461398095,,8.716275631030836,in,,,,
Ptap,64,5,8,25,0.8245272127270644,0.013884799150961746,2.8670335754256406,0.8590061956810341,0.8769300710131162,0.19591213121215592,,8.729184126390875,in,,,,
Ptap,64,5,8,24,0.8381615887761262,0.01338395294716177,2.9730739473506858,0.8445757564928639,0.8723165786228666,0.19363973520397895,,8.732218762858324,in,,,,
Ptap,64,5,8,23,0.8512910876249895,0.01287504475056489,3.085637828487881,0.8292128000575102,0.8662380428577751,0.19145148539583504,,8.724690872512035,in,,,,
Ptap,64,5,8,22,0.8639078005544917,0.012358381108439342,3.205494005713215,0.8129109230656282,0.8586390331302884,0.18934869990758468,,8.70576839872272,in,,,,
Ptap,64,5,8,21,0.8760041277285331,0.011834273239643589,3.3336238153665168,0.7956682569428786,0.8494710095348564,0.18733264537857777,,8.674409206461748,in,,,,
Ptap,64,5,8,20,0.8875727827719351,0.011303036847160275,3.4713178673132656,0.7774887892177527,0.8386944625340162,0.18540453620467748,,8.629264394862215,in,,,,
Ptap,64,5,8,19,0.8986067971594793,0.010764991927928125,3.6203159866874266,0.7583838627614515,0.8262813252947927,0.18356553380675344,,8.568538390588408,in,,,,
Ptap,64,5,8,18,0.909099524413487,0.010220462580087353,3.783009920069008,0.738373840013427,0.8122176384053148,0.1818167459310855,,8.489786275238888,in,,,,
Ptap,64,5,8,17,0.9190446441074087,0.009669776807756048,3.9627381406146163,0.7174899094141661,0.7965064298016681,0.18015922598209855,,8.389619012244653,in,,,,
Ptap,64,5,8,16,0.9284361656730128,0.009113266323452107,4.164217483584187,0.6957760005036007,0.7791707538624731,0.1785939723878312,,8.263271841799915,in,,,,
Ptap,64,5,8,15,0.9372684320088798,0.00855126634828185,4.394181050446019,0.6732907642371367,0.760256815003462,0.17712192799852003,,8.10396640562502,in,,,,
Ptap,64,5,8,14,0.9455361228880287,0.00798411541001598,4.662332409743919,0.6501095704158396,0.7398370882421107,0.17574397951866186,,7.901956573360311,in,,,,
Ptap,64,5,8,13,0.9532342581626227,0.00741215513917215,4.98279652525263,0.6263264862115931,0.7180133562019813,0.17446095697289618,,7.643077540048352,in,,,,
Ptap,64,5,8,12,0.9603582007638243,0.006835730063231016,5.376344074228028,0.6020562128846041,0.6949195924907227,0.1732736332060293,,7.3065215318825665,in,,,,
Ptap,64,5,8,11,0.9669036594949919,0.006255187399104134,5.874268850947892,0.5774365203534869,0.670725272422766,0.17218272341750138,,6.860960425012042,in,,,,
Ptap,64,5,8,10,0.9728666916165363,0.005670876843984485,6.520373663181923,0.5526260840954078,0.6456331378817601,0.1711888847305773,,6.262559869750367,in,,,,
Ptap,64,5,8,9,0.9782437052208794,0.005083150364701972,7.419290172184592,0.5278534391547143,0.6199366034956392,0.1702927157965201,,5.4066594695824435,in,,,,
Ptap,64,5,8,8,0.9830314613960858,0.004492361985710791,8.425452222779755,0.503047830808231,0.5935851248639147,0.1694947564339857,,4.438799468388931,in,,,,
Ptap,64,5,8,7,0.9872270761768611,0.003898867575839793,11.534351874724376,0.4804023066244614,0.569212263073914,0.1687954873038565,,1.3634647346905133,in,,,,
Ptap,64,5,8,6,0.9908280222817455,0.0033030246339289526,6.074035105449387,0.44961757344812114,0.5346374057647258,0.1681953296197091,,6.852589072804576,in,,,,
Ptap,64,5,8,5,0.9938321306354534,0.0027051920734868506,53.85807472905574,0.4622229198814877,0.5512673588037451,0.1676946448940911,,-40.90741768397211,out,,,,
ell,64,5,3,1,0.9998494093481021,0.00030118130379575003,7.793924865022549,0.02491188874325908,0.9019633071182253,0.005523925096876195,150.8521159965821,0.20562336302175677,out:sweep;sweep=79.7,0.5267096492607919,7.99960269757012,0.14,RunDiagnostics { ResidualInf = 4.9960036108132044E-14; Kappa1 = 2339.7930522770407 }
ell,64,5,3,2,0.9992471374506884,0.000903362491031845,-2.8456616032163984,0.04043760550040577,0.6548988246817924,0.012349268001833388,81.63871057906765,10.843403015568462,out:alpha+sweep;sweep=61.5,0.5267096492607919,7.99960269757012,0.14,RunDiagnostics { ResidualInf = 4.9960036108132044E-14; Kappa1 = 2339.7930522770407 }
ell,64,5,3,3,0.9980429564419313,0.001504999526482198,-1.4651433029979493,0.059950640430006356,0.6023806860678811,0.019904569258799455,72.64909745738257,9.459272172323743,out:sweep;sweep=47.8,0.5267096492607919,7.99960269757012,0.14,RunDiagnostics { ResidualInf = 4.9960036108132044E-14; Kappa1 = 2339.7930522770407 }
ell,64,5,3,4,0.9962375916754436,0.0021057300064933893,-0.5646217899353172,0.08082770707494122,0.5860046323239761,0.027586030081159882,70.00520516882726,8.553334564961649,out:sweep;sweep=38.2,0.5267096492607919,7.99960269757012,0.14,RunDiagnostics { ResidualInf = 4.9960036108132044E-14; Kappa1 = 2339.7930522770407 }
Pell,64,5,3,64,0.01227061426145604,0.024541228522912205,0.7135519359574394,0.7577097113960393,0.47611889805344965,0.318285921644294,,4.323259906826928,in,,,,
Pell,64,5,3,63,0.03680445142516507,0.024526445804505866,0.7493436865937961,0.7586452997349132,0.47699406990837245,0.3180942269913939,,4.361069667681699,in,,,,
Pell,64,5,3,62,0.061316118963542665,0.02449688927224932,0.7843730651375055,0.7599836266286081,0.47841197727427204,0.31771095320755816,,4.399575291753123,in,,,,
Pell,64,5,3,61,0.08579085196461399,0.024452576729893316,0.8186433806275614,0.7615103596070172,0.4802416402835596,0.3171363312674769,,4.438729175266281,in,,,,
Pell,64,5,3,60,0.1102139077643884,0.02439353486965551,0.8521645062779871,0.7630870460015752,0.48240056870481873,0.3163707074601351,,4.478477217015178,in,,,,
Pell,64,5,3,59,0.1345705748272889,0.024319799256145483,0.8849481550833137,0.7646107759407862,0.48482911931003464,0.31541454318128076,,4.518763569398553,in,,,,
Pell,64,5,3,58,0.15884618160783143,0.024231414304939608,0.9170077889609305,0.7659995844670894,0.4874811140682267,0.31426841465693456,,4.559530755862564,in,,,,
Pell,64,5,3,57,0.18302610538821473,0.024128433255826948,0.9483581183552341,0.7671854589395735,0.4903192875497694,0.312933012598123,,4.6007201978094105,in,,,,
Pell,64,5,3,56,0.20709578108649893,0.024010918140741466,0.9790143592987313,0.768110431668243,0.4933127057608633,0.3114091417870716,,4.6422729839607655,in,,,,
Pell,64,5,3,55,0.23104071003006676,0.023878939746394212,1.008991477256715,0.7687241698525865,0.49643514868327376,0.309697720595136,,4.684130652833486,in,,,,
Pell,64,5,3,54,0.2548464686890811,0.02373257757163444,1.0383035273248957,0.7689823838311509,0.49966402363892,0.30779978043280243,,4.726235878742347,in,,,,
Pell,64,5,3,53,0.27849871736468024,0.023571919779563855,1.0669631290527284,0.7688457226098949,0.5029795973060182,0.30571646513213174,,4.7685330230413125,in,,,,
Pell,64,5,3,52,0.3019832088266768,0.023397063144429242,1.0949810772525,0.7682789790475613,0.5063644318678686,0.3034490302620769,,4.81096854922753,in,,,,
Pell,64,5,3,51,0.3252857968955557,0.023208112993328534,1.1223660723888456,0.7672505020348441,0.5098029586927655,0.30099884237715074,,4.853491318297822,in,,,,
Pell,64,5,3,50,0.34839244496360405,0.023005183142768226,1.1491245470743927,0.7657317526616338,0.5132811484159117,0.298367378199973,,4.89605278781642,in,,,,
Pell,64,5,3,49,0.3712892344500389,0.02278839583010156,1.1752605640176919,0.7636969637460447,0.5167862507421286,0.2955562237382829,,4.938607139332425,in,,,,
Pell,64,5,3,48,0.39396237318503974,0.022557881639900024,1.2007757625982525,0.7611228754313739,0.520306585939366,0.2925670733370542,,4.981111356956867,in,,,,
Pell,64,5,3,47,0.4163982037176358,0.022313779425292113,1.225669334347304,0.7579885278782992,0.5238313754179489,0.2894017286664143,,5.023525276805604,in,,,,
Pell,64,5,3,46,0.4385832115424443,0.022056236224324843,1.249938010974493,0.7542750974869337,0.5273506023297181,0.28606209764612517,,5.06581162365284,in,,,,
Pell,64,5,3,45,0.4605040332403022,0.02178540717139099,1.2735760516558565,0.7499657667224581,0.5308548955097608,0.28255019330745473,,5.107936048065049,in,,,,
Pell,64,5,3,44,0.4821474645278908,0.021501455403786285,1.2965752188330126,0.7450456201425127,0.5343354317425658,0.27886813259333465,,5.14986717475066,in,,,,
Pell,64,5,3,43,0.5035004682115028,0.02120455196343768,1.3189247336683063,0.7395015610220202,0.5377838525151037,0.2750181350977812,,5.191576670966202,in,,,,
Pell,64,5,3,42,0.5245501820401594,0.02089487569387538,1.3406112035674755,0.7333222442802272,0.5411921922767321,0.27100252174563955,,5.233039342553002,in,,,,
Pell,64,5,3,41,0.5452839264533496,0.020572613132504913,1.3616185148484683,0.726498022387034,0.5445528158588624,0.2668237134138072,,5.274233264511581,in,,,,
Pell,64,5,3,40,0.5656892122187236,0.020237958398243383,1.3819276837521177,0.7190209016606043,0.5478583631812007,0.26248422949520356,,5.315139952904053,in,,,,
Pell,64,5,3,39,0.5857537479551393,0.019891113074588018,1.4015166585952603,0.7108845069329235,0.5511016997301771,0.2579866864068745,,5.355744585270158,in,,,,
Pell,64,5,3,38,0.6054654475365301,0.019532286088193462,1.4203600649731796,0.7020840530008701,0.5542758715695231,0.2533337960437657,,5.39603627763641,in,,,,
Pell,64,5,3,37,0.6248124373721361,0.019161693583018558,1.4384288845208013,0.6926163216305186,0.557374063854724,0.24852836417987492,,5.436008427595606,in,,,,
Pell,64,5,3,36,0.643783063558711,0.018779558790131157,1.4556900557888692,0.6824796431657326,0.5603895619882545,0.24357328881869397,,5.475659134887263,in,,,,
Pell,64,5,3,35,0.6623658989003975,0.018386111893241908,1.4721059832094137,0.6716738820265294,0.5633157146832859,0.23847155849510288,,5.51499171349178,in,,,,
Pell,64,5,3,34,0.6805497497920427,0.0179815898900485,1.4876339367849698,0.6602004255818308,0.5661458983096285,0.2332262505311885,,5.554015312591158,in,,,,
Pell,64,5,3,33,0.6983236629618073,0.01756623644948052,1.5022253208505267,0.6480621760556978,0.5688734819852118,0.22784052924883727,,5.592745668034895,in,,,,
Pell,64,5,3,32,0.7156769320690071,0.01714030176491932,1.5158247847720705,0.6352635452847607,0.571491792957065,0.22231764414243715,,5.6312060114349505,in,,,,
Pell,64,5,3,31,0.7325991041532128,0.016704042403492103,1.5283691414028917,0.6218104522946653,0.5739940818953649,0.21666092801563655,,5.6694281710567465,in,,,,
Pell,64,5,3,30,0.7490799859307218,0.016257721151525684,1.539786050030544,0.6077103238116699,0.576373487811747,0.21087379508689616,,5.7074539077616215,in,,,,
Pell,64,5,3,29,0.7651096499346108,0.015801606856252426,1.5499924087412909,0.5929720979783842,0.5786230024200238,0.20495973906960038,,5.745336541062541,in,,,,
Pell,64,5,3,28,0.7806784404946716,0.015335974263869234,1.5588923856733377,0.5776062317065912,0.5807354338991435,0.19892233123384867,,5.783142935810677,in,,,,
Pell,64,5,3,27,0.7957769795536256,0.014861103854038604,1.5663749982296933,0.5616247122822017,0.5827033702162244,0.19276521845885292,,5.820955940431183,in,,,,
Pell,64,5,3,26,0.8103961723161142,0.014377281670938769,1.5723111221409112,0.5450410740457942,0.5845191424533711,0.18649212128729342,,5.858877394807431,in,,,,
Pell,64,5,3,25,0.8245272127270644,0.013884799150961746,1.57654977569895,0.5278704212166773,0.5861747890024809,0.18010683199629834,,5.897031862482244,in,,,,
Pell,64,5,3,24,0.8381615887761262,0.01338395294716177,1.5789134747652154,0.5101294582212447,0.5876620221182988,0.17361321270427563,,5.935571291563163,in,,,,
Pell,64,5,3,23,0.8512910876249895,0.01287504475056489,1.5791923857576868,0.49183652924312893,0.5889721992600379,0.1670151935392039,,5.974680877117281,in,,,,
Pell,64,5,3,22,0.8639078005544917,0.012358381108439342,1.5771369085757476,0.47301166915410253,0.5900963030751583,0.1603167709030222,,6.0145864930877275,in,,,,
Pell,64,5,3,21,0.8760041277285331,0.011834273239643589,1.5724481869585047,0.453676668538558,0.591024936052401,0.15352200587974324,,6.055564196227094,in,,,,
Pell,64,5,3,20,0.8875727827719351,0.011303036847160275,1.5647658511357494,0.4338551562290746,0.5917483392237748,0.1466350228538651,,6.0979524971800565,in,,,,
Pell,64,5,3,19,0.8986067971594793,0.010764991927928125,1.55365201715649,0.4135727036800647,0.5922564495276649,0.13966000843381152,,6.142168374321948,in,,,,
Pell,64,5,3,18,0.909099524413487,0.010220462580087353,1.5385701516200834,0.39285695669854687,0.592539018725244,0.13260121081771722,,6.188728421620377,in,,,,
Pell,64,5,3,17,0.9190446441074087,0.009669776807756048,1.5188567824041617,0.37173780164089454,0.5925858300781309,0.12546293980464632,,6.238277149918065,in,,,,
Pell,64,5,3,16,0.9284361656730128,0.009113266323452107,1.493683066033703,0.3502475753467308,0.5923870708144079,0.11824956775819359,,6.291625430985335,in,,,,
Pell,64,5,3,15,0.9372684320088798,0.00855126634828185,1.4620016881736417,0.32842133108996063,0.5919339549457544,0.11096553199758834,,6.349803607852998,in,,,,
Pell,64,5,3,14,0.9455361228880287,0.00798411541001598,1.4224720808954812,0.30629717712588117,0.5912197537239349,0.10361533937139188,,6.414136287768605,in,,,,
Pell,64,5,3,13,0.9532342581626227,0.00741215513917215,1.37335276478858,0.28391671074947183,0.5902415018640187,0.09620357424980978,,6.486350009699288,in,,,,
Pell,64,5,3,12,0.9603582007638243,0.006835730063231016,1.3123423833495023,0.26132558047040944,0.5890028501726537,0.08873491202760983,,6.56873221894197,in,,,,
Pell,64,5,3,11,0.9669036594949919,0.006255187399104134,1.236337933491416,0.2385742244094523,0.5875189199171629,0.08121414181626356,,6.66437304499356,in,,,,
Pell,64,5,3,10,0.9728666916165363,0.005670876843984485,1.1410540300280365,0.21571885922157324,0.5858247793456413,0.0736462050862814,,6.777546044821572,in,,,,
Pell,64,5,3,9,0.9782437052208794,0.005083150364701972,1.0203979996369084,0.1928228413078248,0.5839907697191858,0.06603626334729379,,6.9143331160257295,in,,,,
Pell,64,5,3,8,0.9830314613960858,0.004492361985710791,0.8653923149963482,0.16995861557659658,0.5821515130235109,0.058389821815934224,,7.083702069191909,in,,,,
Pell,64,5,3,7,0.9872270761768611,0.003898867575839793,0.6622042690523648,0.14721066995152973,0.5805641955121459,0.05071296889801052,,7.299476959478218,in,,,,
Pell,64,5,3,6,0.9908280222817455,0.0033030246339289526,0.38828940822101865,0.1246804047680137,0.579735244615669,0.043012877318048724,,7.584194658624218,in,,,,
Pell,64,5,3,5,0.9938321306354534,0.0027051920734868506,0.004285449192606394,0.10249516987314876,0.5807261589103089,0.035298967783877214,,7.977210942713754,out,,,,
ell,64,3,0,1,0.9998494093481021,0.00030118130379575003,-3.0472765916042093,0.008528590770381709,0.308787343087062,0.005523925096876194,51.644256179858345,6.047276591604209,out:sweep;sweep=79.8,0.2516169287135731,7.99960269757012,0.12,RunDiagnostics { ResidualInf = 2.353672812205332E-14; Kappa1 = 2790.7198611089634 }
ell,64,3,0,2,0.9992471374506884,0.000903362491031845,-1.6355342929503498,0.015287878557588069,0.24759165572110686,0.01234926800183339,30.864406472295762,4.63553429295035,out:sweep;sweep=61.5,0.2516169287135731,7.99960269757012,0.12,RunDiagnostics { ResidualInf = 2.353672812205332E-14; Kappa1 = 2790.7198611089634 }
ell,64,3,0,3,0.9980429564419313,0.001504999526482198,-0.8793429738785778,0.02313843037382493,0.23249365583327902,0.019904569258799455,28.039501683079685,3.879342973878578,out:sweep;sweep=47.9,0.2516169287135731,7.99960269757012,0.12,RunDiagnostics { ResidualInf = 2.353672812205332E-14; Kappa1 = 2790.7198611089634 }
ell,64,3,0,4,0.9962375916754436,0.0021057300064933893,-0.47033261805228793,0.03148376924466458,0.22825879006176167,0.027586030081159882,27.26822033213492,3.470332618052288,out:sweep;sweep=38.3,0.2516169287135731,7.99960269757012,0.12,RunDiagnostics { ResidualInf = 2.353672812205332E-14; Kappa1 = 2790.7198611089634 }
Pell,64,3,0,64,0.01227061426145604,0.024541228522912205,0.5859313763508422,0.40396133348382846,0.2538355019894864,0.318285921644294,,2.4140686236491575,in,,,,
Pell,64,3,0,63,0.03680445142516507,0.024526445804505866,0.5859055384358556,0.403709020825794,0.25382983189865715,0.3180942269913939,,2.4140944615641446,in,,,,
Pell,64,3,0,62,0.061316118963542665,0.02449688927224932,0.585853723406704,0.40320454875353534,0.25381847536753,0.31771095320755816,,2.414146276593296,in,,,,
Pell,64,3,0,61,0.08579085196461399,0.024452576729893316,0.5857756514600938,0.40244822370236705,0.25380139960245485,0.3171363312674769,,2.414224348539906,in,,,,
Pell,64,3,0,60,0.1102139077643884,0.02439353486965551,0.5856708993567521,0.401440505195084,0.2537785551752881,0.31637070746013507,,2.414329100643248,in,,,,
Pell,64,3,0,59,0.1345705748272889,0.024319799256145483,0.5855388961155864,0.40018200568738344,0.25374987573568136,0.31541454318128076,,2.4144611038844137,in,,,,
Pell,64,3,0,58,0.15884618160783143,0.024231414304939608,0.5853789171651724,0.3986734903645307,0.2537152776232606,0.31426841465693456,,2.4146210828348273,in,,,,
Pell,64,3,0,57,0.18302610538821473,0.024128433255826948,0.5851900768548393,0.3969158768916815,0.25367465937600614,0.312933012598123,,2.4148099231451607,in,,,,
Pell,64,3,0,56,0.20709578108649893,0.024010918140741466,0.5849713192027562,0.39491023512098167,0.25362790113015027,0.3114091417870716,,2.415028680797244,in,,,,
Pell,64,3,0,55,0.23104071003006676,0.023878939746394212,0.5847214067230682,0.39265778675926627,0.2535748639058167,0.309697720595136,,2.415278593276932,in,,,,
Pell,64,3,0,54,0.2548464686890811,0.02373257757163444,0.5844389071433332,0.39015990500101455,0.25351538877149565,0.30779978043280243,,2.4155610928566666,in,,,,
Pell,64,3,0,53,0.27849871736468024,0.023571919779563855,0.5841221777790588,0.38741811413206073,0.2534492958791848,0.30571646513213174,,2.415877822220941,in,,,,
Pell,64,3,0,52,0.3019832088266768,0.023397063144429242,0.5837693472895326,0.3844340891105633,0.25337638336068685,0.3034490302620769,,2.4162306527104676,in,,,,
Pell,64,3,0,51,0.3252857968955557,0.023208112993328534,0.5833782944833416,0.3812096551328124,0.25329642607406294,0.30099884237715074,,2.4166217055166586,in,,,,
Pell,64,3,0,50,0.34839244496360405,0.023005183142768226,0.5829466237810417,0.3777467871926946,0.25320917418761485,0.29836737819997305,,2.4170533762189583,in,,,,
Pell,64,3,0,49,0.3712892344500389,0.02278839583010156,0.5824716368675952,0.3740476096450264,0.2531143515869578,0.2955562237382829,,2.417528363132405,in,,,,
Pell,64,3,0,48,0.39396237318503974,0.022557881639900024,0.5819502999821607,0.37011439578457145,0.2530116540887554,0.2925670733370542,,2.418049700017839,in,,,,
Pell,64,3,0,47,0.4163982037176358,0.022313779425292113,0.5813792061877026,0.36594956745437335,0.2529007474424548,0.2894017286664143,,2.4186207938122974,in,,,,
Pell,64,3,0,46,0.4385832115424443,0.022056236224324843,0.5807545318404783,0.3615556946991443,0.25278126509888693,0.28606209764612517,,2.419245468159522,in,,,,
Pell,64,3,0,45,0.4605040332403022,0.02178540717139099,0.5800719863330166,0.3569354954818987,0.25265280572185084,0.2825501933074547,,2.4199280136669836,in,,,,
Pell,64,3,0,44,0.4821474645278908,0.021501455403786285,0.5793267540031565,0.3520918354848165,0.2525149304157043,0.27886813259333465,,2.4206732459968436,in,,,,
Pell,64,3,0,43,0.5035004682115028,0.02120455196343768,0.5785134268893958,0.34702772801863513,0.2523671596385826,0.2750181350977812,,2.421486573110604,in,,,,
Pell,64,3,0,42,0.5245501820401594,0.02089487569387538,0.5776259267495608,0.34174633406869886,0.252208969767048,0.27100252174563955,,2.422374073250439,in,,,,
Pell,64,3,0,41,0.5452839264533496,0.020572613132504913,0.576657414441806,0.3362509625103015,0.2520397892737683,0.2668237134138072,,2.423342585558194,in,,,,
Pell,64,3,0,40,0.5656892122187236,0.020237958398243383,0.5756001843754865,0.33054507053124543,0.25185899447515986,0.2624842294952036,,2.4243998156245135,in,,,,
Pell,64,3,0,39,0.5857537479551393,0.019891113074588018,0.5744455412605692,0.3246322643057936,0.25166590480084805,0.2579866864068745,,2.425554458739431,in,,,,
Pell,64,3,0,38,0.6054654475365301,0.019532286088193462,0.5731836557883311,0.31851629997155495,0.2514597775312445,0.2533337960437657,,2.426816344211669,in,,,,
Pell,64,3,0,37,0.6248124373721361,0.019161693583018558,0.5718033951426243,0.31220108496962284,0.2512398019436237,0.24852836417987495,,2.4281966048573755,in,,,,
Pell,64,3,0,36,0.643783063558711,0.018779558790131157,0.5702921233176241,0.30569067981867243,0.2510050928008088,0.24357328881869397,,2.429707876682376,in,,,,
Pell,64,3,0,35,0.6623658989003975,0.018386111893241908,0.5686354650685916,0.2989893004061756,0.2507546831102003,0.23847155849510288,,2.4313645349314084,in,,,,
Pell,64,3,0,34,0.6805497497920427,0.0179815898900485,0.5668170258671125,0.2921013208947569,0.2504875160746069,0.2332262505311885,,2.4331829741328876,in,,,,
Pell,64,3,0,33,0.6983236629618073,0.01756623644948052,0.5648180583913041,0.28503127735958006,0.25020243615066534,0.22784052924883727,,2.435181941608696,in,,,,
Pell,64,3,0,32,0.7156769320690071,0.01714030176491932,0.562617063720191,0.27778387229412405,0.2498981791262147,0.22231764414243715,,2.4373829362798087,in,,,,
Pell,64,3,0,31,0.7325991041532128,0.016704042403492103,0.5601893124173848,0.2703639801479094,0.2495733611261898,0.21666092801563658,,2.4398106875826153,in,,,,
Pell,64,3,0,30,0.7490799859307218,0.016257721151525684,0.5575062667191208,0.26277665409085116,0.2492264664583544,0.2108737950868962,,2.4424937332808794,in,,,,
Pell,64,3,0,29,0.7651096499346108,0.015801606856252426,0.5545348800436206,0.2550271342378587,0.2488558342194771,0.20495973906960036,,2.4454651199563795,in,,,,
Pell,64,3,0,28,0.7806784404946716,0.015335974263869234,0.5512367433010343,0.24712085761381178,0.2484596436016045,0.19892233123384867,,2.4487632566989657,in,,,,
Pell,64,3,0,27,0.7957769795536256,0.014861103854038604,0.5475670386849639,0.23906347019682503,0.2480358978742369,0.19276521845885292,,2.452432961315036,in,,,,
Pell,64,3,0,26,0.8103961723161142,0.014377281670938769,0.5434732498230689,0.23086084144869634,0.24758240707987053,0.18649212128729342,,2.456526750176931,in,,,,
Pell,64,3,0,25,0.8245272127270644,0.013884799150961746,0.5388935612503439,0.22251908182940824,0.24709676958171312,0.18010683199629834,,2.461106438749656,in,,,,
Pell,64,3,0,24,0.8381615887761262,0.01338395294716177,0.5337548584724797,0.21404456390217444,0.24657635276500253,0.17361321270427563,,2.46624514152752,in,,,,
Pell,64,3,0,23,0.8512910876249895,0.01287504475056489,0.5279702099621811,0.20544394777292582,0.24601827345091384,0.1670151935392039,,2.4720297900378188,in,,,,
Pell,64,3,0,22,0.8639078005544917,0.012358381108439342,0.5214356706345146,0.19672421178156552,0.24541937898757538,0.1603167709030222,,2.4785643293654855,in,,,,
Pell,64,3,0,21,0.8760041277285331,0.011834273239643589,0.5140261871709225,0.18789268958300584,0.24477623062088683,0.1535220058797432,,2.4859738128290774,in,,,,
Pell,64,3,0,20,0.8875727827719351,0.011303036847160275,0.5055903005104235,0.17895711503937894,0.24408509175563836,0.1466350228538651,,2.4944096994895766,in,,,,
Pell,64,3,0,19,0.8986067971594793,0.010764991927928125,0.495943216577295,0.16992567671268524,0.24334192532032875,0.13966000843381152,,2.5040567834227048,in,,,,
Pell,64,3,0,18,0.909099524413487,0.010220462580087353,0.4848576315053171,0.16080708423074785,0.24254240702493182,0.13260121081771725,,2.5151423684946828,in,,,,
Pell,64,3,0,17,0.9190446441074087,0.009669776807756048,0.47205141723386435,0.1516106494446889,0.2416819654963549,0.12546293980464632,,2.5279485827661357,in,,,,
Pell,64,3,0,16,0.9284361656730128,0.009113266323452107,0.4571708385331001,0.14234638617265324,0.2407558672243687,0.1182495677581936,,2.5428291614669,in,,,,
Pell,64,3,0,15,0.9372684320088798,0.00855126634828185,0.43976728155401107,0.1330251335400678,0.23975937598885919,0.11096553199758832,,2.560232718445989,in,,,,
Pell,64,3,0,14,0.9455361228880287,0.00798411541001598,0.4192643456565837,0.12365870965473025,0.23868803674231334,0.10361533937139188,,2.580735654343416,in,,,,
Pell,64,3,0,13,0.9532342581626227,0.00741215513917215,0.39491025017333353,0.11426010488442208,0.23753817002209351,0.09620357424980978,,2.6050897498266665,in,,,,
Pell,64,3,0,12,0.9603582007638243,0.006835730063231016,0.36570719466675017,0.10484372783936229,0.23630772926610935,0.08873491202760984,,2.6342928053332497,in,,,,
Pell,64,3,0,11,0.9669036594949919,0.006255187399104134,0.3303033001983342,0.09542572322732588,0.23499779987385488,0.08121414181626357,,2.6696966998016656,in,,,,
Pell,64,3,0,10,0.9728666916165363,0.005670876843984485,0.2868213465253883,0.08602439086022681,0.23361527117233954,0.0736462050862814,,2.713178653474612,in,,,,
Pell,64,3,0,9,0.9782437052208794,0.005083150364701972,0.2325757071364429,0.07666075309167045,0.23217774357855775,0.06603626334729379,,2.767424292863557,in,,,,
Pell,64,3,0,8,0.9830314613960858,0.004492361985710791,0.16358061976730864,0.06735935275300058,0.2307229262159475,0.058389821815934224,,2.8364193802326914,in,,,,
Pell,64,3,0,7,0.9872270761768611,0.003898867575839793,0.07364475361828833,0.058149437770175845,0.22932768100057763,0.05071296889801052,,2.9263552463817115,in,,,,
Pell,64,3,0,6,0.9908280222817455,0.0033030246339289526,-0.04740678182748787,0.04906686329827649,0.22814964428193432,0.043012877318048724,,3.0474067818274877,in,,,,
Pell,64,3,0,5,0.9938321306354534,0.0027051920734868506,-0.21744408257039155,0.04015748035081627,0.22752778832902973,0.035298967783877214,,3.2174440825703914,out,,,,
ell,64,4,0,1,0.9998494093481021,0.00030118130379575003,-4.061591395532893,0.01136741278571233,0.4115701276304654,0.005523925096876194,68.8345347799177,8.061591395532894,out:sweep;sweep=79.8,0.3353700006914891,7.99960269757012,0.14,RunDiagnostics { ResidualInf = 3.7636560534792807E-14; Kappa1 = 2790.7198611089634 }
ell,64,4,0,2,0.9992471374506884,0.000903362491031845,-2.17993733474947,0.020376593374073458,0.3300048775530391,0.01234926800183339,41.13791577091868,6.17993733474947,out:sweep;sweep=61.5,0.3353700006914891,7.99960269757012,0.14,RunDiagnostics { ResidualInf = 3.7636560534792807E-14; Kappa1 = 2790.7198611089634 }
ell,64,4,0,3,0.9980429564419313,0.001504999526482198,-1.1720405906926088,0.030840275533698763,0.30988136575791336,0.019904569258799455,37.37271473314893,5.172040590692609,out:sweep;sweep=47.9,0.3353700006914891,7.99960269757012,0.14,RunDiagnostics { ResidualInf = 3.7636560534792807E-14; Kappa1 = 2790.7198611089634 }
ell,64,4,0,4,0.9962375916754436,0.0021057300064933893,-0.6268872736340484,0.04196343929375792,0.3042368849036905,0.027586030081159882,36.3447050975408,4.626887273634049,out:sweep;sweep=38.3,0.3353700006914891,7.99960269757012,0.14,RunDiagnostics { ResidualInf = 3.7636560534792807E-14; Kappa1 = 2790.7198611089634 }
Pell,64,4,0,64,0.01227061426145604,0.024541228522912205,0.7809641707996007,0.5384236799266606,0.33832704704318367,0.318285921644294,,3.2190358292003993,in,,,,
Pell,64,4,0,63,0.03680445142516507,0.024526445804505866,0.7809297324905334,0.5380873826165709,0.3383194896090515,0.3180942269913939,,3.2190702675094665,in,,,,
Pell,64,4,0,62,0.061316118963542665,0.02449688927224932,0.78086067033932,0.5374149922488507,0.3383043529492429,0.31771095320755816,,3.21913932966068,in,,,,
Pell,64,4,0,61,0.08579085196461399,0.024452576729893316,0.7807566114077632,0.5364069172587066,0.3382815933544328,0.3171363312674769,,3.2192433885922367,in,,,,
Pell,64,4,0,60,0.1102139077643884,0.02439353486965551,0.7806169915771073,0.5350637701254345,0.3382511449438512,0.31637070746013507,,3.2193830084228927,in,,,,
Pell,64,4,0,59,0.1345705748272889,0.024319799256145483,0.7804410498099859,0.5333863671663983,0.3382129192818106,0.31541454318128076,,3.219558950190014,in,,,,
Pell,64,4,0,58,0.15884618160783143,0.024231414304939608,0.7802278203544267,0.5313757282660075,0.33816680486079026,0.31426841465693456,,3.2197721796455734,in,,,,
Pell,64,4,0,57,0.18302610538821473,0.024128433255826948,0.7799761227626647,0.5290330765429361,0.3381126664461794,0.312933012598123,,3.2200238772373355,in,,,,
Pell,64,4,0,56,0.20709578108649893,0.024010918140741466,0.7796845495592706,0.5263598379597237,0.3380503442764223,0.3114091417870716,,3.2203154504407294,in,,,,
Pell,64,4,0,55,0.23104071003006676,0.023878939746394212,0.779351451349553,0.5233576408798681,0.33797965311087785,0.309697720595136,,3.220648548650447,in,,,,
Pell,64,4,0,54,0.2548464686890811,0.02373257757163444,0.778974919115654,0.5200283155786052,0.3379003811161818,0.30779978043280243,,3.221025080884346,in,,,,
Pell,64,4,0,53,0.27849871736468024,0.023571919779563855,0.7785527633900914,0.5163738937147108,0.33781228858022555,0.30571646513213174,,3.2214472366099085,in,,,,
Pell,64,4,0,52,0.3019832088266768,0.023397063144429242,0.7780824899385772,0.5123966077719903,0.33771510644107416,0.3034490302620769,,3.221917510061423,in,,,,
Pell,64,4,0,51,0.3252857968955557,0.023208112993328534,0.7775612715112884,0.5080988904805643,0.33760853461616824,0.30099884237715074,,3.2224387284887115,in,,,,
Pell,64,4,0,50,0.34839244496360405,0.023005183142768226,0.7769859151372874,0.5034833742296926,0.33749224011496715,0.29836737819997305,,3.2230140848627125,in,,,,
Pell,64,4,0,49,0.3712892344500389,0.02278839583010156,0.7763528243420409,0.49855289048576407,0.33736585491580523,0.2955562237382829,,3.223647175657959,in,,,,
Pell,64,4,0,48,0.39396237318503974,0.022557881639900024,0.7756579555487969,0.4933104692311832,0.33722897358504933,0.2925670733370542,,3.224342044451203,in,,,,
Pell,64,4,0,47,0.4163982037176358,0.022313779425292113,0.7748967677891893,0.4877593384423303,0.33708115061369076,0.2894017286664143,,3.225103232210811,in,,,,
Pell,64,4,0,46,0.4385832115424443,0.022056236224324843,0.7740641646835877,0.48190292362758225,0.336921897443207,0.28606209764612517,,3.2259358353164123,in,,,,
Pell,64,4,0,45,0.4605040332403022,0.02178540717139099,0.7731544274554131,0.475744847449623,0.3367506791488514,0.2825501933074547,,3.226845572544587,in,,,,
Pell,64,4,0,44,0.4821474645278908,0.021501455403786285,0.7721611375035573,0.4692889294600181,0.33656691074441886,0.27886813259333465,,3.2278388624964425,in,,,,
Pell,64,4,0,43,0.5035004682115028,0.02120455196343768,0.7710770867757605,0.46253918597845645,0.3363699530680063,0.2750181350977812,,3.2289229132242396,in,,,,
Pell,64,4,0,42,0.5245501820401594,0.02089487569387538,0.7698941738293732,0.4554998301541178,0.336159108203167,0.27100252174563955,,3.230105826170627,in,,,,
Pell,64,4,0,41,0.5452839264533496,0.020572613132504913,0.7686032830495877,0.4481752722526994,0.33593361438429625,0.2668237134138072,,3.231396716950412,in,,,,
Pell,64,4,0,40,0.5656892122187236,0.020237958398243383,0.7671941439670242,0.4405701202196261,0.3356926403288367,0.2624842294952036,,3.232805856032976,in,,,,
Pell,64,4,0,39,0.5857537479551393,0.019891113074588018,0.7656551669824035,0.4326891805783366,0.33543527893213554,0.2579866864068745,,3.2343448330175963,in,,,,
Pell,64,4,0,38,0.6054654475365301,0.019532286088193462,0.7639732510084655,0.4245374597323288,0.33516054025337083,0.2533337960437657,,3.2360267489915344,in,,,,
Pell,64,4,0,37,0.6248124373721361,0.019161693583018558,0.7621335575662822,0.4161201657513831,0.3348673437130998,0.24852836417987495,,3.2378664424337176,in,,,,
Pell,64,4,0,36,0.643783063558711,0.018779558790131157,0.7601192446359794,0.40744271073617805,0.33455450941458675,0.24357328881869397,,3.2398807553640205,in,,,,
Pell,64,4,0,35,0.6623658989003975,0.018386111893241908,0.7579111520367586,0.39851071387216186,0.3342207484926094,0.23847155849510288,,3.2420888479632413,in,,,,
Pell,64,4,0,34,0.6805497497920427,0.0179815898900485,0.7554874281666213,0.3893300053033158,0.33386465238504714,0.2332262505311885,,3.2445125718333787,in,,,,
Pell,64,4,0,33,0.6983236629618073,0.01756623644948052,0.7528230854804161,0.3799066309802781,0.3334846809150105,0.22784052924883727,,3.247176914519584,in,,,,
Pell,64,4,0,32,0.7156769320690071,0.01714030176491932,0.7498894689382049,0.370246858665911,0.3330791490653768,0.22231764414243715,,3.2501105310617953,in,,,,
Pell,64,4,0,31,0.7325991041532128,0.016704042403492103,0.7466536176770825,0.3603571853163113,0.3326462123251905,0.21666092801563658,,3.2533463823229174,in,,,,
Pell,64,4,0,30,0.7490799859307218,0.016257721151525684,0.7430774948689617,0.35024434609674204,0.33218385048973437,0.2108737950868962,,3.256922505131038,in,,,,
Pell,64,4,0,29,0.7651096499346108,0.015801606856252426,0.7391170540650979,0.3399153253438684,0.33168984980844435,0.20495973906960036,,3.260882945934902,in,,,,
Pell,64,4,0,28,0.7806784404946716,0.015335974263869234,0.7347211013472157,0.3293773698476701,0.3311617834002371,0.19892233123384867,,3.2652788986527845,in,,,,
Pell,64,4,0,27,0.7957769795536256,0.014861103854038604,0.7298299008786211,0.3186380049034198,0.3305969899040011,0.19276521845885292,,3.270170099121379,in,,,,
Pell,64,4,0,26,0.8103961723161142,0.014377281670938769,0.7243734557162738,0.3077050536787293,0.32999255041418707,0.18649212128729342,,3.2756265442837265,in,,,,
Pell,64,4,0,25,0.8245272127270644,0.013884799150961746,0.7182693745336305,0.29658666055791727,0.3293452638865058,0.18010683199629834,,3.2817306254663694,in,,,,
Pell,64,4,0,24,0.8381615887761262,0.01338395294716177,0.7114202059861127,0.28529131927207024,0.32865162141549875,0.17361321270427563,,3.2885797940138874,in,,,,
Pell,64,4,0,23,0.8512910876249895,0.01287504475056489,0.7037100825662842,0.2738279068063026,0.3279077801290291,0.1670151935392039,,3.296289917433716,in,,,,
Pell,64,4,0,22,0.8639078005544917,0.012358381108439342,0.6950004600855995,0.2622057243068847,0.3271095379852636,0.1603167709030222,,3.3049995399144008,in,,,,
Pell,64,4,0,21,0.8760041277285331,0.011834273239643589,0.685124660046998,0.25043454650505487,0.32625231160831125,0.1535220058797432,,3.314875339953002,in,,,,
Pell,64,4,0,20,0.8875727827719351,0.011303036847160275,0.6738808088100214,0.23852468155202425,0.325331120641943,0.1466350228538651,,3.326119191189979,in,,,,
Pell,64,4,0,19,0.8986067971594793,0.010764991927928125,0.6610226018448756,0.22648704365001984,0.3243405842372663,0.13966000843381152,,3.3389773981551243,in,,,,
Pell,64,4,0,18,0.909099524413487,0.010220462580087353,0.6462470750460204,0.2143332415087739,0.32327493872346474,0.13260121081771725,,3.3537529249539797,in,,,,
Pell,64,4,0,17,0.9190446441074087,0.009669776807756048,0.6291781913622733,0.20207568651703198,0.32212809110272167,0.12546293980464632,,3.370821808637727,in,,,,
Pell,64,4,0,16,0.9284361656730128,0.009113266323452107,0.6093444714505335,0.1897277256869183,0.32089373227120643,0.1182495677581936,,3.3906555285494666,in,,,,
Pell,64,4,0,15,0.9372684320088798,0.00855126634828185,0.5861479761035824,0.17730380604916499,0.319565549513192,0.11096553199758832,,3.4138520238964176,in,,,,
Pell,64,4,0,14,0.9455361228880287,0.00798411541001598,0.5588204442826826,0.16481967948040688,0.31813760487651016,0.10361533937139188,,3.4411795557173175,in,,,,
Pell,64,4,0,13,0.9532342581626227,0.00741215513917215,0.5263598580224026,0.15229266031507346,0.3166049941546212,0.09620357424980978,,3.4736401419775973,in,,,,
Pell,64,4,0,12,0.9603582007638243,0.006835730063231016,0.4874362895824438,0.13974195320542632,0.3149649895679068,0.08873491202760984,,3.512563710417556,in,,,,
Pell,64,4,0,11,0.9669036594949919,0.006255187399104134,0.4402478743471765,0.12718907677775726,0.3132190378013376,0.08121414181626357,,3.5597521256528237,in,,,,
Pell,64,4,0,10,0.9728666916165363,0.005670876843984485,0.38229254158036113,0.11465842210927088,0.3113763213595078,0.0736462050862814,,3.617707458419639,in,,,,
Pell,64,4,0,9,0.9782437052208794,0.005083150364701972,0.30999072861254295,0.10217800904258756,0.30946029912449574,0.06603626334729379,,3.6900092713874573,in,,,,
Pell,64,4,0,8,0.9830314613960858,0.004492361985710791,0.21802997455279768,0.08978054972234245,0.3075212320577484,0.058389821815934224,,3.7819700254472024,in,,,,
Pell,64,4,0,7,0.9872270761768611,0.003898867575839793,0.09815810564958954,0.07750502752298155,0.3056615662902832,0.05071296889801052,,3.9018418943504103,in,,,,
Pell,64,4,0,6,0.9908280222817455,0.0033030246339289526,-0.06318657705405016,0.06539923232670995,0.30409140891984754,0.043012877318048724,,4.06318657705405,in,,,,
Pell,64,4,0,5,0.9938321306354534,0.0027051920734868506,-0.28982239984738867,0.05352427709008599,0.30326256233777565,0.035298967783877214,,4.289822399847389,out,,,,
rect,128,5,10,1,0.9999623509195723,7.529816085549701E-05,10417759877.05855,330413.89028579765,264331.11222863814,0.24999999999999997,8002887047.370507,-10417759862.058926,out:alpha+cl;sweep=0.1,0.8115750173763522,8.000000000000007,0.74,RunDiagnostics { ResidualInf = 6.138995978233197E-10; Kappa1 = 269747.5140495277 }
rect,128,5,10,2,0.9998117602676744,0.00022588314294025302,-2903329988.8983426,-244384.60895640368,-195507.68716512294,0.25,-1973162208.477322,2903330003.89646,out:alpha;sweep=0.1,0.8115750173763522,8.000000000000007,0.74,RunDiagnostics { ResidualInf = 6.138995978233197E-10; Kappa1 = 269747.5140495277 }
rect,128,5,10,3,0.9995106016422769,0.0003764341078547062,1023391878.8546892,135777.28598089135,108621.8287847131,0.24999999999999997,657825820.5749091,-1023391863.8595833,out:alpha+cl;sweep=0.1,0.8115750173763522,8.000000000000007,0.74,RunDiagnostics { ResidualInf = 6.138995978233197E-10; Kappa1 = 269747.5140495277 }
rect,128,5,10,4,0.999058920396761,0.0005269283831771387,-333069777.9354634,-58422.414916960035,-46737.93193356803,0.25,-202209088.66001216,333069792.92605263,out:alpha;sweep=0.1,0.8115750173763522,8.000000000000007,0.74,RunDiagnostics { ResidualInf = 6.138995978233197E-10; Kappa1 = 269747.5140495277 }
Prect,128,5,10,128,0.006135769142859881,0.012271538285719884,-0.4178132662431235,0.8253212800137214,0.6602570240109771,0.25,,5.479170957671722,in,,,,
Prect,128,5,10,127,0.018406383404315982,0.01226969023719232,-0.35954889296072057,0.8266284435682467,0.6613027548545973,0.25,,5.543612727003881,in,,,,
Prect,128,5,10,126,0.030674225732135504,0.012265994418446724,-0.3025607023990999,0.8288111329583283,0.6630489063666627,0.25,,5.609302959720455,in,,,,
Prect,128,5,10,125,0.042937448634388434,0.012260451386059142,-0.24655358912138156,0.831700152618674,0.6653601220949392,0.25,,5.675928075465266,in,,,,
Prect,128,5,10,124,0.05519420531481327,0.012253061974790522,-0.191292701785485,0.8351885900095457,0.6681508720076367,0.24999999999999997,,5.743234754933617,in,,,,
Prect,128,5,10,123,0.06744264995093793,0.0122438272974588,-0.1366126974959513,0.8391980258842218,0.6713584207073775,0.24999999999999997,,5.81103919700533,in,,,,
Prect,128,5,10,122,0.07968093797205354,0.012232748744772426,-0.08240557534915748,0.8436662451863687,0.6749329961490951,0.24999999999999997,,5.879214955069693,in,,,,
Prect,128,5,10,121,0.0919072263370002,0.01221982798512089,-0.02860647359316182,0.8485414169564492,0.6788331335651594,0.25,,5.947678736963164,in,,,,
Prect,128,5,10,120,0.10411967381172185,0.012205066964322414,0.024819551024300113,0.8537789340813454,0.6830231472650763,0.25,,6.016377187092918,in,,,,
Prect,128,5,10,119,0.1163164412465496,0.012188467905333095,0.07788876032334698,0.8593395433361027,0.6874716346688822,0.25,,6.085275652142149,in,,,,
Prect,128,5,10,118,0.12849569185317114,0.012170033307909958,0.1306074551436701,0.8651881640781205,0.6921505312624965,0.24999999999999997,,6.154349463388042,in,,,,
Prect,128,5,10,117,0.14065559148124387,0.012149765948235525,0.18297811455832114,0.8712930969866045,0.6970344775892836,0.25,,6.223577800254117,in,,,,
Prect,128,5,10,116,0.15279430889461146,0.012127668878499642,0.23500332303677635,0.877625463919321,0.7021003711354568,0.25,,6.292939765909338,in,,,,
Prect,128,5,10,115,0.16491001604708128,0.012103745426439966,0.28668799426370967,0.8841587905205012,0.7073270324164009,0.25,,6.362412166207103,in,,,,
Prect,128,5,10,114,0.1770008883577211,0.012077999194839678,0.338040417681402,0.8908686811434183,0.7126949449147346,0.25,,6.431968465895809,in,,,,
Prect,128,5,10,113,0.18906510498563456,0.01205043406098727,0.3890725407977819,0.8977325564196116,0.7181860451356894,0.24999999999999997,,6.501578509058564,in,,,,
Prect,128,5,10,112,0.2011008491041733,0.012021054176090257,0.43979982121394384,0.9047294356778102,0.7237835485422481,0.25,,6.571208669827789,in,,,,
Prect,128,5,10,111,0.21310630817454407,0.01198986396465121,0.49024083873038077,0.9118397528824198,0.7294718023059359,0.25,,6.64082224301506,in,,,,
Prect,128,5,10,110,0.2250796742187704,0.011956868123801478,0.540416826337765,0.9190451988250223,0.7352361590600178,0.25,,6.7103799158499395,in,,,,
Prect,128,5,10,109,0.2370191440919675,0.011922071622592734,0.5903511766071128,0.9263285843999443,0.7410628675199554,0.25,,6.779840264312562,in,,,,
Prect,128,5,10,108,0.2489229197538892,0.011885479701250645,0.6400689863696021,0.9336737213701987,0.746938977096159,0.25,,6.8491602111692895,in,,,,
Prect,128,5,10,107,0.26078920853970644,0.011847097870383794,0.6895966455194987,0.9410653177837501,0.7528522542270001,0.25,,6.918295439877565,in,,,,
Prect,128,5,10,106,0.2726162234299756,0.011806931910154639,0.7389614907210145,0.9484888859244969,0.7587911087395975,0.25,,6.987200743578741,in,,,,
Prect,128,5,10,105,0.28440218331975753,0.011764987869409216,0.788191510618074,0.955930660978495,0.764744528782796,0.25,,7.055830322579501,in,,,,
Prect,128,5,10,104,0.2961453132868451,0.01172127206476592,0.8373151065643372,0.9633775290031237,0.7707020232024989,0.25,,7.124138026304114,in,,,,
Prect,128,5,10,103,0.30784384485905975,0.011675791079663322,0.8863609013969458,0.9708169629896601,0.7766535703917281,0.25,,7.1920775471936516,in,,,,
Prect,128,5,10,102,0.3194960162805771,0.011628551763371464,0.935357589360772,0.9782369659716388,0.782589572777311,0.25,,7.259602573444999,in,,,,
Prect,128,5,10,101,0.3311000727772414,0.01157956122995707,0.9843338159609207,0.9856260202974224,0.7885008162379379,0.25,,7.326666911811492,in,,,,
Prect,128,5,10,100,0.34265426682082717,0.011528826857214458,1.033318090129029,0.9929730423368347,0.7943784338694677,0.25,,7.393224578079243,in,,,,
Prect,128,5,10,99,0.3541568583922113,0.011476356285553768,1.0823387185044389,1.0002673419669168,0.8002138735735335,0.25,,7.459229865417673,in,,,,
Prect,128,5,10,98,0.3656061152434128,0.011422157416849321,1.1314237581382438,1.0074985862668773,0.8059988690135018,0.25,,7.524637394295883,in,,,,
Prect,128,5,10,97,0.3770003131584636,0.011366238413252239,1.180600983435618,1.0146567669492808,0.8117254135594247,0.24999999999999997,,7.589402148149018,in,,,,
Prect,128,5,10,96,0.3883377362130689,0.011308607695958262,1.2298978628557122,1.021732171095462,0.8173857368763697,0.25,,7.653479499274977,in,,,,
Prect,128,5,10,95,0.39961667703301884,0.011249273943941762,1.279341553600622,1.0287153548870598,0.8229722839096478,0.25,,7.716825216729566,in,,,,
Prect,128,5,10,94,0.41083543705131337,0.011188246092647236,1.328958889798426,1.0355971199221519,0.8284776959377217,0.24999999999999997,,7.779395480714707,in,,,,
Prect,128,5,10,93,0.4219923267639594,0.011125533332644877,1.378776386436107,1.0423684919487661,0.8338947935590131,0.24999999999999997,,7.841146881203487,in,,,,
Prect,128,5,10,92,0.4330856659844046,0.011061145108245518,1.42882024605896,1.0490207017330295,0.8392165613864236,0.25,,7.902036413785085,in,,,,
Prect,128,5,10,91,0.44411378409656704,0.010995091116079325,1.4791163631327882,1.0555451678503125,0.84443613428025,0.25,,7.962021477832882,in,,,,
Prect,128,5,10,90,0.4550750203064234,0.010927381303633354,1.5296903342112633,1.0619334812486323,0.8495467849989058,0.25,,8.02105986885297,in,,,,
Prect,128,5,10,89,0.4659677238921189,0.010858025867757637,1.5805674772225575,1.0681773914703485,0.8545419131762788,0.25,,8.079109761698632,in,,,,
Prect,128,5,10,88,0.47679025445256024,0.010787035253125077,1.6317728292515132,1.0742687942693494,0.8594150354154795,0.25,,8.13612971527409,in,,,,
Prect,128,5,10,87,0.4875409821544534,0.010714420150661208,1.6833311761933436,1.0801997207351963,0.8641597765881572,0.24999999999999997,,8.19207864535119,in,,,,
Prect,128,5,10,86,0.4982182879777507,0.010640191495933482,1.7352670606915745,1.0859623276286767,0.8687698621029415,0.24999999999999997,,8.246915819085933,in,,,,
Prect,128,5,10,85,0.5088205639594696,0.010564360467504197,1.7876047929359071,1.091548888927716,0.8732391111421729,0.25,,8.300600846658789,in,,,,
Prect,128,5,10,84,0.5193462134358452,0.010486938485247066,1.8403684756328562,1.0969517885935138,0.8775614308748111,0.25,,8.353093658725596,in,,,,
Prect,128,5,10,83,0.5297936512827829,0.010407937208628315,1.8935820174100717,1.1021635143812842,0.8817308115050275,0.24999999999999997,,8.404354495417756,in,,,,
Prect,128,5,10,82,0.5401613041545716,0.0103273685349492,1.9472691487703546,1.1071766527144602,0.8857413221715682,0.25,,8.454343892775361,in,,,,
Prect,128,5,10,81,0.550447610720824,0.010245244597555714,2.0014534453793087,1.1119838846176509,0.8895871076941206,0.25,,8.503022661828933,in,,,,
Prect,128,5,10,80,0.5606510219016076,0.010161577764011387,2.056158353797359,1.1165779826486486,0.8932623861189188,0.25,,8.550351865218717,in,,,,
Prect,128,5,10,79,0.5707700011007293,0.010076380634231996,2.111407205542275,1.1209518087671924,0.896761447013754,0.24999999999999997,,8.59629280546502,in,,,,
Prect,128,5,10,78,0.580803024437142,0.009989666038593525,2.1672232608610584,1.1250983132768233,0.9000786506214588,0.24999999999999997,,8.64080698351036,in,,,,
Prect,128,5,10,77,0.5907485809744362,0.009901447035994493,2.22362972128285,1.1290105346235715,0.9032084276988572,0.25,,8.68385608846151,in,,,,
Prect,128,5,10,76,0.6006051729483795,0.009811736911892077,2.2806497939770267,1.1326816003311202,0.9061452802648962,0.25,,8.725401935506767,in,,,,
Prect,128,5,10,75,0.6103713159924762,0.009720549176301385,2.338306706079115,1.1361047287246138,0.908883782979691,0.25,,8.765406453845648,in,,,,
Prect,128,5,10,74,0.6200455393615065,0.009627897561759413,2.396623779686425,1.1392732318374734,0.9114185854699788,0.25,,8.80383161392864,in,,,,
Prect,128,5,10,73,0.6296263861530158,0.009533796021259144,2.455624480137277,1.1421805192067558,0.9137444153654046,0.25,,8.84063938139288,in,,,,
Prect,128,5,10,72,0.6391124135267183,0.009438258726145898,2.515332492725436,1.1448201027491929,0.9158560821993543,0.25,,8.875791642541747,in,,,,
Prect,128,5,10,71,0.6485021929217839,0.009341300063985258,2.5757718042784528,1.1471856026586558,0.9177484821269246,0.25,,8.909250124939387,in,,,,
Prect,128,5,10,70,0.6577943102719742,0.009242934636395361,2.6369667982266907,1.14927075437191,0.9194166034975281,0.25,,8.940976304493052,in,,,,
Prect,128,5,10,69,0.6669873662185952,0.009143177256846546,2.6989423859430337,1.1510694166808235,0.9208555333446589,0.25,,8.970931276242919,in,,,,
Prect,128,5,10,68,0.6760799763212357,0.009042042948434692,2.761724115655603,1.1525755808146791,0.9220604646517433,0.25,,8.999075647556754,in,,,,
Prect,128,5,10,67,0.68507077126626,0.008939546941613807,2.825338366442031,1.1537833808618814,0.9230267046895051,0.25,,9.02536934622057,in,,,,
Prect,128,5,10,66,0.6939583970730199,0.008835704671905864,2.8898125091081237,1.1546871051377363,0.9237496841101892,0.24999999999999997,,9.049771461622075,in,,,,
Prect,128,5,10,65,0.7027415152977601,0.008730531777574657,2.9551751282946186,1.1552812088211362,0.9242249670569089,0.25,,9.072240024682982,in,,,,
Prect,128,5,10,64,0.711418803235183,0.008624044097271133,3.0214562913641227,1.1555603278194397,0.924448262255552,0.24999999999999997,,9.092731740987707,in,,,,
Prect,128,5,10,63,0.7199889541176427,0.008516257667648186,3.0886878246444933,1.1555192937064662,0.924415434965173,0.25,,9.111201716531934,in,,,,
Prect,128,5,10,62,0.7284506773119397,0.008407188720945924,3.156903663965756,1.1551531499514527,0.9241225199611621,0.25,,9.12760310915364,in,,,,
Prect,128,5,10,61,0.7368026985136857,0.00829685368254618,3.2261402403184545,1.1544571693038188,0.9235657354430551,0.25,,9.141886744818404,in,,,,
Prect,128,5,10,60,0.745043759939209,0.008185269168500264,3.2964369530144153,1.1534268724508248,0.92274149796066,0.24999999999999997,,9.154000646377675,in,,,,
Prect,128,5,10,59,0.7531726205149718,0.00807245198302542,3.3678366740073695,1.1520580477333837,0.921646438186707,0.25,,9.163889531142349,in,,,,
Prect,128,5,10,58,0.7611880560644717,0.007958419115974391,3.4403863492776243,1.1503467720974914,0.9202774176779931,0.25,,9.171494211367094,in,,,,
Prect,128,5,10,57,0.769088859492598,0.007843187740278035,3.514137714729996,1.148289433261664,0.9186315466093312,0.25,,9.176750880195984,in,,,,
Prect,128,5,10,56,0.7768738409674157,0.007726775209357495,3.5891480509142792,1.145882752806117,0.9167062022448939,0.24999999999999997,,9.179590358759878,in,,,,
Prect,128,5,10,55,0.7845418280993504,0.007609199054511739,3.6654811273092123,1.1431238105378498,0.9144990484302798,0.25,,9.17993715368429,in,,,,
Prect,128,5,10,54,0.7920916661177448,0.007490476982277228,3.743208212807885,1.14001006970203,0.9120080557616239,0.25,,9.177708448369565,in,,,,
Prect,128,5,10,53,0.7995222180447641,0.0073706268717613765,3.822409287718982,1.1365394032869947,0.9092315226295957,0.25,,9.17281289272866,in,,,,
Prect,128,5,10,52,0.8068323648666198,0.007249666771949825,3.903174389675903,1.1327101211269102,0.9061680969015281,0.25,,9.165149258990294,in,,,,
Prect,128,5,10,51,0.8140210057020891,0.007127614898988943,3.9856051724691826,1.1285209978831798,0.9028167983065438,0.25,,9.15460488455171,in,,,,
Prect,128,5,10,50,0.8210870579683043,0.007004489633441469,4.069816706215559,1.1239713018243458,0.8991770414594766,0.25,,9.141053873467484,in,,,,
Prect,128,5,10,49,0.8280294575437852,0.006880309517520278,4.155939501789155,1.119060824179207,0.8952486593433656,0.25,,9.124355073648697,in,,,,
Prect,128,5,10,48,0.8348471589286917,0.006755093252292732,4.2441218789935675,1.1137899091742038,0.8910319273393632,0.24999999999999997,,9.104349710293349,in,,,,
Prect,128,5,10,47,0.8415391354022725,0.006628859694869038,4.3345326433385525,1.1081594844684761,0.8865275875747809,0.25,,9.080858710684172,in,,,,
Prect,128,5,10,46,0.848104379177486,0.006501627855557968,4.427364198863483,1.1021710920516679,0.8817368736413342,0.25,,9.053679592911378,in,,,,
Prect,128,5,10,45,0.8545419015527685,0.0063734168950069225,4.522836133145939,1.0958269193989594,0.8766615355191675,0.25,,9.022582882381746,in,,,,
Prect,128,5,10,44,0.8608507330609294,0.006244246121314689,4.621199321124862,1.0891298306883406,0.8713038645506724,0.25,,8.987308009484433,in,,,,
Prect,128,5,10,43,0.8670299236151491,0.006114134987124653,4.722740696246703,1.0820833980864584,0.8656667184691667,0.25,,8.947558539904788,in,,,,
Prect,128,5,10,42,0.8730785426520589,0.005983103086695141,4.827788816761802,1.0746919329478737,0.8597535463582989,0.25,,8.902996609758787,in,,,,
Prect,128,5,10,41,0.8789956792718807,0.005851170152948448,4.936720188244926,1.0669605163706635,0.8535684130965308,0.25,,8.853236604473881,in,,,,
Prect,128,5,10,40,0.8847804423756044,0.005718356054498885,5.049966808629738,1.0588950295858843,0.8471160236687074,0.25,,8.797837615126305,in,,,,
Prect,128,5,10,39,0.8904319607991845,0.0055846807926613895,5.168024814526739,1.0505021831547314,0.8404017465237852,0.25,,8.736294793465106,in,,,,
Prect,128,5,10,38,0.8959493834447345,0.005450164498438714,5.291464098210984,1.0417895444455967,0.8334316355564775,0.24999999999999997,,8.668029736236361,in,,,,
Prect,128,5,10,37,0.9013318794086986,0.0053148274294894104,5.420942294976262,1.0327655678003194,0.8262124542402555,0.25,,8.592376499110724,in,,,,
Prect,128,5,10,36,0.9065786381069829,0.005178689967079042,5.5572105573490145,1.0234396066340739,0.8187516853072591,0.25,,8.508575823720815,in,,,,
Prect,128,5,10,35,0.9116888693970265,0.005041772613008311,5.70115600655618,1.0138219769570076,0.811057581565606,0.25,,8.415732687414085,in,,,,
Prect,128,5,10,34,0.9166618036967942,0.004904095986526968,5.853735340831851,1.0039238469569884,0.8031390775655908,0.25,,8.31288269613609,in,,,,
Prect,128,5,10,33,0.9214966921006722,0.004765680821229079,6.016264441309766,0.9937576541557464,0.7950061233245971,0.25,,8.198702479696955,in,,,,
Prect,128,5,10,32,0.9261928064922511,0.00462654796192874,6.189625907659072,0.9833359172475491,0.7866687337980394,0.24999999999999997,,8.07230215726344,in,,,,
Prect,128,5,10,31,0.9307494396539772,0.0044867183615233674,6.3767279618460035,0.9726747355040744,0.7781397884032595,0.25,,7.930766434693768,in,,,,
Prect,128,5,10,30,0.9351659053736568,0.004346213077836003,6.575536648022715,0.9617839516750999,0.7694271613400799,0.25,,7.776122405713854,in,,,,
Prect,128,5,10,29,0.9394415385477978,0.0042050532704458465,6.798740305772145,0.950694083396051,0.7605552667168408,0.25,,7.595675079705832,in,,,,
Prect,128,5,10,28,0.943575695281771,0.004063260197500584,7.020322494379916,0.9393847617411848,0.7515078093929478,0.25,,7.415434458437795,in,,,,
Prect,128,5,10,27,0.947567752986779,0.003920855212515395,7.317480702876247,0.927969538602891,0.742375630882313,0.24999999999999997,,7.158196826991543,in,,,,
Prect,128,5,10,26,0.9514171104736153,0.0037778597611571874,7.503977539650286,0.9162315572155192,0.7329852457724153,0.25,,7.010193565085867,in,,,,
Prect,128,5,10,25,0.9551231880432014,0.0036342953780149623,8.05501258877729,0.9047596002019613,0.723807680161569,0.25,,6.4962192916547234,in,,,,
Prect,128,5,10,24,0.9586854275738873,0.003490183683356962,7.82934379102378,0.8922382930908708,0.7137906344726966,0.25,,6.757510484715092,in,,,,
Prect,128,5,10,23,0.9621032926055029,0.0033455463798740537,9.557952536963999,0.8817576588629118,0.7054061270903295,0.25,,5.063080389091031,in,,,,
Prect,128,5,10,22,0.9653762684201459,0.0032004052494122304,6.887978005221283,0.8664514265908432,0.6931611412726746,0.25,,7.765784678980175,in,,,,
Prect,128,5,10,21,0.968503862119698,0.0030547821496919036,14.404197122546009,0.8615080604727393,0.6892064483781914,0.25,,0.28084149865097174,in,,,,
Prect,128,5,10,20,0.971485602700052,0.0029086990110160915,-0.8081241630016385,0.8341636258055128,0.6673309006444103,0.25,,15.522980190002158,out,,,,
Prect,128,5,10,19,0.9743210411220442,0.0027621778329683933,34.74251932884882,0.8542897236369315,0.6834317789095452,0.25,,-19.99930891762838,out,,,,
Prect,128,5,10,18,0.977009750379078,0.0026152406810990847,-41.64906724484389,0.7748409994801176,0.6198727995840941,0.25,,56.41916474863467,out,,,,
Prect,128,5,10,17,0.979551325561429,0.002467909683602887,129.3305640567338,0.9033745541869118,0.7226996433495294,0.25,,-114.53505080111951,out,,,,
Prect,128,5,10,16,0.9819453839172234,0.0023202070279858544,-248.76715126422778,0.5976065234613195,0.4780852187690556,0.25,,263.5866051034,out,,,,
Prect,128,5,10,15,0.9841915649100788,0.0021721549577249366,612.4500027148762,1.2083217307618213,0.966657384609457,0.25,,-597.6080870657754,out,,,,
Prect,128,5,10,14,0.9862895302733998,0.002023775768917213,-1403.8752368109426,-0.1550764573905706,-0.1240611659124565,0.24999999999999997,,1418.7381321136766,out,,,,
Prect,128,5,10,13,0.9882389640613197,0.0018750918069225797,3573.013236397626,2.8916481006428483,2.313318480514279,0.25,,-3558.1308467570125,out,,,,
Prect,128,5,10,12,0.9900395726962805,0.0017261254629989953,-9592.6945000195,-4.46184566240873,-3.569476529926984,0.25,,9607.594895746462,out,,,,
Prect,128,5,10,11,0.991691085013245,0.0015768991709299574,28574.23038600726,14.60482700870624,11.683861606964994,0.24999999999999997,,-28559.313475157127,out,,,,
Prect,128,5,10,10,0.993193252300533,0.0014274354036460934,-94457.4720431527,-39.89493278802282,-31.915946230418257,0.25,,94472.4039756757,out,,,,
Prect,128,5,10,9,0.9945458483372764,0.0012777566698407572,347907.8221238909,132.06944181329587,105.65555345063669,0.25,,-347892.87666540756,out,,,,
Prect,128,5,10,8,0.9957486694274874,0.0011278855105811836,-1396928.0698302248,-460.2793670995358,-368.22349367962863,0.25,,1396943.027316919,out,,,,
Prect,128,5,10,7,0.9968015344307342,0.0009778444959122057,5873521.317136781,1691.1403645583418,1352.9122916466736,0.25,,-5873506.349121437,out,,,,
Prect,128,5,10,6,0.9977042847894197,0.0008276562214589722,-24473175.16018485,-6114.3651499549,-4891.49211996392,0.24999999999999997,,24473190.137227695,out,,,,
Prect,128,5,10,5,0.9984567845526608,0.0006773433050232258,95441953.59178363,20379.207027302906,16303.365621842324,0.25,,-95441938.60721578,out,,,,
tap,128,5,8,1,0.9999623509195723,7.529816085549701E-05,73750462.41761142,2408.450894817983,2890.0322667243317,0.1666729415134046,58334594.994462416,-73750449.41791262,out:alpha+cl;sweep=2.1,0.7191998771280612,8.000000000000004,0.74,RunDiagnostics { ResidualInf = 7.040590332962893E-12; Kappa1 = 1963.4706322537293 }
tap,128,5,8,2,0.9998117602676744,0.00022588314294025302,-18348444.241234142,-1544.8690429138203,-1853.4939502915147,0.16669803995538757,-12473278.188594395,18348457.239728224,out:alpha;sweep=2.1,0.7191998771280612,8.000000000000004,0.74,RunDiagnostics { ResidualInf = 7.040590332962893E-12; Kappa1 = 1963.4706322537293 }
tap,128,5,8,3,0.9995106016422769,0.0003764341078547062,5242354.572579049,669.7038792941258,803.2515451659083,0.16674823305962053,3244640.668402069,-5242341.576494236,out:alpha+cl;sweep=2.1,0.7191998771280612,8.000000000000004,0.74,RunDiagnostics { ResidualInf = 7.040590332962893E-12; Kappa1 = 1963.4706322537293 }
tap,128,5,8,4,0.999058920396761,0.0005269283831771387,-1302469.2067187717,-213.2499376219306,-255.65932936607257,0.16682351326720649,-738091.2891845724,1302482.1991901349,out:alpha;sweep=2.1,0.7191998771280612,8.000000000000004,0.74,RunDiagnostics { ResidualInf = 7.040590332962893E-12; Kappa1 = 1963.4706322537293 }
Ptap,128,5,8,128,0.006135769142859881,0.012271538285719884,0.4510958984079239,0.8941658863236301,0.5381505154576578,0.33231070514285665,,4.597990254734955,in,,,,
Ptap,128,5,8,127,0.018406383404315982,0.01226969023719232,0.4607007243494371,0.8945942111791989,0.5417422848077704,0.3302656027659473,,4.6865503428850905,in,,,,
Ptap,128,5,8,126,0.030674225732135504,0.012265994418446724,0.47919321940274023,0.8954263517407823,0.5456241095957879,0.3282209623779773,,4.766200586454344,in,,,,
Ptap,128,5,8,125,0.042937448634388434,0.012260451386059142,0.5024153555881946,0.8966062988684363,0.5497665661689536,0.3261770918942686,,4.841084233486913,in,,,,
Ptap,128,5,8,124,0.05519420531481327,0.012253061974790522,0.5280838975432115,0.8980813600075,0.5541415163170321,0.3241342991141978,,4.913469744975294,in,,,,
Ptap,128,5,8,123,0.06744264995093793,0.0122438272974588,0.5551665936110146,0.8998080383319633,0.5587257971779951,0.3220928916748437,,4.984374605996489,in,,,,
Ptap,128,5,8,122,0.07968093797205354,0.012232748744772426,0.5831637504506773,0.9017502356290523,0.5635002558440025,0.32005317700465774,,5.054283753325751,in,,,,
Ptap,128,5,8,121,0.0919072263370002,0.01221982798512089,0.6117935522859484,0.9038770906561899,0.568448517681455,0.31801546227716654,,5.123464258410054,in,,,,
Ptap,128,5,8,120,0.10411967381172185,0.012205066964322414,0.6408693103842628,0.9061614908797067,0.5735561332828875,0.315980054364713,,5.192088080109512,in,,,,
Ptap,128,5,8,119,0.1163164412465496,0.012188467905333095,0.6702518147658979,0.908579141519772,0.5788100473442801,0.3139472597922417,,5.260279715206499,in,,,,
Ptap,128,5,8,118,0.12849569185317114,0.012170033307909958,0.6998303747609188,0.911107984827768,0.5841982714300782,0.3119173846911381,,5.32813516006445,in,,,,
Ptap,128,5,8,117,0.14065559148124387,0.012149765948235525,0.7295147235687911,0.9137278240173246,0.589709676054203,0.309890734753126,,5.395730008281159,in,,,,
Ptap,128,5,8,116,0.15279430889461146,0.012127668878499642,0.7592309659031479,0.9164200646784392,0.5953338509671068,0.30786761518423145,,5.463123505253743,in,,,,
Ptap,128,5,8,115,0.16491001604708128,0.012103745426439966,0.7889190121005689,0.9191675244325258,0.6010610046179238,0.3058483306588198,,5.530361116276081,in,,,,
Ptap,128,5,8,114,0.1770008883577211,0.012077999194839678,0.8185305890789792,0.9219542837174386,0.6068818867740735,0.30383318527371317,,5.597476517782789,in,,,,
Ptap,128,5,8,113,0.18906510498563456,0.01205043406098727,0.8480275346890396,0.9247655628881613,0.6127877255670149,0.3018224825023942,,5.664493305196037,in,,,,
Ptap,128,5,8,112,0.2011008491041733,0.012021054176090257,0.8773802951100649,0.9275876174568076,0.6187701741889524,0.29981652514930446,,5.731426497723321,in,,,,
Ptap,128,5,8,111,0.21310630817454407,0.01198986396465121,0.9065666073577598,0.9304076468167359,0.6248212645708652,0.2978156153042426,,5.798283858038593,in,,,,
Ptap,128,5,8,110,0.2250796742187704,0.011956868123801478,0.9355703597772963,0.9332137136475668,0.630933366478958,0.2958200542968716,,5.865067033972867,in,,,,
Ptap,128,5,8,109,0.2370191440919675,0.011922071622592734,0.9643806200074188,0.9359946721756005,0.6370991510467732,0.29383014265133867,,5.9317725327283215,in,,,,
Ptap,128,5,8,108,0.2489229197538892,0.011885479701250645,0.9929908154047425,0.9387401039931301,0.6433115580688373,0.2918461800410185,,5.9983925426263704,in,,,,
Ptap,128,5,8,107,0.26078920853970644,0.011847097870383794,1.0213980481052842,0.9414402604390836,0.6495637665508885,0.2898684652433823,,6.064915620212368,in,,,,
Ptap,128,5,8,106,0.2726162234299756,0.011806931910154639,1.0496025262444866,0.944086010726564,0.6558491681109935,0.28789729609500403,,6.1313272611953185,in,,,,
Ptap,128,5,8,105,0.28440218331975753,0.011764987869409216,1.077607093876228,0.9466687951273289,0.662161342890381,0.28593296944670704,,6.197610372681832,in,,,,
Ptap,128,5,8,104,0.2961453132868451,0.01172127206476592,1.1054168437999314,0.9491805826154608,0.668494037678641,0.2839757811188592,,6.26374566249483,in,,,,
Ptap,128,5,8,103,0.30784384485905975,0.011675791079663322,1.133038799286195,0.9516138324458976,0.6748411459933881,0.2820260258568233,,6.329711959586282,in,,,,
Ptap,128,5,8,102,0.3194960162805771,0.011628551763371464,1.1604816531434798,0.953961459208139,0.6811966898859164,0.28008399728657046,,6.395486477101137,in,,,,
Ptap,128,5,8,101,0.3311000727772414,0.01157956122995707,1.1877555539914255,0.9562168009484191,0.6875548032694859,0.27814998787045975,,6.461045028226506,in,,,,
Ptap,128,5,8,100,0.34265426682082717,0.011528826857214458,1.2148719316440846,0.9583735900031091,0.6939097165910411,0.27622428886319544,,6.526362202922533,in,,,,
Ptap,128,5,8,99,0.3541568583922113,0.011476356285553768,1.2418433546430092,0.9604259262277504,0.7002557426872631,0.2743071902679648,,6.59141151249468,in,,,,
Ptap,128,5,8,98,0.3656061152434128,0.011422157416849321,1.2686834144129036,0.9623682523446562,0.7065872636849592,0.27239898079276453,,6.656165507534399,in,,,,
Ptap,128,5,8,97,0.3770003131584636,0.011366238413252239,1.2954066314040797,0.9641953311650192,0.7128987188221138,0.2704999478069227,,6.720595873863629,in,,,,
Ptap,128,5,8,96,0.3883377362130689,0.011308607695958262,1.322028379358787,0.9659022244704804,0.7191845930803603,0.26861037729782183,,6.784673510345764,in,,,,
Ptap,128,5,8,95,0.39961667703301884,0.011249273943941762,1.348564824690469,0.9674842733659882,0.7254394065334429,0.2667305538278301,,6.848368591573683,in,,,,
Ptap,128,5,8,94,0.41083543705131337,0.011188246092647236,1.3750328783311363,0.9689370799376485,0.7316577043272027,0.26486076049144774,,6.911650618079371,in,,,,
Ptap,128,5,8,93,0.4219923267639594,0.011125533332644877,1.4014501577413503,0.9702564900693615,0.737834047217003,0.26300127887267344,,6.974488456370325,in,,,,
Ptap,128,5,8,92,0.4330856659844046,0.011061145108245518,1.4278349581289451,0.9714385772933896,0.74396300260054,0.2611523890025992,,7.0368503697462925,in,,,,
Ptap,128,5,8,91,0.44411378409656704,0.010995091116079325,1.4542062301290717,0.9724796275571188,0.7500391359858745,0.25931436931723884,,7.098704042643464,in,,,,
Ptap,128,5,8,90,0.4550750203064234,0.010927381303633354,1.4805835638119376,0.9733761248120334,0.7560570028494935,0.2574874966155961,,7.160016598639449,in,,,,
Ptap,128,5,8,89,0.4659677238921189,0.010858025867757637,1.506987177780359,0.9741247373381408,0.7620111408422299,0.25567204601798016,,7.2207546133565925,in,,,,
Ptap,128,5,8,88,0.47679025445256024,0.010787035253125077,1.5334379120210693,0.9747223047263387,0.7678960623057394,0.25386829092457336,,7.280884123599412,in,,,,
Ptap,128,5,8,87,0.4875409821544534,0.010714420150661208,1.5599572244601227,0.9751658254560724,0.7737062470718717,0.25207650297425777,,7.340370632775505,in,,,,
Ptap,128,5,8,86,0.4982182879777507,0.010640191495933482,1.5865671901682614,0.97545244501006,0.779436135519228,0.2502969520037082,,7.3991791136537435,in,,,,
Ptap,128,5,8,85,0.5088205639594696,0.010564360467504197,1.613290502838128,0.9755794444777728,0.7850801218677133,0.24852990600675506,,7.457274008837629,in,,,,
Ptap,128,5,8,84,0.5193462134358452,0.010486938485247066,1.6401504781397387,0.9755442296067282,0.790632547696761,0.2467756310940258,,7.514619229347022,in,,,,
Ptap,128,5,8,83,0.5297936512827829,0.010407937208628315,1.6671710584822428,0.9753443202665076,0.7960876956768803,0.24503439145286945,,7.571178151780021,in,,,,
Ptap,128,5,8,82,0.5401613041545716,0.0103273685349492,1.6943768189303212,0.974977340297319,0.8014397835092478,0.2433064493075714,,7.626913614306252,in,,,,
Ptap,128,5,8,81,0.550447610720824,0.010245244597555714,1.7217929738750837,0.9744410077200817,0.8066829580720256,0.24159206487986265,,7.681787911891509,in,,,,
Ptap,128,5,8,80,0.5606510219016076,0.010161577764011387,1.749445384365335,0.9737331252914632,0.8118112897773425,0.23989149634973206,,7.735762790847526,in,,,,
Ptap,128,5,8,79,0.5707700011007293,0.010076380634231996,1.7773605657217317,0.972851571391468,0.8168187671465461,0.23820499981654508,,7.788799443084103,in,,,,
Ptap,128,5,8,78,0.580803024437142,0.009989666038593525,1.8055656954148023,0.9717942912374418,0.8216992916169584,0.2365328292604763,,7.840858500082334,in,,,,
Ptap,128,5,8,77,0.5907485809744362,0.009901447035994493,1.8340886209481804,0.9705592884224221,0.8264466725974462,0.23487523650426062,,7.891900026847309,in,,,,
Ptap,128,5,8,76,0.6006051729483795,0.009811736911892077,1.8629578676649374,0.9691446167812018,0.8310546227955599,0.23323247117527007,,7.941883515922099,in,,,,
Ptap,128,5,8,75,0.6103713159924762,0.009720549176301385,1.8922026464889559,0.9675483725928073,0.8355167538446427,0.2316047806679206,,7.990767881450854,in,,,,
Ptap,128,5,8,74,0.6200455393615065,0.009627897561759413,1.921852861477488,0.965768687132288,0.8398265722642193,0.22999241010641558,,8.038511453414564,in,,,,
Ptap,128,5,8,73,0.6296263861530158,0.009533796021259144,1.9519391173331737,0.9638037195907269,0.843977475793703,0.22839560230783068,,8.085071971890953,in,,,,
Ptap,128,5,8,72,0.6391124135267183,0.009438258726145898,1.9824927268585362,0.9616516503867928,0.8479627501450557,0.22681459774554694,,8.13040658135521,in,,,,
Ptap,128,5,8,71,0.6485021929217839,0.009341300063985258,2.0135457187170767,0.9593106748996005,0.8517755662276841,0.22524963451303598,,8.174471824657196,in,,,,
Ptap,128,5,8,70,0.6577943102719742,0.009242934636395361,2.04513084557681,0.9567789976568623,0.855408977904783,0.22370094828800427,,8.217223636598984,in,,,,
Ptap,128,5,8,69,0.6669873662185952,0.009143177256846546,2.07728159322328,0.9540548270194534,0.8588559203491285,0.2221687722969008,,8.258617336525482,in,,,,
Ptap,128,5,8,68,0.6760799763212357,0.009042042948434692,2.110032191141432,0.9511363704086035,0.8621092090735418,0.22065333727979403,,8.298607619428454,in,,,,
Ptap,128,5,8,67,0.68507077126626,0.008939546941613807,2.1434176251249406,0.9480218301277908,0.8651615397194178,0.21915487145562335,,8.337148545005139,in,,,,
Ptap,128,5,8,66,0.6939583970730199,0.008835704671905864,2.177473653286252,0.9447093998396158,0.8680054886972237,0.21767360048783002,,8.374193523297906,in,,,,
Ptap,128,5,8,65,0.7027415152977601,0.008730531777574657,2.2122368259520315,0.9411972617607087,0.8706335147787378,0.2162097474503733,,8.40969529643005,in,,,,
Ptap,128,5,8,64,0.711418803235183,0.008624044097271133,2.247744511774722,0.9374835846494125,0.8730379617549385,0.21476353279413615,,8.44360591410674,in,,,,
Ptap,128,5,8,63,0.7199889541176427,0.008516257667648186,2.284034931185692,0.9335665226624279,0.8752110622785015,0.21333517431372617,,8.47587670175545,in,,,,
Ptap,128,5,8,62,0.7284506773119397,0.008407188720945924,2.3211471998958975,0.9294442151670412,0.8771449430232331,0.21192488711467675,,8.50645821859962,in,,,,
Ptap,128,5,8,61,0.7368026985136857,0.00829685368254618,2.359121385103229,0.9251147876004083,0.8788316313011989,0.21053288358105238,,8.535300203006257,in,,,,
Ptap,128,5,8,60,0.745043759939209,0.008185269168500264,2.397998577889478,0.9205763534742744,0.8802630632886587,0.20915937334346515,,8.562351501624194,in,,,,
Ptap,128,5,8,59,0.7531726205149718,0.00807245198302542,2.437820985745274,0.9158270176288363,0.8814310940208225,0.20780456324750468,,8.5875599783745,in,,,,
Ptap,128,5,8,58,0.7611880560644717,0.007958419115974391,2.478632050404751,0.9108648808463717,0.8823275093257668,0.20646865732258804,,8.610872398111022,in,,,,
Ptap,128,5,8,57,0.769088859492598,0.007843187740278035,2.5204765968610787,0.9056880459391919,0.8829440398752284,0.20515185675123365,,8.632234279079706,in,,,,
Ptap,128,5,8,56,0.7768738409674157,0.007726775209357495,2.5634010205308617,0.9002946254305066,0.8832723775371626,0.203854359838764,,8.651589707208466,in,,,,
Ptap,128,5,8,55,0.7845418280993504,0.007609199054511739,2.607453521311371,0.8946827509511736,0.8833041942221314,0.20257636198344162,,8.668881103483432,in,,,,
Ptap,128,5,8,54,0.7920916661177448,0.007490476982277228,2.652684394378441,0.8888505844758708,0.8830311634185788,0.20131805564704253,,8.684048934563517,in,,,,
Ptap,128,5,8,53,0.7995222180447641,0.0073706268717613765,2.6991463895846315,0.8827963315231602,0.8824449846147124,0.20007963032587264,,8.69703135477348,in,,,,
Ptap,128,5,8,52,0.8068323648666198,0.007249666771949825,2.746895153949132,0.8765182564441887,0.881537410806024,0.19886127252223,,8.707763764983827,in,,,,
Ptap,128,5,8,51,0.8140210057020891,0.007127614898988943,2.7959897734246124,0.8700146999193356,0.8803002792821402,0.19766316571631848,,8.716178272192101,in,,,,
Ptap,128,5,8,50,0.8210870579683043,0.007004489633441469,2.846493433796282,0.8632840987793461,0.8787255458828983,0.19648549033861593,,8.722203029950151,in,,,,
Ptap,128,5,8,49,0.8280294575437852,0.006880309517520278,2.8984742244432886,0.8563250082612163,0.8768053229049916,0.19532842374270246,,8.725761435906993,in,,,,
Ptap,128,5,8,48,0.8348471589286917,0.006755093252292732,2.9520061114501845,0.8491361267962365,0.8745319208238728,0.19419214017855138,,8.726771159979348,in,,,,
Ptap,128,5,8,47,0.8415391354022725,0.006628859694869038,3.007170113887067,0.8417163234225268,0.8718978939851998,0.19307681076628788,,8.725142969331113,in,,,,
Ptap,128,5,8,46,0.848104379177486,0.006501627855557968,3.0640557208855412,0.834064667895207,0.8688960903936496,0.191982603470419,,8.720779312534347,in,,,,
Ptap,128,5,8,45,0.8545419015527685,0.0063734168950069225,3.122762596232227,0.8261804635565917,0.865519705707142,0.19090968307453854,,8.713572616189921,in,,,,
Ptap,128,5,8,44,0.8608507330609294,0.006244246121314689,3.183402625140993,0.8180632830096223,0.861762341514155,0.18985821115651177,,8.703403239346443,in,,,,
Ptap,128,5,8,43,0.8670299236151491,0.006114134987124653,3.2461023693311892,0.8097130066202156,0.8576180679411022,0.1888283460641418,,8.690137019590004,in,,,,
Ptap,128,5,8,42,0.8730785426520589,0.005983103086695141,3.3110060096983402,0.8011298638536831,0.8530814906008107,0.18782024289132354,,8.67362233151813,in,,,,
Ptap,128,5,8,41,0.8789956792718807,0.005851170152948448,3.3782788726281585,0.7923144774294308,0.8481478218547492,0.18683405345468654,,8.653686561546888,in,,,,
Ptap,128,5,8,40,0.8847804423756044,0.005718356054498885,3.4481116566525505,0.7832679102557095,0.8428129563195982,0.18586992627073262,,8.630131882352284,in,,,,
Ptap,128,5,8,39,0.8904319607991845,0.0055846807926613895,3.520725501798644,0.7739917150817937,0.837073550502706,0.18492800653346925,,8.602730184594833,in,,,,
Ptap,128,5,8,38,0.8959493834447345,0.005450164498438714,3.5963780754813475,0.7644879867776283,0.8309271063997747,0.18400843609254425,,8.571216992076529,in,,,,
Ptap,128,5,8,37,0.9013318794086986,0.0053148274294894104,3.6753708897270907,0.7547594171237636,0.8243720588352595,0.18311135343188356,,8.535284145542498,in,,,,
Ptap,128,5,8,36,0.9065786381069829,0.005178689967079042,3.7580581124721264,0.7448093519568628,0.8174078662601472,0.1822368936488362,,8.494570992383737,in,,,,
Ptap,128,5,8,35,0.9116888693970265,0.005041772613008311,3.8448572006861768,0.73464185048202,0.8100351046579801,0.18138518843382886,,8.448653754490037,in,,,,
Ptap,128,5,8,34,0.9166618036967942,0.004904095986526968,3.936261758515859,0.7242617465109101,0.8022555641247267,0.1805563660505343,,8.397032671058493,in,,,,
Ptap,128,5,8,33,0.9214966921006722,0.004765680821229079,4.03285712225578,0.7136747113311901,0.7940723475994839,0.17975055131655462,,8.339116414549597,in,,,,
Ptap,128,5,8,32,0.9261928064922511,0.00462654796192874,4.135339298000146,0.7028873178512529,0.7854899711243336,0.17896786558462482,,8.274203153937862,in,,,,
Ptap,128,5,8,31,0.9307494396539772,0.0044867183615233674,4.244538030575037,0.6919071055891497,0.7765144648961305,0.17820842672433715,,8.201457486656782,in,,,,
Ptap,128,5,8,30,0.9351659053736568,0.004346213077836003,4.36144497202528,0.6807426459976618,0.7671534742544531,0.1774723491043905,,8.119882270963975,in,,,,
Ptap,128,5,8,29,0.9394415385477978,0.0042050532704458465,4.4872482088474435,0.669403607602157,0.7574163597004041,0.17675974357536703,,8.02828409953494,in,,,,
Ptap,128,5,8,28,0.943575695281771,0.004063260197500584,4.623374475072517,0.6579008201218787,0.7473142946638528,0.17607071745303818,,7.92523108718165,in,,,,
Ptap,128,5,8,27,0.947567752986779,0.003920855212515395,4.771542098349925,0.6462463381836967,0.7368603613403857,0.1754053745022035,,7.808999925544307,in,,,,
Ptap,128,5,8,26,0.9514171104736153,0.0037778597611571874,4.9338216637717,0.6344534983789337,0.7260696370876298,0.17476381492106413,,7.677515220017223,in,,,,
Ptap,128,5,8,25,0.9551231880432014,0.0036342953780149623,5.112733629147781,0.622536996513622,0.7149593016781711,0.1741461353261331,,7.52825187519783,in,,,,
Ptap,128,5,8,24,0.9586854275738873,0.003490183683356962,5.3112690401076295,0.610512865686888,0.7035486280743938,0.17355242873768545,,7.35821438048347,in,,,,
Ptap,128,5,8,23,0.9621032926055029,0.0033455463798740537,5.5333479640734105,0.5983988616423279,0.6918594392436558,0.17298278456574953,,7.1634783767706125,in,,,,
Ptap,128,5,8,22,0.9653762684201459,0.0032004052494122304,5.782623082095716,0.586213226468208,0.6799146881037453,0.1724372885966423,,6.940387065265451,in,,,,
Ptap,128,5,8,21,0.968503862119698,0.0030547821496919036,6.067906940968339,0.5739796197719286,0.6677441809348217,0.17191602298005035,,6.680123955989245,in,,,,
Ptap,128,5,8,20,0.971485602700052,0.0029086990110160915,6.38408952760292,0.5617097648066479,0.6553643969763531,0.17141906621665798,,6.387795293997496,in,,,,
Ptap,128,5,8,19,0.9743210411220442,0.0027621778329683933,6.780851320078074,0.5494631349375543,0.6428480922006719,0.17094649314632596,,6.01371700889828,in,,,,
Ptap,128,5,8,18,0.977009750379078,0.0026152406810990847,7.131161857741329,0.5371524828168145,0.6300968944904736,0.17049837493682035,,5.684916145291295,in,,,,
Ptap,128,5,8,17,0.979551325561429,0.002467909683602887,7.886815362790676,0.5251520760789736,0.6175543239756585,0.17007477907309512,,4.949595241700756,in,,,,
Ptap,128,5,8,16,0.9819453839172234,0.0023202070279858544,7.713608649058223,0.5124769188467504,0.6040661207179262,0.1696757693471294,,5.141954422279564,in,,,,
Ptap,128,5,8,15,0.9841915649100788,0.0021721549577249366,10.645134203088894,0.5020229103893964,0.5930522642430585,0.1693014058483202,,2.2283983161917362,in,,,,
Ptap,128,5,8,14,0.9862895302733998,0.002023775768917213,5.125773760369019,0.48603565854822794,0.5753544110234704,0.16895174495443335,,7.76454248181818,in,,,,
Ptap,128,5,8,13,0.9882389640613197,0.0018750918069225797,23.83337887433003,0.48512511552550475,0.5753830380416902,0.1686268393231134,,-10.927467161839473,out,,,,
Ptap,128,5,8,12,0.9900395726962805,0.0017261254629989953,-23.95522286563599,0.4462297483911615,0.5301947319846456,0.16832673788395325,,36.875539447206236,out,,,,
Ptap,128,5,8,11,0.991691085013245,0.0015768991709299574,114.17979970217776,0.5050259337766934,0.6010371539162607,0.16805148583112584,,-101.2462710220718,out,,,,
Ptap,128,5,8,10,0.993193252300533,0.0014274354036460934,-278.5238046965969,0.31285592288175423,0.3728889464794991,0.1678011246165778,,291.4693507150012,out,,,,
Ptap,128,5,8,9,0.9945458483372764,0.0012777566698407572,941.4792811234813,0.7959601859747947,0.9499709376008988,0.16757569194378724,,-928.5229143367831,out,,,,
Ptap,128,5,8,8,0.9957486694274874,0.0011278855105811836,-3233.6514227475664,-0.6735332977698089,-0.804818408219586,0.16737522176208539,,3246.6174121029862,out,,,,
Ptap,128,5,8,7,0.9968015344307342,0.0009778444959122057,13125.849981989273,4.147073070878451,4.960621308596431,0.16719974426154427,,-13112.875569713828,out,,,,
Ptap,128,5,8,6,0.9977042847894197,0.0008276562214589722,-59401.408654872524,-13.759537894589878,-16.47362671807774,0.16704928586843007,,59414.39028915084,out,,,,
Ptap,128,5,8,5,0.9984567845526608,0.0006773433050232258,284422.2451181894,56.98234074632259,68.27344825559597,0.16692386924122318,,-284409.257463913,out,,,,
ell,128,5,3,1,0.9999623509195723,7.529816085549701E-05,124.63629133136085,0.017998714067142513,1.3032665521616364,0.0027620925339163064,435.94316072084206,-116.63640427860213,out:alpha+cl+sweep;sweep=84.8,0.5264672707553443,7.99990013806961,0.80,RunDiagnostics { ResidualInf = 4.671818487622659E-13; Kappa1 = 8412.902485331499 }
ell,128,5,3,2,0.9998117602676744,0.00022588314294025302,-2.6122435552859526,0.022399070401382972,0.7253701099729797,0.0061759011278304105,180.85017468884973,10.611678836088977,out:alpha+sweep;sweep=74.8,0.5264672707553443,7.99990013806961,0.80,RunDiagnostics { ResidualInf = 4.671818487622659E-13; Kappa1 = 8412.902485331499 }
ell,128,5,3,3,0.9995106016422769,0.0003764341078547062,-2.153564344801075,0.031367887976853026,0.6300456787771178,0.009957337708509097,151.97392184565527,10.152096149727907,out:alpha+sweep;sweep=65.7,0.5264672707553443,7.99990013806961,0.80,RunDiagnostics { ResidualInf = 4.671818487622659E-13; Kappa1 = 8412.902485331499 }
ell,128,5,3,4,0.999058920396761,0.0005269283831771387,-1.4235251204997745,0.041143573816207535,0.5960132344699327,0.013806261819940548,142.4043250765398,9.420701881690057,out:sweep;sweep=57.6,0.5264672707553443,7.99990013806961,0.80,RunDiagnostics { ResidualInf = 4.671818487622659E-13; Kappa1 = 8412.902485331499 }
Pell,128,5,3,128,0.006135769142859881,0.012271538285719884,0.7045721869971654,0.7575194947847421,0.4759724956637392,0.31830389431573697,,4.313835120431414,in,,,,
Pell,128,5,3,127,0.018406383404315982,0.01226969023719232,0.7226223750011798,0.7578222539530218,0.4762344448956657,0.3182559607249941,,4.332596775211768,in,,,,
Pell,128,5,3,126,0.030674225732135504,0.012265994418446724,0.7404776561297663,0.7582950070971004,0.4766751112277822,0.3181601007629468,,4.35154502106664,in,,,,
Pell,128,5,3,125,0.042937448634388434,0.012260451386059142,0.7581408950072306,0.7588845703783804,0.477261386596812,0.3180163288673853,,4.3706714508959355,in,,,,
Pell,128,5,3,124,0.05519420531481327,0.012253061974790522,0.7756165501276233,0.759556698469185,0.4779721513589066,0.3178246666922811,,4.389966065816816,in,,,,
Pell,128,5,3,123,0.06744264995093793,0.0122438272974588,0.7929085805175162,0.7602859697577868,0.47879189959937646,0.31758514310452923,,4.409419369335297,in,,,,
Pell,128,5,3,122,0.07968093797205354,0.012232748744772426,0.8100201859214001,0.761052110825462,0.47970841574440154,0.31729779417960685,,4.429022627994761,in,,,,
Pell,128,5,3,121,0.0919072263370002,0.01221982798512089,0.8269539733554259,0.761838233384229,0.48071165587902587,0.31696266319614697,,4.448767705655574,in,,,,
Pell,128,5,3,120,0.10411967381172185,0.012205066964322414,0.8437121295058478,0.7626298498953101,0.4817931203311366,0.31657980062942964,,4.468646891929318,in,,,,
Pell,128,5,3,119,0.1163164412465496,0.012188467905333095,0.8602965428918656,0.763414267576993,0.48294546542406624,0.3161492641437898,,4.488652780847783,in,,,,
Pell,128,5,3,118,0.12849569185317114,0.012170033307909958,0.8767088845893811,0.7641801888630766,0.4841622460053232,0.3156711185839446,,4.5087781909701325,in,,,,
Pell,128,5,3,117,0.14065559148124387,0.012149765948235525,0.892950661503776,0.7649174341933677,0.4854377356603921,0.3151454359652407,,4.5290161129399555,in,,,,
Pell,128,5,3,116,0.15279430889461146,0.012127668878499642,0.9090232523469839,0.7656167419356106,0.48676679604551654,0.3145722954628234,,4.54935967433685,in,,,,
Pell,128,5,3,115,0.16491001604708128,0.012103745426439966,0.9249279326793903,0.7662696193562013,0.4881447788309413,0.3139517833997289,,4.5698021154618536,in,,,,
Pell,128,5,3,114,0.1770008883577211,0.012077999194839678,0.940665892811519,0.7668682287189051,0.48956745016101133,0.3132839932339022,,4.590336772261645,in,,,,
Pell,128,5,3,113,0.18906510498563456,0.01205043406098727,0.9562382507809198,0.767405298340994,0.49103093117115,0.31256902554414157,,4.6109570641759845,in,,,,
Pell,128,5,3,112,0.2011008491041733,0.012021054176090257,0.9716460616909828,0.767874051860524,0.4925316502679861,0.311806988014973,,4.631656485621537,in,,,,
Pell,128,5,3,111,0.21310630817454407,0.01198986396465121,0.9868903241942503,0.7682681510964797,0.4940663042266963,0.3109979954204565,,4.652428600329382,in,,,,
Pell,128,5,3,110,0.2250796742187704,0.011956868123801478,1.0019719846137436,0.7685816492543773,0.4956318260289965,0.310142169606926,,4.673267038042567,in,,,,
Pell,128,5,3,109,0.2370191440919675,0.011922071622592734,1.0168919390685784,0.768808952140916,0.4972253579437361,0.309239639474667,,4.694165493207324,in,,,,
Pell,128,5,3,108,0.2489229197538892,0.011885479701250645,1.0316510338936293,0.7689447856729089,0.4988442287474108,0.30829054095853364,,4.715117725368039,in,,,,
Pell,128,5,3,107,0.26078920853970644,0.011847097870383794,1.0462500646242388,0.768984168400035,0.500485934258573,0.30729501700750855,,4.73611756099488,in,,,,
Pell,128,5,3,106,0.2726162234299756,0.011806931910154639,1.0606897737900096,0.7689223880704434,0.5021481205576178,0.3062532175632091,,4.7571588964999165,in,,,,
Pell,128,5,3,105,0.28440218331975753,0.011764987869409216,1.074970847756837,0.7687549814928659,0.503828569407049,0.30516529953734317,,4.778235702202436,in,,,,
Pell,128,5,3,104,0.2961453132868451,0.01172127206476592,1.0890939128368602,0.7684777171143944,0.5055251854933771,0.30403142678811684,,4.799342027023675,in,,,,
Pell,128,5,3,103,0.30784384485905975,0.011675791079663322,1.1030595308663869,0.7680865798567471,0.5072359851912286,0.30285177009560055,,4.820472003710792,in,,,,
Pell,128,5,3,102,0.3194960162805771,0.011628551763371464,1.1168681944266625,0.7675777578473828,0.508959086610484,0.3016265071360538,,4.841619854415069,in,,,,
Pell,128,5,3,101,0.3311000727772414,0.01157956122995707,1.1305203218583497,0.7669476307533828,0.510692700733469,0.30035582245521597,,4.862779896473374,in,,,,
Pell,128,5,3,100,0.34265426682082717,0.011528826857214458,1.144016252194836,0.7661927594812926,0.5124351234850315,0.2990399074405654,,4.883946548267645,in,,,,
Pell,128,5,3,99,0.3541568583922113,0.011476356285553768,1.1573562401064983,0.7653098770491918,0.5141847286063254,0.29767896029255086,,4.905114335070135,in,,,,
Pell,128,5,3,98,0.3656061152434128,0.011422157416849321,1.1705404509245718,0.764295880471175,0.5159399612252343,0.29627318599480246,,4.926277894805667,in,,,,
Pell,128,5,3,97,0.3770003131584636,0.011366238413252239,1.1835689557996618,0.7631478235213658,0.5176993320340019,0.2948227962833235,,4.947431983675729,in,,,,
Pell,128,5,3,96,0.3883377362130689,0.011308607695958262,1.1964417270109995,0.7618629102660143,0.5194614119986931,0.2933280096146703,,4.9685714816282065,in,,,,
Pell,128,5,3,95,0.39961667703301884,0.011249273943941762,1.2091586334435125,0.7604384892696441,0.5212248275365918,0.2917890511331249,,4.989691397655544,in,,,,
Pell,128,5,3,94,0.41083543705131337,0.011188246092647236,1.2217194362221202,0.7588720483952364,0.5229882561069021,0.2902061526368646,,5.01078687493182,in,,,,
Pell,128,5,3,93,0.4219923267639594,0.011125533332644877,1.2341237844875574,0.7571612101299949,0.5247504221677788,0.28857955254313533,,5.03185319580432,in,,,,
Pell,128,5,3,92,0.4330856659844046,0.011061145108245518,1.2463712112829815,0.7553037273777086,0.526510093459008,0.28690949585243364,,5.052885786670233,in,,,,
Pell,128,5,3,91,0.44411378409656704,0.010995091116079325,1.2584611295207282,0.7532974796666552,0.5282660775749307,0.2851962341117031,,5.073880222768973,in,,,,
Pell,128,5,3,90,0.4550750203064234,0.010927381303633354,1.2703928279813526,0.751140469728538,0.5300172187965639,0.283440025376552,,5.094832232937918,in,,,,
Pell,128,5,3,89,0.4659677238921189,0.010858025867757637,1.2821654673038794,0.7488308204095585,0.5317623951556184,0.28164113417249664,,5.115737704372477,in,,,,
Pell,128,5,3,88,0.47679025445256024,0.010787035253125077,1.2937780759147302,0.746366771879409,0.5335005157062145,0.27979983145523885,,5.136592687442951,in,,,,
Pell,128,5,3,87,0.4875409821544534,0.010714420150661208,1.305229545842165,0.7437466791080085,0.5352305179827916,0.2779163945699826,,5.157393400621196,in,,,,
Pell,128,5,3,86,0.4982182879777507,0.010640191495933482,1.3165186283643202,0.7409690095832794,0.5369513656249977,0.27599110720979747,,5.178136235568933,in,,,,
Pell,128,5,3,85,0.5088205639594696,0.010564360467504197,1.3276439294304285,0.7380323412462294,0.5386620461522936,0.27402425937303504,,5.19881776244798,in,,,,
Pell,128,5,3,84,0.5193462134358452,0.010486938485247066,1.3386039047973086,0.7349353606222301,0.540361568872729,0.2720161473198065,,5.219434735510227,in,,,,
Pell,128,5,3,83,0.5297936512827829,0.010407937208628315,1.349396854822803,0.7316768611296662,0.5420489629118106,0.2699670735275283,,5.239984099025545,in,,,,
Pell,128,5,3,82,0.5401613041545716,0.0103273685349492,1.360020918850569,0.7282557415491229,0.543723275348667,0.2678773466455424,,5.260462993613146,in,,,,
Pell,128,5,3,81,0.550447610720824,0.010245244597555714,1.3704740691218864,0.7246710046380636,0.5453835694478195,0.2657472814488217,,5.280868763040585,in,,,,
Pell,128,5,3,80,0.5606510219016076,0.010161577764011387,1.3807541041470974,0.7209217558775426,0.5470289229758675,0.2635771987907654,,5.301198961557725,in,,,,
Pell,128,5,3,79,0.5707700011007293,0.010076380634231996,1.3908586414657236,0.7170072023389068,0.5486584265932276,0.2613674255550957,,5.321451361836464,in,,,,
Pell,128,5,3,78,0.580803024437142,0.009989666038593525,1.4007851097184627,0.7129266516597101,0.5502711823118267,0.2591182946068617,,5.341623963592964,in,,,,
Pell,128,5,3,77,0.5907485809744362,0.009901447035994493,1.410530739953552,0.7086795111192392,0.5518663020102998,0.25683014474256216,,5.361715002969756,in,,,,
Pell,128,5,3,76,0.6006051729483795,0.009811736911892077,1.4200925560809259,0.7042652868050804,0.5534429059988227,0.25450332063939346,,5.381722962764213,in,,,,
Pell,128,5,3,75,0.6103713159924762,0.009720549176301385,1.4294673643815525,0.6996835828631245,0.5550001216261997,0.2521381728036345,,5.401646583595876,in,,,,
Pell,128,5,3,74,0.6200455393615065,0.009627897561759413,1.438651741977583,0.6949341008243151,0.5565370819222956,0.24973505751817723,,5.421484876106936,in,,,,
Pell,128,5,3,73,0.6296263861530158,0.009533796021259144,1.44764202414819,0.6900166390022195,0.5580529242692448,0.2472943367892132,,5.441237134310858,in,,,,
Pell,128,5,3,72,0.6391124135267183,0.009438258726145898,1.4564342903852523,0.6849310919563408,0.559546789095262,0.2448163782920868,,5.460902950194902,in,,,,
Pell,128,5,3,71,0.6485021929217839,0.009341300063985258,1.4650243490467518,0.6796774500167153,0.5610178185851042,0.24230155531632577,,5.4804822297186,in,,,,
Pell,128,5,3,70,0.6577943102719742,0.009242934636395361,1.4734077204816476,0.6742557988661303,0.5624651554015674,0.23975024670986095,,5.499975210334275,in,,,,
Pell,128,5,3,69,0.6669873662185952,0.009143177256846546,1.481579618459645,0.6686663191768504,0.5638879414125502,0.2371628368224468,,5.51938248019614,in,,,,
Pell,128,5,3,68,0.6760799763212357,0.009042042948434692,1.4895349297384903,0.6629092862994272,0.5652853164184618,0.23453971544829502,,5.538704999225216,in,,,,
Pell,128,5,3,67,0.68507077126626,0.008939546941613807,1.4972681915815178,0.6569850700017669,0.5666564168749102,0.2318812777679342,,5.557944122217262,in,,,,
Pell,128,5,3,66,0.6939583970730199,0.008835704671905864,1.5047735670060118,0.6508941342571926,0.5680003746057332,0.22918792428931006,,5.577101624213047,in,,,,
Pell,128,5,3,65,0.7027415152977601,0.008730531777574657,1.5120448175333743,0.6446370370808706,0.5693163155016111,0.2264600607881389,,5.596179728359907,in,,,,
Pell,128,5,3,64,0.711418803235183,0.008624044097271133,1.519075273173504,0.6382144304145277,0.5706033581996003,0.22369809824753145,,5.615181136532045,in,,,,
Pell,128,5,3,63,0.7199889541176427,0.008516257667648186,1.5258577993503495,0.6316270600599867,0.5718606127390601,0.2209024527969014,,5.634109063002579,in,,,,
Pell,128,5,3,62,0.7284506773119397,0.008407188720945924,1.5323847604364007,0.6248757656626426,0.5730871791895725,0.2180735456501772,,5.652967271499419,in,,,,
Pell,128,5,3,61,0.7368026985136857,0.00829685368254618,1.5386479795261045,0.617961480746627,0.5742821462465966,0.21521180304333357,,5.671760116014952,in,,,,
Pell,128,5,3,60,0.745043759939209,0.008185269168500264,1.5446386940304835,0.610885232804034,0.5754445897907501,0.2123176561712644,,5.690492585787143,in,,,,
Pell,128,5,3,59,0.7531726205149718,0.00807245198302542,1.5503475066182995,0.6036481434412387,0.5765735714067992,0.2093915411240163,,5.7091703549266155,in,,,,
Pell,128,5,3,58,0.7611880560644717,0.007958419115974391,1.555764330977921,0.5962514285860605,0.577668136858678,0.20643389882240595,,5.727799837215494,in,,,,
Pell,128,5,3,57,0.769088859492598,0.007843187740278035,1.5608783317904296,0.5886963987602235,0.5787273145171326,0.20344517495304634,,5.746388246687364,in,,,,
Pell,128,5,3,56,0.7768738409674157,0.007726775209357495,1.5656778582395225,0.5809844594223941,0.579750113736971,0.20042581990280833,,5.764943664662724,in,,,,
Pell,128,5,3,55,0.7845418280993504,0.007609199054511739,1.5701503702733217,0.5731171113878655,0.5807355231813381,0.1973762886927467,,5.78347511402473,in,,,,
Pell,128,5,3,54,0.7920916661177448,0.007490476982277228,1.5742823567466018,0.5650959513319298,0.5816825090910729,0.19429704091152372,,5.801992641606633,in,,,,
Pell,128,5,3,53,0.7995222180447641,0.0073706268717613765,1.578059244429321,0.5569226723849043,0.582590013497929,0.19118854064836593,,5.820507409704971,in,,,,
Pell,128,5,3,52,0.8068323648666198,0.007249666771949825,1.5814652967354192,0.5485990648278822,0.5834569523814345,0.18805125642559353,,5.839031797864441,in,,,,
Pell,128,5,3,51,0.8140210057020891,0.007127614898988943,1.5844835008557419,0.5401270168994525,0.5842822137704055,0.18488566113076862,,5.857579516250526,in,,,,
Pell,128,5,3,50,0.8210870579683043,0.007004489633441469,1.587095441785045,0.5315085157249052,0.5850646557917002,0.1816922319485105,,5.876165732119868,in,,,,
Pell,128,5,3,49,0.8280294575437852,0.006880309517520278,1.5892811615005291,0.5227456483808687,0.5858031046707887,0.1784714502920372,,5.894807211130827,in,,,,
Pell,128,5,3,48,0.8348471589286917,0.006755093252292732,1.5910190012955878,0.5138406031099166,0.5864963526912829,0.17522380173449761,,5.913522475490487,in,,,,
Pell,128,5,3,47,0.8415391354022725,0.006628859694869038,1.5922854249441993,0.5047956707013934,0.5871431561237341,0.1719497759401672,,5.932331981262618,in,,,,
Pell,128,5,3,46,0.848104379177486,0.006501627855557968,1.5930548200115207,0.49561324605668783,0.5877422331381003,0.16864986659559475,,5.951258317520938,in,,,,
Pell,128,5,3,45,0.8545419015527685,0.0063734168950069225,1.5932992741930758,0.4862958299593608,0.5882922617194178,0.16532457134079945,,5.97032643046523,in,,,,
Pell,128,5,3,44,0.8608507330609294,0.006244246121314689,1.5929883230322825,0.47684603107294754,0.5887918776127007,0.16197439170063088,,5.9895638761505055,in,,,,
Pell,128,5,3,43,0.8670299236151491,0.006114134987124653,1.5920886647714823,0.4672665681920525,0.5892396723313611,0.15859983301643119,,6.009001106073965,in,,,,
Pell,128,5,3,42,0.8730785426520589,0.005983103086695141,1.5905638373310673,0.4575602727754076,0.589634191273866,0.15520140437815477,,6.0286717906251095,in,,,,
Pell,128,5,3,41,0.8789956792718807,0.005851170152948448,1.5883738515517407,0.4477300917931347,0.5899739320066757,0.151779618557136,,6.048613186263901,in,,,,
Pell,128,5,3,40,0.8847804423756044,0.005718356054498885,1.5854747737536214,0.4377790909244108,0.5902573427883923,0.14833499193972924,,6.068866553373192,in,,,,
Pell,128,5,3,39,0.8904319607991845,0.0055846807926613895,1.5818182493910602,0.42771045814631065,0.5904828214316705,0.1448680444620875,,6.089477633006493,in,,,,
Pell,128,5,3,38,0.8959493834447345,0.005450164498438714,1.577350958021018,0.41752750775983277,0.5906487146271145,0.1413792995464061,,6.110497192313185,in,,,,
Pell,128,5,3,37,0.9013318794086986,0.0053148274294894104,1.5720139879040034,0.4072336849051105,0.5907533178889249,0.13786928403902074,,6.131981650322093,in,,,,
Pell,128,5,3,36,0.9065786381069829,0.005178689967079042,1.565742116223958,0.3968325706247392,0.5907948763279093,0.13433852815083824,,6.153993798096991,in,,,,
Pell,128,5,3,35,0.9116888693970265,0.005041772613008311,1.5584629780628878,0.38632788754220104,0.5907715865168571,0.13078756540068553,,6.1766036301281915,in,,,,
Pell,128,5,3,34,0.9166618036967942,0.004904095986526968,1.5500961037201793,0.37572350623172884,0.5906815997905563,0.12721693256229843,,6.199889307370204,in,,,,
Pell,128,5,3,33,0.9214966921006722,0.004765680821229079,1.5405517995748097,0.36502345236691847,0.5905230274237796,0.12362716961584806,,6.223938276727207,in,,,,
Pell,128,5,3,32,0.9261928064922511,0.00462654796192874,1.5297298422054093,0.3542319147483096,0.5902939482634785,0.1200188197051269,,6.248848577271344,in,,,,
Pell,128,5,3,31,0.9307494396539772,0.0044867183615233674,1.5175179485893084,0.34335325432543373,0.5899924195672713,0.11639242910180622,,6.274730370372623,in,,,,
Pell,128,5,3,30,0.9351659053736568,0.004346213077836003,1.503789976501899,0.3323920143470107,0.5896164920344463,0.11274854717855885,,6.301707739619071,in,,,,
Pell,128,5,3,29,0.9394415385477978,0.0042050532704458465,1.4884037981899403,0.3213529317947619,0.5891642303297386,0.10908772639333848,,6.329920817453452,in,,,,
Pell,128,5,3,28,0.943575695281771,0.004063260197500584,1.4711987762656444,0.31024095028254645,0.58863374082445,0.1054105222877703,,6.359528309579668,in,,,,
Pell,128,5,3,27,0.947567752986779,0.003920855212515395,1.4519927526056768,0.29906123463436085,0.5880232088575417,0.10171749350349653,,6.39071050635466,in,,,,
Pell,128,5,3,26,0.9514171104736153,0.0037778597611571874,1.4305784375285042,0.28781918739361084,0.5873309486138807,0.09800920182151923,,6.423672893892341,in,,,,
Pell,128,5,3,25,0.9551231880432014,0.0036342953780149623,1.406719055873821,0.2765204675638307,0.5865554698192723,0.09428621223122557,,6.458650508255784,in,,,,
Pell,128,5,3,24,0.9586854275738873,0.003490183683356962,1.3801430663799823,0.2651710119401333,0.5856955669974617,0.0905490930380501,,6.495913216341679,in,,,,
Pell,128,5,3,23,0.9621032926055029,0.0033455463798740537,1.3505377175737403,0.25377705946433493,0.5847504392252815,0.08679841602190384,,6.535772160242768,in,,,,
Pell,128,5,3,22,0.9653762684201459,0.0032004052494122304,1.3175411325193067,0.24234517912902437,0.5837198514655029,0.08303475666300744,,6.578587672741131,in,,,,
Pell,128,5,3,21,0.968503862119698,0.0030547821496919036,1.2807325196343575,0.23088230207233096,0.582604353126158,0.0792586944582391,,6.624779066724736,in,,,,
Pell,128,5,3,20,0.971485602700052,0.0029086990110160915,1.2396199778820525,0.2193957586528305,0.581405576231462,0.07547081336058166,,6.674836830218103,in,,,,
Pell,128,5,3,19,0.9743210411220442,0.0027621778329683933,1.1936251884471665,0.20789332148195178,0.5801266456755988,0.07167170238831047,,6.729337934918966,in,,,,
Pell,128,5,3,18,0.977009750379078,0.0026152406810990847,1.1420640411590826,0.1963832556306774,0.5787727493890756,0.06786195647185186,,6.7889652099781514,in,,,,
Pell,128,5,3,17,0.979551325561429,0.002467909683602887,1.084121901230114,0.1848743775318036,0.5773519400716975,0.0640421776391174,,6.8545320754541725,in,,,,
Pell,128,5,3,16,0.9819453839172234,0.0023202070279858544,1.0188217281986076,0.17337612448340034,0.5758762778666412,0.06021297669203523,,6.927014423553063,in,,,,
Pell,128,5,3,15,0.9841915649100788,0.0021721549577249366,0.9449825185664992,0.1618986371396758,0.5743634844530201,0.05637497561108213,,7.007592176163737,in,,,,
Pell,128,5,3,14,0.9862895302733998,0.002023775768917213,0.8611643572653653,0.1504528579749638,0.5728393806209077,0.05252881106459059,,7.097704233554834,in,,,,
Pell,128,5,3,13,0.9882389640613197,0.0018750918069225797,0.7655942721158263,0.1390506494978043,0.5713415535159466,0.048675139640065854,,7.199122620068134,in,,,,
Pell,128,5,3,12,0.9900395726962805,0.0017261254629989953,0.6560630052781663,0.12770493730474033,0.5699250095736036,0.04481464584271687,,7.314055712810675,in,,,,
Pell,128,5,3,11,0.991691085013245,0.0015768991709299574,0.5297744681133252,0.11642988628452272,0.568671147571409,0.04094805469971639,,7.44529878692641,in,,,,
Pell,128,5,3,10,0.993193252300533,0.0014274354036460934,0.38311420896553067,0.10524112824431686,0.5677025342394553,0.0370761523498595,,7.596465547936067,out,,,,
Pell,128,5,3,9,0.9945458483372764,0.0012777566698407572,0.21128567705582843,0.094156088312626,0.5672084066622012,0.03319982116157185,,7.772351867956001,out,,,,
Pell,128,5,3,8,0.9957486694274874,0.0011278855105811836,0.0077694384749574085,0.08319451917398772,0.5674913187711133,0.029320102853429775,,7.979476569807504,out,,,,
Pell,128,5,3,7,0.9968015344307342,0.0009778444959122057,-0.23653183310624312,0.07237940626827745,0.5690580793617337,0.0254383195295143,,8.226936436398447,out,,,,
Pell,128,5,3,6,0.9977042847894197,0.0008276562214589722,-0.5355264814841043,0.06173849738998391,0.5728109576084572,0.021556325545079753,,8.528639335852365,out,,,,
Pell,128,5,3,5,0.9984567845526608,0.0006773433050232258,-0.9130468232433296,0.05130808076143711,0.5805036789361452,0.017677090644960734,,8.908417176901311,out,,,,
ell,128,3,0,1,0.9999623509195723,7.529816085549701E-05,-4.8397315733648565,0.004109551605345351,0.29756798911573856,0.002762092533916306,99.53660629845692,7.8397315733648565,out:sweep;sweep=84.8,0.2511821111134309,7.99990013806961,0.77,RunDiagnostics { ResidualInf = 1.7641443861293737E-13; Kappa1 = 11025.603250611575 }
ell,128,3,0,2,0.9998117602676744,0.00022588314294025302,-3.087200640537147,0.007283039737550529,0.23585350823480736,0.0061759011278304105,58.80328894008585,6.087200640537147,out:sweep;sweep=74.8,0.2511821111134309,7.99990013806961,0.77,RunDiagnostics { ResidualInf = 1.7641443861293737E-13; Kappa1 = 11025.603250611575 }
ell,128,3,0,3,0.9995106016422769,0.0003764341078547062,-2.019440484540578,0.010923051279607892,0.21939702356933297,0.009957337708509099,52.92096626678133,5.019440484540578,out:sweep;sweep=65.7,0.2511821111134309,7.99990013806961,0.77,RunDiagnostics { ResidualInf = 1.7641443861293737E-13; Kappa1 = 11025.603250611575 }
ell,128,3,0,4,0.999058920396761,0.0005269283831771387,-1.3996483355790506,0.014781502432541085,0.21412751149180712,0.013806261819940546,51.161085007497554,4.399648335579051,out:sweep;sweep=57.7,0.2511821111134309,7.99990013806961,0.77,RunDiagnostics { ResidualInf = 1.7641443861293737E-13; Kappa1 = 11025.603250611575 }
Pell,128,3,0,128,0.006135769142859881,0.012271538285719884,0.5866016746116227,0.403795419649476,0.25371692075431346,0.31830389431573697,,2.4133983253883775,in,,,,
Pell,128,3,0,127,0.018406383404315982,0.01226969023719232,0.5865957935502272,0.4037321189392845,0.25371535415680746,0.3182559607249942,,2.4134042064497727,in,,,,
Pell,128,3,0,126,0.030674225732135504,0.012265994418446724,0.5865840232310385,0.40360552706736735,0.25371221979093084,0.3181601007629468,,2.4134159767689614,in,,,,
Pell,128,3,0,125,0.042937448634388434,0.012260451386059142,0.5865663472402985,0.40341566312979843,0.25370751531316815,0.31801632886738535,,2.4134336527597013,in,,,,
Pell,128,3,0,124,0.05519420531481327,0.012253061974790522,0.5865427409047242,0.4031625557685478,0.2537012372037763,0.31782466669228115,,2.4134572590952756,in,,,,
Pell,128,3,0,123,0.06744264995093793,0.0122438272974588,0.5865131712282152,0.40284624316892065,0.2536933807614097,0.31758514310452923,,2.4134868287717848,in,,,,
Pell,128,3,0,122,0.07968093797205354,0.012232748744772426,0.5864775968066724,0.40246677305614964,0.2536839400959294,0.3172977941796068,,2.4135224031933276,in,,,,
Pell,128,3,0,121,0.0919072263370002,0.01221982798512089,0.5864359677215519,0.40202420269115685,0.2536729081193838,0.3169626631961469,,2.413564032278448,in,,,,
Pell,128,3,0,120,0.10411967381172185,0.012205066964322414,0.5863882254103937,0.40151859886548846,0.2536602765351308,0.31657980062942964,,2.413611774589606,in,,,,
Pell,128,3,0,119,0.1163164412465496,0.012188467905333095,0.5863343025144866,0.40095003789544126,0.2536460358250796,0.3161492641437898,,2.4136656974855133,in,,,,
Pell,128,3,0,118,0.12849569185317114,0.012170033307909958,0.5862741227053326,0.4003186056154057,0.2536301752350216,0.3156711185839446,,2.4137258772946675,in,,,,
Pell,128,3,0,117,0.14065559148124387,0.012149765948235525,0.5862076004823111,0.39962439737041355,0.2536126827579953,0.3151454359652407,,2.413792399517689,in,,,,
Pell,128,3,0,116,0.15279430889461146,0.012127668878499642,0.5861346409498758,0.39886751800795206,0.25359354511566695,0.3145722954628234,,2.4138653590501242,in,,,,
Pell,128,3,0,115,0.16491001604708128,0.012103745426439966,0.5860551395662305,0.39804808186904034,0.2535727477376604,0.3139517833997289,,2.4139448604337694,in,,,,
Pell,128,3,0,114,0.1770008883577211,0.012077999194839678,0.5859689818660369,0.3971662127786055,0.2535502747387899,0.3132839932339022,,2.4140310181339633,in,,,,
Pell,128,3,0,113,0.18906510498563456,0.01205043406098727,0.5858760431536157,0.3962220440351826,0.25352610889413124,0.3125690255441415,,2.4141239568463844,in,,,,
Pell,128,3,0,112,0.2011008491041733,0.012021054176090257,0.5857761881692417,0.3952157183999849,0.2535002316118757,0.311806988014973,,2.4142238118307584,in,,,,
Pell,128,3,0,111,0.21310630817454407,0.01198986396465121,0.5856692707213551,0.3941473880853568,0.25347262290387806,0.3109979954204565,,2.414330729278645,in,,,,
Pell,128,3,0,110,0.2250796742187704,0.011956868123801478,0.5855551332881637,0.39301721474266954,0.2534432613538361,0.310142169606926,,2.414444866711836,in,,,,
Pell,128,3,0,109,0.2370191440919675,0.011922071622592734,0.5854336065847034,0.391825369449695,0.25341212408300806,0.309239639474667,,2.4145663934152966,in,,,,
Pell,128,3,0,108,0.2489229197538892,0.011885479701250645,0.5853045090932048,0.3905720326975011,0.25337918671337684,0.3082905409585336,,2.4146954909067952,in,,,,
Pell,128,3,0,107,0.26078920853970644,0.011847097870383794,0.5851676465560023,0.3892573943769257,0.25334442332816254,0.3072950170075085,,2.4148323534439977,in,,,,
Pell,128,3,0,106,0.2726162234299756,0.011806931910154639,0.5850228114259127,0.3878816537646699,0.25330780642956874,0.3062532175632091,,2.4149771885740874,in,,,,
Pell,128,3,0,105,0.28440218331975753,0.011764987869409216,0.5848697822769925,0.3864450195090964,0.2532693068936608,0.3051652995373431,,2.4151302177230076,in,,,,
Pell,128,3,0,104,0.2961453132868451,0.01172127206476592,0.584708323165686,0.3849477096157611,0.2532288939222298,0.30403142678811684,,2.415291676834314,in,,,,
Pell,128,3,0,103,0.30784384485905975,0.011675791079663322,0.5845381829456027,0.38338995143277455,0.2531865349915245,0.30285177009560055,,2.415461817054397,in,,,,
Pell,128,3,0,102,0.3194960162805771,0.011628551763371464,0.5843590945295053,0.38177198163605486,0.2531421957976989,0.3016265071360538,,2.415640905470495,in,,,,
Pell,128,3,0,101,0.3311000727772414,0.01157956122995707,0.5841707740956863,0.38009404621455206,0.2530958401988197,0.300355822455216,,2.4158292259043135,in,,,,
Pell,128,3,0,100,0.34265426682082717,0.011528826857214458,0.5839729202353001,0.37835640045553276,0.25304743015326914,0.2990399074405654,,2.4160270797647,in,,,,
Pell,128,3,0,99,0.3541568583922113,0.011476356285553768,0.5837652130354198,0.37655930893001194,0.2529969256543624,0.29767896029255086,,2.41623478696458,in,,,,
Pell,128,3,0,98,0.3656061152434128,0.011422157416849321,0.5835473130951073,0.3747030454784383,0.2529442846609897,0.29627318599480246,,2.4164526869048926,in,,,,
Pell,128,3,0,97,0.3770003131584636,0.011366238413252239,0.5833188604673145,0.37278789319672967,0.25288946302407506,0.2948227962833235,,2.4166811395326855,in,,,,
Pell,128,3,0,96,0.3883377362130689,0.011308607695958262,0.583079473522377,0.37081414442277794,0.25283241440863224,0.2933280096146703,,2.416920526477623,in,,,,
Pell,128,3,0,95,0.39961667703301884,0.011249273943941762,0.5828287477275879,0.3687821007235489,0.2527730902111861,0.2917890511331249,,2.417171252272412,in,,,,
Pell,128,3,0,94,0.41083543705131337,0.011188246092647236,0.5825662543364127,0.36669207288290634,0.2527114394723041,0.2902061526368646,,2.4174337456635873,in,,,,
Pell,128,3,0,93,0.4219923267639594,0.011125533332644877,0.5822915389779321,0.3645443808902947,0.252647408783964,0.28857955254313533,,2.417708461022068,in,,,,
Pell,128,3,0,92,0.4330856659844046,0.011061145108245518,0.5820041201423923,0.3623393539304457,0.2525809421914763,0.2869094958524336,,2.4179958798576076,in,,,,
Pell,128,3,0,91,0.44411378409656704,0.010995091116079325,0.5817034875534192,0.3600773303742709,0.25251198108965145,0.2851962341117031,,2.418296512446581,in,,,,
Pell,128,3,0,90,0.4550750203064234,0.010927381303633354,0.5813891004148799,0.3577586577711007,0.25244046411286897,0.283440025376552,,2.4186108995851203,in,,,,
Pell,128,3,0,89,0.4659677238921189,0.010858025867757637,0.5810603855266369,0.3553836928424817,0.25236632701870887,0.28164113417249664,,2.4189396144733633,in,,,,
Pell,128,3,0,88,0.47679025445256024,0.010787035253125077,0.5807167352569639,0.3529528014777288,0.2522895025647595,0.27979983145523885,,2.419283264743036,in,,,,
Pell,128,3,0,87,0.4875409821544534,0.010714420150661208,0.5803575053559513,0.35046635873143733,0.2522099203781846,0.2779163945699826,,2.419642494644049,in,,,,
Pell,128,3,0,86,0.4982182879777507,0.010640191495933482,0.5799820126035472,0.34792474882322155,0.2521275068176331,0.27599110720979747,,2.4200179873964527,in,,,,
Pell,128,3,0,85,0.5088205639594696,0.010564360467504197,0.5795895322724459,0.34532836513991205,0.25204218482700774,0.27402425937303504,,2.420410467727554,in,,,,
Pell,128,3,0,84,0.5193462134358452,0.010486938485247066,0.579179295391362,0.3426776102404932,0.2519538737805963,0.27201614731980656,,2.420820704608638,in,,,,
Pell,128,3,0,83,0.5297936512827829,0.010407937208628315,0.5787504857930946,0.33997289586408486,0.2518624893190303,0.2699670735275283,,2.4212495142069055,in,,,,
Pell,128,3,0,82,0.5401613041545716,0.0103273685349492,0.5783022369262422,0.33721464294128384,0.251767943175493,0.2678773466455424,,2.421697763073758,in,,,,
Pell,128,3,0,81,0.550447610720824,0.010245244597555714,0.5778336284113652,0.3344032816092147,0.2516701429915586,0.2657472814488217,,2.422166371588635,in,,,,
Pell,128,3,0,80,0.5606510219016076,0.010161577764011387,0.5773436823158796,0.3315392512306578,0.25156899212199496,0.2635771987907654,,2.4226563176841203,in,,,,
Pell,128,3,0,79,0.5707700011007293,0.010076380634231996,0.5768313591265696,0.3286230004176757,0.25146438942782695,0.2613674255550957,,2.4231686408734303,in,,,,
Pell,128,3,0,78,0.580803024437142,0.009989666038593525,0.576295553386689,0.3256549870601564,0.2513562290568832,0.2591182946068617,,2.423704446613311,in,,,,
Pell,128,3,0,77,0.5907485809744362,0.009901447035994493,0.5757350889707437,0.32263567835976464,0.2512444002110139,0.25683014474256216,,2.4242649110292565,in,,,,
Pell,128,3,0,76,0.6006051729483795,0.009811736911892077,0.5751487139606961,0.31956555086980815,0.2511287868990924,0.25450332063939346,,2.4248512860393037,in,,,,
Pell,128,3,0,75,0.6103713159924762,0.009720549176301385,0.5745350950855769,0.3164450905415725,0.2510092676748477,0.2521381728036345,,2.4254649049144232,in,,,,
Pell,128,3,0,74,0.6200455393615065,0.009627897561759413,0.5738928116836619,0.31327479277773806,0.2508857153585143,0.24973505751817723,,2.426107188316338,in,,,,
Pell,128,3,0,73,0.6296263861530158,0.009533796021259144,0.5732203491403146,0.31005516249352866,0.250757996741196,0.2472943367892132,,2.4267796508596855,in,,,,
Pell,128,3,0,72,0.6391124135267183,0.009438258726145898,0.5725160917483199,0.30678671418630094,0.250625972270759,0.24481637829208677,,2.42748390825168,in,,,,
Pell,128,3,0,71,0.6485021929217839,0.009341300063985258,0.5717783149357695,0.30346997201435644,0.2504894957179908,0.24230155531632575,,2.4282216850642304,in,,,,
Pell,128,3,0,70,0.6577943102719742,0.009242934636395361,0.5710051767957205,0.30010546988581205,0.25034841382164774,0.23975024670986095,,2.4289948232042793,in,,,,
Pell,128,3,0,69,0.6669873662185952,0.009143177256846546,0.5701947088464735,0.2966937515584428,0.2502025659109181,0.2371628368224468,,2.4298052911535266,in,,,,
Pell,128,3,0,68,0.6760799763212357,0.009042042948434692,0.5693448059437152,0.29323537075149764,0.25005178350371304,0.23453971544829502,,2.4306551940562846,in,,,,
Pell,128,3,0,67,0.68507077126626,0.008939546941613807,0.5684532152554357,0.2897308912705723,0.24989588987907313,0.2318812777679342,,2.4315467847445644,in,,,,
Pell,128,3,0,66,0.6939583970730199,0.008835704671905864,0.5675175241985063,0.28618088714671824,0.2497346996218391,0.22918792428931006,,2.4324824758014936,in,,,,
Pell,128,3,0,65,0.7027415152977601,0.008730531777574657,0.5665351472286985,0.28258594279109006,0.2495680181376078,0.22646006078813888,,2.4334648527713014,in,,,,
Pell,128,3,0,64,0.711418803235183,0.008624044097271133,0.5655033113547608,0.2789466531665282,0.24939564113581503,0.22369809824753142,,2.4344966886452393,in,,,,
Pell,128,3,0,63,0.7199889541176427,0.008516257667648186,0.5644190402408483,0.2752636239776352,0.24921735407864726,0.2209024527969014,,2.4355809597591516,in,,,,
Pell,128,3,0,62,0.7284506773119397,0.008407188720945924,0.5632791367339629,0.27153747188101396,0.24903293159327172,0.21807354565017717,,2.436720863266037,in,,,,
Pell,128,3,0,61,0.7368026985136857,0.00829685368254618,0.5620801636415041,0.2677688247175268,0.24884213684470702,0.2152118030433336,,2.4379198363584957,in,,,,
Pell,128,3,0,60,0.745043759939209,0.008185269168500264,0.560818422555943,0.2639583217685926,0.2486447208664291,0.2123176561712644,,2.439181577444057,in,,,,
Pell,128,3,0,59,0.7531726205149718,0.00807245198302542,0.5594899304979843,0.2601066140387381,0.24844042184558424,0.2093915411240163,,2.4405100695020154,in,,,,
Pell,128,3,0,58,0.7611880560644717,0.007958419115974391,0.558090394120372,0.25621436456683677,0.24822896435944047,0.20643389882240595,,2.441909605879628,in,,,,
Pell,128,3,0,57,0.769088859492598,0.007843187740278035,0.5566151811790456,0.25228224876871147,0.24801005855944863,0.20344517495304634,,2.443384818820954,in,,,,
Pell,128,3,0,56,0.7768738409674157,0.007726775209357495,0.5550592889345088,0.2483109548140269,0.24778339929899182,0.20042581990280833,,2.4449407110654913,in,,,,
Pell,128,3,0,55,0.7845418280993504,0.007609199054511739,0.5534173091069262,0.2443011840407205,0.2475486652006323,0.1973762886927467,,2.4465826908930737,in,,,,
Pell,128,3,0,54,0.7920916661177448,0.007490476982277228,0.5516833889455005,0.24025365141051885,0.24730551765831799,0.19429704091152375,,2.4483166110544996,in,,,,
Pell,128,3,0,53,0.7995222180447641,0.0073706268717613765,0.5498511879147713,0.23616908600946934,0.24705359976969712,0.19118854064836593,,2.450148812085229,in,,,,
Pell,128,3,0,52,0.8068323648666198,0.007249666771949825,0.5479138294261133,0.23204823159782081,0.24679253519333505,0.18805125642559353,,2.4520861705738866,in,,,,
Pell,128,3,0,51,0.8140210057020891,0.007127614898988943,0.5458638469546121,0.2278918472140376,0.24652192692525887,0.18488566113076862,,2.454136153045388,in,,,,
Pell,128,3,0,50,0.8210870579683043,0.007004489633441469,0.54369312378248,0.22370070783824086,0.24624135598888464,0.1816922319485105,,2.45630687621752,in,,,,
Pell,128,3,0,49,0.8280294575437852,0.006880309517520278,0.5413928254907109,0.21947560512094383,0.24595038003200007,0.17847145029203723,,2.458607174509289,in,,,,
Pell,128,3,0,48,0.8348471589286917,0.006755093252292732,0.5389533241797202,0.21521734818357752,0.24564853182409419,0.17522380173449761,,2.46104667582028,in,,,,
Pell,128,3,0,47,0.8415391354022725,0.006628859694869038,0.5363641132347745,0.21092676449802483,0.24533531764696265,0.17194977594016717,,2.4636358867652257,in,,,,
Pell,128,3,0,46,0.848104379177486,0.006501627855557968,0.5336137112562267,0.20660470085319174,0.24501021557118546,0.16864986659559478,,2.4663862887437733,in,,,,
Pell,128,3,0,45,0.8545419015527685,0.0063734168950069225,0.5306895535365006,0.20225202441754095,0.24467267361077186,0.16532457134079945,,2.469310446463499,in,,,,
Pell,128,3,0,44,0.8608507330609294,0.006244246121314689,0.5275778691877024,0.19786962390755322,0.24432210774807625,0.16197439170063088,,2.472422130812298,in,,,,
Pell,128,3,0,43,0.8670299236151491,0.006114134987124653,0.5242635416888786,0.19345841087324644,0.24395789982099647,0.15859983301643119,,2.4757364583111214,in,,,,
Pell,128,3,0,42,0.8730785426520589,0.005983103086695141,0.5207299502084606,0.18901932111319103,0.2435793952645396,0.15520140437815477,,2.4792700497915394,in,,,,
Pell,128,3,0,41,0.8789956792718807,0.005851170152948448,0.5169587885732493,0.18455331623298338,0.24318590069919038,0.151779618557136,,2.483041211426751,in,,,,
Pell,128,3,0,40,0.8847804423756044,0.005718356054498885,0.5129298581535141,0.1800613853628534,0.2427766813591969,0.14833499193972924,,2.487070141846486,in,,,,
Pell,128,3,0,39,0.8904319607991845,0.0055846807926613895,0.5086208302018812,0.1755445470520457,0.24235095835505163,0.1448680444620875,,2.491379169798119,in,,,,
Pell,128,3,0,38,0.8959493834447345,0.005450164498438714,0.5040069722902746,0.17100385135989565,0.24190790576631144,0.14137929954640613,,2.4959930277097255,in,,,,
Pell,128,3,0,37,0.9013318794086986,0.0053148274294894104,0.49906083237765636,0.16644038216612297,0.24144664756366743,0.1378692840390207,,2.500939167622344,in,,,,
Pell,128,3,0,36,0.9065786381069829,0.005178689967079042,0.493751872671685,0.16185525972590753,0.24096625436326483,0.13433852815083827,,2.506248127328315,in,,,,
Pell,128,3,0,35,0.9116888693970265,0.005041772613008311,0.4880460437336279,0.15724964349883547,0.24046574002211862,0.13078756540068556,,2.511953956266372,in,,,,
Pell,128,3,0,34,0.9166618036967942,0.004904095986526968,0.4819052871219833,0.15262473528492368,0.23994405809176853,0.12721693256229843,,2.5180947128780167,in,,,,
Pell,128,3,0,33,0.9214966921006722,0.004765680821229079,0.47528695216276745,0.14798178270579174,0.2394000981590403,0.12362716961584806,,2.5247130478372326,in,,,,
Pell,128,3,0,32,0.9261928064922511,0.00462654796192874,0.468143108974981,0.1433220830747576,0.23883268211916145,0.1200188197051269,,2.531856891025019,in,,,,
Pell,128,3,0,31,0.9307494396539772,0.0044867183615233674,0.46041973546933584,0.13864698770645273,0.23824056044947883,0.11639242910180622,,2.539580264530664,in,,,,
Pell,128,3,0,30,0.9351659053736568,0.004346213077836003,0.45205575034069356,0.13395790672467878,0.23762240858417596,0.11274854717855887,,2.5479442496593063,in,,,,
Pell,128,3,0,29,0.9394415385477978,0.0042050532704458465,0.44298185667163636,0.1292563144370085,0.23697682353548735,0.10908772639333848,,2.5570181433283636,in,,,,
Pell,128,3,0,28,0.943575695281771,0.004063260197500584,0.4331191510719404,0.124543755356493,0.23630232097036583,0.1054105222877703,,2.5668808489280597,in,,,,
Pell,128,3,0,27,0.947567752986779,0.003920855212515395,0.42237744045705616,0.1198218509652874,0.23559733304118144,0.10171749350349653,,2.577622559542944,in,,,,
Pell,128,3,0,26,0.9514171104736153,0.0037778597611571874,0.410653191464796,0.11509230733277498,0.23486020739637312,0.09800920182151923,,2.589346808535204,in,,,,
Pell,128,3,0,25,0.9551231880432014,0.0036342953780149623,0.39782701445451735,0.11035692372277744,0.23408920797908475,0.09428621223122557,,2.6021729855454825,in,,,,
Pell,128,3,0,24,0.9586854275738873,0.003490183683356962,0.38376055261262754,0.10561760235190805,0.23328251848425682,0.09054909303805009,,2.6162394473873727,in,,,,
Pell,128,3,0,23,0.9621032926055029,0.0033455463798740537,0.3682926033744475,0.10087635949572661,0.23243824972628568,0.08679841602190384,,2.6317073966255524,in,,,,
Pell,128,3,0,22,0.9653762684201459,0.0032004052494122304,0.35123423887904254,0.09613533818328304,0.2315544527298217,0.08303475666300746,,2.6487657611209574,in,,,,
Pell,128,3,0,21,0.968503862119698,0.0030547821496919036,0.33236260651712624,0.09139682277691943,0.2306291401887167,0.0792586944582391,,2.667637393482874,in,,,,
Pell,128,3,0,20,0.971485602700052,0.0029086990110160915,0.3114129674699782,0.08666325580699388,0.22966032019010418,0.07547081336058166,,2.688587032530022,in,,,,
Pell,128,3,0,19,0.9743210411220442,0.0027621778329683933,0.28806835097725364,0.08193725752611092,0.2286460480098063,0.07167170238831047,,2.7119316490227465,in,,,,
Pell,128,3,0,18,0.977009750379078,0.0026152406810990847,0.26194593345411765,0.07722164877248176,0.22758450474239467,0.06786195647185186,,2.7380540665458826,in,,,,
Pell,128,3,0,17,0.979551325561429,0.002467909683602887,0.2325788420448037,0.07251947789821821,0.22647411618908728,0.0640421776391174,,2.767421157955196,in,,,,
Pell,128,3,0,16,0.9819453839172234,0.0023202070279858544,0.19939144165283604,0.06783405274183117,0.22531373291433385,0.06021297669203523,,2.800608558347164,in,,,,
Pell,128,3,0,15,0.9841915649100788,0.0021721549577249366,0.1616651315953302,0.06316897892967302,0.22410290468402555,0.05637497561108213,,2.8383348684046696,in,,,,
Pell,128,3,0,14,0.9862895302733998,0.002023775768917213,0.11848995240057439,0.05852820622171406,0.22284230324477167,0.052528811064590585,,2.8815100475994258,in,,,,
Pell,128,3,0,13,0.9882389640613197,0.0018750918069225797,0.06869430266624618,0.05391608526243788,0.22153438351128243,0.048675139640065854,,2.931305697333754,in,,,,
Pell,128,3,0,12,0.9900395726962805,0.0017261254629989953,0.010739628854823999,0.04933743817421846,0.22018443857561634,0.04481464584271687,,2.989260371145176,in,,,,
Pell,128,3,0,11,0.991691085013245,0.0015768991709299574,-0.05744326766530154,0.044797648496485896,0.21880232809592381,0.04094805469971639,,3.0574432676653016,in,,,,
Pell,128,3,0,10,0.993193252300533,0.0014274354036460934,-0.13871938455173236,0.04030278042417943,0.21740540951430284,0.0370761523498595,,3.1387193845517323,out,,,,
Pell,128,3,0,9,0.9945458483372764,0.0012777566698407572,-0.23719802271235074,0.0358597472914997,0.21602373770016964,0.03319982116157185,,3.237198022712351,out,,,,
Pell,128,3,0,8,0.9957486694274874,0.0011278855105811836,-0.35902521072789434,0.03147657113192759,0.21470982751512113,0.029320102853429775,,3.359025210727894,out,,,,
Pell,128,3,0,7,0.9968015344307342,0.0009778444959122057,-0.5138495618024495,0.027162821777832476,0.21355830322295744,0.0254383195295143,,3.5138495618024495,out,,,,
Pell,128,3,0,6,0.9977042847894197,0.0008276562214589722,-0.7176565355670113,0.022930432912720893,0.21274899439394282,0.021556325545079753,,3.717656535567011,out,,,,
Pell,128,3,0,5,0.9984567845526608,0.0006773433050232258,-0.9979532386067849,0.018795414179584965,0.21265280081530877,0.017677090644960734,,3.997953238606785,out,,,,
ell,128,4,0,1,0.9999623509195723,7.529816085549701E-05,-6.450681952936701,0.005477454683882854,0.3966163056902731,0.002762092533916306,132.66830611839202,10.450681952936701,out:alpha+sweep;sweep=84.8,0.3347904499450193,7.99990013806961,0.70,RunDiagnostics { ResidualInf = 2.404743071338089E-13; Kappa1 = 11025.603250611575 }
ell,128,4,0,2,0.9998117602676744,0.00022588314294025302,-4.114804541352193,0.009707268323741781,0.3143595767748937,0.0061759011278304105,78.376519232327,8.114804541352193,out:sweep;sweep=74.8,0.3347904499450193,7.99990013806961,0.70,RunDiagnostics { ResidualInf = 2.404743071338089E-13; Kappa1 = 11025.603250611575 }
ell,128,4,0,3,0.9995106016422769,0.0003764341078547062,-2.6916303293239494,0.014558892098096169,0.2924253957090315,0.009957337708509099,70.53620988152262,6.691630329323949,out:sweep;sweep=65.7,0.3347904499450193,7.99990013806961,0.70,RunDiagnostics { ResidualInf = 2.404743071338089E-13; Kappa1 = 11025.603250611575 }
ell,128,4,0,4,0.999058920396761,0.0005269283831771387,-1.8655345078364076,0.019701665171605504,0.2854018767505938,0.013806261819940546,68.19053551787599,5.865534507836408,out:sweep;sweep=57.7,0.3347904499450193,7.99990013806961,0.70,RunDiagnostics { ResidualInf = 2.404743071338089E-13; Kappa1 = 11025.603250611575 }
Pell,128,4,0,128,0.006135769142859881,0.012271538285719884,0.7818575841694144,0.5382025401050042,0.338168994923538,0.31830389431573697,,3.2181424158305854,in,,,,
Pell,128,4,0,127,0.018406383404315982,0.01226969023719232,0.7818497455412373,0.5381181691553661,0.3381669068692514,0.3182559607249942,,3.2181502544587626,in,,,,
Pell,128,4,0,126,0.030674225732135504,0.012265994418446724,0.781834057360023,0.5379494399828519,0.33816272920007945,0.3181601007629468,,3.218165942639977,in,,,,
Pell,128,4,0,125,0.042937448634388434,0.012260451386059142,0.7818104977488679,0.5376963780398453,0.3381564587924463,0.31801632886738535,,3.218189502251132,in,,,,
Pell,128,4,0,124,0.05519420531481327,0.012253061974790522,0.781779033821431,0.5373590215020652,0.33814809095502824,0.31782466669228115,,3.218220966178569,in,,,,
Pell,128,4,0,123,0.06744264995093793,0.0122438272974588,0.7817396215986487,0.5369374212651568,0.33813761942159265,0.31758514310452923,,3.218260378401351,in,,,,
Pell,128,4,0,122,0.07968093797205354,0.012232748744772426,0.7816922058948733,0.5364316409401485,0.3381250363414129,0.3172977941796068,,3.218307794105127,in,,,,
Pell,128,4,0,121,0.0919072263370002,0.01221982798512089,0.78163672017534,0.5358417568477998,0.3381103322672446,0.3169626631961469,,3.21836327982466,in,,,,
Pell,128,4,0,120,0.10411967381172185,0.012205066964322414,0.7815730863850116,0.5351678580118562,0.3380934961408314,0.31657980062942964,,3.2184269136149886,in,,,,
Pell,128,4,0,119,0.1163164412465496,0.012188467905333095,0.7815012147437868,0.5344100461512128,0.33807451527589477,0.3161492641437898,,3.2184987852562132,in,,,,
Pell,128,4,0,118,0.12849569185317114,0.012170033307909958,0.7814210035164563,0.5335684356710474,0.3380533753385859,0.3156711185839446,,3.2185789964835436,in,,,,
Pell,128,4,0,117,0.14065559148124387,0.012149765948235525,0.7813323387429628,0.5326431536528877,0.3380300603253136,0.3151454359652407,,3.218667661257037,in,,,,
Pell,128,4,0,116,0.15279430889461146,0.012127668878499642,0.7812350939408093,0.5316343398436981,0.3380045525379252,0.3145722954628234,,3.2187649060591905,in,,,,
Pell,128,4,0,115,0.16491001604708128,0.012103745426439966,0.7811291297706294,0.5305421466439864,0.3379768325561577,0.3139517833997289,,3.2188708702293707,in,,,,
Pell,128,4,0,114,0.1770008883577211,0.012077999194839678,0.7810142936657051,0.5293667390949744,0.3379468792072896,0.3132839932339022,,3.218985706334295,in,,,,
Pell,128,4,0,113,0.18906510498563456,0.01205043406098727,0.7808904194249402,0.5281082948648773,0.33791466953292015,0.3125690255441415,,3.2191095805750596,in,,,,
Pell,128,4,0,112,0.2011008491041733,0.012021054176090257,0.7807573267657436,0.526767004234325,0.33788017875278,0.311806988014973,,3.2192426732342563,in,,,,
Pell,128,4,0,111,0.21310630817454407,0.01198986396465121,0.7806148208350386,0.5253430700809771,0.3378433802254802,0.3109979954204565,,3.2193851791649615,in,,,,
Pell,128,4,0,110,0.2250796742187704,0.011956868123801478,0.7804626916788098,0.5238367078633931,0.337804245406101,0.310142169606926,,3.2195373083211902,in,,,,
Pell,128,4,0,109,0.2370191440919675,0.011922071622592734,0.7803007136638501,0.5222481456041974,0.3377627438004953,0.309239639474667,,3.2196992863361498,in,,,,
Pell,128,4,0,108,0.2489229197538892,0.011885479701250645,0.7801286448527952,0.5205776238726164,0.3377188429161934,0.3082905409585336,,3.219871355147205,in,,,,
Pell,128,4,0,107,0.26078920853970644,0.011847097870383794,0.7799462263267937,0.5188253957664442,0.33767250820976835,0.3072950170075085,,3.2200537736732064,in,,,,
Pell,128,4,0,106,0.2726162234299756,0.011806931910154639,0.779753181455584,0.5169917268935188,0.33762370303052525,0.3062532175632091,,3.2202468185444157,in,,,,
Pell,128,4,0,105,0.28440218331975753,0.011764987869409216,0.779549215108428,0.515076895352777,0.33757238856034943,0.3051652995373431,,3.2204507848915718,in,,,,
Pell,128,4,0,104,0.2961453132868451,0.01172127206476592,0.7793340128064762,0.5130811917149869,0.3375185237495592,0.30403142678811684,,3.2206659871935237,in,,,,
Pell,128,4,0,103,0.30784384485905975,0.011675791079663322,0.7791072398067225,0.5110049190032251,0.3374620652485652,0.30285177009560055,,3.2208927601932773,in,,,,
Pell,128,4,0,102,0.3194960162805771,0.011628551763371464,0.7788685401192914,0.5088483926732242,0.33740296733516156,0.3016265071360538,,3.2211314598807084,in,,,,
Pell,128,4,0,101,0.3311000727772414,0.01157956122995707,0.7786175354498358,0.5066119405936811,0.3373411818372314,0.300355822455216,,3.2213824645501643,in,,,,
Pell,128,4,0,100,0.34265426682082717,0.011528826857214458,0.7783538240626197,0.5042959030266407,0.3372766580506451,0.2990399074405654,,3.2216461759373805,in,,,,
Pell,128,4,0,99,0.3541568583922113,0.011476356285553768,0.7780769795590419,0.5019006326080813,0.33720934265211544,0.29767896029255086,,3.221923020440958,in,,,,
Pell,128,4,0,98,0.3656061152434128,0.011422157416849321,0.7777865495648009,0.49942649432882963,0.3371391796067506,0.29627318599480246,,3.2222134504351994,in,,,,
Pell,128,4,0,97,0.3770003131584636,0.011366238413252239,0.7774820543214253,0.49687386551595614,0.33706611007003845,0.2948227962833235,,3.222517945678575,in,,,,
Pell,128,4,0,96,0.3883377362130689,0.011308607695958262,0.7771629851701534,0.4942431358147818,0.3369900722839549,0.2933280096146703,,3.222837014829847,in,,,,
Pell,128,4,0,95,0.39961667703301884,0.011249273943941762,0.7768288029257207,0.49153470717168596,0.33691100146689856,0.2917890511331249,,3.2231711970742793,in,,,,
Pell,128,4,0,94,0.41083543705131337,0.011188246092647236,0.7764789361292732,0.48874899381787806,0.3368288296971087,0.2902061526368646,,3.223521063870727,in,,,,
Pell,128,4,0,93,0.4219923267639594,0.011125533332644877,0.7761127791682421,0.4858864222543123,0.33674348578919816,0.28857955254313533,,3.2238872208317577,in,,,,
Pell,128,4,0,92,0.4330856659844046,0.011061145108245518,0.7757296902578277,0.4829474312379685,0.3366548951634304,0.2869094958524336,,3.224270309742172,in,,,,
Pell,128,4,0,91,0.44411378409656704,0.010995091116079325,0.7753289892712868,0.4799324717697126,0.33656297970732457,0.2851962341117031,,3.2246710107287133,in,,,,
Pell,128,4,0,90,0.4550750203064234,0.010927381303633354,0.7749099554033136,0.4768420070839531,0.3364676576291335,0.283440025376552,,3.225090044596686,in,,,,
Pell,128,4,0,89,0.4659677238921189,0.010858025867757637,0.7744718246589967,0.47367651264037464,0.3363688433027415,0.28164113417249664,,3.2255281753410032,in,,,,
Pell,128,4,0,88,0.47679025445256024,0.010787035253125077,0.7740137871501221,0.47043647611800554,0.33626644710346365,0.27979983145523885,,3.225986212849878,in,,,,
Pell,128,4,0,87,0.4875409821544534,0.010714420150661208,0.7735349841826173,0.46712239741190875,0.33616037523420145,0.2779163945699826,,3.2264650158173827,in,,,,
Pell,128,4,0,86,0.4982182879777507,0.010640191495933482,0.773034505119972,0.4637347886328266,0.336050529541384,0.27599110720979747,,3.226965494880028,in,,,,
Pell,128,4,0,85,0.5088205639594696,0.010564360467504197,0.7725113840025329,0.46027417411011246,0.3359368073200639,0.27402425937303504,,3.227488615997467,in,,,,
Pell,128,4,0,84,0.5193462134358452,0.010486938485247066,0.7719645958996233,0.45674109039831207,0.3358191011074988,0.27201614731980656,,3.2280354041003765,in,,,,
Pell,128,4,0,83,0.5297936512827829,0.010407937208628315,0.7713930529752584,0.4531360862878023,0.335697298464508,0.2699670735275283,,3.2286069470247414,in,,,,
Pell,128,4,0,82,0.5401613041545716,0.0103273685349492,0.7707956002380973,0.4494597228199054,0.3355712817438306,0.2678773466455424,,3.229204399761903,in,,,,
Pell,128,4,0,81,0.550447610720824,0.010245244597555714,0.7701710109517156,0.4457125733069518,0.335440927844666,0.2657472814488217,,3.2298289890482845,in,,,,
Pell,128,4,0,80,0.5606510219016076,0.010161577764011387,0.7695179816693315,0.4418952233577737,0.33530610795250304,0.2635771987907654,,3.2304820183306684,in,,,,
Pell,128,4,0,79,0.5707700011007293,0.010076380634231996,0.7688351268660804,0.4380082709091979,0.33516668726330373,0.2613674255550957,,3.2311648731339195,in,,,,
Pell,128,4,0,78,0.580803024437142,0.009989666038593525,0.7681209731234087,0.43405232626408735,0.3350225246910013,0.2591182946068617,,3.2318790268765913,in,,,,
Pell,128,4,0,77,0.5907485809744362,0.009901447035994493,0.7673739528314072,0.4300280121365954,0.334873472557235,0.25683014474256216,,3.232626047168593,in,,,,
Pell,128,4,0,76,0.6006051729483795,0.009811736911892077,0.7665923973592838,0.4259359637053004,0.3347193762621356,0.25450332063939346,,3.233407602640716,in,,,,
Pell,128,4,0,75,0.6103713159924762,0.009720549176301385,0.7657745296440958,0.4217768286749643,0.3345600739348933,0.2521381728036345,,3.2342254703559044,in,,,,
Pell,128,4,0,74,0.6200455393615065,0.009627897561759413,0.764918456143668,0.4175512673477309,0.3343953960627566,0.24973505751817723,,3.235081543856332,in,,,,
Pell,128,4,0,73,0.6296263861530158,0.009533796021259144,0.7640221580892834,0.41325995270462557,0.33422516509698874,0.2472943367892132,,3.2359778419107164,in,,,,
Pell,128,4,0,72,0.6391124135267183,0.009438258726145898,0.7630834819707347,0.4089035704983126,0.3340491950342112,0.24481637829208677,,3.236916518029265,in,,,,
Pell,128,4,0,71,0.6485021929217839,0.009341300063985258,0.7621001291756804,0.4044828193581351,0.3338672909714352,0.24230155531632575,,3.23789987082432,in,,,,
Pell,128,4,0,70,0.6577943102719742,0.009242934636395361,0.7610696447011194,0.399998410908571,0.3336792486329642,0.23975024670986095,,3.238930355298881,in,,,,
Pell,128,4,0,69,0.6669873662185952,0.009143177256846546,0.7599894048377324,0.3954510699023087,0.33348485386718935,0.2371628368224468,,3.2400105951622677,in,,,,
Pell,128,4,0,68,0.6760799763212357,0.009042042948434692,0.7588566037239917,0.3908415343692807,0.3332838821111667,0.23453971544829502,,3.2411433962760086,in,,,,
Pell,128,4,0,67,0.68507077126626,0.008939546941613807,0.7576682386514964,0.3861705557831017,0.3330760978206956,0.2318812777679342,,3.2423317613485034,in,,,,
Pell,128,4,0,66,0.6939583970730199,0.008835704671905864,0.7564210939858501,0.3814388992464818,0.3328612538634289,0.22918792428931006,,3.2435789060141498,in,,,,
Pell,128,4,0,65,0.7027415152977601,0.008730531777574657,0.7551117235602379,0.3766473436973505,0.33263909087237853,0.22646006078813888,,3.244888276439762,in,,,,
Pell,128,4,0,64,0.711418803235183,0.008624044097271133,0.753736431366979,0.3717966821375505,0.3324093365569355,0.22369809824753142,,3.246263568633021,in,,,,
Pell,128,4,0,63,0.7199889541176427,0.008516257667648186,0.7522912503686564,0.36688772188618385,0.3321717049683481,0.2209024527969014,,3.2477087496313435,in,,,,
Pell,128,4,0,62,0.7284506773119397,0.008407188720945924,0.7507719192097949,0.3619212848598303,0.33192589571630715,0.21807354565017717,,3.249228080790205,in,,,,
Pell,128,4,0,61,0.7368026985136857,0.00829685368254618,0.7491738565956864,0.35689820788211446,0.33167159313306976,0.2152118030433336,,3.2508261434043138,in,,,,
Pell,128,4,0,60,0.745043759939209,0.008185269168500264,0.7474921330690872,0.3518193430253162,0.33140846538125285,0.2123176561712644,,3.252507866930913,in,,,,
Pell,128,4,0,59,0.7531726205149718,0.00807245198302542,0.7457214398780209,0.3466855579869682,0.3311361635011194,0.2093915411240163,,3.2542785601219792,in,,,,
Pell,128,4,0,58,0.7611880560644717,0.007958419115974391,0.7438560545945254,0.3414977365046989,0.3308543203928805,0.20643389882240595,,3.2561439454054746,in,,,,
Pell,128,4,0,57,0.769088859492598,0.007843187740278035,0.7418898030879555,0.33625677881286775,0.3305625497291576,0.20344517495304634,,3.2581101969120443,in,,,,
Pell,128,4,0,56,0.7768738409674157,0.007726775209357495,0.7398160174098444,0.3309636021449147,0.3302604447924,0.20042581990280833,,3.2601839825901555,in,,,,
Pell,128,4,0,55,0.7845418280993504,0.007609199054511739,0.7376274890834216,0.3256191412857361,0.3299475772316537,0.1973762886927467,,3.2623725109165784,in,,,,
Pell,128,4,0,54,0.7920916661177448,0.007490476982277228,0.7353164172143429,0.3202243491788237,0.3296234957326426,0.19429704091152375,,3.264683582785657,in,,,,
Pell,128,4,0,53,0.7995222180447641,0.0073706268717613765,0.7328743507600478,0.3147801975934041,0.32928772459469524,0.19118854064836593,,3.267125649239952,in,,,,
Pell,128,4,0,52,0.8068323648666198,0.007249666771949825,0.7302921241943785,0.3092876778573519,0.32893976220757465,0.18805125642559353,,3.2697078758056213,in,,,,
Pell,128,4,0,51,0.8140210057020891,0.007127614898988943,0.727559785689218,0.3037478016622562,0.32857907942078535,0.18488566113076862,,3.272440214310782,in,,,,
Pell,128,4,0,50,0.8210870579683043,0.007004489633441469,0.72466651680047,0.2981616019476929,0.32820511779742845,0.1816922319485105,,3.27533348319953,in,,,,
Pell,128,4,0,49,0.8280294575437852,0.006880309517520278,0.7216005424891998,0.29253013387252785,0.32781728774417823,0.17847145029203723,,3.2783994575108,in,,,,
Pell,128,4,0,48,0.8348471589286917,0.006755093252292732,0.7183490301186609,0.28685447588190544,0.32741496650843444,0.17522380173449761,,3.281650969881339,in,,,,
Pell,128,4,0,47,0.8415391354022725,0.006628859694869038,0.7148979758479842,0.2811357308795423,0.32699749603322337,0.17194977594016717,,3.2851020241520157,in,,,,
Pell,128,4,0,46,0.848104379177486,0.006501627855557968,0.7112320765854688,0.27537502751603277,0.3265641806599872,0.16864986659559478,,3.288767923414531,in,,,,
Pell,128,4,0,45,0.8545419015527685,0.0063734168950069225,0.7073345853413794,0.2695735216050541,0.3261142846689815,0.16532457134079945,,3.2926654146586207,in,,,,
Pell,128,4,0,44,0.8608507330609294,0.006244246121314689,0.7031871474582462,0.26373239768076534,0.32564702964677117,0.16197439170063088,,3.2968128525417537,in,,,,
Pell,128,4,0,43,0.8670299236151491,0.006114134987124653,0.6987696147379039,0.2578528707112193,0.32516159167015685,0.15859983301643119,,3.3012303852620963,in,,,,
Pell,128,4,0,42,0.8730785426520589,0.005983103086695141,0.694059833948193,0.25193618798438244,0.3246570982960042,0.15520140437815477,,3.305940166051807,in,,,,
Pell,128,4,0,41,0.8789956792718807,0.005851170152948448,0.6890334055330806,0.2459836311853588,0.3241326253468749,0.151779618557136,,3.3109665944669193,in,,,,
Pell,128,4,0,40,0.8847804423756044,0.005718356054498885,0.6836634075580958,0.23999651868572042,0.32358719348329446,0.14833499193972924,,3.316336592441904,in,,,,
Pell,128,4,0,39,0.8904319607991845,0.0055846807926613895,0.6779200789414481,0.23397620806845149,0.32301976455502424,0.1448680444620875,,3.3220799210585517,in,,,,
Pell,128,4,0,38,0.8959493834447345,0.005450164498438714,0.6717704548326133,0.22792409891505785,0.3224292377261982,0.14137929954640613,,3.3282295451673867,in,,,,
Pell,128,4,0,37,0.9013318794086986,0.0053148274294894104,0.6651779455193608,0.22184163588486439,0.3218144453728754,0.1378692840390207,,3.334822054480639,in,,,,
Pell,128,4,0,36,0.9065786381069829,0.005178689967079042,0.658101848416725,0.21573031212057175,0.3211741487570044,0.13433852815083827,,3.341898151583275,in,,,,
Pell,128,4,0,35,0.9116888693970265,0.005041772613008311,0.6504967804083369,0.20959167301884338,0.32050703348858994,0.13078756540068556,,3.349503219591663,in,,,,
Pell,128,4,0,34,0.9166618036967942,0.004904095986526968,0.642312014941223,0.20342732041018696,0.31981170479891596,0.12721693256229843,,3.357687985058777,in,,,,
Pell,128,4,0,33,0.9214966921006722,0.004765680821229079,0.6334907046613516,0.19723891719886505,0.31908668266329143,0.12362716961584806,,3.3665092953386484,in,,,,
Pell,128,4,0,32,0.9261928064922511,0.00462654796192874,0.6239689657740606,0.19102819252119052,0.31833039683363973,0.1200188197051269,,3.3760310342259396,in,,,,
Pell,128,4,0,31,0.9307494396539772,0.0044867183615233674,0.6136747944272991,0.18479694748963715,0.31754118187188757,0.11639242910180622,,3.386325205572701,in,,,,
Pell,128,4,0,30,0.9351659053736568,0.004346213077836003,0.6025267778263256,0.17854706160103648,0.3167172723179716,0.11274854717855887,,3.3974732221736743,in,,,,
Pell,128,4,0,29,0.9394415385477978,0.0042050532704458465,0.5904325529201915,0.17228049990016625,0.31585679818639373,0.10908772639333848,,3.4095674470798087,in,,,,
Pell,128,4,0,28,0.943575695281771,0.004063260197500584,0.5772869525795205,0.16599932100583875,0.3149577810698277,0.1054105222877703,,3.4227130474204794,in,,,,
Pell,128,4,0,27,0.947567752986779,0.003920855212515395,0.5629697620997726,0.1597056861258645,0.31401813124774774,0.10171749350349653,,3.4370302379002275,in,,,,
Pell,128,4,0,26,0.9514171104736153,0.0037778597611571874,0.5473429860607264,0.15340186921093943,0.3130356463677638,0.09800920182151923,,3.4526570139392736,in,,,,
Pell,128,4,0,25,0.9551231880432014,0.0036342953780149623,0.5302474948519151,0.1470902684268477,0.31200801251009325,0.09428621223122557,,3.469752505148085,in,,,,
Pell,128,4,0,24,0.9586854275738873,0.003490183683356962,0.511498878287202,0.14077341916097424,0.3109328087953772,0.09054909303805009,,3.488501121712798,in,,,,
Pell,128,4,0,23,0.9621032926055029,0.0033455463798740537,0.4908822760052304,0.13445400882524866,0.3098075172047351,0.08679841602190384,,3.5091177239947697,in,,,,
Pell,128,4,0,22,0.9653762684201459,0.0032004052494122304,0.46814587372150124,0.12813489377618717,0.3086295400279583,0.08303475666300746,,3.531854126278499,in,,,,
Pell,128,4,0,21,0.968503862119698,0.0030547821496919036,0.44299264023026386,0.1218191187477199,0.3073962284652711,0.0792586944582391,,3.5570073597697363,in,,,,
Pell,128,4,0,20,0.971485602700052,0.0029086990110160915,0.41506971589595143,0.11550993928951173,0.3061049275767908,0.07547081336058166,,3.5849302841040487,in,,,,
Pell,128,4,0,19,0.9743210411220442,0.0027621778329683933,0.38395462324560886,0.10921084783000216,0.30475304531852243,0.07167170238831047,,3.616045376754391,in,,,,
Pell,128,4,0,18,0.977009750379078,0.0026152406810990847,0.34913711224752675,0.10292560415005224,0.3033381573451813,0.06786195647185186,,3.6508628877524734,in,,,,
Pell,128,4,0,17,0.979551325561429,0.002467909683602887,0.3099949070047797,0.09665827127457467,0.3018581654710477,0.0640421776391174,,3.69000509299522,in,,,,
Pell,128,4,0,16,0.9819453839172234,0.0023202070279858544,0.2657607668405816,0.09041325808738099,0.300311537660089,0.06021297669203523,,3.7342392331594185,in,,,,
Pell,128,4,0,15,0.9841915649100788,0.0021721549577249366,0.21547689804544262,0.08419537038162056,0.2986976738135192,0.05637497561108213,,3.7845231019545573,in,,,,
Pell,128,4,0,14,0.9862895302733998,0.002023775768917213,0.1579304525402222,0.07800987263218677,0.29701746927515305,0.052528811064590585,,3.842069547459778,in,,,,
Pell,128,4,0,13,0.9882389640613197,0.0018750918069225797,0.09155985032671082,0.07186256363668417,0.29527419610125616,0.048675139640065854,,3.908440149673289,in,,,,
Pell,128,4,0,12,0.9900395726962805,0.0017261254629989953,0.014314415786226508,0.06575987060647785,0.293474909239587,0.04481464584271687,,3.9856855842137735,in,,,,
Pell,128,4,0,11,0.991691085013245,0.0015768991709299574,-0.0765638020268912,0.05970896904296054,0.2916327502286652,0.04094805469971639,,4.076563802026891,in,,,,
Pell,128,4,0,10,0.993193252300533,0.0014274354036460934,-0.18489344230883512,0.05371794166565098,0.2897708540991824,0.0370761523498595,,4.1848934423088355,out,,,,
Pell,128,4,0,9,0.9945458483372764,0.0012777566698407572,-0.3161516255991718,0.04779600297735502,0.28792927976779564,0.03319982116157185,,4.316151625599172,out,,,,
Pell,128,4,0,8,0.9957486694274874,0.0011278855105811836,-0.4785301441587023,0.041953845221189244,0.2861780221639408,0.029320102853429775,,4.478530144158702,out,,,,
Pell,128,4,0,7,0.9968015344307342,0.0009778444959122057,-0.684889243255867,0.0362042236386421,0.28464320213162564,0.0254383195295143,,4.684889243255867,out,,,,
Pell,128,4,0,6,0.9977042847894197,0.0008276562214589722,-0.9565352937891423,0.030563044152523706,0.2835645072125917,0.021556325545079753,,4.956535293789142,out,,,,
Pell,128,4,0,5,0.9984567845526608,0.0006773433050232258,-1.3301314026554394,0.025051645366753885,0.28343629469248033,0.017677090644960734,,5.330131402655439,out,,,,
FAIL,rect:256:5:10,ANA-SOLVE-SINGULAR
FAIL,tap:256:5:8,ANA-SOLVE-SINGULAR
ell,256,5,3,1,0.9999905876413006,1.882471739889091E-05,1077.1962973218642,0.018695380110049016,2.7073908526813844,0.0013810625157083041,1811.250815754258,-1069.1963255589403,out:alpha+cl+sweep;sweep=87.4,0.5264457681143031,7.999974967424271,4.54,RunDiagnostics { ResidualInf = 1.6076029396572267E-12; Kappa1 = 31214.949593529698 }
ell,256,5,3,2,0.9999529385608728,5.64734434566061E-05,-29.30940518063729,0.013515910698920074,0.8753519268593141,0.003088108972905098,436.4895028807287,37.30926399631991,out:alpha+sweep;sweep=82.3,0.5264457681143031,7.999974967424271,4.54,RunDiagnostics { ResidualInf = 1.6076029396572267E-12; Kappa1 = 31214.949593529698 }
ell,256,5,3,3,0.999877641817484,9.41200433210998E-05,1.1310719838702705,0.01798341369091364,0.7223268889984117,0.004979300636544124,348.4678984664774,6.868560941582182,out:sweep;sweep=77.3,0.5264457681143031,7.999974967424271,4.54,RunDiagnostics { ResidualInf = 1.6076029396572267E-12; Kappa1 = 31214.949593529698 }
ell,256,5,3,4,0.9997647002460138,0.00013176309961915322,1.1746500154541437,0.022732610530282072,0.6584593883000616,0.006904787427808005,314.6503856662883,6.824644085283897,out:sweep;sweep=72.4,0.5264457681143031,7.999974967424271,4.54,RunDiagnostics { ResidualInf = 1.6076029396572267E-12; Kappa1 = 31214.949593529698 }
Pell,256,5,3,256,0.0030679423245771656,0.0061358846491544545,0.6999740059189615,0.7574876922654705,0.47594579371163154,0.3183083881709525,,4.30922982105477,in,,,,
Pell,256,5,3,255,0.009203711467437108,0.00613565363656543,0.7090247023323794,0.75758042634832,0.47602198231842,0.31829640415284866,,4.318586432069932,in,,,,
Pell,256,5,3,254,0.01533913409576226,0.006135191620084872,0.7180157584842143,0.7577327752707878,0.47615356418667704,0.31827243656784515,,4.328001643803073,in,,,,
Pell,256,5,3,253,0.021473979214358417,0.006134498617107447,0.7269523994735606,0.757931515062579,0.4763322545639323,0.3182364863183335,,4.337469538169515,in,,,,
Pell,256,5,3,252,0.0276080158497743,0.006133574653724317,0.7358380247576282,0.7581681536111036,0.4765527497920656,0.31818855475785857,,4.346986022791695,in,,,,
Pell,256,5,3,251,0.03374101305899766,0.006132419764722407,0.7446753999086716,0.7584364044826357,0.47681113884177495,0.3181286436910675,,4.356547639268322,in,,,,
Pell,256,5,3,250,0.039872739938149854,0.006131033993581968,0.7534668398980915,0.7587312677215775,0.47710432487450016,0.318056755373642,,4.366151379916358,in,,,,
Pell,256,5,3,249,0.04600296563117942,0.006129417392477174,0.7622142548778983,0.759048587629354,0.47742974668835925,0.3179728925122131,,4.37579464201564,in,,,,
Pell,256,5,3,248,0.05213145933855396,0.006127570022271905,0.7709191895711585,0.7593848051188719,0.4777852225419644,0.3178770582642598,,4.385475188444504,in,,,,
Pell,256,5,3,247,0.05825799032594922,0.006125491952518616,0.7795828657442684,0.7597368048884348,0.4781688536410451,0.31776925623798946,,4.395191105233579,in,,,,
Pell,256,5,3,246,0.06438232793293626,0.006123183261455452,0.7882062238707602,0.7601018144809603,0.478578960289324,0.31764949049220303,,4.404940759928049,in,,,,
Pell,256,5,3,245,0.07050424158166566,0.006120644036003348,0.7967899618047676,0.7604773341728298,0.47901403745943716,0.3175177655361413,,4.4147227629402295,in,,,,
Pell,256,5,3,244,0.07662350078554866,0.0061178743717626854,0.805334570012038,0.7608610863506813,0.479472722647678,0.31737408632931585,,4.424535932344608,in,,,,
Pell,256,5,3,243,0.08273987515793488,0.0061148743730097405,0.8138403635859915,0.7612509778158519,0.4799537718834408,0.31721845828132195,,4.4343792618878135,in,,,,
Pell,256,5,3,242,0.08885313442078616,0.006111644152692816,0.8223075113425427,0.7616450710021976,0.4804560413658136,0.31705088725163516,,4.444251891919816,in,,,,
Pell,256,5,3,241,0.0949630484133466,0.006108183832428074,0.8307360622502367,0.7620415615362757,0.4809784731078849,0.316871379549391,,4.454153082989803,in,,,,
Pell,256,5,3,240,0.10106938710080762,0.006104493542493955,0.8391259693119167,0.7624387604296315,0.4815200835110591,0.316679941933147,,4.464082191990506,in,,,,
Pell,256,5,3,239,0.10717192058296883,0.006100573421828459,0.8474771109733787,0.7628350797288668,0.4820799541290592,0.31647658161062875,,4.474038650775528,in,,,,
Pell,256,5,3,238,0.1132704191028939,0.006096423618021693,0.8557893101050017,0.7632290207951393,0.48265722409915734,0.31626130623845844,,4.48402194720368,in,,,,
Pell,256,5,3,237,0.11936465305556046,0.006092044287311402,0.8640623505951579,0.763619164615184,0.48325108386331983,0.31603412392186664,,4.4940316085715235,in,,,,
Pell,256,5,3,236,0.12545439299650463,0.006087435594576959,0.8722959916486299,0.7640041637038053,0.48386076990140525,0.31579504321438745,,4.504067187340884,in,,,,
Pell,256,5,3,235,0.13153940965045963,0.006082597713332999,0.8804899798721352,0.7643827352683352,0.4844855602682242,0.31554407311753624,,4.514128249079244,in,,,,
Pell,256,5,3,234,0.13761947391998763,0.006077530825723015,0.8886440593050644,0.7647536553848594,0.48512477077625793,0.3152812230804713,,4.524214362454899,in,,,,
Pell,256,5,3,233,0.14369435689410537,0.006072235122512509,0.8967579795457561,0.7651157539936987,0.48577775170221077,0.3150065029996377,,4.5343250911365605,in,,,,
Pell,256,5,3,232,0.14976382985690245,0.00606671080308166,0.9048315021638441,0.7654679105644496,0.48644388492257246,0.3147199232183953,,4.544459987406863,in,,,,
Pell,256,5,3,231,0.1558276642961523,0.006060958075417983,0.9128644055795593,0.765809050312982,0.48712258140362213,0.31442149452662904,,4.554618587308898,in,,,,
Pell,256,5,3,230,0.16188563191191563,0.006054977156108671,0.9208564886190233,0.7661381408772607,0.4878132789867499,0.3141112281603432,,4.564800407116723,in,,,,
Pell,256,5,3,229,0.1679375046251356,0.006048768270331295,0.9288075729177282,0.7664541893775371,0.48851544042176664,0.3137891358012382,,4.575004940957679,in,,,,
Pell,256,5,3,228,0.17398305458622498,0.0060423316518475045,0.9367175043661266,0.7667562398010523,0.4892285516100998,0.3134552295762712,,4.585231659392549,in,,,,
Pell,256,5,3,227,0.18002205418364484,0.0060356675429921736,0.9445861537502926,0.7670433706626882,0.4899521200269107,0.3131095220571995,,4.595480008800642,in,,,,
Pell,256,5,3,226,0.18605427605247354,0.006028776194665242,0.9524134167502959,0.7673146929019778,0.49068567329685175,0.3127520262601076,,4.605749411407126,in,,,,
Pell,256,5,3,225,0.19207949308296718,0.006021657866322028,0.9601992134212224,0.7675693479839143,0.49142875790263163,0.312382755644917,,4.61603926582768,in,,,,
Pell,256,5,3,224,0.19809747842911002,0.006014312825963625,0.9679434872698102,0.7678065061766378,0.49218093800913043,0.31200172411488,,4.62634894801752,in,,,,
Pell,256,5,3,223,0.20410800551715513,0.006006741350126632,0.9756462040408224,0.7680253649836333,0.4929417943887014,0.31160894601605604,,4.6366778125106425,in,,,,
Pell,256,5,3,222,0.21011084805415486,0.005998943723872802,0.9833073502809568,0.7682251477116349,0.49371092343555517,0.311204436136772,,4.6470251938815075,in,,,,
Pell,256,5,3,221,0.21610578003648045,0.005990920240778408,0.9909269317597027,0.7684051021584368,0.4944879362590355,0.3107882097070659,,4.657390408349739,in,,,,
Pell,256,5,3,220,0.22209257575833116,0.005982671202923007,0.9985049718055514,0.7685644994071879,0.49527245784711305,0.3103602823981131,,4.667772755469442,in,,,,
Pell,256,5,3,219,0.2280710098202319,0.005974196920878472,1.0060415095946271,0.7687026327156908,0.4960641262926597,0.3099206703216367,,4.678171519866069,in,,,,
Pell,256,5,3,218,0.23404085713751918,0.0059654977136960885,1.0135365984419349,0.7688188164908927,0.4968625920761325,0.30946939002930185,,4.688585972970623,in,,,,
Pell,256,5,3,217,0.24000189294881555,0.005956573908896645,1.0209903041126787,0.7689123853400373,0.4976675173991218,0.3090064585120918,,4.699015374733768,in,,,,
Pell,256,5,3,216,0.24595389282449198,0.00594742584245625,1.0284027031800678,0.768982693191102,0.4984785755639523,0.3085318931996689,,4.709458975293408,in,,,,
Pell,256,5,3,215,0.2518966326751173,0.005938053858794395,1.0357738814447857,0.7690291124760623,0.4992954503951172,0.308045711959719,,4.719916016580567,in,,,,
Pell,256,5,3,214,0.257829888759895,0.005928458310760942,1.043103932431077,0.7690510333713214,0.5001178356988459,0.3075479330972783,,4.730385733848609,in,,,,
Pell,256,5,3,213,0.26375343769508686,0.005918639559622851,1.0503929559575607,0.7690478630902842,0.5009454347575044,0.30703857535404494,,4.7408673571277,in,,,,
Pell,256,5,3,212,0.2696670564624236,0.005908597975050556,1.0576410567974874,0.7690190252236584,0.5017779598559344,0.30651765790767355,,4.751360112589783,in,,,,
Pell,256,5,3,211,0.2755705224175009,0.005898333935104083,1.0648483434257758,0.7689639591235279,0.5026151318371234,0.30598520037105337,,4.761863223826726,in,,,,
Pell,256,5,3,210,0.28146361329816233,0.005887847826218762,1.0720149268495665,0.7688821193276537,0.50345667968487,0.30544122279157054,,4.772375913044921,in,,,,
Pell,256,5,3,209,0.2873461072328669,0.005877140043190454,1.0791409195298955,0.7687729750208541,0.5043023401313703,0.3048857456503531,,4.782897402168705,in,,,,
Pell,256,5,3,208,0.293217782749043,0.00586621098916168,1.0862264343796697,0.7686360095305821,0.5051518572878123,0.30431878986150046,,4.793426913867459,in,,,,
Pell,256,5,3,207,0.29907841878142594,0.00585506107560424,1.0932715838472506,0.7684707198541482,0.5060049822962942,0.30374037677129656,,4.8039636724970265,in,,,,
Pell,256,5,3,206,0.30492779468038145,0.0058436907223067824,1.1002764790762847,0.7682766162152355,0.5068614730015051,0.3031505281574061,,4.81450690496486,in,,,,
Pell,256,5,3,205,0.31076569022021316,0.00583210035735654,1.1072412291309097,0.7680532216475671,0.5077210936407457,0.3025492662280554,,4.825055841529729,in,,,,
Pell,256,5,3,204,0.31659188560745355,0.00582029041712423,1.1141659402953223,0.7678000716038204,0.5085836145510244,0.3019366136211963,,4.835609716527038,in,,,,
Pell,256,5,3,203,0.32240616148913925,0.005808261346247234,1.1210507154359401,0.7675167135880019,0.5094488118920375,0.3013125934036545,,4.846167769031478,in,,,,
Pell,256,5,3,202,0.3282082989610696,0.0057960135976134475,1.1278956534164635,0.7672027068096513,0.5103164673839494,0.30067722907026123,,4.856729243466745,in,,,,
Pell,256,5,3,201,0.3339980795760481,0.005783547632343622,1.1347008485742736,0.7668576218584178,0.5111863680589962,0.3000305445429697,,4.867293390153871,in,,,,
Pell,256,5,3,200,0.3397752853521071,0.005770863919774327,1.1414663902444127,0.7664810403976245,0.5120583060259946,0.29937256416995384,,4.877859465811909,in,,,,
Pell,256,5,3,199,0.34553969878071433,0.005757962937440131,1.148192362325449,0.7660725548755584,0.5129320782469039,0.2987033127246931,,4.888426734016694,in,,,,
Pell,256,5,3,198,0.3512911028349624,0.005744845171056001,1.1548788428971213,0.7656317682533592,0.5138074863246946,0.2980228154050395,,4.898994465607766,in,,,,
Pell,256,5,3,197,0.3570292809777393,0.005731511114497767,1.1615259038658448,0.7651582937483935,0.514684336301771,0.29733109783226974,,4.909561939067373,in,,,,
Pell,256,5,3,196,0.362754017169881,0.005717961269785687,1.1681336106496676,0.7646517545921556,0.5155624384683074,0.2966281860501209,,4.920128440859975,in,,,,
Pell,256,5,3,195,0.36846509587830567,0.005704196147063634,1.1747020218985458,0.7641117838017816,0.5164416071798844,0.2959141065238107,,4.9306932657363705,in,,,,
Pell,256,5,3,194,0.3741623020841278,0.005690216264580716,1.181231189238089,0.7635380239643048,0.5173216606838371,0.2951888861390413,,4.941255717014295,in,,,,
Pell,256,5,3,193,0.37984542129075394,0.005676022148671522,1.1877211570385322,0.7629301270328754,0.518202420953794,0.2944525522009874,,4.95181510683373,in,,,,
Pell,256,5,3,192,0.38551423953195796,0.005661614333736464,1.1941719622103086,0.7622877541342223,0.5190837135319148,0.2937051324332697,,4.962370756385566,in,,,,
Pell,256,5,3,191,0.3911685433799371,0.005646993362221797,1.200583634019658,0.7616105753866671,0.5199653673783685,0.29294665497691047,,4.972921996120153,in,,,,
Pell,256,5,3,190,0.3968081199533473,0.005632159784598689,1.2069561939177342,0.7608982697280473,0.5208472147276089,0.29217714838927555,,4.983468165942308,in,,,,
Pell,256,5,3,189,0.4024327569253182,0.005617114159343073,1.21328965539462,0.7601505247529866,0.5217290909510718,0.29139664164299944,,4.994008615381334,in,,,,
Pell,256,5,3,188,0.4080422425314468,0.00560185705291405,1.219584023835097,0.7593670365589174,0.5226108344258873,0.29060516412489534,,5.004542703759244,in,,,,
Pell,256,5,3,187,0.4136363655777704,0.005586389039733186,1.225839296400153,0.7585475096003945,0.5234922864092966,0.28980274563484903,,5.015069800333158,in,,,,
Pell,256,5,3,186,0.41921491544871836,0.005570710702162696,1.2320554619082118,0.7576916565511719,0.5243732909184089,0.2889894163846979,,5.0255892844379435,in,,,,
Pell,256,5,3,185,0.42477768211504074,0.005554822630482181,1.2382325007291428,0.7567991981736207,0.5252536946150147,0.2881652069970941,,5.036100545615979,in,,,,
Pell,256,5,3,184,0.4303244561417169,0.005538725422870094,1.2443703846889176,0.7558698631950728,0.5261333466951679,0.28733014850435246,,5.046602983736234,in,,,,
Pell,256,5,3,183,0.4358550286958397,0.005522419685375424,1.2504690769758924,0.7549033881906734,0.5270120987832537,0.2864842723472826,,5.0570960091116275,in,,,,
Pell,256,5,3,182,0.4413691915544783,0.005505906031901764,1.2565285320523258,0.7538995174723919,0.5278898048302972,0.28562761037400636,,5.067579042611109,in,,,,
Pell,256,5,3,181,0.4468667371125179,0.005489185084177561,1.2625486955720504,0.7528580029838466,0.5287663210162784,0.2847601948387592,,5.0780515157655035,in,,,,
Pell,256,5,3,180,0.4523474583904752,0.005472257471737019,1.2685295042998468,0.7517786042006144,0.529641505656225,0.2838820584006768,,5.088512870871579,in,,,,
Pell,256,5,3,179,0.4578111490422919,0.005455123831896336,1.2744708860304372,0.75066108803572,0.5305152191098695,0.28299323412256655,,5.098962561096439,in,,,,
Pell,256,5,3,178,0.46325760336310307,0.005437784809725954,1.2803727595132621,0.749505228750033,0.5313873236946828,0.28209375546966314,,5.109400050576047,in,,,,
Pell,256,5,3,177,0.46868661629698183,0.005420241058031683,1.28623503436783,0.7483108078672778,0.5322576836020769,0.28118365630837,,5.119824814523116,in,,,,
Pell,256,5,3,176,0.4740979834446598,0.005402493237324224,1.292057611012662,0.747077614093451,0.533126164816633,0.28026297090498486,,5.130236339321318,in,,,,
Pell,256,5,3,175,0.47949150107122235,0.005384542015800853,1.2978403805725405,0.7458054432403439,0.5339926350381398,0.279331733924411,,5.140634122641127,in,,,,
Pell,256,5,3,174,0.4848669661137792,0.005366388069312944,1.3035832248069277,0.7444940981530322,0.5348569636063467,0.2783899804288527,,5.15101767353441,in,,,,
Pell,256,5,3,173,0.49022417618910985,0.005348032081348264,1.3092860160111386,0.7431433886410306,0.5357190214282133,0.27743774587649667,,5.161386512556191,in,,,,
Pell,256,5,3,172,0.4955629296012828,0.005329474742997609,1.3149486169356819,0.741753131413005,0.5365786809075803,0.2764750661201777,,5.171740171868166,in,,,,
Pell,256,5,3,171,0.5008830253492496,0.005310716752935873,1.3205708806841747,0.7403231500147823,0.5374358158770713,0.27550197740603044,,5.182078195363574,in,,,,
Pell,256,5,3,170,0.5061842631344122,0.005291758817389636,1.3261526506150767,0.7388532747705308,0.538290301532136,0.2745185163721257,,5.19240013878816,in,,,,
Pell,256,5,3,169,0.5114664433681644,0.005272601650114561,1.331693760237358,0.7373433427269336,0.5391420143671017,0.27352472004709194,,5.202705569867136,in,,,,
Pell,256,5,3,168,0.5167293671794057,0.005253245972367981,1.337194033096253,0.7357931976001891,0.5399908321131113,0.27252062584872305,,5.212994068441963,in,,,,
Pell,256,5,3,167,0.5219728364220292,0.0052336925128790845,1.3426532826584823,0.7342026897257128,0.5408366336778538,0.27150627158257046,,5.223265226607605,in,,,,
Pell,256,5,3,166,0.5271966536823818,0.005213942007825989,1.348071312179124,0.7325716760103707,0.5416792990869601,0.2704816954405212,,5.233518648868021,in,,,,
Pell,256,5,3,165,0.5324006222866959,0.005193995200802326,1.353447914578205,0.7309000198871693,0.5425187094270033,0.2694469359993613,,5.243753952281883,in,,,,
Pell,256,5,3,164,0.537584546308495,0.005173852842795812,1.3587828722899697,0.7291875912722092,0.5433547467899582,0.26840203221932557,,5.253970766635515,in,,,,
Pell,256,5,3,163,0.5427482305759695,0.0051535156921533876,1.36407595711741,0.7274342665238493,0.5441872942190783,0.267347023442631,,5.264168734610499,in,,,,
Pell,256,5,3,162,0.5478914806793256,0.0051329845145585695,1.369326930072623,0.7256399284039395,0.5450162356560736,0.2662819493919981,,5.274347511965354,in,,,,
Pell,256,5,3,161,0.5530141029781034,0.005112260082997144,1.3745355412042037,0.7238044660410206,0.5458414558895116,0.2652068501691568,,5.2845067677301065,in,,,,
Pell,256,5,3,160,0.5581159046084689,0.005091343177733965,1.379701529420762,0.7219277748954113,0.5466628405043746,0.26412176625333805,,5.294646184404645,in,,,,
Pell,256,5,3,159,0.5631966934904746,0.005070234586277422,1.3848246222992064,0.7200097567260767,0.5474802758326842,0.26302673849975167,,5.304765458172218,in,,,,
Pell,256,5,3,158,0.5682562783352902,0.005048935103353802,1.3899045358827287,0.7180503195591963,0.5482936489051238,0.26192180813805016,,5.314864299123141,in,,,,
Pell,256,5,3,157,0.5732944686524062,0.005027445530878194,1.39494097446674,0.7160493776583512,0.5491028474035906,0.26080701677077806,,5.324942431490478,in,,,,
Pell,256,5,3,156,0.5783110747568049,0.005005766677919077,1.3999336303739585,0.7140068514962592,0.549907759614611,0.25968240637180784,,5.334999593896456,in,,,,
Pell,256,5,3,155,0.5833059077761016,0.004983899360674449,1.404882183713565,0.711922667727976,0.550708274383548,0.25854801928476134,,5.34503553961474,in,,,,
Pell,256,5,3,154,0.5882787796576565,0.004961844402435189,1.4097863021288728,0.7097967591655043,0.5515042810695429,0.2574038982214179,,5.355050036844097,in,,,,
Pell,256,5,3,153,0.5932295031756537,0.0049396026335593035,1.4146456405309182,0.7076290647537475,0.5522956695011325,0.25625008626010837,,5.365042868996043,in,,,,
Pell,256,5,3,152,0.598157891938151,0.004917174891435394,1.4194598408147125,0.7054195295477385,0.5530823299324729,0.2550866268440956,,5.3750138349997405,in,,,,
Pell,256,5,3,151,0.6030637603940971,0.004894562020456683,1.4242285315627452,0.7031681046911031,0.5538641530001265,0.253913563779941,,5.384962749619547,in,,,,
Pell,256,5,3,150,0.6079469238403175,0.004871764871984152,1.4289513277301638,0.7008747473956952,0.554641029680345,0.252730941235858,,5.394889443790789,in,,,,
Pell,256,5,3,149,0.6128071984284682,0.004848784304317233,1.4336278303136327,0.6985394209223593,0.5554128512468026,0.25153880374005144,,5.404793764971772,in,,,,
Pell,256,5,3,148,0.617644401171958,0.004825621182662387,1.4382576260051234,0.6961620945627823,0.5561795092287282,0.2503371961790439,,5.41467557751075,in,,,,
Pell,256,5,3,147,0.6224583499528378,0.004802276379097026,1.4428402868192665,0.6937427436223681,0.5569408953693676,0.2491261637959886,,5.424534763039246,in,,,,
Pell,256,5,3,146,0.6272488635286566,0.004778750772540863,1.447375369711032,0.6912813494041335,0.557696901584758,0.2479057521889687,,5.434371220874938,in,,,,
Pell,256,5,3,145,0.6320157615392863,0.0047550452487182815,1.4518624161662892,0.6887778991935581,0.5584474199227368,0.24667600730928366,,5.44418486845157,in,,,,
Pell,256,5,3,144,0.6367588645137106,0.004731160700130355,1.4563009517734522,0.6862323862443717,0.559192342522153,0.24543697545972237,,5.453975641767679,in,,,,
Pell,256,5,3,143,0.6414779938767835,0.004707098026015544,1.4606904857771195,0.6836448097652489,0.5599315615722352,0.2441887032928233,,5.463743495853231,in,,,,
Pell,256,5,3,142,0.6461729719559519,0.004682858132321166,1.465030510594685,0.6810151749073572,0.5606649692720483,0.2429312378091209,,5.47348840527317,in,,,,
Pell,256,5,3,141,0.6508436219879445,0.004658441931664092,1.4693205013290103,0.6783434927527913,0.5613924577900387,0.24166462635538025,,5.483210364634823,in,,,,
Pell,256,5,3,140,0.6554897681254276,0.004633850343302104,1.4735599152381926,0.6756297803038052,0.5621139192235735,0.24038891662281797,,5.49290938913809,in,,,,
Pell,256,5,3,139,0.6601112354436253,0.004609084293093257,1.4777481911871773,0.6728740604728672,0.5628292455584673,0.2391041566453101,,5.502585515143699,in,,,,
Pell,256,5,3,138,0.6647078499469047,0.004584144713465577,1.4818847490726106,0.6700763620735098,0.5635383286284381,0.23781039479758836,,5.5122388007681025,in,,,,
Pell,256,5,3,137,0.669279438575328,0.00455903254338097,1.485968989209962,0.66723671981194,0.5642410600744442,0.23650767979342266,,5.521869326516022,in,,,,
Pell,256,5,3,136,0.6738258292111672,0.004533748728297371,1.4900002917024926,0.6643551742794371,0.5649373313038837,0.23519606068379148,,5.531477195931009,in,,,,
Pell,256,5,3,135,0.6783468506853845,0.004508294220137321,1.4939780157660558,0.6614317719454854,0.5656270334495861,0.23387558685503965,,5.541062536290097,in,,,,
Pell,256,5,3,134,0.6828423327840767,0.004482669977247111,1.4979014990321748,0.658466565151671,0.5663100573285826,0.23254630802702397,,5.550625499320056,in,,,,
Pell,256,5,3,133,0.6873121062548836,0.004456876964366696,1.5017700568023091,0.655459612106301,0.5669862934005859,0.2312082742512462,,5.560166261962342,in,,,,
Pell,256,5,3,132,0.6917560028133605,0.00443091615258695,1.5055829812796895,0.6524109768797836,0.5676556317261725,0.22986153590897362,,5.569685027160393,in,,,,
Pell,256,5,3,131,0.6961738551493133,0.004404788519318914,1.5093395407493997,0.6493207294007279,0.5683179619245959,0.22850614370934816,,5.57918202469854,in,,,,
Pell,256,5,3,130,0.700565496933099,0.004378495048252273,1.5130389787310186,0.646188945452803,0.568973173131222,0.22714214868748223,,5.588657512068278,in,,,,
Pell,256,5,3,129,0.7049307628218863,0.004352036729322384,1.516680513072901,0.6430157066723174,0.5696211539545083,0.2257696022025441,,5.598111775392757,in,,,,
Pell,256,5,3,128,0.709269488465882,0.004325414558669083,1.520263335015931,0.6398011005465712,0.5702617924325339,0.2243885559358299,,5.607545130381714,in,,,,
Pell,256,5,3,127,0.7135815105145176,0.00429862953860205,1.5237866082027038,0.6365452204129594,0.5708949759890084,0.2229990618888245,,5.616957923340849,in,,,,
Pell,256,5,3,126,0.7178666666226001,0.00427168267756306,1.5272494676393193,0.6332481654588451,0.571520591388733,0.22160117238125082,,5.626350532228481,in,,,,
Pell,256,5,3,125,0.7221247954564243,0.004244574990085126,1.5306510186012474,0.6299100407222138,0.5721385246924698,0.22019494004910675,,5.635723367768025,in,,,,
Pell,256,5,3,124,0.726355736699846,0.004217307496758416,1.5339903354916673,0.6265309570931399,0.572748661211198,0.21878041784269134,,5.64507687460787,in,,,,
Pell,256,5,3,123,0.7305593310603189,0.004189881224187508,1.537266460635467,0.6231110313160606,0.5733508854596964,0.21735765902461907,,5.65441153254549,in,,,,
Pell,256,5,3,122,0.7347354202748912,0.004162297204957088,1.540478403014954,0.6196503859928958,0.573945081109431,0.2159267171678227,,5.66372785780972,in,,,,
Pell,256,5,3,121,0.7388838471161643,0.004134556477589091,1.5436251369431093,0.6161491495870336,0.5745311309407082,0.21448764615354513,,5.673026404405384,in,,,,
Pell,256,5,3,120,0.7430044553982125,0.0041066600865070635,1.5467056006650866,0.612607456428199,0.5751089167940486,0.21304050016931975,,5.682307765529551,in,,,,
Pell,256,5,3,119,0.7470970899824625,0.004078609081993201,1.549718694892804,0.6090254467182511,0.5756783195207585,0.2115853337069402,,5.691572575054583,in,,,,
Pell,256,5,3,118,0.7511615967835358,0.004050404520153261,1.5526632812629169,0.6054032665379256,0.5762392189326535,0.21012220156041844,,5.700821509087691,in,,,,
Pell,256,5,3,117,0.7551978227750484,0.004022047462872158,1.5555381807138204,0.6017410678545666,0.5767914937509043,0.20865115882393268,,5.710055287611325,in,,,,
Pell,256,5,3,116,0.7592056159953731,0.0039935389777771,1.5583421717836288,0.5980390085308853,0.5773350215539717,0.20717226088976423,,5.71927467620249,in,,,,
Pell,256,5,3,115,0.7631848255533603,0.003964880138197291,1.5610739888173877,0.5942972523347817,0.5778696787245944,0.2056855634462235,,5.728480487842694,in,,,,
Pell,256,5,3,114,0.7671353016340192,0.003936072023120518,1.563732320073009,0.590515968950264,0.5783953403957869,0.20419112247556603,,5.737673584829049,in,,,,
Pell,256,5,3,113,0.7710568955041582,0.003907115717157517,1.566315805750254,0.5866953339895575,0.5789118803958596,0.2026889942518974,,5.746854880762221,in,,,,
Pell,256,5,3,112,0.7749494595179847,0.003878012310495338,1.5688230358898918,0.5828355290063835,0.5794191711923643,0.20117923533906854,,5.756025342664062,in,,,,
Pell,256,5,3,111,0.7788128471226634,0.003848762898862157,1.5712525481826292,0.5789367415105292,0.5799170838350008,0.19966190258856023,,5.76518599318536,in,,,,
Pell,256,5,3,110,0.7826469128638347,0.0038193685834805313,1.5736028256506183,0.5749991649837227,0.5804054878974152,0.19813705313735833,,5.774337912940886,in,,,,
Pell,256,5,3,109,0.7864515123910907,0.003789830471031208,1.5758722942064125,0.5710229988968931,0.5808842514178876,0.19660474440581785,,5.783482242966859,in,,,,
Pell,256,5,3,108,0.7902265024634092,0.003760149673605939,1.5780593200949313,0.567008448728899,0.5813532408388965,0.19506503409551898,,5.792620187295296,in,,,,
Pell,256,5,3,107,0.7939717409545478,0.0037303273086712885,1.5801622071694617,0.5629557259867359,0.5818123209454917,0.19351798018711178,,5.801753015694182,in,,,,
Pell,256,5,3,106,0.7976870868583943,0.003700364499021669,1.5821791940553953,0.5588650482273878,0.582261354802543,0.19196364093815244,,5.810882066519788,in,,,,
Pell,256,5,3,105,0.801372400294275,0.0036702623727397077,1.5841084511281949,0.554736639081311,0.5827002036907655,0.19040207488092983,,5.8200087497546305,in,,,,
Pell,256,5,3,104,0.8050275425122221,0.003640022063154502,1.5859480773479004,0.5505707282777033,0.5831287270415816,0.18883334082028283,,5.8291345501887655,in,,,,
Pell,256,5,3,103,0.8086523758981969,0.003609644708795323,1.587696096904164,0.5463675516716038,0.5835467823707741,0.18725749783140871,,5.838261030790427,in,,,,
Pell,256,5,3,102,0.8122467639792715,0.0035791314533537566,1.5893504556903266,0.5421273512729531,0.5839542252109681,0.18567460525766247,,5.847389836247488,in,,,,
Pell,256,5,3,101,0.815810571428766,0.0035484834456351866,1.590909017562023,0.5378503752776729,0.5843509090429069,0.18408472270834797,,5.856522696724275,in,,,,
Pell,256,5,3,100,0.8193436640713441,0.003517701839521048,1.5923695604032608,0.5335368781009174,0.5847366852255906,0.18248791005649992,,5.865661431810771,in,,,,
Pell,256,5,3,99,0.8228459088880649,0.0034867877939204206,1.5937297719624341,0.5291871204125755,0.5851114029252622,0.18088422743665789,,5.874807954701761,in,,,,
Pell,256,5,3,98,0.8263171740213904,0.0034557424727306163,1.5949872454450262,0.5248013691751481,0.5854749090432826,0.1792737352426322,,5.883964276619144,in,,,,
Pell,256,5,3,97,0.8297573287801505,0.0034245670447896615,1.5961394748701219,0.52037989768415,0.5858270481429644,0.1776564941252618,,5.89313251147033,in,,,,
Pell,256,5,3,96,0.8331662436444627,0.0033932626838346636,1.5971838501406668,0.5159229856111315,0.5861676623753765,0.17603256499016454,,5.902314880792721,in,,,,
Pell,256,5,3,95,0.836543790270609,0.0033618305684580685,1.598117651841068,0.5114309190494936,0.5864965914042294,0.17440200899547992,,5.91151371897076,in,,,,
Pell,256,5,3,94,0.8398898414958682,0.003330271882060254,1.5989380457197122,0.5069039905632238,0.5868136723298957,0.17276488754960426,,5.920731478767893,in,,,,
Pell,256,5,3,93,0.8432042713433028,0.003298587812808784,1.5996420768539628,0.5023424992387276,0.5871187396126896,0.17112126230891997,,5.929970737175946,in,,,,
Pell,256,5,3,92,0.8464869550265022,0.0032667795535900046,1.6002266634651277,0.4977467507399101,0.5874116249955126,0.16947119517551684,,5.939234201614379,in,,,,
Pell,256,5,3,91,0.8497377689542811,0.003234848301967963,1.600688590361993,0.49311705736668454,0.5876921574260082,0.1678147482949078,,5.948524716500851,in,,,,
Pell,256,5,3,90,0.8529565907353327,0.0032027952601353382,1.6010245019852627,0.4884537381170948,0.5879601629783918,0.16615198405373802,,5.957845270220735,in,,,,
Pell,256,5,3,89,0.8561432991828362,0.0031706216348715843,1.6012308950415075,0.48375711875326644,0.588215464775171,0.1644829650774888,,5.967199002507001,in,,,,
Pell,256,5,3,88,0.8592977743190195,0.0031383286374950803,1.6013041106671702,0.4790275318713594,0.5884578829089434,0.16280775422817576,,5.9765892122898885,in,,,,
Pell,256,5,3,87,0.8624198973796768,0.003105917483819609,1.6012403261221295,0.4742653169757772,0.5886872343645723,0.16112641460204183,,5.986019366016901,in,,,,
Pell,256,5,3,86,0.8655095508186397,0.003073389394105952,1.601035545956254,0.4694708205578453,0.5889033329420172,0.1594390095272457,,5.995493106499665,in,,,,
Pell,256,5,3,85,0.868566618312202,0.003040745593018701,1.6006855926301853,0.4646443961792253,0.58910598918019,0.15774560256154668,,6.005014262306421,in,,,,
Pell,256,5,3,84,0.8715909847635007,0.0030079873095787413,1.6001860965259054,0.45978640456029624,0.5892950102821998,0.15604625748998457,,6.014586857764597,in,,,,
Pell,256,5,3,83,0.8745825363068482,0.0029751157771163994,1.5995324853342885,0.45489721367381836,0.5894702000424911,0.15434103832255736,,6.024215123586257,in,,,,
Pell,256,5,3,82,0.87754116031202,0.002942132233227035,1.5987199727465757,0.44997719884414633,0.5896313587763625,0.15263000929189566,,6.033903508189484,in,,,,
Pell,256,5,3,81,0.8804667453884942,0.0029090379197214133,1.597743546414336,0.44502674285231797,0.5897782832524824,0.15091323485093577,,6.043656689751147,in,,,,
Pell,256,5,3,80,0.8833591813896464,0.002875834082582851,1.5965979551147975,0.4400462360473402,0.5899107666290808,0.14919077967059002,,6.053479589054142,in,,,,
Pell,256,5,3,79,0.8862183594168958,0.0028425219719160344,1.595277695068119,0.4350360764640356,0.5900285983946013,0.14746270863741784,,6.063377383182568,in,,,,
Pell,256,5,3,78,0.8890441718238058,0.0028091028419040542,1.5937769953361747,0.42999666994781033,0.5901315643137013,0.14572908685129518,,6.073355520135243,in,,,,
Pell,256,5,3,77,0.8918365122201366,0.0027755779507573353,1.592089802236441,0.4249284302867535,0.5902194463796198,0.14398997962308624,,6.08341973442397,in,,,,
Pell,256,5,3,76,0.8945952754758502,0.0027419485606698935,1.5902097626891956,0.4198317793514769,0.5902920227740625,0.14224545247231635,,6.093576063738356,in,,,,
Pell,256,5,3,75,0.8973203577250695,0.002708215937768821,1.5881302064245835,0.41470714724315466,0.5903490678359368,0.14049557112484692,,6.1038308667506245,in,,,,
Pell,256,5,3,74,0.9000116563699879,0.0026743813520679893,1.5858441269431454,0.4095549724502295,0.5903903520404193,0.13874040151055533,,6.114190842166819,in,,,,
Pell,256,5,3,73,0.9026690700847326,0.002640446077421421,1.5833441611465273,0.4043757020143075,0.5904156419900946,0.1369800097610191,,6.124663049107671,in,,,,
Pell,256,5,3,72,0.9052924988191793,0.0026064113914719966,1.58062256751793,0.39916979170576866,0.5904247004200931,0.13521446220720623,,6.135254928939608,in,,,,
Pell,256,5,3,71,0.9078818438027189,0.0025722785756070454,1.57767120274713,0.3939377062096879,0.5904172862194812,0.13344382537717428,,6.145974328661026,in,,,,
Pell,256,5,3,70,0.9104370075479761,0.002538048914907387,1.5744814966512553,0.38867991932266316,0.5903931544714163,0.13166816599377795,,6.1568295259926735,in,,,,
Pell,256,5,3,69,0.9129578938544802,0.0025037236981009237,1.5710444252747608,0.38339691416123095,0.5903520565150002,0.12988755097238802,,6.167829256288679,in,,,,
Pell,256,5,3,68,0.9154444078122866,0.002469304217511903,1.5673504819959496,0.37808918338255987,0.5902937400321231,0.12810204741862405,,6.17898274144091,in,,,,
Pell,256,5,3,67,0.9178964558055501,0.0024347917690150656,1.5633896464772634,0.37275722941817896,0.5902179491630961,0.12631172262610205,,6.190299720939387,in,,,,
Pell,256,5,3,66,0.9203139455160497,0.0024001876519841314,1.5591513512747748,0.36740156472154945,0.5901244246554095,0.12451664407420036,,6.201790485273374,in,,,,
Pell,256,5,3,65,0.9226967859266643,0.0023654931692449477,1.554624445906408,0.36202271203034925,0.5900129040505931,0.12271687942584596,,6.213465911873585,in,,,,
Pell,256,5,3,64,0.9250448873247991,0.002330709627024641,1.5497971581504353,0.3566212046443904,0.5898831219148556,0.12091249652532542,,6.225337503823962,in,,,,
Pell,256,5,3,63,0.9273581613057634,0.002295838334904099,1.5446570523300518,0.35119758672016843,0.5897348101200496,0.11910356339612267,,6.237417431587238,in,,,,
Pell,256,5,3,62,0.9296365207760996,0.002260880605768234,1.539190984328689,0.34575241358312675,0.5895676981824904,0.11729014823878806,,6.24971857799961,in,,,,
Pell,256,5,3,61,0.9318798799568613,0.0022258377557551334,1.5333850530155817,0.3402862520587685,0.5893815136682332,0.11547231942884381,,6.262254586855002,in,,,,
Pell,256,5,3,60,0.9340881543868432,0.0021907111042087646,1.5272245477895787,0.3347996808238863,0.589175982674818,0.11365014551473025,,6.275039915370951,in,,,,
Pell,256,5,3,59,0.9362612609257612,0.0021555019736272385,1.520693891852317,0.3292932907792226,0.5889508304009236,0.11182369521579885,,6.288089890924967,in,,,,
Pell,256,5,3,58,0.9383991177573824,0.0021202116896150702,1.5137765808444632,0.32376768544503176,0.5887057818172535,0.10999303742035813,,6.301420772427684,in,,,,
Pell,256,5,3,57,0.9405016443926053,0.0020848415808307763,1.5064551163939621,0.3182234813810943,0.5884405624539936,0.10815824118378113,,6.315049816783854,in,,,,
Pell,256,5,3,56,0.9425687616724905,0.0020493929789396903,1.498710934119417,0.3126613086328922,0.5881548993226999,0.10631937572668113,,6.3289953508980545,in,,,,
Pell,256,5,3,55,0.9446003917712409,0.002013867218560894,1.4905243255438465,0.3070818112057647,0.5878485219932811,0.10447651043316719,,6.343276849769876,in,,,,
Pell,256,5,3,54,0.9465964581991312,0.0019782656372198115,1.4818743533694252,0.30148564756906454,0.5875211638502243,0.10262971484919026,,6.357915021227969,in,,,,
Pell,256,5,3,53,0.9485568858053889,0.0019425895752955835,1.4727387594566612,0.29587349119244966,0.5871725635561208,0.1007790586809905,,6.372931897959505,in,,,,
Pell,256,5,3,52,0.9504816007810225,0.0019068403759716634,1.4630938648353131,0.29024603111670355,0.5868024667553762,0.0989246117936652,,6.388350937507754,in,,,,
Pell,256,5,3,51,0.952370530661601,0.001871019385185524,1.452914460971041,0.28460397256162845,0.5864106280565469,0.0970664442098701,,6.404197131013762,in,,,,
Pell,256,5,3,50,0.9542236043299823,0.0018351279515768093,1.442173691466318,0.27894803757383,0.5859968133384814,0.09520462610867649,,6.4204971215236295,in,,,,
Pell,256,5,3,49,0.9560407520189897,0.001799167426438153,1.43084292327437,0.27327896571745613,0.5855608024334008,0.09333922782460759,,6.437279332782599,in,,,,
Pell,256,5,3,48,0.9578219053140402,0.0017631391636626637,1.418891606453256,0.2675975148112393,0.5851023922496338,0.09147031984687866,,6.454574109488865,in,,,,
Pell,256,5,3,47,0.9595669971557186,0.0017270445196942985,1.4062871213643706,0.26190446171552545,0.58462140040817,0.08959797281887712,,6.472413870102785,in,,,,
Pell,256,5,3,46,0.9612759618423037,0.0016908848534756826,1.39299461218981,0.2562006031733184,0.5841176694810496,0.08772225753791556,,6.490833273337101,in,,,,
Pell,256,5,3,45,0.9629487350322407,0.001654661526398371,1.3789768054854028,0.2504867567097664,0.5835910719362574,0.0858432449553052,,6.509869399611319,in,,,,
Pell,256,5,3,44,0.9645852537465646,0.001618375902249447,1.3641938125138224,0.2447637615949756,0.5830415159141092,0.08396100617679958,,6.529561948725871,in,,,,
Pell,256,5,3,43,0.9661854563712706,0.0015820293471627833,1.3486029139362157,0.2390324798755157,0.5824689519847223,0.08207561246347268,,6.5499534551775955,in,,,,
Pell,256,5,3,42,0.9677492826596348,0.0015456232295653072,1.3321583254853946,0.23329379748054047,0.5818733810663239,0.08018713523310284,,6.5710895224935095,in,,,,
Pell,256,5,3,41,0.9692766737344807,0.0015091589201265965,1.3148109431957442,0.2275486254090737,0.5812548637211209,0.07829564606215451,,6.593019078007698,in,,,,
Pell,256,5,3,40,0.9707675720903979,0.0014726377917078093,1.296508066871741,0.22179790100568816,0.5806135310910301,0.07640121668845988,,6.615794649399453,in,,,,
Pell,256,5,3,39,0.9722219215959059,0.0014360612193082822,1.2771931005719284,0.21604258933259615,0.5799495977919588,0.07450391901473327,,6.6394726642157895,in,,,,
Pell,256,5,3,38,0.973639667495568,0.0013994305800157925,1.2568052292068044,0.21028368464701627,0.5792633771554756,0.07260382511307137,,6.664113773279899,in,,,,
Pell,256,5,3,37,0.9750207564120521,0.0013627472529526008,1.2352790707963133,0.20452221199366954,0.5785552992944142,0.0707010072306304,,6.6897831984398435,in,,,,
Pell,256,5,3,36,0.9763651363481414,0.0013260126192259358,1.212544304667938,0.1987592289233269,0.5778259325790868,0.0687955377967128,,6.716551104376486,in,,,,
Pell,256,5,3,35,0.9776727566886909,0.0012892280618731489,1.188525276983395,0.19299582734954637,0.577076009249972,0.06688748943155125,,6.7444929930826785,in,,,,
Pell,256,5,3,34,0.978943568202534,0.0012523949658129752,1.1631405866796374,0.1872331355570855,0.5763064560696164,0.06497693495714309,,6.7736901179279645,in,,,,
Pell,256,5,3,33,0.9801775230443355,0.0012155147177899117,1.1363026573551285,0.18147232037699196,0.5755184311426306,0.06306394741058005,,6.804229911777878,in,,,,
Pell,256,5,3,32,0.9813745747563929,0.0011785887063248124,1.1079173042424928,0.17571458954503708,0.5747133683237037,0.061148600060427674,,6.836206420026686,in,,,,
Pell,256,5,3,31,0.9825346782703858,0.001141618321661042,1.0778833106389427,0.1699611942620383,0.5738930310108299,0.05923096642685349,,6.869720724172214,in,,,,
Pell,256,5,3,30,0.9836577899090726,0.0011046049557127402,1.0460920357613115,0.16421343197666194,0.5730595776133721,0.0573111203063959,,6.904881333965907,in,,,,
Pell,256,5,3,29,0.9847438673879352,0.0010675500020121964,1.0124270869707943,0.15847264941360198,0.5722156416327869,0.055389135802512736,,6.941804515193011,in,,,,
Pell,256,5,3,28,0.98579286981677,0.0010304548556573367,0.976764105246504,0.15274024587253593,0.5713644301538882,0.053465087363383026,,6.980614504203806,in,,,,
Pell,256,5,3,27,0.9868047577012284,0.0009933209132598764,0.9389707359938619,0.14701767682606529,0.5705098456964849,0.05153904982887173,,7.021443537109824,in,,,,
Pell,256,5,3,26,0.987779492944304,0.0009561495728910296,0.8989068910409874,0.14130645784803814,0.5696566379349932,0.04961109848917917,,7.064431587791924,in,,,,
Pell,256,5,3,25,0.9887170388477653,0.0009189422340315501,0.8564254574479166,0.13560816890743263,0.5688105939231708,0.04768130915851023,,7.109725659095379,in,,,,
Pell,256,5,3,24,0.989617360113539,0.0008817002975159971,0.8113736825605619,0.12992445906786518,0.5679787784063259,0.04574975826822832,,7.157478397780055,in,,,,
Pell,256,5,3,23,0.9904804228450386,0.0008444251654829982,0.763595575961346,0.12425705164005613,0.5671698399300371,0.043816522985560644,,7.20784569257377,in,,,,
Pell,256,5,3,22,0.9913061945484398,0.0008071182413195155,0.7129358403084596,0.11860774984641331,0.5663944043193655,0.041881681366165296,,7.260982743336861,in,,,,
Pell,256,5,3,21,0.9920946441339047,0.0007697809296104419,0.6592461148911969,0.11297844307746821,0.565665585568277,0.039945312552103804,,7.317037817510517,in,,,,
Pell,256,5,3,20,0.9928457419167522,0.0007324146360845329,0.6023947602405499,0.10737111385494305,0.56499965659893,0.03800749703151107,,7.376142465509707,in,,,,
Pell,256,5,3,19,0.9935594596185753,0.0006950207675615605,0.5422821588988661,0.10178784567081489,0.5644169408736799,0.036068316983276255,,7.43839621995686,out,,,,
Pell,256,5,3,18,0.9942357703683058,0.0006576007318993549,0.47886478582519754,0.09623083194565485,0.5639430139245674,0.034127856740690694,,7.50384252527972,out,,,,
Pell,256,5,3,17,0.9948746487032261,0.0006201559379414023,0.4121935594778684,0.09070238643366989,0.563610347188319,0.03218620342446038,,7.57243038663181,out,,,,
Pell,256,5,3,16,0.9954760705699284,0.0005826877954629994,0.3424762474428943,0.08520495546388814,0.5634605946184421,0.03024344782143506,,7.643951964266891,out,,,,
Pell,256,5,3,15,0.996040013325219,0.0005451977151181842,0.2701821597884214,0.07974113221652765,0.5635478306455569,0.02829968562745858,,7.717937880187235,out,,,,
Pell,256,5,3,14,0.9965664557369718,0.0005076871083876666,0.19622194107679633,0.07431367154260797,0.5639432159639146,0.026355019242704437,,7.793477426134119,out,,,,
Pell,256,5,3,13,0.9970553779849279,0.00047015738752453906,0.12224566031142137,0.06892549687651243,0.5647418115494522,0.024409560428120307,,7.868920473643363,out,,,,
Pell,256,5,3,12,0.9975067616614409,0.00043260996550142927,0.051064484586060874,0.06357967550187635,0.5660726184942831,0.022463434345577148,,7.941455800398262,out,,,,
Pell,256,5,3,11,0.9979205897721704,0.00039504625595754295,-0.012890023241721817,0.058279335020027294,0.5681136928693696,0.020516785900961506,,8.006651792558232,out,,,,
Pell,256,5,3,10,0.9982968467367219,0.000357467673145595,-0.06306758423404601,0.05302755465743354,0.5711163608080506,0.01856979008004845,,8.057958124444212,out,,,,
Pell,256,5,3,9,0.9986355183892336,0.0003198756318776308,-0.08973550119069362,0.0478273869301102,0.575447725652362,0.016622669548616326,,8.085642056358395,out,,,,
Pell,256,5,3,8,0.9989365919789088,0.00028227154747295646,-0.07458515758780188,0.042682352984941455,0.5816727873848723,0.014675726253874088,,8.071394933524529,out,,,,
Pell,256,5,3,7,0.9992000561704975,0.0002446568357041823,0.02159631597665733,0.037596880746722405,0.5907093011273109,0.012729401983335097,,7.976003852534835,out,,,,
Pell,256,5,3,6,0.9994259010447213,0.0002070329127435988,0.2549403345934546,0.032574516223232715,0.6041041340758038,0.010784404338853679,,7.743337368540709,out,,,,
Pell,256,5,3,5,0.9996141180986486,0.0001694011951111074,0.6929074857185007,0.027618262017109266,0.6247063374912303,0.008841998346942326,,7.305934868577445,out,,,,
ell,256,3,0,1,0.9999905876413006,1.882471739889091E-05,-6.843262588628181,0.0019997491589851092,0.28959574765657875,0.0013810625157083041,193.74023283799252,9.843262588628182,out:sweep;sweep=87.4,0.2509675583628718,7.999974967424271,5.15,RunDiagnostics { ResidualInf = 8.573142196155459E-13; Kappa1 = 43921.60962952892 }
ell,256,3,0,2,0.9999529385608728,5.64734434566061E-05,-4.881745751340818,0.0035092509784143133,0.22727507411197545,0.0030881089729050985,113.32948620133764,7.881745751340818,out:sweep;sweep=82.3,0.2509675583628718,7.999974967424271,5.15,RunDiagnostics { ResidualInf = 8.573142196155459E-13; Kappa1 = 43921.60962952892 }
ell,256,3,0,3,0.999877641817484,9.41200433210998E-05,-3.5896167828722607,0.005207981855311355,0.20918527461824227,0.004979300636544124,100.91601759063427,6.589616782872261,out:sweep;sweep=77.3,0.2509675583628718,7.999974967424271,5.15,RunDiagnostics { ResidualInf = 8.573142196155459E-13; Kappa1 = 43921.60962952892 }
ell,256,3,0,4,0.9997647002460138,0.00013176309961915322,-2.7762447995492487,0.0069930349048537965,0.2025561243693148,0.006904787427808004,96.79315654746144,5.776244799549248,out:sweep;sweep=72.5,0.2509675583628718,7.999974967424271,5.15,RunDiagnostics { ResidualInf = 8.573142196155459E-13; Kappa1 = 43921.60962952892 }
Pell,256,3,0,256,0.0030679423245771656,0.0061358846491544545,0.5869387451704774,0.40371354841680657,0.2536618973421372,0.3183083881709525,,2.4130612548295227,in,,,,
Pell,256,3,0,255,0.009203711467437108,0.00613565363656543,0.5869373475145793,0.40369769577540304,0.25366148690862617,0.31829640415284866,,2.413062652485421,in,,,,
Pell,256,3,0,254,0.01533913409576226,0.006135191620084872,0.5869345517058664,0.40366599108846396,0.25366066596371173,0.31827243656784515,,2.413065448294134,in,,,,
Pell,256,3,0,253,0.021473979214358417,0.006134498617107447,0.5869303567511506,0.4036184355477134,0.25365943435157956,0.3182364863183335,,2.4130696432488494,in,,,,
Pell,256,3,0,252,0.0276080158497743,0.006133574653724317,0.5869247611595815,0.40355503094070255,0.25365779183843234,0.31818855475785857,,2.4130752388404186,in,,,,
Pell,256,3,0,251,0.03374101305899766,0.006132419764722407,0.5869177629409105,0.403475779650767,0.2536557381123967,0.3181286436910675,,2.4130822370590894,in,,,,
Pell,256,3,0,250,0.039872739938149854,0.006131033993581968,0.5869093596058268,0.4033806846569756,0.253653272783405,0.318056755373642,,2.413090640394173,in,,,,
Pell,256,3,0,249,0.04600296563117942,0.006129417392477174,0.5868995481636097,0.4032697495340609,0.2536503953830414,0.3179728925122131,,2.4131004518363905,in,,,,
Pell,256,3,0,248,0.05213145933855396,0.006127570022271905,0.5868883251197552,0.4031429784523369,0.2536471053643596,0.31787705826425977,,2.413111674880245,in,,,,
Pell,256,3,0,247,0.05825799032594922,0.006125491952518616,0.5868756864748159,0.4030003761776051,0.25364340210167013,0.31776925623798946,,2.4131243135251843,in,,,,
Pell,256,3,0,246,0.06438232793293626,0.006123183261455452,0.5868616277203602,0.4028419480710426,0.2536392848902937,0.31764949049220303,,2.41313837227964,in,,,,
Pell,256,3,0,245,0.07050424158166566,0.006120644036003348,0.5868461438369666,0.40266770008908254,0.2536347529462877,0.31751776553614136,,2.4131538561630332,in,,,,
Pell,256,3,0,244,0.07662350078554866,0.0061178743717626854,0.5868292292904495,0.40247763878327736,0.25362980540613883,0.31737408632931585,,2.4131707707095504,in,,,,
Pell,256,3,0,243,0.08273987515793488,0.0061148743730097405,0.5868108780296658,0.40227177130015407,0.25362444132642714,0.31721845828132195,,2.4131891219703343,in,,,,
Pell,256,3,0,242,0.08885313442078616,0.006111644152692816,0.5867910834805683,0.4020501053810474,0.25361865968345365,0.31705088725163516,,2.413208916519432,in,,,,
Pell,256,3,0,241,0.0949630484133466,0.006108183832428074,0.5867698385428949,0.401812649361927,0.2536124593728391,0.316871379549391,,2.413230161457105,in,,,,
Pell,256,3,0,240,0.10106938710080762,0.006104493542493955,0.5867471355852885,0.40155941217320995,0.25360583920909113,0.316679941933147,,2.4132528644147113,in,,,,
Pell,256,3,0,239,0.10717192058296883,0.006100573421828459,0.5867229664414525,0.4012904033395631,0.25359879792513906,0.31647658161062875,,2.4132770335585474,in,,,,
Pell,256,3,0,238,0.1132704191028939,0.006096423618021693,0.586697322402037,0.40100563297968356,0.25359133417183105,0.31626130623845844,,2.413302677597963,in,,,,
Pell,256,3,0,237,0.11936465305556046,0.006092044287311402,0.5866701942122579,0.4007051118060812,0.253583446517407,0.31603412392186664,,2.4133298057877424,in,,,,
Pell,256,3,0,236,0.12545439299650463,0.006087435594576959,0.5866415720634266,0.4003888511248357,0.2535751334469294,0.31579504321438745,,2.4133584279365734,in,,,,
Pell,256,3,0,235,0.13153940965045963,0.006082597713332999,0.5866114455876167,0.40005686283534864,0.25356639336168574,0.31554407311753624,,2.4133885544123834,in,,,,
Pell,256,3,0,234,0.13761947391998763,0.006077530825723015,0.5865798038491393,0.3997091594300775,0.2535572245785516,0.3152812230804713,,2.413420196150861,in,,,,
Pell,256,3,0,233,0.14369435689410537,0.006072235122512509,0.5865466353398927,0.3993457539942694,0.2535476253293277,0.3150065029996377,,2.413453364660107,in,,,,
Pell,256,3,0,232,0.14976382985690245,0.00606671080308166,0.5865119279697898,0.3989666602056709,0.25353759376003265,0.3147199232183953,,2.4134880720302103,in,,,,
Pell,256,3,0,231,0.1558276642961523,0.006060958075417983,0.5864756690585067,0.3985718923342313,0.2535271279301647,0.31442149452662904,,2.4135243309414935,in,,,,
Pell,256,3,0,230,0.16188563191191563,0.006054977156108671,0.5864378453297167,0.3981614652418006,0.2535162258119297,0.3141112281603432,,2.4135621546702835,in,,,,
Pell,256,3,0,229,0.1679375046251356,0.006048768270331295,0.5863984428970705,0.3977353943817997,0.2535048852894226,0.3137891358012382,,2.4136015571029295,in,,,,
Pell,256,3,0,228,0.17398305458622498,0.0060423316518475045,0.5863574472610409,0.39729369579890444,0.2534931041577875,0.3134552295762712,,2.413642552738959,in,,,,
Pell,256,3,0,227,0.18002205418364484,0.0060356675429921736,0.5863148432935915,0.39683638612869365,0.25348088012232267,0.3131095220571995,,2.4136851567064084,in,,,,
Pell,256,3,0,226,0.18605427605247354,0.006028776194665242,0.586270615230721,0.3963634825973054,0.2534682107975603,0.3127520262601076,,2.413729384769279,in,,,,
Pell,256,3,0,225,0.19207949308296718,0.006021657866322028,0.5862247466625105,0.3958750030210795,0.253455093706304,0.312382755644917,,2.4137752533374894,in,,,,
Pell,256,3,0,224,0.19809747842911002,0.006014312825963625,0.586177220518934,0.3953709658061807,0.2534415262786201,0.31200172411488,,2.413822779481066,in,,,,
Pell,256,3,0,223,0.20410800551715513,0.006006741350126632,0.5861280190613476,0.39485138994822777,0.2534275058507997,0.311608946016056,,2.4138719809386524,in,,,,
Pell,256,3,0,222,0.21011084805415486,0.005998943723872802,0.5860771238678122,0.3943162950318998,0.25341302966426915,0.311204436136772,,2.4139228761321876,in,,,,
Pell,256,3,0,221,0.21610578003648045,0.005990920240778408,0.5860245158221635,0.3937657012305437,0.25339809486446635,0.3107882097070659,,2.4139754841778363,in,,,,
Pell,256,3,0,220,0.22209257575833116,0.005982671202923007,0.5859701750990185,0.3931996293057662,0.2533826984996691,0.31036028239811303,,2.4140298249009815,in,,,,
Pell,256,3,0,219,0.2280710098202319,0.005974196920878472,0.5859140811515546,0.3926181006070247,0.25336683751978484,0.3099206703216367,,2.4140859188484454,in,,,,
Pell,256,3,0,218,0.23404085713751918,0.0059654977136960885,0.5858562126966125,0.3920211370712058,0.2533505087750925,0.30946939002930185,,2.4141437873033875,in,,,,
Pell,256,3,0,217,0.24000189294881555,0.005956573908896645,0.5857965476992042,0.39140876122219714,0.2533337090149402,0.30900645851209174,,2.4142034523007956,in,,,,
Pell,256,3,0,216,0.24595389282449198,0.00594742584245625,0.585735063357257,0.39078099617045337,0.2533164348863969,0.3085318931996689,,2.414264936642743,in,,,,
Pell,256,3,0,215,0.2518966326751173,0.005938053858794395,0.5856717360860345,0.3901378656125571,0.2532986829328582,0.30804571195971897,,2.4143282639139656,in,,,,
Pell,256,3,0,214,0.257829888759895,0.005928458310760942,0.5856065414992708,0.3894793938307695,0.2532804495926013,0.30754793309727824,,2.4143934585007294,in,,,,
Pell,256,3,0,213,0.26375343769508686,0.005918639559622851,0.5855394543968384,0.3888056056925891,0.25326173119729917,0.30703857535404494,,2.414460545603162,in,,,,
Pell,256,3,0,212,0.2696670564624236,0.005908597975050556,0.5854704487390329,0.3881165266502783,0.25324252397046776,0.30651765790767355,,2.414529551260967,in,,,,
Pell,256,3,0,211,0.2755705224175009,0.005898333935104083,0.5853994976349114,0.3874121827404178,0.25322282402588214,0.3059852003710534,,2.4146005023650887,in,,,,
Pell,256,3,0,210,0.28146361329816233,0.005887847826218762,0.5853265733178052,0.38669260058343113,0.253202627365924,0.30544122279157054,,2.414673426682195,in,,,,
Pell,256,3,0,209,0.2873461072328669,0.005877140043190454,0.5852516471277933,0.3859578073831221,0.25318192987988586,0.3048857456503531,,2.4147483528722065,in,,,,
Pell,256,3,0,208,0.293217782749043,0.00586621098916168,0.5851746894900641,0.3852078309262023,0.25316072734221606,0.30431878986150046,,2.414825310509936,in,,,,
Pell,256,3,0,207,0.29907841878142594,0.00585506107560424,0.5850956698922394,0.3844426995818155,0.2531390154107067,0.30374037677129656,,2.4149043301077606,in,,,,
Pell,256,3,0,206,0.30492779468038145,0.0058436907223067824,0.5850145568626328,0.3836624423010645,0.2531167896246276,0.3031505281574061,,2.4149854431373674,in,,,,
Pell,256,3,0,205,0.31076569022021316,0.00583210035735654,0.5849313179470295,0.3828670886165355,0.25309404540279945,0.3025492662280554,,2.4150686820529703,in,,,,
Pell,256,3,0,204,0.31659188560745355,0.00582029041712423,0.5848459196834979,0.3820566686418191,0.25307077804160566,0.3019366136211963,,2.415154080316502,in,,,,
Pell,256,3,0,203,0.32240616148913925,0.005808261346247234,0.5847583275771511,0.38123121307103425,0.2530469827129439,0.30131259340365446,,2.415241672422849,in,,,,
Pell,256,3,0,202,0.3282082989610696,0.0057960135976134475,0.5846685060758352,0.3803907531783566,0.2530226544621163,0.3006772290702613,,2.415331493924165,in,,,,
Pell,256,3,0,201,0.3339980795760481,0.005783547632343622,0.584576418539809,0.3795353208175379,0.25299778820564833,0.3000305445429697,,2.4154235814601908,in,,,,
Pell,256,3,0,200,0.3397752853521071,0.005770863919774327,0.5844820272170116,0.37866494842144155,0.25297237872904976,0.29937256416995384,,2.4155179727829883,in,,,,
Pell,256,3,0,199,0.34553969878071433,0.005757962937440131,0.5843852932115116,0.37777966900156995,0.2529464206845001,0.2987033127246931,,2.4156147067884883,in,,,,
Pell,256,3,0,198,0.3512911028349624,0.005744845171056001,0.5842861764550402,0.37687951614760284,0.2529199085884684,0.29802281540503944,,2.4157138235449596,in,,,,
Pell,256,3,0,197,0.3570292809777393,0.005731511114497767,0.5841846356750868,0.3759645240269355,0.2528928368192583,0.2973310978322697,,2.415815364324913,in,,,,
Pell,256,3,0,196,0.362754017169881,0.005717961269785687,0.584080628356791,0.37503472738421506,0.2528651996144735,0.2966281860501209,,2.4159193716432092,in,,,,
Pell,256,3,0,195,0.36846509587830567,0.005704196147063634,0.5839741107248259,0.3740901615409275,0.2528369910684379,0.2959141065238107,,2.4160258892751743,in,,,,
Pell,256,3,0,194,0.3741623020841278,0.005690216264580716,0.5838650376908242,0.37313086239491833,0.2528082051294875,0.29518888613904126,,2.416134962309176,in,,,,
Pell,256,3,0,193,0.37984542129075394,0.005676022148671522,0.583753362827384,0.37215686641998147,0.2527788355972236,0.2944525522009874,,2.416246637172616,in,,,,
Pell,256,3,0,192,0.38551423953195796,0.005661614333736464,0.5836390383281638,0.37116821066543393,0.2527488761196667,0.2937051324332697,,2.4163609616718364,in,,,,
Pell,256,3,0,191,0.3911685433799371,0.005646993362221797,0.5835220149685235,0.3701649327557028,0.2527183201903285,0.29294665497691047,,2.4164779850314764,in,,,,
Pell,256,3,0,190,0.3968081199533473,0.005632159784598689,0.583402242066015,0.3691470708899273,0.25268716114519857,0.29217714838927555,,2.4165977579339852,in,,,,
Pell,256,3,0,189,0.4024327569253182,0.005617114159343073,0.5832796674391204,0.36811466384157293,0.2526553921596416,0.2913966416429995,,2.4167203325608795,in,,,,
Pell,256,3,0,188,0.4080422425314468,0.00560185705291405,0.5831542373630563,0.3670677509580551,0.2526230062452007,0.2906051641248954,,2.4168457626369437,in,,,,
Pell,256,3,0,187,0.4136363655777704,0.005586389039733186,0.5830258965245646,0.3660063721603804,0.25258999624630735,0.28980274563484903,,2.4169741034754355,in,,,,
Pell,256,3,0,186,0.41921491544871836,0.005570710702162696,0.5828945879772781,0.3649305679428082,0.25255635483689737,0.2889894163846979,,2.417105412022722,in,,,,
Pell,256,3,0,185,0.42477768211504074,0.005554822630482181,0.5827602530910642,0.3638403793725215,0.2525220745169215,0.2881652069970941,,2.417239746908936,in,,,,
Pell,256,3,0,184,0.4303244561417169,0.005538725422870094,0.5826228315046551,0.36273584808932646,0.25248714760875973,0.28733014850435246,,2.417377168495345,in,,,,
Pell,256,3,0,183,0.4358550286958397,0.005522419685375424,0.582482261071771,0.3616170163053627,0.2524515662535237,0.2864842723472826,,2.417517738928229,in,,,,
Pell,256,3,0,182,0.4413691915544783,0.005505906031901764,0.5823384778084564,0.36048392680484176,0.25241532240725406,0.28562761037400636,,2.4176615221915436,in,,,,
Pell,256,3,0,181,0.4468667371125179,0.005489185084177561,0.5821914158367726,0.3593366229438051,0.2523784078370037,0.2847601948387592,,2.4178085841632275,in,,,,
Pell,256,3,0,180,0.4523474583904752,0.005472257471737019,0.5820410073264173,0.3581751486499072,0.2523408141168059,0.2838820584006768,,2.417958992673583,in,,,,
Pell,256,3,0,179,0.4578111490422919,0.005455123831896336,0.5818871824371766,0.35699954842223136,0.25230253262352703,0.28299323412256655,,2.4181128175628235,in,,,,
Pell,256,3,0,178,0.46325760336310307,0.005437784809725954,0.5817298692528645,0.35580986733112013,0.2522635545325884,0.28209375546966314,,2.4182701307471355,in,,,,
Pell,256,3,0,177,0.46868661629698183,0.005420241058031683,0.5815689937197568,0.3546061510180496,0.25222387081357117,0.28118365630837,,2.418431006280243,in,,,,
Pell,256,3,0,176,0.4740979834446598,0.005402493237324224,0.5814044795786262,0.3533884456955276,0.2521834722256861,0.28026297090498486,,2.418595520421374,in,,,,
Pell,256,3,0,175,0.47949150107122235,0.005384542015800853,0.5812362482941007,0.352156798147024,0.25214234931310736,0.279331733924411,,2.4187637517058995,in,,,,
Pell,256,3,0,174,0.4848669661137792,0.005366388069312944,0.581064218984315,0.3509112557269431,0.2521004924001742,0.2783899804288527,,2.418935781015685,in,,,,
Pell,256,3,0,173,0.49022417618910985,0.005348032081348264,0.5808883083433934,0.34965186636062423,0.252057891586442,0.27743774587649667,,2.4191116916566067,in,,,,
Pell,256,3,0,172,0.4955629296012828,0.005329474742997609,0.5807084305665141,0.34837867854439264,0.25201453674159535,0.2764750661201777,,2.419291569433486,in,,,,
Pell,256,3,0,171,0.5008830253492496,0.005310716752935873,0.5805244972658327,0.34709174134563964,0.2519704175001991,0.2755019774060305,,2.4194755027341674,in,,,,
Pell,256,3,0,170,0.5061842631344122,0.005291758817389636,0.580336417389274,0.3457911044029587,0.25192552325630296,0.2745185163721257,,2.419663582610726,in,,,,
Pell,256,3,0,169,0.5114664433681644,0.005272601650114561,0.5801440971313411,0.34447681792631835,0.2518798431578768,0.27352472004709194,,2.419855902868659,in,,,,
Pell,256,3,0,168,0.5167293671794057,0.005253245972367981,0.5799474398434344,0.34314893269728886,0.2518333661010831,0.27252062584872305,,2.4200525601565657,in,,,,
Pell,256,3,0,167,0.5219728364220292,0.0052336925128790845,0.5797463459387628,0.34180750006931676,0.2517860807243757,0.27150627158257046,,2.420253654061237,in,,,,
Pell,256,3,0,166,0.5271966536823818,0.005213942007825989,0.5795407127952303,0.34045257196805645,0.25173797540242193,0.27048169544052114,,2.4204592872047694,in,,,,
Pell,256,3,0,165,0.5324006222866959,0.005193995200802326,0.579330434653533,0.3390842008917561,0.2516890382398409,0.26944693599936137,,2.420669565346467,in,,,,
Pell,256,3,0,164,0.537584546308495,0.005173852842795812,0.5791154025098816,0.33770243991170057,0.25163925706474977,0.26840203221932557,,2.4208845974901183,in,,,,
Pell,256,3,0,163,0.5427482305759695,0.0051535156921533876,0.5788955040086795,0.3363073426727245,0.2515886194221208,0.267347023442631,,2.4211044959913206,in,,,,
Pell,256,3,0,162,0.5478914806793256,0.0051329845145585695,0.5786706233255539,0.33489896339378084,0.2515371125669284,0.2662819493919981,,2.4213293766744464,in,,,,
Pell,256,3,0,161,0.5530141029781034,0.005112260082997144,0.5784406410497185,0.3334773568685847,0.2514847234570924,0.2652068501691568,,2.4215593589502813,in,,,,
Pell,256,3,0,160,0.5581159046084689,0.005091343177733965,0.5782054340597413,0.33204257846632573,0.25143143874620316,0.264121766253338,,2.4217945659402584,in,,,,
Pell,256,3,0,159,0.5631966934904746,0.005070234586277422,0.5779648753946771,0.33059468413245724,0.2513772447760245,0.2630267384997516,,2.4220351246053227,in,,,,
Pell,256,3,0,158,0.5682562783352902,0.005048935103353802,0.5777188341200323,0.32913373038956356,0.2513221275687654,0.2619218081380501,,2.4222811658799674,in,,,,
Pell,256,3,0,157,0.5732944686524062,0.005027445530878194,0.5774671751885787,0.3276597743383106,0.2512660728191137,0.26080701677077806,,2.4225328248114213,in,,,,
Pell,256,3,0,156,0.5783110747568049,0.005005766677919077,0.5772097592945008,0.32617287365848147,0.25120906588602226,0.25968240637180784,,2.422790240705499,in,,,,
Pell,256,3,0,155,0.5833059077761016,0.004983899360674449,0.5769464427226464,0.32467308661010447,0.25115109178424133,0.25854801928476134,,2.4230535572773535,in,,,,
Pell,256,3,0,154,0.5882787796576565,0.004961844402435189,0.5766770771905825,0.32316047203467385,0.25109213517558493,0.2574038982214179,,2.4233229228094175,in,,,,
Pell,256,3,0,153,0.5932295031756537,0.0049396026335593035,0.5764015096858556,0.32163508935647356,0.2510321803599283,0.25625008626010837,,2.4235984903141445,in,,,,
Pell,256,3,0,152,0.598157891938151,0.004917174891435394,0.5761195822921573,0.32009699858399576,0.25097121126591504,0.2550866268440956,,2.4238804177078426,in,,,,
Pell,256,3,0,151,0.6030637603940971,0.004894562020456683,0.575831132014446,0.31854626031148026,0.250909211441382,0.253913563779941,,2.424168867985554,in,,,,
Pell,256,3,0,150,0.6079469238403175,0.004871764871984152,0.5755359905916247,0.31698293572055797,0.2508461640434739,0.252730941235858,,2.4244640094083754,in,,,,
Pell,256,3,0,149,0.6128071984284682,0.004848784304317233,0.5752339843033483,0.31540708658201594,0.2507820518284472,0.25153880374005144,,2.424766015696652,in,,,,
Pell,256,3,0,148,0.617644401171958,0.004825621182662387,0.5749249337677077,0.31381877525768587,0.2507168571411491,0.25033719617904393,,2.425075066232292,in,,,,
Pell,256,3,0,147,0.6224583499528378,0.004802276379097026,0.5746086537325629,0.3122180647024648,0.25065056190416246,0.24912616379598862,,2.4253913462674372,in,,,,
Pell,256,3,0,146,0.6272488635286566,0.004778750772540863,0.5742849528525746,0.31060501846646416,0.2505831476065971,0.2479057521889687,,2.4257150471474254,in,,,,
Pell,256,3,0,145,0.6320157615392863,0.0047550452487182815,0.5739536334650133,0.3089797006973125,0.25051459529253056,0.24667600730928366,,2.4260463665349867,in,,,,
Pell,256,3,0,144,0.6367588645137106,0.004731160700130355,0.5736144913463685,0.30734217614259246,0.2504448855490635,0.2454369754597224,,2.4263855086536315,in,,,,
Pell,256,3,0,143,0.6414779938767835,0.004707098026015544,0.573267315465298,0.3056925101524411,0.25037399849399616,0.2441887032928233,,2.426732684534702,in,,,,
Pell,256,3,0,142,0.6461729719559519,0.004682858132321166,0.572911887721337,0.3040307686823088,0.2503019137631002,0.2429312378091209,,2.427088112278663,in,,,,
Pell,256,3,0,141,0.6508436219879445,0.004658441931664092,0.5725479826733654,0.3023570182958876,0.2502286104969753,0.24166462635538027,,2.4274520173266345,in,,,,
Pell,256,3,0,140,0.6554897681254276,0.004633850343302104,0.5721753672539688,0.3006713261682127,0.2501540673274723,0.240388916622818,,2.4278246327460313,in,,,,
Pell,256,3,0,139,0.6601112354436253,0.004609084293093257,0.5717938004764581,0.29897376008895665,0.250078262363676,0.23910415664531007,,2.428206199523542,in,,,,
Pell,256,3,0,138,0.6647078499469047,0.004584144713465577,0.5714030331186888,0.2972643884658998,0.2500011731774093,0.23781039479758836,,2.428596966881311,in,,,,
Pell,256,3,0,137,0.669279438575328,0.00455903254338097,0.5710028074038186,0.2955432803286195,0.24992277678827288,0.2365076797934227,,2.4289971925961815,in,,,,
Pell,256,3,0,136,0.6738258292111672,0.004533748728297371,0.5705928566592406,0.2938105053323785,0.24984304964817505,0.23519606068379148,,2.429407143340759,in,,,,
Pell,256,3,0,135,0.6783468506853845,0.004508294220137321,0.5701729049629879,0.2920661337622359,0.2497619676253459,0.23387558685503965,,2.429827095037012,in,,,,
Pell,256,3,0,134,0.6828423327840767,0.004482669977247111,0.5697426667695408,0.29031023653737953,0.2496795059878077,0.232546308027024,,2.4302573332304593,in,,,,
Pell,256,3,0,133,0.6873121062548836,0.004456876964366696,0.5693018465261908,0.2885428852157128,0.24959563938629897,0.2312082742512462,,2.4306981534738092,in,,,,
Pell,256,3,0,132,0.6917560028133605,0.00443091615258695,0.5688501382639616,0.2867641519986775,0.24951034183660686,0.22986153590897362,,2.4311498617360385,in,,,,
Pell,256,3,0,131,0.6961738551493133,0.004404788519318914,0.5683872251735211,0.2849741097363434,0.24942358670130163,0.22850614370934813,,2.431612774826479,in,,,,
Pell,256,3,0,130,0.700565496933099,0.004378495048252273,0.5679127791573194,0.283172831932765,0.24933534667084062,0.2271421486874822,,2.4320872208426807,in,,,,
Pell,256,3,0,129,0.7049307628218863,0.004352036729322384,0.5674264603670159,0.2813603927516346,0.24924559374403155,0.22576960220254413,,2.432573539632984,in,,,,
Pell,256,3,0,128,0.709269488465882,0.004325414558669083,0.5669279167099207,0.2795368670222171,0.24915429920780663,0.22438855593582988,,2.4330720832900794,in,,,,
Pell,256,3,0,127,0.7135815105145176,0.00429862953860205,0.5664167833413477,0.27770233024561186,0.24906143361630773,0.22299906188882454,,2.4335832166586524,in,,,,
Pell,256,3,0,126,0.7178666666226001,0.00427168267756306,0.5658926821233786,0.2758568586013243,0.24896696676922805,0.22160117238125085,,2.4341073178766215,in,,,,
Pell,256,3,0,125,0.7221247954564243,0.004244574990085126,0.5653552210625368,0.2740005289541848,0.24887086768940161,0.22019494004910675,,2.4346447789374634,in,,,,
Pell,256,3,0,124,0.726355736699846,0.004217307496758416,0.5648039937203108,0.27213341886162407,0.24877310459960347,0.21878041784269134,,2.435196006279689,in,,,,
Pell,256,3,0,123,0.7305593310603189,0.004189881224187508,0.5642385785895943,0.27025560658131026,0.24867364489852156,0.21735765902461907,,2.4357614214104055,in,,,,
Pell,256,3,0,122,0.7347354202748912,0.004162297204957088,0.5636585384482994,0.26836717107918656,0.24857245513588397,0.2159267171678227,,2.4363414615517005,in,,,,
Pell,256,3,0,121,0.7388838471161643,0.004134556477589091,0.5630634196702904,0.26646819203789673,0.24846950098668186,0.21448764615354513,,2.43693658032971,in,,,,
Pell,256,3,0,120,0.7430044553982125,0.0041066600865070635,0.5624527515111422,0.26455874986564865,0.2483647472244793,0.21304050016931975,,2.437547248488858,in,,,,
Pell,256,3,0,119,0.7470970899824625,0.004078609081993201,0.5618260453516692,0.2626389257055121,0.24825815769375068,0.21158533370694022,,2.438173954648331,in,,,,
Pell,256,3,0,118,0.7511615967835358,0.004050404520153261,0.561182793906018,0.26070880144518155,0.24814969528121705,0.21012220156041844,,2.438817206093982,in,,,,
Pell,256,3,0,117,0.7551978227750484,0.004022047462872158,0.560522470386389,0.25876845972722123,0.2480393218861337,0.20865115882393268,,2.439477529613611,in,,,,
Pell,256,3,0,116,0.7592056159953731,0.0039935389777771,0.5598445276271535,0.25681798395981764,0.24792699838948976,0.20717226088976423,,2.4401554723728465,in,,,,
Pell,256,3,0,115,0.7631848255533603,0.003964880138197291,0.5591483971603327,0.2548574583280591,0.2478126846220703,0.20568556344622352,,2.4408516028396674,in,,,,
Pell,256,3,0,114,0.7671353016340192,0.003936072023120518,0.5584334882506691,0.2528869678057783,0.24769633933134322,0.20419112247556603,,2.441566511749331,in,,,,
Pell,256,3,0,113,0.7710568955041582,0.003907115717157517,0.5576991868608839,0.2509065981679464,0.24757792014708527,0.20268899425189743,,2.442300813139116,in,,,,
Pell,256,3,0,112,0.7749494595179847,0.003878012310495338,0.5569448545867869,0.2489164360037099,0.24745738354575694,0.20117923533906854,,2.4430551454132132,in,,,,
Pell,256,3,0,111,0.7788128471226634,0.003848762898862157,0.5561698275145999,0.24691656873003295,0.24733468481350654,0.19966190258856023,,2.4438301724854004,in,,,,
Pell,256,3,0,110,0.7826469128638347,0.0038193685834805313,0.5553734150288006,0.24490708460601873,0.2472097780077885,0.19813705313735833,,2.4446265849711994,in,,,,
Pell,256,3,0,109,0.7864515123910907,0.003789830471031208,0.5545548985483226,0.24288807274791618,0.24708261591751163,0.19660474440581785,,2.4454451014516776,in,,,,
Pell,256,3,0,108,0.7902265024634092,0.003760149673605939,0.5537135301962037,0.24085962314485862,0.2469531500216641,0.19506503409551898,,2.4462864698037965,in,,,,
Pell,256,3,0,107,0.7939717409545478,0.0037303273086712885,0.5528485313956584,0.23882182667536256,0.24682133044634574,0.1935179801871118,,2.447151468604342,in,,,,
Pell,256,3,0,106,0.7976870868583943,0.003700364499021669,0.5519590913861844,0.23677477512462256,0.24668710592013363,0.19196364093815244,,2.4480409086138155,in,,,,
Pell,256,3,0,105,0.801372400294275,0.0036702623727397077,0.5510443656584546,0.2347185612026446,0.2465504237277126,0.19040207488092983,,2.4489556343415453,in,,,,
Pell,256,3,0,104,0.8050275425122221,0.003640022063154502,0.5501034742996211,0.23265327856325185,0.24641122966168724,0.18883334082028283,,2.449896525700379,in,,,,
Pell,256,3,0,103,0.8086523758981969,0.003609644708795323,0.5491355002408637,0.23057902182400394,0.24626946797249033,0.18725749783140871,,2.4508644997591365,in,,,,
Pell,256,3,0,102,0.8122467639792715,0.0035791314533537566,0.5481394874112401,0.22849588658708667,0.24612508131631755,0.18567460525766247,,2.45186051258876,in,,,,
Pell,256,3,0,101,0.815810571428766,0.0035484834456351866,0.5471144387766295,0.2264039694611996,0.24597801070097441,0.18408472270834794,,2.4528855612233706,in,,,,
Pell,256,3,0,100,0.8193436640713441,0.003517701839521048,0.5460593142686999,0.2243033680845044,0.24582819542955814,0.1824879100564999,,2.4539406857313,in,,,,
Pell,256,3,0,99,0.8228459088880649,0.0034867877939204206,0.5449730285883999,0.22219418114867812,0.2456755730418631,0.18088422743665789,,2.4550269714116,in,,,,
Pell,256,3,0,98,0.8263171740213904,0.0034557424727306163,0.5438544488822064,0.22007650842413268,0.24552007925341354,0.1792737352426322,,2.4561455511177934,in,,,,
Pell,256,3,0,97,0.8297573287801505,0.0034245670447896615,0.5427023922732558,0.21795045078644593,0.24536164789199735,0.1776564941252618,,2.457297607726744,in,,,,
Pell,256,3,0,96,0.8331662436444627,0.0033932626838346636,0.541515623250057,0.2158161102440811,0.2452002108316031,0.17603256499016454,,2.458484376749943,in,,,,
Pell,256,3,0,95,0.836543790270609,0.0033618305684580685,0.5402928508866648,0.21367358996743716,0.24503569792361174,0.17440200899547992,,2.4597071491133353,in,,,,
Pell,256,3,0,94,0.8398898414958682,0.003330271882060254,0.5390327258977653,0.2115229943193165,0.24486803692513504,0.17276488754960428,,2.460967274102235,in,,,,
Pell,256,3,0,93,0.8432042713433028,0.003298587812808784,0.5377338375074504,0.20936442888687115,0.24469715342435,0.17112126230891997,,2.4622661624925497,in,,,,
Pell,256,3,0,92,0.8464869550265022,0.0032667795535900046,0.5363947101218519,0.20719800051510215,0.24452297076268636,0.16947119517551687,,2.463605289878148,in,,,,
Pell,256,3,0,91,0.8497377689542811,0.003234848301967963,0.5350137997873636,0.20502381734198968,0.24434540995371018,0.1678147482949078,,2.4649862002126364,in,,,,
Pell,256,3,0,90,0.8529565907353327,0.0032027952601353382,0.5335894904274691,0.20284198883534588,0.24416438959855133,0.16615198405373802,,2.466410509572531,in,,,,
Pell,256,3,0,89,0.8561432991828362,0.0031706216348715843,0.5321200898265679,0.20065262583146168,0.24397982579768446,0.1644829650774888,,2.467879910173432,in,,,,
Pell,256,3,0,88,0.8592977743190195,0.0031383286374950803,0.5306038253619043,0.1984558405756643,0.2437916320589099,0.16280775422817576,,2.4693961746380957,in,,,,
Pell,256,3,0,87,0.8624198973796768,0.003105917483819609,0.5290388394443942,0.19625174676485863,0.243599719201313,0.16112641460204183,,2.4709611605556057,in,,,,
Pell,256,3,0,86,0.8655095508186397,0.003073389394105952,0.5274231846572262,0.19404045959217073,0.24340399525501585,0.1594390095272457,,2.472576815342774,in,,,,
Pell,256,3,0,85,0.868566618312202,0.003040745593018701,0.5257548185683084,0.19182209579380533,0.24320436535650902,0.15774560256154668,,2.4742451814316917,in,,,,
Pell,256,3,0,84,0.8715909847635007,0.0030079873095787413,0.5240315981867558,0.18959677369822592,0.24300073163932778,0.15604625748998457,,2.475968401813244,in,,,,
Pell,256,3,0,83,0.8745825363068482,0.0029751157771163994,0.5222512740364305,0.18736461327778473,0.24279299311983554,0.15434103832255736,,2.4777487259635693,in,,,,
Pell,256,3,0,82,0.87754116031202,0.002942132233227035,0.5204114838170221,0.18512573620293601,0.2425810455778644,0.15263000929189566,,2.479588516182978,in,,,,
Pell,256,3,0,81,0.8804667453884942,0.0029090379197214133,0.5185097456186589,0.18288026589917072,0.24236478143194048,0.15091323485093575,,2.481490254381341,in,,,,
Pell,256,3,0,80,0.8833591813896464,0.002875834082582851,0.5165434506494986,0.18062832760681558,0.24214408960880687,0.14919077967059002,,2.4834565493505014,in,,,,
Pell,256,3,0,79,0.8862183594168958,0.0028425219719160344,0.5145098554419882,0.17837004844386284,0.2419188554069492,0.14746270863741784,,2.4854901445580118,in,,,,
Pell,256,3,0,78,0.8890441718238058,0.0028091028419040542,0.5124060734877771,0.17610555747198856,0.24168896035379694,0.14572908685129518,,2.487593926512223,in,,,,
Pell,256,3,0,77,0.8918365122201366,0.0027755779507573353,0.5102290662530885,0.17383498576594228,0.2414542820562646,0.14398997962308624,,2.4897709337469114,in,,,,
Pell,256,3,0,76,0.8945952754758502,0.0027419485606698935,0.5079756335274572,0.1715584664864999,0.24121469404428011,0.14224545247231635,,2.4920243664725428,in,,,,
Pell,256,3,0,75,0.8973203577250695,0.002708215937768821,0.5056424030324113,0.16927613495716756,0.2409700656069019,0.14049557112484692,,2.4943575969675886,in,,,,
Pell,256,3,0,74,0.9000116563699879,0.0026743813520679893,0.5032258192434129,0.16698812874487293,0.2407202616206477,0.13874040151055533,,2.496774180756587,in,,,,
Pell,256,3,0,73,0.9026690700847326,0.002640446077421421,0.5007221313341541,0.16469458774485105,0.24046514236958214,0.1369800097610191,,2.499277868665846,in,,,,
Pell,256,3,0,72,0.9052924988191793,0.0026064113914719966,0.49812738017914165,0.16239565426998576,0.2402045633567308,0.13521446220720623,,2.5018726198208583,in,,,,
Pell,256,3,0,71,0.9078818438027189,0.0025722785756070454,0.49543738431468104,0.16009147314485767,0.2399383751063262,0.13344382537717428,,2.504562615685319,in,,,,
Pell,256,3,0,70,0.9104370075479761,0.002538048914907387,0.4926477247684831,0.1577821918047858,0.2396664229563916,0.13166816599377795,,2.5073522752315167,in,,,,
Pell,256,3,0,69,0.9129578938544802,0.0025037236981009237,0.4897537286448089,0.15546796040015615,0.23938854684111505,0.12988755097238802,,2.510246271355191,in,,,,
Pell,256,3,0,68,0.9154444078122866,0.002469304217511903,0.4867504513419992,0.1531489319063588,0.2391045810624465,0.12810204741862405,,2.513249548658001,in,,,,
Pell,256,3,0,67,0.9178964558055501,0.0024347917690150656,0.483632657280572,0.15082526223968729,0.23881435405033344,0.12631172262610207,,2.516367342719428,in,,,,
Pell,256,3,0,66,0.9203139455160497,0.0024001876519841314,0.4803947989683471,0.1484971103795492,0.23851768811093033,0.12451664407420036,,2.519605201031653,in,,,,
Pell,256,3,0,65,0.9226967859266643,0.0023654931692449477,0.4770309942661709,0.14616463849741354,0.2382143991621566,0.12271687942584596,,2.522969005733829,in,,,,
Pell,256,3,0,64,0.9250448873247991,0.002330709627024641,0.47353500163403983,0.14382801209289273,0.23790429645585492,0.12091249652532542,,2.5264649983659604,in,,,,
Pell,256,3,0,63,0.9273581613057634,0.002295838334904099,0.4699001931746539,0.1414874001374439,0.23758718228584905,0.11910356339612269,,2.530099806825346,in,,,,
Pell,256,3,0,62,0.9296365207760996,0.002260880605768234,0.4661195252188846,0.13914297522617022,0.23726285168110206,0.11729014823878806,,2.533880474781115,in,,,,
Pell,256,3,0,61,0.9318798799568613,0.0022258377557551334,0.4621855062029372,0.13679491373827207,0.23693109208318563,0.1154723194288438,,2.537814493797063,in,,,,
Pell,256,3,0,60,0.9340881543868432,0.0021907111042087646,0.458090161525025,0.13444339600671737,0.2365916830072023,0.11365014551473025,,2.541909838474975,in,,,,
Pell,256,3,0,59,0.9362612609257612,0.0021555019736272385,0.45382499505167095,0.1320886064977673,0.236244395685299,0.11182369521579884,,2.546175004948329,in,,,,
Pell,256,3,0,58,0.9383991177573824,0.0021202116896150702,0.449380946892257,0.12973073400104027,0.23588899269187555,0.10999303742035813,,2.550619053107743,in,,,,
Pell,256,3,0,57,0.9405016443926053,0.0020848415808307763,0.4447483469996552,0.12736997183084828,0.2355252275495546,0.10815824118378113,,2.5552516530003446,in,,,,
Pell,256,3,0,56,0.9425687616724905,0.0020493929789396903,0.4399168641170687,0.12500651803962332,0.23515284431500405,0.10631937572668111,,2.5600831358829312,in,,,,
Pell,256,3,0,55,0.9446003917712409,0.002013867218560894,0.4348754495025116,0.12264057564430482,0.23477157714366242,0.10447651043316719,,2.5651245504974884,in,,,,
Pell,256,3,0,54,0.9465964581991312,0.0019782656372198115,0.4296122747902313,0.12027235286665058,0.23438114983245426,0.10262971484919026,,2.570387725209769,in,,,,
Pell,256,3,0,53,0.9485568858053889,0.0019425895752955835,0.4241146632661693,0.11790206338852142,0.23398127533961732,0.10077905868099049,,2.5758853367338306,in,,,,
Pell,256,3,0,52,0.9504816007810225,0.0019068403759716634,0.4183690137082892,0.11552992662329051,0.23357165528081186,0.09892461179366518,,2.5816309862917106,in,,,,
Pell,256,3,0,51,0.952370530661601,0.001871019385185524,0.4123607158359753,0.11315616800463879,0.233151979400792,0.0970664442098701,,2.5876392841640246,in,,,,
Pell,256,3,0,50,0.9542236043299823,0.0018351279515768093,0.4060740562477996,0.11078101929412201,0.2327219250200405,0.0952046261086765,,2.5939259437522004,in,,,,
Pell,256,3,0,49,0.9560407520189897,0.001799167426438153,0.39949211357478537,0.10840471890904926,0.23228115645599945,0.09333922782460759,,2.6005078864252145,in,,,,
Pell,256,3,0,48,0.9578219053140402,0.0017631391636626637,0.3925966413460857,0.1060275122723467,0.23182932441875528,0.09147031984687866,,2.6074033586539143,in,,,,
Pell,256,3,0,47,0.9595669971557186,0.0017270445196942985,0.38536793684600507,0.1036496521862925,0.23136606538145885,0.08959797281887713,,2.6146320631539948,in,,,,
Pell,256,3,0,46,0.9612759618423037,0.0016908848534756826,0.37778469393651487,0.10127139923218292,0.23089100092621564,0.08772225753791554,,2.622215306063485,in,,,,
Pell,256,3,0,45,0.9629487350322407,0.001654661526398371,0.369823837486855,0.09889302219824767,0.23040373706687564,0.08584324495530518,,2.630176162513145,in,,,,
Pell,256,3,0,44,0.9645852537465646,0.001618375902249447,0.3614603366308202,0.0965147985383688,0.2299038635509781,0.08396100617679958,,2.6385396633691798,in,,,,
Pell,256,3,0,43,0.9661854563712706,0.0015820293471627833,0.3526669935883007,0.09413701486448735,0.2293909531442912,0.0820756124634727,,2.6473330064116993,in,,,,
Pell,256,3,0,42,0.9677492826596348,0.0015456232295653072,0.3434142041818909,0.09175996747590155,0.22886456090283475,0.08018713523310284,,2.656585795818109,in,,,,
Pell,256,3,0,41,0.9692766737344807,0.0015091589201265965,0.3336696854613003,0.08938396292907719,0.22832422343924536,0.07829564606215451,,2.6663303145387,in,,,,
Pell,256,3,0,40,0.9707675720903979,0.0014726377917078093,0.3233981649672986,0.08700931865202902,0.22776945819286007,0.07640121668845987,,2.6766018350327014,in,,,,
Pell,256,3,0,39,0.9722219215959059,0.0014360612193082822,0.3125610250812868,0.08463636360788002,0.22719976271622175,0.07450391901473327,,2.687438974918713,in,,,,
Pell,256,3,0,38,0.973639667495568,0.0013994305800157925,0.30111589458832255,0.08226543901280475,0.22661461399502472,0.07260382511307137,,2.6988841054116772,in,,,,
Pell,256,3,0,37,0.9750207564120521,0.0013627472529526008,0.28901617793366596,0.0798968991142909,0.22601346782419385,0.0707010072306304,,2.710983822066334,in,,,,
Pell,256,3,0,36,0.9763651363481414,0.0013260126192259358,0.2762105106180771,0.0775311120364927,0.22539575827023278,0.0687955377967128,,2.723789489381923,in,,,,
Pell,256,3,0,35,0.9776727566886909,0.0012892280618731489,0.26264212661212544,0.07516846070044254,0.224760897259765,0.06688748943155125,,2.7373578733878747,in,,,,
Pell,256,3,0,34,0.978943568202534,0.0012523949658129752,0.24824812046918157,0.07280934382806643,0.22410827434716452,0.06497693495714309,,2.7517518795308185,in,,,,
Pell,256,3,0,33,0.9801775230443355,0.0012155147177899117,0.23295858273235992,0.07045417704035653,0.22343725673136863,0.06306394741058005,,2.76704141726764,in,,,,
Pell,256,3,0,32,0.9813745747563929,0.0011785887063248124,0.21669558203204448,0.06810339406173675,0.22274718961492587,0.061148600060427674,,2.7833044179679556,in,,,,
Pell,256,3,0,31,0.9825346782703858,0.001141618321661042,0.1993719605901649,0.06575744804471034,0.22203739702919298,0.05923096642685349,,2.800628039409835,in,,,,
Pell,256,3,0,30,0.9836577899090726,0.0011046049557127402,0.1808899011807077,0.06341681303136185,0.2213071832912139,0.0573111203063959,,2.8191100988192925,in,,,,
Pell,256,3,0,29,0.9847438673879352,0.0010675500020121964,0.16113921226746453,0.06108198557136531,0.22055583531452866,0.055389135802512736,,2.8388607877325356,in,,,,
Pell,256,3,0,28,0.98579286981677,0.0010304548556573367,0.13999526310830301,0.05875348651996859,0.21978262607387963,0.053465087363383026,,2.860004736891697,in,,,,
Pell,256,3,0,27,0.9868047577012284,0.0009933209132598764,0.11731648070537101,0.05643186304423076,0.21898681963134725,0.05153904982887173,,2.882683519294629,in,,,,
Pell,256,3,0,26,0.987779492944304,0.0009561495728910296,0.09294129370714382,0.054117690871976,0.2181676782818255,0.04961109848917917,,2.9070587062928563,in,,,,
Pell,256,3,0,25,0.9887170388477653,0.0009189422340315501,0.06668437196610598,0.051811576825976056,0.21732447258834817,0.04768130915851023,,2.933315628033894,in,,,,
Pell,256,3,0,24,0.989617360113539,0.0008817002975159971,0.03833196048094444,0.04951416169663753,0.21645649538228692,0.04574975826822832,,2.9616680395190556,in,,,,
Pell,256,3,0,23,0.9904804228450386,0.0008444251654829982,0.007636037354510786,0.04722612352134361,0.21556308124634427,0.04381652298556065,,2.992363962645489,in,,,,
Pell,256,3,0,22,0.9913061945484398,0.0008071182413195155,-0.025693070503210996,0.04494818135965788,0.21464363365301706,0.041881681366165296,,3.025693070503211,in,,,,
Pell,256,3,0,21,0.9920946441339047,0.0007697809296104419,-0.06199611294641323,0.04268109968422742,0.2136976629162939,0.039945312552103804,,3.0619961129464133,in,,,,
Pell,256,3,0,20,0.9928457419167522,0.0007324146360845329,-0.10167706414251639,0.04042569355226194,0.21272483962175148,0.03800749703151107,,3.101677064142516,in,,,,
Pell,256,3,0,19,0.9935594596185753,0.0006950207675615605,-0.1452189163612349,0.038182834787422446,0.21172507053837097,0.036068316983276255,,3.1452189163612347,out,,,,
Pell,256,3,0,18,0.9942357703683058,0.0006576007318993549,-0.19320436352616227,0.035953459489763466,0.2106986076678885,0.0341278567406907,,3.193204363526162,out,,,,
Pell,256,3,0,17,0.9948746487032261,0.0006201559379414023,-0.2463430372088667,0.03373857729278256,0.20964620677903517,0.03218620342446039,,3.2463430372088666,out,,,,
Pell,256,3,0,16,0.9954760705699284,0.0005826877954629994,-0.30550756698030124,0.031539282859019385,0.2085693605123018,0.030243447821435062,,3.3055075669803013,out,,,,
Pell,256,3,0,15,0.996040013325219,0.0005451977151181842,-0.3717818958720788,0.029356770042160845,0.20747064422282205,0.028299685627458576,,3.3717818958720787,out,,,,
Pell,256,3,0,14,0.9965664557369718,0.0005076871083876666,-0.44652818101626657,0.027192348771614028,0.2063542319677219,0.026355019242704437,,3.4465281810162667,out,,,,
Pell,256,3,0,13,0.9970553779849279,0.00047015738752453906,-0.5314861184530679,0.025047464017234882,0.2052266700254028,0.024409560428120307,,3.531486118453068,out,,,,
Pell,256,3,0,12,0.9975067616614409,0.00043260996550142927,-0.6289339765254264,0.02292371615287731,0.20409805375455237,0.022463434345577144,,3.6289339765254263,out,,,,
Pell,256,3,0,11,0.9979205897721704,0.00039504625595754295,-0.741959530974424,0.02082288568007885,0.2029838960214816,0.020516785900961506,,3.741959530974424,out,,,,
Pell,256,3,0,10,0.9982968467367219,0.000357467673145595,-0.8748966142730414,0.018746974814480993,0.201908311657469,0.01856979008004845,,3.8748966142730414,out,,,,
Pell,256,3,0,9,0.9986355183892336,0.0003198756318776308,-1.0339934108349087,0.016698287677901193,0.20090981931709231,0.016622669548616326,,4.033993410834909,out,,,,
Pell,256,3,0,8,0.9989365919789088,0.00028227154747295646,-1.2284540715782584,0.014679571474279424,0.20005240245475853,0.014675726253874088,,4.228454071578258,out,,,,
Pell,256,3,0,7,0.9992000561704975,0.0002446568357041823,-1.4721857963237492,0.012694240681000503,0.19944755767190597,0.012729401983335095,,4.47218579632375,out,,,,
Pell,256,3,0,6,0.9994259010447213,0.0002070329127435988,-1.7871931961370717,0.010746718417753697,0.19930110333559717,0.010784404338853679,,4.787193196137071,out,,,,
Pell,256,3,0,5,0.9996141180986486,0.0001694011951111074,-2.209920055780836,0.00884308791069713,0.20002464519245655,0.008841998346942326,,5.209920055780836,out,,,,
ell,256,4,0,1,0.9999905876413006,1.882471739889091E-05,-9.121107195823106,0.0026653845600153486,0.3859904283403645,0.0013810625157083041,258.22849977956116,13.121107195823106,out:alpha+sweep;sweep=87.4,0.3345044812843603,7.999974967424271,4.13,RunDiagnostics { ResidualInf = 1.137867577938323E-12; Kappa1 = 43921.60962952892 }
ell,256,4,0,2,0.9999529385608728,5.64734434566061E-05,-6.506680946998356,0.004677338321687933,0.3029257298059522,0.0030881089729050985,151.05227641091716,10.506680946998356,out:alpha+sweep;sweep=82.3,0.3345044812843603,7.999974967424271,4.13,RunDiagnostics { ResidualInf = 1.137867577938323E-12; Kappa1 = 43921.60962952892 }
ell,256,4,0,3,0.999877641817484,9.41200433210998E-05,-4.784454643449065,0.0069415078204267625,0.2788145696398242,0.004979300636544124,134.50686749173266,8.784454643449065,out:sweep;sweep=77.3,0.3345044812843603,7.999974967424271,4.13,RunDiagnostics { ResidualInf = 1.137867577938323E-12; Kappa1 = 43921.60962952892 }
ell,256,4,0,4,0.9997647002460138,0.00013176309961915322,-3.7003441108068365,0.009320732642540647,0.2699788440988866,0.006904787427808004,129.011673197895,7.700344110806837,out:sweep;sweep=72.5,0.3345044812843603,7.999974967424271,4.13,RunDiagnostics { ResidualInf = 1.137867577938323E-12; Kappa1 = 43921.60962952892 }
Pell,256,4,0,256,0.0030679423245771656,0.0061358846491544545,0.7823068518482866,0.5380934172590273,0.3380956564487617,0.3183083881709525,,3.2176931481517133,in,,,,
Pell,256,4,0,255,0.009203711467437108,0.00613565363656543,0.7823049889694426,0.5380722879161582,0.3380951093985789,0.31829640415284866,,3.2176950110305573,in,,,,
Pell,256,4,0,254,0.01533913409576226,0.006135191620084872,0.7823012625494876,0.5380300300246287,0.3380940151943937,0.31827243656784515,,3.2176987374505126,in,,,,
Pell,256,4,0,253,0.021473979214358417,0.006134498617107447,0.7822956712646945,0.5379666451728391,0.33809237362852756,0.3182364863183335,,3.2177043287353055,in,,,,
Pell,256,4,0,252,0.0276080158497743,0.006133574653724317,0.782288213127064,0.5378821357433421,0.33809018438936017,0.31818855475785857,,3.217711786872936,in,,,,
Pell,256,4,0,251,0.03374101305899766,0.006132419764722407,0.7822788854855028,0.5377765049127928,0.33808744706121074,0.3181286436910675,,3.217721114514497,in,,,,
Pell,256,4,0,250,0.039872739938149854,0.006131033993581968,0.7822676850209375,0.5376497566518689,0.3380841611241721,0.318056755373642,,3.2177323149790626,in,,,,
Pell,256,4,0,249,0.04600296563117942,0.006129417392477174,0.7822546077475359,0.537501895725187,0.3380803259539125,0.3179728925122131,,3.217745392252464,in,,,,
Pell,256,4,0,248,0.05213145933855396,0.006127570022271905,0.7822396490076461,0.5373329276911893,0.3380759408214291,0.31787705826425977,,3.217760350992354,in,,,,
Pell,256,4,0,247,0.05825799032594922,0.006125491952518616,0.7822228034703825,0.5371428589020188,0.3380710048927654,0.31776925623798946,,3.2177771965296174,in,,,,
Pell,256,4,0,246,0.06438232793293626,0.006123183261455452,0.7822040651263165,0.5369316965033708,0.3380655172286827,0.31764949049220303,,3.2177959348736835,in,,,,
Pell,256,4,0,245,0.07050424158166566,0.006120644036003348,0.7821834272860895,0.5366994484343351,0.338059476784297,0.31751776553614136,,3.2178165727139105,in,,,,
Pell,256,4,0,244,0.07662350078554866,0.0061178743717626854,0.7821608825735061,0.5364461234272107,0.3380528824086664,0.31737408632931585,,3.217839117426494,in,,,,
Pell,256,4,0,243,0.08273987515793488,0.0061148743730097405,0.7821364229216127,0.5361717310073095,0.3380457328443423,0.31721845828132195,,3.217863577078387,in,,,,
Pell,256,4,0,242,0.08885313442078616,0.006111644152692816,0.7821100395698073,0.5358762814927468,0.3380380267268803,0.31705088725163516,,3.2178899604301927,in,,,,
Pell,256,4,0,241,0.0949630484133466,0.006108183832428074,0.7820817230540446,0.5355597859941977,0.3380297625842978,0.316871379549391,,3.2179182769459556,in,,,,
Pell,256,4,0,240,0.10106938710080762,0.006104493542493955,0.7820514632027414,0.5352222564146529,0.33802093883649975,0.316679941933147,,3.2179485367972585,in,,,,
Pell,256,4,0,239,0.10717192058296883,0.006100573421828459,0.7820192491303835,0.5348637054491522,0.33801155379465775,0.31647658161062875,,3.2179807508696165,in,,,,
Pell,256,4,0,238,0.1132704191028939,0.006096423618021693,0.7819850692306263,0.5344841465845014,0.33800160566054493,0.31626130623845844,,3.2180149307693737,in,,,,
Pell,256,4,0,237,0.11936465305556046,0.006092044287311402,0.781948911166661,0.5340835940989671,0.3379910925258242,0.31603412392186664,,3.218051088833339,in,,,,
Pell,256,4,0,236,0.12545439299650463,0.006087435594576959,0.781910761865216,0.5336620630619647,0.337980012371297,0.31579504321438745,,3.218089238134784,in,,,,
Pell,256,4,0,235,0.13153940965045963,0.006082597713332999,0.7818706075070302,0.5332195693337233,0.33796836306610367,0.31554407311753624,,3.21812939249297,in,,,,
Pell,256,4,0,234,0.13761947391998763,0.006077530825723015,0.7818284335168768,0.5327561295649343,0.337956142366877,0.3152812230804713,,3.2181715664831234,in,,,,
Pell,256,4,0,233,0.14369435689410537,0.006072235122512509,0.7817842245558275,0.5322717611963932,0.3379433479168557,0.3150065029996377,,3.2182157754441727,in,,,,
Pell,256,4,0,232,0.14976382985690245,0.00606671080308166,0.7817379645100043,0.5317664824586146,0.3379299772449442,0.3147199232183953,,3.2182620354899956,in,,,,
Pell,256,4,0,231,0.1558276642961523,0.006060958075417983,0.7816896364777348,0.5312403123714333,0.33791602776472485,0.31442149452662904,,3.2183103635222654,in,,,,
Pell,256,4,0,230,0.16188563191191563,0.006054977156108671,0.7816392227629335,0.5306932707436053,0.3379014967734323,0.3141112281603432,,3.2183607772370664,in,,,,
Pell,256,4,0,229,0.1679375046251356,0.006048768270331295,0.7815867048588759,0.5301253781723726,0.33788638145086525,0.3137891358012382,,3.218413295141124,in,,,,
Pell,256,4,0,228,0.17398305458622498,0.0060423316518475045,0.7815320634376467,0.5295366560430287,0.3378706788582576,0.3134552295762712,,3.2184679365623534,in,,,,
Pell,256,4,0,227,0.18002205418364484,0.0060356675429921736,0.7814752783373918,0.5289271265284653,0.337854385937097,0.3131095220571995,,3.2185247216626083,in,,,,
Pell,256,4,0,226,0.18605427605247354,0.006028776194665242,0.7814163285456197,0.5282968125887009,0.33783749950788833,0.3127520262601076,,3.2185836714543803,in,,,,
Pell,256,4,0,225,0.19207949308296718,0.006021657866322028,0.7813551921911386,0.5276457379704141,0.3378200162688781,0.312382755644917,,3.2186448078088614,in,,,,
Pell,256,4,0,224,0.19809747842911002,0.006014312825963625,0.78129184652195,0.526973927206436,0.3378019327947063,0.31200172411488,,3.21870815347805,in,,,,
Pell,256,4,0,223,0.20410800551715513,0.006006741350126632,0.7812262678942149,0.526281405615254,0.33778324553502187,0.311608946016056,,3.218773732105785,in,,,,
Pell,256,4,0,222,0.21011084805415486,0.005998943723872802,0.7811584317544226,0.525568199300494,0.3377639508130345,0.311204436136772,,3.2188415682455775,in,,,,
Pell,256,4,0,221,0.21610578003648045,0.005990920240778408,0.7810883126241479,0.5248343351503938,0.3377440448240154,0.3107882097070659,,3.218911687375852,in,,,,
Pell,256,4,0,220,0.22209257575833116,0.005982671202923007,0.7810158840776746,0.524079840837254,0.3377235236337318,0.31036028239811303,,3.2189841159223254,in,,,,
Pell,256,4,0,219,0.2280710098202319,0.005974196920878472,0.780941118730215,0.5233047448169028,0.33770238317684026,0.3099206703216367,,3.219058881269785,in,,,,
Pell,256,4,0,218,0.23404085713751918,0.0059654977136960885,0.780863988213009,0.5225090763281244,0.33768061925520393,0.30946939002930185,,3.219136011786991,in,,,,
Pell,256,4,0,217,0.24000189294881555,0.005956573908896645,0.7807844631575156,0.5216928653920971,0.3376582275361618,0.30900645851209174,,3.2192155368424844,in,,,,
Pell,256,4,0,216,0.24595389282449198,0.00594742584245625,0.780702513171394,0.5208561428118081,0.33763520355072785,0.3085318931996689,,3.219297486828606,in,,,,
Pell,256,4,0,215,0.2518966326751173,0.005938053858794395,0.7806181068193025,0.5199989401714713,0.337611542691734,0.30804571195971897,,3.2193818931806977,in,,,,
Pell,256,4,0,214,0.257829888759895,0.005928458310760942,0.7805312115985826,0.5191212898359299,0.3375872402119057,0.30754793309727824,,3.2194687884014175,in,,,,
Pell,256,4,0,213,0.26375343769508686,0.005918639559622851,0.7804417939200231,0.518223224950062,0.3375622912218772,0.30703857535404494,,3.219558206079977,in,,,,
Pell,256,4,0,212,0.2696670564624236,0.005908597975050556,0.7803498190776245,0.5173047794381591,0.3375366906881279,0.30651765790767355,,3.2196501809223754,in,,,,
Pell,256,4,0,211,0.2755705224175009,0.005898333935104083,0.7802552512282159,0.5163659880033199,0.3375104334308639,0.3059852003710534,,3.219744748771784,in,,,,
Pell,256,4,0,210,0.28146361329816233,0.005887847826218762,0.7801580533629847,0.5154068861268277,0.33748351412182187,0.30544122279157054,,3.219841946637015,in,,,,
Pell,256,4,0,209,0.2873461072328669,0.005877140043190454,0.780058187282335,0.5144275100675302,0.337455927282007,0.3048857456503531,,3.219941812717665,in,,,,
Pell,256,4,0,208,0.293217782749043,0.00586621098916168,0.7799556135680441,0.5134278968612106,0.3374276672793543,0.30431878986150046,,3.220044386431956,in,,,,
Pell,256,4,0,207,0.29907841878142594,0.00585506107560424,0.779850291550498,0.5124080843199484,0.3373987283263099,0.30374037677129656,,3.220149708449502,in,,,,
Pell,256,4,0,206,0.30492779468038145,0.0058436907223067824,0.7797421792830875,0.5113681110314957,0.3373691044773479,0.3031505281574061,,3.2202578207169124,in,,,,
Pell,256,4,0,205,0.31076569022021316,0.00583210035735654,0.7796312335077943,0.5103080163586361,0.3373387896263985,0.3025492662280554,,3.220368766492206,in,,,,
Pell,256,4,0,204,0.31659188560745355,0.00582029041712423,0.7795174096250923,0.5092278404385546,0.3373077775042028,0.3019366136211963,,3.2204825903749077,in,,,,
Pell,256,4,0,203,0.32240616148913925,0.005808261346247234,0.7794006616587869,0.5081276241821994,0.33727606167557983,0.30131259340365446,,3.2205993383412133,in,,,,
Pell,256,4,0,202,0.3282082989610696,0.0057960135976134475,0.7792809422221001,0.5070074092736494,0.33724363553661296,0.3006772290702613,,3.2207190577778997,in,,,,
Pell,256,4,0,201,0.3339980795760481,0.005783547632343622,0.7791582024795163,0.5058672381694788,0.33721049231174505,0.3000305445429697,,3.2208417975204835,in,,,,
Pell,256,4,0,200,0.3397752853521071,0.005770863919774327,0.7790323921132352,0.504707154098137,0.3371766250507944,0.29937256416995384,,3.220967607886765,in,,,,
Pell,256,4,0,199,0.34553969878071433,0.005757962937440131,0.7789034592802612,0.5035272010593163,0.33714202662586734,0.2987033127246931,,3.221096540719739,in,,,,
Pell,256,4,0,198,0.3512911028349624,0.005744845171056001,0.7787713505748739,0.5023274238233375,0.3371066897281874,0.29802281540503944,,3.221228649425126,in,,,,
Pell,256,4,0,197,0.3570292809777393,0.005731511114497767,0.7786360109868764,0.5011078679305371,0.3370706068648237,0.2973310978322697,,3.2213639890131236,in,,,,
Pell,256,4,0,196,0.362754017169881,0.005717961269785687,0.7784973838503157,0.499868579690647,0.3370337703553126,0.2966281860501209,,3.2215026161496843,in,,,,
Pell,256,4,0,195,0.36846509587830567,0.005704196147063634,0.778355410817784,0.4986096061822412,0.3369961723282162,0.2959141065238107,,3.221644589182216,in,,,,
Pell,256,4,0,194,0.3741623020841278,0.005690216264580716,0.7782100317939025,0.49733099525210483,0.33695780471751885,0.29518888613904126,,3.2217899682060978,in,,,,
Pell,256,4,0,193,0.37984542129075394,0.005676022148671522,0.778061184897181,0.4960327955146781,0.33691865925896003,0.2944525522009874,,3.2219388151028188,in,,,,
Pell,256,4,0,192,0.38551423953195796,0.005661614333736464,0.7779088064081868,0.4947150563514927,0.3368787274862436,0.2937051324332697,,3.222091193591813,in,,,,
Pell,256,4,0,191,0.3911685433799371,0.005646993362221797,0.7777528307175648,0.4933778279106222,0.3368380007271354,0.29294665497691047,,3.222247169282435,in,,,,
Pell,256,4,0,190,0.3968081199533473,0.005632159784598689,0.7775931902731449,0.4920211611061509,0.33679647009944647,0.29217714838927555,,3.2224068097268552,in,,,,
Pell,256,4,0,189,0.4024327569253182,0.005617114159343073,0.7774298155237525,0.49064510761765706,0.33675412650689646,0.2913966416429995,,3.2225701844762478,in,,,,
Pell,256,4,0,188,0.4080422425314468,0.00560185705291405,0.7772626348613656,0.48924971988971444,0.3367109606348538,0.2906051641248954,,3.2227373651386344,in,,,,
Pell,256,4,0,187,0.4136363655777704,0.005586389039733186,0.777091574562689,0.4878350511314168,0.33666696294595366,0.28980274563484903,,3.222908425437311,in,,,,
Pell,256,4,0,186,0.41921491544871836,0.005570710702162696,0.7769165587244566,0.48640115531591693,0.3366221236755798,0.2889894163846979,,3.223083441275543,in,,,,
Pell,256,4,0,185,0.42477768211504074,0.005554822630482181,0.7767375092021318,0.4849480871800001,0.3365764328272222,0.2881652069970941,,3.223262490797868,in,,,,
Pell,256,4,0,184,0.4303244561417169,0.005538725422870094,0.7765543455426063,0.4834759022236756,0.3365298801676928,0.28733014850435246,,3.223445654457394,in,,,,
Pell,256,4,0,183,0.4358550286958397,0.005522419685375424,0.7763669849130932,0.4819846567097912,0.3364824552221971,0.2864842723472826,,3.223633015086907,in,,,,
Pell,256,4,0,182,0.4413691915544783,0.005505906031901764,0.7761753420320756,0.4804744076636873,0.3364341472692677,0.28562761037400636,,3.223824657967924,in,,,,
Pell,256,4,0,181,0.4468667371125179,0.005489185084177561,0.7759793290933785,0.4789452128728734,0.3363849453355433,0.2847601948387592,,3.2240206709066213,in,,,,
Pell,256,4,0,180,0.4523474583904752,0.005472257471737019,0.7757788556894667,0.4773971308867406,0.3363348381903957,0.2838820584006768,,3.2242211443105333,in,,,,
Pell,256,4,0,179,0.4578111490422919,0.005455123831896336,0.7755738287328117,0.4758302210163115,0.3362838143403992,0.28299323412256655,,3.2244261712671882,in,,,,
Pell,256,4,0,178,0.46325760336310307,0.005437784809725954,0.7753641523686432,0.4742445433340166,0.3362318620236297,0.28209375546966314,,3.224635847631357,in,,,,
Pell,256,4,0,177,0.46868661629698183,0.005420241058031683,0.7751497278942375,0.47264015867352976,0.3361789692038091,0.28118365630837,,3.2248502721057624,in,,,,
Pell,256,4,0,176,0.4740979834446598,0.005402493237324224,0.7749304536670217,0.47101712862962897,0.3361251235642641,0.28026297090498486,,3.2250695463329784,in,,,,
Pell,256,4,0,175,0.47949150107122235,0.005384542015800853,0.7747062250101513,0.46937551555810386,0.33607031250170805,0.279331733924411,,3.225293774989849,in,,,,
Pell,256,4,0,174,0.4848669661137792,0.005366388069312944,0.7744769341191117,0.46771538257571865,0.33601452311984426,0.2783899804288527,,3.225523065880888,in,,,,
Pell,256,4,0,173,0.49022417618910985,0.005348032081348264,0.7742424699595218,0.46603679356021593,0.3359577422227727,0.27743774587649667,,3.225757530040478,in,,,,
Pell,256,4,0,172,0.4955629296012828,0.005329474742997609,0.7740027181650535,0.46433981315038003,0.3358999563082058,0.2764750661201777,,3.2259972818349465,in,,,,
Pell,256,4,0,171,0.5008830253492496,0.005310716752935873,0.7737575609274038,0.4626245067461474,0.33584115156047584,0.2755019774060305,,3.226242439072596,in,,,,
Pell,256,4,0,170,0.5061842631344122,0.005291758817389636,0.7735068768871092,0.4608909405087869,0.33578131384334203,0.2745185163721257,,3.226493123112891,in,,,,
Pell,256,4,0,169,0.5114664433681644,0.005272601650114561,0.7732505410141964,0.4591391813611283,0.3357204286925728,0.27352472004709194,,3.2267494589858035,in,,,,
Pell,256,4,0,168,0.5167293671794057,0.005253245972367981,0.772988424489915,0.4573692969878681,0.3356584813083139,0.27252062584872305,,3.227011575510085,in,,,,
Pell,256,4,0,167,0.5219728364220292,0.0052336925128790845,0.7727203945792996,0.4555813558359332,0.33559545654722145,0.27150627158257046,,3.2272796054207005,in,,,,
Pell,256,4,0,166,0.5271966536823818,0.005213942007825989,0.7724463145013502,0.4537754271149219,0.33553133891436066,0.27048169544052114,,3.2275536854986497,in,,,,
Pell,256,4,0,165,0.5324006222866959,0.005193995200802326,0.7721660432930947,0.4519515807976192,0.3354661125548597,0.26944693599936137,,3.227833956706905,in,,,,
Pell,256,4,0,164,0.537584546308495,0.005173852842795812,0.7718794356690666,0.4501098876205908,0.33539976124531135,0.26840203221932557,,3.2281205643309336,in,,,,
Pell,256,4,0,163,0.5427482305759695,0.0051535156921533876,0.7715863418741135,0.44825041908485985,0.33533226838491303,0.267347023442631,,3.2284136581258864,in,,,,
Pell,256,4,0,162,0.5478914806793256,0.0051329845145585695,0.7712866075308218,0.44637324745667006,0.33526361698633694,0.2662819493919981,,3.228713392469178,in,,,,
Pell,256,4,0,161,0.5530141029781034,0.005112260082997144,0.7709800734814294,0.44447844576834294,0.33519378966632374,0.2652068501691568,,3.2290199265185704,in,,,,
Pell,256,4,0,160,0.5581159046084689,0.005091343177733965,0.7706665756229405,0.4425660878192271,0.3351227686359862,0.264121766253338,,3.2293334243770593,in,,,,
Pell,256,4,0,159,0.5631966934904746,0.005070234586277422,0.7703459447335713,0.44063624817674685,0.3350505356908138,0.2630267384997516,,3.229654055266429,in,,,,
Pell,256,4,0,158,0.5682562783352902,0.005048935103353802,0.7700180062958438,0.43868900217756224,0.33497707220037526,0.2619218081380501,,3.2299819937041563,in,,,,
Pell,256,4,0,157,0.5732944686524062,0.005027445530878194,0.7696825803112594,0.4367244259288364,0.33490235909770116,0.26080701677077806,,3.2303174196887405,in,,,,
Pell,256,4,0,156,0.5783110747568049,0.005005766677919077,0.7693394811048483,0.4347425963096138,0.3348263768683339,0.25968240637180784,,3.2306605188951516,in,,,,
Pell,256,4,0,155,0.5833059077761016,0.004983899360674449,0.7689885171245484,0.43274359097232346,0.3347491055390414,0.25854801928476134,,3.2310114828754517,in,,,,
Pell,256,4,0,154,0.5882787796576565,0.004961844402435189,0.768629490730492,0.430727488344406,0.33467052466617714,0.2574038982214179,,3.231370509269508,in,,,,
Pell,256,4,0,153,0.5932295031756537,0.0049396026335593035,0.7682621979776729,0.4286943676300779,0.33459061332368,0.25625008626010837,,3.231737802022327,in,,,,
Pell,256,4,0,152,0.598157891938151,0.004917174891435394,0.7678864283875295,0.42664430881222837,0.3345093500906935,0.2550866268440956,,3.2321135716124703,in,,,,
Pell,256,4,0,151,0.6030637603940971,0.004894562020456683,0.7675019647093944,0.42457739265446065,0.3344267130387951,0.253913563779941,,3.2324980352906056,in,,,,
Pell,256,4,0,150,0.6079469238403175,0.004871764871984152,0.7671085826756697,0.42249370070329073,0.334342679718827,0.252730941235858,,3.23289141732433,in,,,,
Pell,256,4,0,149,0.6128071984284682,0.004848784304317233,0.7667060507411545,0.4203933152904952,0.33425722714730216,0.25153880374005144,,3.2332939492588455,in,,,,
Pell,256,4,0,148,0.617644401171958,0.004825621182662387,0.7662941298147228,0.4182763195356297,0.3341703317923828,0.25033719617904393,,3.233705870185277,in,,,,
Pell,256,4,0,147,0.6224583499528378,0.004802276379097026,0.7658725729818661,0.41614279734872484,0.3340819695594136,0.24912616379598862,,3.2341274270181337,in,,,,
Pell,256,4,0,146,0.6272488635286566,0.004778750772540863,0.7654411252055595,0.41399283343314563,0.3339921157759787,0.2479057521889687,,3.2345588747944403,in,,,,
Pell,256,4,0,145,0.6320157615392863,0.0047550452487182815,0.7649995230292369,0.4118265132886655,0.3339007451764981,0.24667600730928366,,3.235000476970763,in,,,,
Pell,256,4,0,144,0.6367588645137106,0.004731160700130355,0.7645474942526135,0.4096439232147132,0.33380783188630686,0.2454369754597224,,3.2354525057473866,in,,,,
Pell,256,4,0,143,0.6414779938767835,0.004707098026015544,0.7640847575994286,0.40744515031383444,0.3337133494052255,0.2441887032928233,,3.2359152424005715,in,,,,
Pell,256,4,0,142,0.6461729719559519,0.004682858132321166,0.7636110223727021,0.4052302824953746,0.3336172705906002,0.2429312378091209,,3.236388977627298,in,,,,
Pell,256,4,0,141,0.6508436219879445,0.004658441931664092,0.7631259880913875,0.40299940847938026,0.33351956763978263,0.24166462635538027,,3.2368740119086126,in,,,,
Pell,256,4,0,140,0.6554897681254276,0.004633850343302104,0.762629344109383,0.4007526178007315,0.33342021207203326,0.240388916622818,,3.237370655890617,in,,,,
Pell,256,4,0,139,0.6601112354436253,0.004609084293093257,0.7621207692248478,0.39849000081353314,0.3333191747098382,0.23910415664531007,,3.2378792307751523,in,,,,
Pell,256,4,0,138,0.6647078499469047,0.004584144713465577,0.7615999312601601,0.3962116486957423,0.3332164256595904,0.23781039479758836,,3.23840006873984,in,,,,
Pell,256,4,0,137,0.669279438575328,0.00455903254338097,0.7610664866346052,0.39391765345408275,0.3331119342916472,0.2365076797934227,,3.238933513365395,in,,,,
Pell,256,4,0,136,0.6738258292111672,0.004533748728297371,0.7605200799117396,0.3916081079292308,0.3330056692197128,0.23519606068379148,,3.2394799200882605,in,,,,
Pell,256,4,0,135,0.6783468506853845,0.004508294220137321,0.7599603433255616,0.3892831058012898,0.3328975982795285,0.23387558685503965,,3.2400396566744383,in,,,,
Pell,256,4,0,134,0.6828423327840767,0.004482669977247111,0.7593868962845288,0.3869427415955704,0.332787688506845,0.232546308027024,,3.240613103715471,in,,,,
Pell,256,4,0,133,0.6873121062548836,0.004456876964366696,0.7587993448585106,0.38458711068870055,0.33267590611465986,0.2312082742512462,,3.2412006551414896,in,,,,
Pell,256,4,0,132,0.6917560028133605,0.00443091615258695,0.7581972812336377,0.3822163093150533,0.3325622164696689,0.22986153590897362,,3.2418027187663623,in,,,,
Pell,256,4,0,131,0.6961738551493133,0.004404788519318914,0.7575802831472555,0.3798304345735319,0.3324465840679216,0.22850614370934813,,3.2424197168527447,in,,,,
Pell,256,4,0,130,0.700565496933099,0.004378495048252273,0.7569479132920078,0.37742958443471075,0.332328972509637,0.2271421486874822,,3.2430520867079924,in,,,,
Pell,256,4,0,129,0.7049307628218863,0.004352036729322384,0.7562997186975422,0.3750138577483677,0.33220934447316114,0.22576960220254413,,3.243700281302458,in,,,,
Pell,256,4,0,128,0.709269488465882,0.004325414558669083,0.7556352300741551,0.37258335425139594,0.3320876616880109,0.22438855593582988,,3.244364769925845,in,,,,
Pell,256,4,0,127,0.7135815105145176,0.00429862953860205,0.7549539611345983,0.3701381745761483,0.33196388490699524,0.22299906188882454,,3.245046038865402,in,,,,
Pell,256,4,0,126,0.7178666666226001,0.00427168267756306,0.7542554078746915,0.36767842025919883,0.3318379738773505,0.22160117238125085,,3.2457445921253085,in,,,,
Pell,256,4,0,125,0.7221247954564243,0.004244574990085126,0.7535390478218327,0.3652041937505625,0.33170988731086787,0.22019494004910675,,3.2464609521781673,in,,,,
Pell,256,4,0,124,0.726355736699846,0.004217307496758416,0.7528043392508729,0.3627155984233939,0.33157958285297323,0.21878041784269134,,3.247195660749127,in,,,,
Pell,256,4,0,123,0.7305593310603189,0.004189881224187508,0.7520507203519163,0.3602127385841651,0.33144701705069934,0.21735765902461907,,3.2479492796480836,in,,,,
Pell,256,4,0,122,0.7347354202748912,0.004162297204957088,0.751277608369272,0.35769571948337914,0.33131214531953507,0.2159267171678227,,3.2487223916307277,in,,,,
Pell,256,4,0,121,0.7388838471161643,0.004134556477589091,0.7504843986835092,0.3551646473268018,0.33117492190906916,0.21448764615354513,,3.2495156013164905,in,,,,
Pell,256,4,0,120,0.7430044553982125,0.0041066600865070635,0.7496704638578804,0.3526196292872714,0.3310352998674124,0.21304050016931975,,3.25032953614212,in,,,,
Pell,256,4,0,119,0.7470970899824625,0.004078609081993201,0.748835152632161,0.3500607735170961,0.3308932310043319,0.21158533370694022,,3.251164847367839,in,,,,
Pell,256,4,0,118,0.7511615967835358,0.004050404520153261,0.7479777888655962,0.34748818916106305,0.3307486658530431,0.21012220156041844,,3.252022211134404,in,,,,
Pell,256,4,0,117,0.7551978227750484,0.004022047462872158,0.7470976704236517,0.34490198637009406,0.3306015536306076,0.20865115882393268,,3.252902329576348,in,,,,
Pell,256,4,0,116,0.7592056159953731,0.0039935389777771,0.7461940680120805,0.34230227631557936,0.3304518421968831,0.20717226088976423,,3.2538059319879196,in,,,,
Pell,256,4,0,115,0.7631848255533603,0.003964880138197291,0.745266223942211,0.3396891712044083,0.330299478011951,0.20568556344622352,,3.254733776057789,in,,,,
Pell,256,4,0,114,0.7671353016340192,0.003936072023120518,0.7443133508475208,0.3370627842947572,0.3301444060919847,0.20419112247556603,,3.255686649152479,in,,,,
Pell,256,4,0,113,0.7710568955041582,0.003907115717157517,0.743334630302758,0.33442322991260726,0.3299865699634322,0.20268899425189743,,3.256665369697242,in,,,,
Pell,256,4,0,112,0.7749494595179847,0.003878012310495338,0.7423292114040796,0.3317706234691192,0.32982591161553154,0.20117923533906854,,3.25767078859592,in,,,,
Pell,256,4,0,111,0.7788128471226634,0.003848762898862157,0.7412962092486043,0.32910508147882084,0.32966237145100424,0.19966190258856023,,3.2587037907513956,in,,,,
Pell,256,4,0,110,0.7826469128638347,0.0038193685834805313,0.740234703342445,0.32642672157869124,0.3294958882348939,0.19813705313735833,,3.259765296657555,in,,,,
Pell,256,4,0,109,0.7864515123910907,0.003789830471031208,0.7391437359182285,0.3237356625481649,0.3293263990414516,0.19660474440581785,,3.2608562640817715,in,,,,
Pell,256,4,0,108,0.7902265024634092,0.003760149673605939,0.7380223101608371,0.3210320243301082,0.3291538391989884,0.19506503409551898,,3.261977689839163,in,,,,
Pell,256,4,0,107,0.7939717409545478,0.0037303273086712885,0.7368693883373006,0.3183159280528108,0.32897814223260524,0.1935179801871118,,3.2631306116626995,in,,,,
Pell,256,4,0,106,0.7976870868583943,0.003700364499021669,0.7356838898171747,0.3155874960530357,0.3287992398047012,0.19196364093815244,,3.2643161101828255,in,,,,
Pell,256,4,0,105,0.801372400294275,0.0036702623727397077,0.7344646889885531,0.3128468519001907,0.3286170616531707,0.19040207488092983,,3.2655353110114467,in,,,,
Pell,256,4,0,104,0.8050275425122221,0.003640022063154502,0.7332106130516659,0.3100941204216595,0.3284315355271752,0.18883334082028283,,3.266789386948334,in,,,,
Pell,256,4,0,103,0.8086523758981969,0.003609644708795323,0.7319204396820418,0.30732942772934957,0.3282425871203766,0.18725749783140871,,3.2680795603179584,in,,,,
Pell,256,4,0,102,0.8122467639792715,0.0035791314533537566,0.7305928945720381,0.30455290124753803,0.3280501400015441,0.18567460525766247,,3.2694071054279616,in,,,,
Pell,256,4,0,101,0.815810571428766,0.0035484834456351866,0.7292266488146193,0.30176466974204186,0.3278541155423728,0.18408472270834794,,3.2707733511853805,in,,,,
Pell,256,4,0,100,0.8193436640713441,0.003517701839521048,0.727820316145471,0.29896486335080835,0.3276544328424235,0.1824879100564999,,3.272179683854529,in,,,,
Pell,256,4,0,99,0.8228459088880649,0.0034867877939204206,0.7263724500134424,0.2961536136159716,0.32745100865102106,0.18088422743665789,,3.2736275499865575,in,,,,
Pell,256,4,0,98,0.8263171740213904,0.0034557424727306163,0.7248815404838862,0.2933310535174674,0.327243757285994,0.1792737352426322,,3.275118459516114,in,,,,
Pell,256,4,0,97,0.8297573287801505,0.0034245670447896615,0.7233460109479408,0.2904973175082625,0.32703259054908407,0.1776564941252618,,3.2766539890520594,in,,,,
Pell,256,4,0,96,0.8331662436444627,0.0033932626838346636,0.7217642146429374,0.2876525415513016,0.326817417637894,0.17603256499016454,,3.2782357853570625,in,,,,
Pell,256,4,0,95,0.836543790270609,0.0033618305684580685,0.7201344309459288,0.28479686315822544,0.3265981450541739,0.17440200899547992,,3.2798655690540715,in,,,,
Pell,256,4,0,94,0.8398898414958682,0.003330271882060254,0.718454861448799,0.28193042142998076,0.3263746765083071,0.17276488754960428,,3.281545138551201,in,,,,
Pell,256,4,0,93,0.8432042713433028,0.003298587812808784,0.7167236257859687,0.27905335709940104,0.32614691281979274,0.17112126230891997,,3.283276374214031,in,,,,
Pell,256,4,0,92,0.8464869550265022,0.0032667795535900046,0.7149387571980039,0.2761658125758553,0.3259147518135311,0.16947119517551687,,3.285061242801996,in,,,,
Pell,256,4,0,91,0.8497377689542811,0.003234848301967963,0.7130981978120832,0.27326793199207255,0.3256780882117077,0.1678147482949078,,3.286901802187917,in,,,,
Pell,256,4,0,90,0.8529565907353327,0.0032027952601353382,0.7111997936248263,0.27035986125325967,0.3254368135210688,0.16615198405373802,,3.2888002063751736,in,,,,
Pell,256,4,0,89,0.8561432991828362,0.0031706216348715843,0.7092412891512624,0.2674417480886151,0.3251908159153404,0.1644829650774888,,3.2907587108487375,in,,,,
Pell,256,4,0,88,0.8592977743190195,0.0031383286374950803,0.7072203217339568,0.26451374210538303,0.32493998011257613,0.16280775422817576,,3.2927796782660432,in,,,,
Pell,256,4,0,87,0.8624198973796768,0.003105917483819609,0.7051344154680789,0.26157599484555777,0.32468418724715176,0.16112641460204183,,3.2948655845319212,in,,,,
Pell,256,4,0,86,0.8655095508186397,0.003073389394105952,0.702980974720493,0.25862865984538536,0.32442331473614633,0.1594390095272457,,3.297019025279507,in,,,,
Pell,256,4,0,85,0.868566618312202,0.003040745593018701,0.700757277216094,0.2556718926978189,0.3241572361398346,0.15774560256154668,,3.299242722783906,in,,,,
Pell,256,4,0,84,0.8715909847635007,0.0030079873095787413,0.6984604666497037,0.2527058511180696,0.3238858210159752,0.15604625748998457,,3.3015395333502964,in,,,,
Pell,256,4,0,83,0.8745825363068482,0.0029751157771163994,0.6960875447854854,0.2497306950124203,0.3236089347675737,0.15434103832255736,,3.3039124552145145,in,,,,
Pell,256,4,0,82,0.87754116031202,0.002942132233227035,0.6936353630095167,0.24674658655048587,0.3233264384837951,0.15263000929189566,,3.3063646369904833,in,,,,
Pell,256,4,0,81,0.8804667453884942,0.0029090379197214133,0.6911006132845537,0.2437536902410978,0.3230381887736553,0.15091323485093575,,3.308899386715446,in,,,,
Pell,256,4,0,80,0.8833591813896464,0.002875834082582851,0.6884798184571765,0.2407521730120081,0.32274403759211345,0.14919077967059002,,3.3115201815428232,in,,,,
Pell,256,4,0,79,0.8862183594168958,0.0028425219719160344,0.6857693218718611,0.23774220429363496,0.32244383205817395,0.14746270863741784,,3.3142306781281388,in,,,,
Pell,256,4,0,78,0.8890441718238058,0.0028091028419040542,0.6829652762175988,0.23472395610705166,0.3221374142645505,0.14572908685129518,,3.317034723782401,in,,,,
Pell,256,4,0,77,0.8918365122201366,0.0027755779507573353,0.6800636315569291,0.23169760315647744,0.32182462107846405,0.14398997962308624,,3.319936368443071,in,,,,
Pell,256,4,0,76,0.8945952754758502,0.0027419485606698935,0.67706012245828,0.2286633229265097,0.3215052839330831,0.14224545247231635,,3.32293987754172,in,,,,
Pell,256,4,0,75,0.8973203577250695,0.002708215937768821,0.6739502541488389,0.22562129578436255,0.32117922860909454,0.14049557112484692,,3.326049745851161,in,,,,
Pell,256,4,0,74,0.9000116563699879,0.0026743813520679893,0.6707292876137857,0.22257170508741478,0.320846275005888,0.13874040151055533,,3.329270712386214,in,,,,
Pell,256,4,0,73,0.9026690700847326,0.002640446077421421,0.6673922235292983,0.2195147372963528,0.32050623690175983,0.1369800097610191,,3.332607776470702,in,,,,
Pell,256,4,0,72,0.9052924988191793,0.0026064113914719966,0.6639337849372228,0.21645058209424808,0.320158921702552,0.13521446220720623,,3.336066215062777,in,,,,
Pell,256,4,0,71,0.9078818438027189,0.0025722785756070454,0.6603483985345597,0.21337943251191158,0.31980413017807624,0.13344382537717428,,3.33965160146544,in,,,,
Pell,256,4,0,70,0.9104370075479761,0.002538048914907387,0.656630174452007,0.2103014850599008,0.3194416561856549,0.13166816599377795,,3.343369825547993,in,,,,
Pell,256,4,0,69,0.9129578938544802,0.0025037236981009237,0.6527728843762631,0.20721693986757628,0.31907128638005844,0.12988755097238802,,3.347227115623737,in,,,,
Pell,256,4,0,68,0.9154444078122866,0.002469304217511903,0.6487699378487296,0.2041260008296324,0.3186927999090757,0.12810204741862405,,3.3512300621512705,in,,,,
Pell,256,4,0,67,0.9178964558055501,0.0024347917690150656,0.6446143565770653,0.2010288757605732,0.31830596809393996,0.12631172262610207,,3.3553856434229345,in,,,,
Pell,256,4,0,66,0.9203139455160497,0.0024001876519841314,0.6402987465347175,0.19792577655760502,0.31791055409373165,0.12451664407420036,,3.3597012534652824,in,,,,
Pell,256,4,0,65,0.9226967859266643,0.0023654931692449477,0.6358152676562546,0.19481691937250184,0.3175063125529096,0.12271687942584596,,3.3641847323437455,in,,,,
Pell,256,4,0,64,0.9250448873247991,0.002330709627024641,0.6311556008467826,0.1917025247929864,0.3170929892309913,0.12091249652532542,,3.3688443991532173,in,,,,
Pell,256,4,0,63,0.9273581613057634,0.002295838334904099,0.6263109120503971,0.18858281803426147,0.31667032061343114,0.11910356339612269,,3.373689087949603,in,,,,
Pell,256,4,0,62,0.9296365207760996,0.002260880605768234,0.621271813046054,0.18545802914134077,0.31623803350264584,0.11729014823878806,,3.3787281869539463,in,,,,
Pell,256,4,0,61,0.9318798799568613,0.0022258377557551334,0.6160283186324524,0.1823283932029081,0.3157958445881262,0.1154723194288438,,3.3839716813675476,in,,,,
Pell,256,4,0,60,0.9340881543868432,0.0021907111042087646,0.6105697997859934,0.1791941505774635,0.3153434599944935,0.11365014551473025,,3.3894302002140066,in,,,,
Pell,256,4,0,59,0.9362612609257612,0.0021555019736272385,0.6048849323551334,0.1760555471326061,0.31488057480635345,0.11182369521579884,,3.3951150676448667,in,,,,
Pell,256,4,0,58,0.9383991177573824,0.0021202116896150702,0.5989616407787874,0.17291283449836214,0.31440687256875127,0.10999303742035813,,3.4010383592212126,in,,,,
Pell,256,4,0,57,0.9405016443926053,0.0020848415808307763,0.5927870362435468,0.1697662703355391,0.3139220247619863,0.10815824118378113,,3.407212963756453,in,,,,
Pell,256,4,0,56,0.9425687616724905,0.0020493929789396903,0.5863473486359961,0.166616118620192,0.31342569024956995,0.10631937572668111,,3.413652651364004,in,,,,
Pell,256,4,0,55,0.9446003917712409,0.002013867218560894,0.5796278515361398,0.16346264994536674,0.31291751469806706,0.10447651043316719,,3.4203721484638603,in,,,,
Pell,256,4,0,54,0.9465964581991312,0.0019782656372198115,0.5726127793948783,0.16030614184140046,0.3123971299675988,0.10262971484919026,,3.4273872206051217,in,,,,
Pell,256,4,0,53,0.9485568858053889,0.0019425895752955835,0.5652852359339253,0.15714687911618005,0.31186415347184027,0.10077905868099049,,3.434714764066075,in,,,,
Pell,256,4,0,52,0.9504816007810225,0.0019068403759716634,0.5576270926365694,0.15398515421689335,0.3113181875064059,0.09892461179366518,,3.4423729073634304,in,,,,
Pell,256,4,0,51,0.952370530661601,0.001871019385185524,0.5496188760512501,0.1508212676149512,0.31075881854465853,0.0970664442098701,,3.45038112394875,in,,,,
Pell,256,4,0,50,0.9542236043299823,0.0018351279515768093,0.5412396424233973,0.1476555282159335,0.3101856165001563,0.0952046261086765,,3.458760357576603,in,,,,
Pell,256,4,0,49,0.9560407520189897,0.001799167426438153,0.5324668379461069,0.14448825379660296,0.30959813395523,0.09333922782460759,,3.467533162053893,in,,,,
Pell,256,4,0,48,0.9578219053140402,0.0017631391636626637,0.5232761426382166,0.14131977147122537,0.30899590535551796,0.09147031984687866,,3.476723857361783,in,,,,
Pell,256,4,0,47,0.9595669971557186,0.0017270445196942985,0.5136412955491361,0.13815041818970575,0.30837844617082505,0.08959797281887713,,3.486358704450864,in,,,,
Pell,256,4,0,46,0.9612759618423037,0.0016908848534756826,0.5035338985912389,0.13498054127028658,0.30774525202328484,0.08772225753791554,,3.4964661014087612,in,,,,
Pell,256,4,0,45,0.9629487350322407,0.001654661526398371,0.4929231958588743,0.13181049896989963,0.3070957977847356,0.08584324495530518,,3.5070768041411258,in,,,,
Pell,256,4,0,44,0.9645852537465646,0.001618375902249447,0.481775824725372,0.12864066109557284,0.30642953664630884,0.08396100617679958,,3.518224175274628,in,,,,
Pell,256,4,0,43,0.9661854563712706,0.0015820293471627833,0.470055534372262,0.1254714096607395,0.3057458991648216,0.0820756124634727,,3.529944465627738,in,,,,
Pell,256,4,0,42,0.9677492826596348,0.0015456232295653072,0.45772286659239125,0.1223031395907189,0.3050442922924867,0.08018713523310284,,3.542277133407609,in,,,,
Pell,256,4,0,41,0.9692766737344807,0.0015091589201265965,0.4447347927501547,0.11913625948219264,0.3043240983990784,0.07829564606215451,,3.555265207249845,in,,,,
Pell,256,4,0,40,0.9707675720903979,0.0014726377917078093,0.43104429961538143,0.11597119242208945,0.3035846742990586,0.07640121668845987,,3.5689557003846186,in,,,,
Pell,256,4,0,39,0.9722219215959059,0.0014360612193082822,0.4165999153299096,0.11280837687201561,0.3028253503005864,0.07450391901473327,,3.5834000846700906,in,,,,
Pell,256,4,0,38,0.973639667495568,0.0013994305800157925,0.40134516501979345,0.10964826762517324,0.3020454292991031,0.07260382511307137,,3.5986548349802066,in,,,,
Pell,256,4,0,37,0.9750207564120521,0.0013627472529526008,0.38521794335951265,0.10649133684367308,0.3012441859457327,0.0707010072306304,,3.6147820566404874,in,,,,
Pell,256,4,0,36,0.9763651363481414,0.0013260126192259358,0.36814978869105996,0.10333807518527216,0.30042086593066764,0.0687955377967128,,3.63185021130894,in,,,,
Pell,256,4,0,35,0.9776727566886909,0.0012892280618731489,0.35006503987569026,0.1001889930298863,0.29957468543475196,0.06688748943155125,,3.64993496012431,in,,,,
Pell,256,4,0,34,0.978943568202534,0.0012523949658129752,0.33087985279470267,0.09704462181780175,0.2987048308197658,0.06497693495714309,,3.6691201472052972,in,,,,
Pell,256,4,0,33,0.9801775230443355,0.0012155147177899117,0.31050104796791633,0.09390551551338465,0.2978104586508341,0.06306394741058005,,3.689498952032084,in,,,,
Pell,256,4,0,32,0.9813745747563929,0.0011785887063248124,0.28882475383307266,0.0907722522103312,0.29689069617498726,0.061148600060427674,,3.711175246166927,in,,,,
Pell,256,4,0,31,0.9825346782703858,0.001141618321661042,0.2657348013221487,0.08764543589723667,0.2959446424210324,0.05923096642685349,,3.7342651986778512,in,,,,
Pell,256,4,0,30,0.9836577899090726,0.0011046049557127402,0.24110081382119408,0.08452569840557211,0.2949713701413688,0.0573111203063959,,3.758899186178806,in,,,,
Pell,256,4,0,29,0.9847438673879352,0.0010675500020121964,0.214775921500406,0.0814137015662621,0.2939699288919715,0.055389135802512736,,3.785224078499594,in,,,,
Pell,256,4,0,28,0.98579286981677,0.0010304548556573367,0.18659400909741883,0.07831013960614462,0.2929393496503567,0.053465087363383026,,3.8134059909025813,in,,,,
Pell,256,4,0,27,0.9868047577012284,0.0009933209132598764,0.15636637970441913,0.07521574182200388,0.29187865151471487,0.05153904982887173,,3.8436336202955808,in,,,,
Pell,256,4,0,26,0.987779492944304,0.0009561495728910296,0.12387768141906368,0.07213127557810987,0.29078685122782616,0.04961109848917917,,3.8761223185809364,in,,,,
Pell,256,4,0,25,0.9887170388477653,0.0009189422340315501,0.08888089520337161,0.06905754968392712,0.2896629765527385,0.04768130915851023,,3.9111191047966285,in,,,,
Pell,256,4,0,24,0.989617360113539,0.0008817002975159971,0.05109111568430124,0.06599541822300317,0.2885060849330641,0.04574975826822832,,3.9489088843156988,in,,,,
Pell,256,4,0,23,0.9904804228450386,0.0008444251654829982,0.01017776453258515,0.06294578492387017,0.2873152894610711,0.04381652298556065,,3.9898222354674147,in,,,,
Pell,256,4,0,22,0.9913061945484398,0.0008071182413195155,-0.034245251766216026,0.05990960819186116,0.28608979504944126,0.041881681366165296,,4.034245251766216,in,,,,
Pell,256,4,0,21,0.9920946441339047,0.0007697809296104419,-0.08263210487466878,0.05688790696156649,0.28482894901554784,0.039945312552103804,,4.082632104874669,in,,,,
Pell,256,4,0,20,0.9928457419167522,0.0007324146360845329,-0.13552123557871656,0.053881767589688656,0.2835323122962642,0.03800749703151107,,4.135521235578716,in,,,,
Pell,256,4,0,19,0.9935594596185753,0.0006950207675615605,-0.19355640468834096,0.05089235209463112,0.28219976062774593,0.036068316983276255,,4.193556404688341,out,,,,
Pell,256,4,0,18,0.9942357703683058,0.0006576007318993549,-0.25751426130439387,0.04792090816619588,0.2808316298928887,0.0341278567406907,,4.257514261304394,out,,,,
Pell,256,4,0,17,0.9948746487032261,0.0006201559379414023,-0.32834064457216894,0.04496878150392896,0.2794289274251853,0.03218620342446039,,4.328340644572169,out,,,,
Pell,256,4,0,16,0.9954760705699284,0.0005826877954629994,-0.40719864705957176,0.042037431139138666,0.2779936427046166,0.030243447821435062,,4.407198647059571,out,,,,
Pell,256,4,0,15,0.996040013325219,0.0005451977151181842,-0.4955330124772349,0.039128448310991035,0.27652920831760436,0.028299685627458576,,4.495533012477235,out,,,,
Pell,256,4,0,14,0.9965664557369718,0.0005076871083876666,-0.5951593048282392,0.0362435789712724,0.275041187695625,0.026355019242704437,,4.595159304828239,out,,,,
Pell,256,4,0,13,0.9970553779849279,0.00047015738752453906,-0.7083962944164112,0.03338474906170719,0.2735383061076945,0.024409560428120307,,4.708396294416411,out,,,,
Pell,256,4,0,12,0.9975067616614409,0.00043260996550142927,-0.8382805927272424,0.030554091655706817,0.2720340192480199,0.022463434345577144,,4.8382805927272425,out,,,,
Pell,256,4,0,11,0.9979205897721704,0.00039504625595754295,-0.9889277708305039,0.027753979911567594,0.27054900358702794,0.020516785900961506,,4.988927770830504,out,,,,
Pell,256,4,0,10,0.9982968467367219,0.000357467673145595,-1.1661142182834914,0.024987082501324035,0.26911540080542307,0.01856979008004845,,5.166114218283491,out,,,,
Pell,256,4,0,9,0.9986355183892336,0.0003198756318776308,-1.3781678867141949,0.022256470495509682,0.26778455085588,0.016622669548616326,,5.378167886714195,out,,,,
Pell,256,4,0,8,0.9989365919789088,0.00028227154747295646,-1.6373566156340242,0.019565805530851306,0.26664173469011576,0.014675726253874088,,5.637356615634024,out,,,,
Pell,256,4,0,7,0.9992000561704975,0.0002446568357041823,-1.962216747717851,0.016919638625790965,0.26583556160676813,0.012729401983335095,,5.962216747717851,out,,,,
Pell,256,4,0,6,0.9994259010447213,0.0002070329127435988,-2.3820773367224506,0.014323865177195742,0.26564035856093077,0.010784404338853679,,6.382077336722451,out,,,,
Pell,256,4,0,5,0.9996141180986486,0.0001694011951111074,-2.9455128254864977,0.0117865932705243,0.2666047381608085,0.008841998346942326,,6.945512825486498,out,,,,
