wing,n,alpha,twist,k_from_tip,eta,deta,alpha_i_deg,gamma,cl_local,chord,self_deg,alpha_eff,verdict,CL,AR,seconds,diag
ell,16,2,0,1,0.9975923633360984,0.004815273327803182,-0.4422991156747518,0.02456014318747942,0.2225163124409119,0.022074914794394,9.30213654718702,2.4422991156747518,out:sweep;sweep=54.1,0.16971240104397547,7.993848189520612,0.03,RunDiagnostics { ResidualInf = 2.3314683517128287E-15; Kappa1 = 206.02382492670435 }
ell,16,2,0,2,0.9879850035377136,0.014399446268966387,-0.012092891335894428,0.04479122441541228,0.18209768608659022,0.049194721117008997,5.673092993729995,2.0120928913358944,in;sweep=24.6,0.16971240104397547,7.993848189520612,0.03,RunDiagnostics { ResidualInf = 2.3314683517128287E-15; Kappa1 = 206.02382492670435 }
ell,16,2,0,3,0.9688628080677196,0.023844944671021606,0.1741432342471656,0.06806313223086946,0.1727206843705898,0.07881294875468776,5.205810702153384,1.8258567657528344,in;sweep=15.2,0.16971240104397547,7.993848189520612,0.03,RunDiagnostics { ResidualInf = 2.3314683517128287E-15; Kappa1 = 206.02382492670435 }
ell,16,2,0,4,0.9404099341217478,0.033060803220922086,0.2607818497977467,0.0919851981180708,0.16996681605973218,0.1082390083553063,5.074313639482193,1.7392181502022532,in;sweep=10.7,0.16971240104397547,7.993848189520612,0.03,RunDiagnostics { ResidualInf = 2.3314683517128287E-15; Kappa1 = 206.02382492670435 }
Pell,16,2,0,16,0.049008570164780295,0.0980171403295607,0.38802880528026756,0.2701311609884834,0.16993261232846935,0.3179273916725724,,1.6119711947197324,in,,,,
Pell,16,2,0,15,0.14655373117284443,0.09707318168656755,0.38760931210639316,0.26750138055853806,0.1699106487392893,0.3148730024202213,,1.612390687893607,in,,,,
Pell,16,2,0,14,0.24268749963529518,0.09519435523833397,0.38673831300463873,0.262268515166875,0.1698664060406227,0.30879385898604905,,1.6132616869953613,in,,,,
Pell,16,2,0,13,0.33648405480977595,0.09239875511062756,0.38534685812757763,0.254485870585875,0.16979932919922103,0.2997489704889158,,1.6146531418724224,in,,,,
Pell,16,2,0,12,0.4270400845955437,0.08871330446090797,0.3833179292155506,0.2442332245620525,0.16970881689002928,0.2878262061308397,,1.6166820707844494,in,,,,
Pell,16,2,0,11,0.5134834849227998,0.08417349619360426,0.38046601758095855,0.2316167076861036,0.16959463737402095,0.27314154653994194,,1.6195339824190413,in,,,,
Pell,16,2,0,10,0.5949817585916237,0.07882305114404342,0.37650118136262,0.21676883648945816,0.16945779960337676,0.25583813432821023,,1.62349881863738,in,,,,
Pell,16,2,0,9,0.6707500326750964,0.07271349702290208,0.37096515612873293,0.19984893397924391,0.16930239233285552,0.23608518606911666,,1.629034843871267,in,,,,
Pell,16,2,0,8,0.7400586172746422,0.06590367217618953,0.3631138677071876,0.1810443592276282,0.16913956712940661,0.21407688608912354,,1.6368861322928123,in,,,,
Pell,16,2,0,7,0.8022400328326411,0.05845915893980835,0.35169028090741367,0.16057333176357755,0.1689965272319785,0.19003151649756853,,1.6483097190925864,in,,,,
Pell,16,2,0,6,0.8566954383254501,0.05045165204580959,0.3344554748047487,0.1386909019097307,0.16893805819031435,0.16419142423608396,,1.6655445251952514,in,,,,
Pell,16,2,0,5,0.9029003984298208,0.0419582681629318,0.3071354840920057,0.11570138262437106,0.16912260702908372,0.13682544830269097,,1.6928645159079942,in,,,,
ell,16,5,0,1,0.9975923633360984,0.004815273327803182,-1.104569165334197,0.06133491092266122,0.5556978270941044,0.022074914794394,23.230553346407493,6.104569165334197,out:sweep;sweep=54.1,0.4238287586942803,7.993848189520612,0.01,RunDiagnostics { ResidualInf = 4.107825191113079E-15; Kappa1 = 206.02382492670435 }
ell,16,5,0,2,0.9879850035377136,0.014399446268966387,-0.030200003608395736,0.11185870288560756,0.45475896740852784,0.049194721117008997,14.167615016340346,5.030200003608396,in;sweep=24.6,0.4238287586942803,7.993848189520612,0.01,RunDiagnostics { ResidualInf = 4.107825191113079E-15; Kappa1 = 206.02382492670435 }
ell,16,5,0,3,0.9688628080677196,0.023844944671021606,0.43489403456650416,0.16997645822463658,0.4313414506382784,0.07881294875468776,13.000654485580926,4.565105965433496,in;sweep=15.2,0.4238287586942803,7.993848189520612,0.01,RunDiagnostics { ResidualInf = 4.107825191113079E-15; Kappa1 = 206.02382492670435 }
ell,16,5,0,4,0.9404099341217478,0.033060803220922086,0.6512597017653323,0.229717876223597,0.4244641182770691,0.1082390083553063,12.672262237866317,4.3487402982346675,in;sweep=10.7,0.4238287586942803,7.993848189520612,0.01,RunDiagnostics { ResidualInf = 4.107825191113079E-15; Kappa1 = 206.02382492670435 }
Pell,16,5,0,16,0.049008570164780295,0.0980171403295607,0.969038007051393,0.6746080660112017,0.4243787000938681,0.3179273916725724,,4.030961992948607,in,,,,
Pell,16,5,0,15,0.14655373117284443,0.09707318168656755,0.9679903919680394,0.6680406226870482,0.4243238496487537,0.3148730024202213,,4.03200960803196,in,,,,
Pell,16,5,0,14,0.24268749963529518,0.09519435523833397,0.9658152152228707,0.6549724035721232,0.42421336079854755,0.30879385898604905,,4.034184784777129,in,,,,
Pell,16,5,0,13,0.33648405480977595,0.09239875511062756,0.9623402859325095,0.6355365310499418,0.42404584743916096,0.2997489704889158,,4.03765971406749,in,,,,
Pell,16,5,0,12,0.4270400845955437,0.08871330446090797,0.9572733702741774,0.6099322368977274,0.4238198078603483,0.2878262061308397,,4.042726629725823,in,,,,
Pell,16,5,0,11,0.5134834849227998,0.08417349619360426,0.9501511908661942,0.5784245647789804,0.42353466333207307,0.27314154653994194,,4.049848809133806,in,,,,
Pell,16,5,0,10,0.5949817585916237,0.07882305114404342,0.9402496656829499,0.5413444528966661,0.4231929335461655,0.25583813432821023,,4.05975033431705,in,,,,
Pell,16,5,0,9,0.6707500326750964,0.07271349702290208,0.9264243548126548,0.49908978420999683,0.42280482949394593,0.23608518606911666,,4.073575645187345,in,,,,
Pell,16,5,0,8,0.7400586172746422,0.06590367217618953,0.9068170556089068,0.45212845713121735,0.4223982003764659,0.21407688608912354,,4.093182944391093,in,,,,
Pell,16,5,0,7,0.8022400328326411,0.05845915893980835,0.8782885298005392,0.401005438978661,0.42204098180081817,0.19003151649756853,,4.121711470199461,in,,,,
Pell,16,5,0,6,0.8566954383254501,0.05045165204580959,0.8352474412772716,0.3463576759093764,0.4218949650029994,0.16419142423608396,,4.1647525587227285,in,,,,
Pell,16,5,0,5,0.9029003984298208,0.0419582681629318,0.7670202658905937,0.28894513939610494,0.42235584532036535,0.13682544830269097,,4.232979734109406,in,,,,
ell,16,8,0,1,0.9975923633360984,0.004815273327803182,-1.7638116676891349,0.0979415639303414,0.8873562126293144,0.022074914794394,37.09529681364143,9.763811667689135,out:sweep;sweep=54.1,0.6767834311769801,7.993848189520612,0.01,RunDiagnostics { ResidualInf = 1.9317880628477724E-14; Kappa1 = 206.02382492670435 }
ell,16,8,0,2,0.9879850035377136,0.014399446268966387,-0.04822433977017959,0.17861958442639658,0.7261737860107073,0.049194721117008997,22.623304590969767,8.04822433977018,in;sweep=24.6,0.6767834311769801,7.993848189520612,0.01,RunDiagnostics { ResidualInf = 1.9317880628477724E-14; Kappa1 = 206.02382492670435 }
ell,16,8,0,3,0.9688628080677196,0.023844944671021606,0.6944528205662162,0.2714238905613288,0.6887799399719443,0.07881294875468776,20.75986437872791,7.305547179433784,in;sweep=15.2,0.6767834311769801,7.993848189520612,0.01,RunDiagnostics { ResidualInf = 1.9317880628477724E-14; Kappa1 = 206.02382492670435 }
ell,16,8,0,4,0.9404099341217478,0.033060803220922086,1.0399524961588786,0.3668209135978881,0.6777979938503477,0.1082390083553063,20.235477046294598,6.960047503841121,in;sweep=10.7,0.6767834311769801,7.993848189520612,0.01,RunDiagnostics { ResidualInf = 1.9317880628477724E-14; Kappa1 = 206.02382492670435 }
Pell,16,8,0,16,0.049008570164780295,0.0980171403295607,1.5473911430021947,1.0772359172164148,0.6776615953405112,0.3179273916725724,,6.452608856997806,in,,,,
Pell,16,8,0,15,0.14655373117284443,0.09707318168656755,1.5457182774495046,1.0667488119037083,0.6775740083807205,0.3148730024202213,,6.454281722550496,in,,,,
Pell,16,8,0,14,0.24268749963529518,0.09519435523833397,1.542244885069169,1.045881058145754,0.6773975762212329,0.30879385898604905,,6.457755114930831,in,,,,
Pell,16,8,0,13,0.33648405480977595,0.09239875511062756,1.5366960059051549,1.0148452300580038,0.6771300854863359,0.2997489704889158,,6.463303994094845,in,,,,
Pell,16,8,0,12,0.4270400845955437,0.08871330446090797,1.528604991564137,0.9739594673679357,0.6767691381966758,0.2878262061308397,,6.471395008435863,in,,,,
Pell,16,8,0,11,0.5134834849227998,0.08417349619360426,1.517232065781461,0.9236470003455967,0.6763138102174655,0.27314154653994194,,6.482767934218539,in,,,,
Pell,16,8,0,10,0.5949817585916237,0.07882305114404342,1.5014209910255978,0.8644362817868757,0.6757681250738842,0.25583813432821023,,6.498579008974402,in,,,,
Pell,16,8,0,9,0.6707500326750964,0.07271349702290208,1.4793442887349926,0.7969626640335356,0.6751483880061967,0.23608518606911666,,6.520655711265007,in,,,,
Pell,16,8,0,8,0.7400586172746422,0.06590367217618953,1.4480347209932893,0.7219733023608739,0.6744990695168326,0.21407688608912354,,6.55196527900671,in,,,,
Pell,16,8,0,7,0.8022400328326411,0.05845915893980835,1.402479450882564,0.6403384181590502,0.6739286513742507,0.19003151649756853,,6.597520549117436,in,,,,
Pell,16,8,0,6,0.8566954383254501,0.05045165204580959,1.3337500525705888,0.5530751075943814,0.6736954870421707,0.16419142423608396,,6.666249947429411,in,,,,
Pell,16,8,0,5,0.9029003984298208,0.0419582681629318,1.2248026984553082,0.4613969176250846,0.6744314355972189,0.13682544830269097,,6.775197301544692,in,,,,
ell,32,2,0,1,0.9993977281025862,0.001204543794827595,-1.0897395213609986,0.011850002323761044,0.21456180163028538,0.01104577071381975,17.941906970709915,3.0897395213609986,out:sweep;sweep=70.1,0.16838980000984954,7.998427922830615,0.03,RunDiagnostics { ResidualInf = 9.825473767932635E-15; Kappa1 = 726.1842669824138 }
ell,32,2,0,2,0.9969900914386847,0.0036107295329755873,-0.4268087695102981,0.021458270836087836,0.17390416547940826,0.024678271250068107,10.838583406244174,2.426808769510298,out:sweep;sweep=42.6,0.16838980000984954,7.998427922830615,0.03,RunDiagnostics { ResidualInf = 9.825473767932635E-15; Kappa1 = 726.1842669824138 }
ell,32,2,0,3,0.9921806183184889,0.006008216707415803,-0.10364017120043674,0.03266881741766582,0.16446092192923722,0.03972836468923878,9.91654951586893,2.103640171200437,in;sweep=28.8,0.16838980000984954,7.998427922830615,0.03,RunDiagnostics { ResidualInf = 9.825473767932635E-15; Kappa1 = 726.1842669824138 }
ell,32,2,0,4,0.9849808951840058,0.008391229561550584,0.06170093417895956,0.04451955797423398,0.16200578480492586,0.05496045468727034,9.676047707875082,1.9382990658210404,in;sweep=21.4,0.16838980000984954,7.998427922830615,0.03,RunDiagnostics { ResidualInf = 9.825473767932635E-15; Kappa1 = 726.1842669824138 }
Pell,32,2,0,32,0.024533837163708973,0.04906767432741807,0.389826910119728,0.2696066744261022,0.1694498739394704,0.3182140749451476,,1.610173089880272,in,,,,
Pell,32,2,0,31,0.07354240732848932,0.04894946600214264,0.38974576497428587,0.26893858379579466,0.16943791832587524,0.3174479319068977,,1.610254235025714,in,,,,
Pell,32,2,0,30,0.12237380739246115,0.04871333412580099,0.38958181653554125,0.26760404793307474,0.16941388321593748,0.3159174948985528,,1.6104181834644589,in,,,,
Pell,32,2,0,29,0.17091039823574491,0.048359847560766556,0.3893316831707594,0.26560635565218677,0.1693775184700999,0.3136264576919918,,1.6106683168292406,in,,,,
Pell,32,2,0,28,0.21903525095969603,0.04788985788713568,0.3889901248940961,0.2629504353252472,0.16932844288667398,0.3105803500493197,,1.6110098751059039,in,,,,
Pell,32,2,0,27,0.26663242857886305,0.047304497351198294,0.38854983017780736,0.2596428493627596,0.16926613685129538,0.3067865246914242,,1.6114501698221926,in,,,,
Pell,32,2,0,26,0.313587265323341,0.046605176137757776,0.38800111019952943,0.25569178737436105,0.16918993227188137,0.30225413999631456,,1.6119988898004705,in,,,,
Pell,32,2,0,25,0.3597866428786548,0.045793578972869786,0.3873314793969039,0.2511070584991138,0.16909899957842955,0.29699413849299355,,1.6126685206030962,in,,,,
Pell,32,2,0,24,0.4051192628976858,0.04487166106519214,0.3865250921034371,0.24590008357653742,0.168992331524666,0.2910192212368477,,1.613474907896563,in,,,,
Pell,32,2,0,23,0.4494759151281398,0.043841643395715835,0.3855619926195716,0.2400838880598742,0.16886872350512203,0.2843438181761256,,1.6144380073804285,in,,,,
Pell,32,2,0,22,0.4927497405096097,0.042706007367223964,0.38441711869322287,0.23367309687175655,0.16872675011488977,0.27698405464769915,,1.6155828813067772,in,,,,
Pell,32,2,0,21,0.5348364886064119,0.041467488826380294,0.38305897356962215,0.2266839327973188,0.1685647377628344,0.2689577141765633,,1.6169410264303778,in,,,,
Pell,32,2,0,20,0.5756347687560177,0.0401290714728314,0.38144784570305007,0.2191342205404187,0.16838073336097464,0.2602841978014655,,1.6185521542969499,in,,,,
Pell,32,2,0,19,0.6150462943280394,0.03869397967121202,0.3795334018887975,0.21104339929199425,0.1681724695575745,0.25098448021510766,,1.6204665981112025,in,,,,
Pell,32,2,0,18,0.6529761195053319,0.037165670683373064,0.37725139931589774,0.20243254765912927,0.16793732784683973,0.24108106310200372,,1.6227486006841023,in,,,,
Pell,32,2,0,17,0.689332868016783,0.03554782633952902,0.3745191390084111,0.1933244262029548,0.167672302514244,0.2305979261977769,,1.625480860991589,in,,,,
Pell,32,2,0,16,0.7240289532707531,0.03384434416841142,0.3712290906837041,0.18374354481972843,0.16737397138969334,0.21956047681024687,,1.6287709093162959,in,,,,
Pell,32,2,0,15,0.7569807893588479,0.03205932800777811,0.36723981132201144,0.17371626505880636,0.16703848495563214,0.20799549888751437,,1.6327601886779886,in,,,,
Pell,32,2,0,14,0.7881089924216909,0.03019707811790784,0.3623627752415036,0.16327095165127567,0.16666159574740824,0.19593110328636068,,1.6376372247584965,in,,,,
Pell,32,2,0,13,0.8173385718915951,0.028262080821900515,0.3563428829204613,0.15243819374101805,0.16623876963499734,0.18339668186394717,,1.6436571170795387,in,,,,
Pell,32,2,0,12,0.8445991111514086,0.02625899769772666,0.34882893511354857,0.14125112574638707,0.165765458551275,0.17042286973518658,,1.6511710648864515,in,,,,
Pell,32,2,0,11,0.8698249371743134,0.02419265434808293,0.3393276842054166,0.12974589245116627,0.16523768974230477,0.1570415232184746,,1.6606723157945833,in,,,,
Pell,32,2,0,10,0.8929552787358992,0.0220680287750884,0.3271300316469262,0.11796232642895446,0.16465328231058343,0.14328572716387591,,1.6728699683530737,in,,,,
Pell,32,2,0,9,0.913934412817365,0.0198902393878434,0.31118794118689747,0.10594494506741874,0.1640143378021924,0.12918985801740385,,1.6888120588131026,in,,,,
Pell,32,2,0,8,0.9327117988471537,0.017664532671733957,0.28989960363745393,0.09374444319629785,0.1633324190001616,0.11478975670617492,,1.710100396362546,in,,,,
Pell,32,2,0,7,0.9492422004576148,0.015396270549188129,0.2607129421058233,0.08141998675548104,0.16263971329935306,0.10012313118828514,,1.7392870578941766,in,,,,
Pell,32,2,0,6,0.9634857944633763,0.01309091746233515,0.21934133619462196,0.06904288067565352,0.1620145287112453,0.08523048053141831,,1.780658663805378,in,,,,
Pell,32,2,0,5,0.9754082667988873,0.010754027208686456,0.15807198503209113,0.05670280987853518,0.16164469136216897,0.07015734250312139,,1.841928014967909,in,,,,
ell,32,5,0,1,0.9993977281025862,0.001204543794827595,-2.7214449020661338,0.029593428320553887,0.5358327469812226,0.01104577071381975,44.80695643469115,7.721444902066134,out:sweep;sweep=70.1,0.4205257805318532,7.998427922830615,0.03,RunDiagnostics { ResidualInf = 2.5202062658991053E-14; Kappa1 = 726.1842669824138 }
ell,32,5,0,2,0.9969900914386847,0.0036107295329755873,-1.0658845780781225,0.05358849580961505,0.4342969997095494,0.024678271250068107,27.06757622197912,6.065884578078123,out:sweep;sweep=42.6,0.4205257805318532,7.998427922830615,0.03,RunDiagnostics { ResidualInf = 2.5202062658991053E-14; Kappa1 = 726.1842669824138 }
ell,32,5,0,3,0.9921806183184889,0.006008216707415803,-0.2588242511480422,0.08158498877493141,0.410714054872892,0.03972836468923878,24.764948501035267,5.2588242511480425,in;sweep=28.8,0.4205257805318532,7.998427922830615,0.03,RunDiagnostics { ResidualInf = 2.5202062658991053E-14; Kappa1 = 726.1842669824138 }
ell,32,5,0,4,0.9849808951840058,0.008391229561550584,0.15408791686689563,0.11118026071028501,0.40458275442919883,0.05496045468727034,24.164334862204292,4.845912083133104,in;sweep=21.4,0.4205257805318532,7.998427922830615,0.03,RunDiagnostics { ResidualInf = 2.5202062658991053E-14; Kappa1 = 726.1842669824138 }
Pell,32,5,0,32,0.024533837163708973,0.04906767432741807,0.9735284776205548,0.6732982472394535,0.42317314050644295,0.3182140749451476,,4.026471522379445,in,,,,
Pell,32,5,0,31,0.07354240732848932,0.04894946600214264,0.9733258309898135,0.6716298009691944,0.42314328333137324,0.3174479319068977,,4.026674169010186,in,,,,
Pell,32,5,0,30,0.12237380739246115,0.04871333412580099,0.9729163967772545,0.6682970175388129,0.42308325960448373,0.3159174948985528,,4.027083603222746,in,,,,
Pell,32,5,0,29,0.17091039823574491,0.048359847560766556,0.9722917299122944,0.6633081102199982,0.42299244464344515,0.3136264576919918,,4.027708270087706,in,,,,
Pell,32,5,0,28,0.21903525095969603,0.04788985788713568,0.9714387443936918,0.6566753868100808,0.4228698864598496,0.3105803500493197,,4.028561255606308,in,,,,
Pell,32,5,0,27,0.26663242857886305,0.047304497351198294,0.9703391808855605,0.6484152358480276,0.422714287402437,0.3067865246914242,,4.029660819114439,in,,,,
Pell,32,5,0,26,0.313587265323341,0.046605176137757776,0.9689688431504648,0.6385481095345344,0.42252397902130995,0.30225413999631456,,4.031031156849535,in,,,,
Pell,32,5,0,25,0.3597866428786548,0.045793578972869786,0.967296550553611,0.627098504578192,0.4222968896020728,0.29699413849299355,,4.032703449446389,in,,,,
Pell,32,5,0,24,0.4051192628976858,0.04487166106519214,0.9652827311537596,0.6140949426439292,0.4220305037131169,0.2910192212368477,,4.03471726884624,in,,,,
Pell,32,5,0,23,0.4494759151281398,0.043841643395715835,0.9628775488793252,0.5995699526550607,0.4217218130507629,0.2843438181761256,,4.037122451120675,in,,,,
Pell,32,5,0,22,0.4927497405096097,0.042706007367223964,0.9600184148850834,0.5835600579461636,0.4213672579011119,0.27698405464769915,,4.039981585114917,in,,,,
Pell,32,5,0,21,0.5348364886064119,0.041467488826380294,0.9566266712156843,0.5661057722501408,0.42096265874605704,0.2689577141765633,,4.043373328784316,in,,,,
Pell,32,5,0,20,0.5756347687560177,0.0401290714728314,0.9526031448287618,0.5472516098279626,0.42050313807016787,0.2602841978014655,,4.047396855171238,in,,,,
Pell,32,5,0,19,0.6150462943280394,0.03869397967121202,0.9478221368388262,0.5270461168560704,0.4199830335360677,0.25098448021510766,,4.052177863161174,in,,,,
Pell,32,5,0,18,0.6529761195053319,0.037165670683373064,0.9421232114105044,0.5055419336826077,0.41939580585697683,0.24108106310200372,,4.057876788589495,in,,,,
Pell,32,5,0,17,0.689332868016783,0.03554782633952902,0.9352998414774344,0.4827959010588225,0.41873394875610714,0.2305979261977769,,4.064700158522566,in,,,,
Pell,32,5,0,16,0.7240289532707531,0.03384434416841142,0.9270834878761247,0.45886922841220895,0.41798891592750775,0.21956047681024687,,4.072916512123875,in,,,,
Pell,32,5,0,15,0.7569807893588479,0.03205932800777811,0.9171209199697519,0.43382774936878465,0.4171510938353547,0.20799549888751437,,4.082879080030248,in,,,,
Pell,32,5,0,14,0.7881089924216909,0.03019707811790784,0.9049413259307371,0.40774230017088403,0.41620987513652014,0.19593110328636068,,4.0950586740692625,in,,,,
Pell,32,5,0,13,0.8173385718915951,0.028262080821900515,0.8899076367353114,0.38068927216528475,0.41515393658833927,0.18339668186394717,,4.110092363264688,in,,,,
Pell,32,5,0,12,0.8445991111514086,0.02625899769772666,0.8711427901342026,0.35275141310238467,0.4139719201425387,0.17042286973518658,,4.128857209865798,in,,,,
Pell,32,5,0,11,0.8698249371743134,0.02419265434808293,0.8474149814787051,0.32401898862423467,0.41265390450073863,0.1570415232184746,,4.152585018521295,in,,,,
Pell,32,5,0,10,0.8929552787358992,0.0220680287750884,0.8169533539780214,0.2945914740203252,0.4111944432307635,0.14328572716387591,,4.183046646021978,in,,,,
Pell,32,5,0,9,0.913934412817365,0.0198902393878434,0.7771406097760443,0.264580044131382,0.4095987845976873,0.12918985801740385,,4.222859390223956,in,,,,
Pell,32,5,0,8,0.9327117988471537,0.017664532671733957,0.7239764943505007,0.23411130094186958,0.4078958047469683,0.11478975670617492,,4.2760235056494995,in,,,,
Pell,32,5,0,7,0.9492422004576148,0.015396270549188129,0.6510876161584427,0.20333300163809856,0.4061658863938715,0.10012313118828514,,4.348912383841557,in,,,,
Pell,32,5,0,6,0.9634857944633763,0.01309091746233515,0.5477688470486097,0.17242321853579315,0.4046045908945291,0.08523048053141831,,4.4522311529513905,in,,,,
Pell,32,5,0,5,0.9754082667988873,0.010754027208686456,0.39475873765484265,0.1416059249498813,0.40368098305200506,0.07015734250312139,,4.6052412623451575,in,,,,
ell,32,8,0,1,0.9993977281025862,0.001204543794827595,-4.345690991460031,0.047255740787334057,0.8556350120179618,0.01104577071381975,71.54919314557823,12.345690991460032,out:alpha+sweep;sweep=70.1,0.6715091291198074,7.998427922830615,0.03,RunDiagnostics { ResidualInf = 3.552713678800501E-14; Kappa1 = 726.1842669824138 }
ell,32,8,0,2,0.9969900914386847,0.0036107295329755873,-1.7020388711061882,0.08557183844101875,0.6934994560511007,0.024678271250068107,43.22237869273376,9.702038871106188,out:sweep;sweep=42.6,0.6715091291198074,7.998427922830615,0.03,RunDiagnostics { ResidualInf = 3.552713678800501E-14; Kappa1 = 726.1842669824138 }
ell,32,8,0,3,0.9921806183184889,0.006008216707415803,-0.41329891181391515,0.13027754134886796,0.6558414491405241,0.03972836468923878,39.54546848375073,8.413298911813914,in;sweep=28.8,0.6715091291198074,7.998427922830615,0.03,RunDiagnostics { ResidualInf = 3.552713678800501E-14; Kappa1 = 726.1842669824138 }
ell,32,8,0,4,0.9849808951840058,0.008391229561550584,0.24605255528523673,0.17753622607977446,0.6460507908457843,0.05496045468727034,38.586389254318554,7.753947444714763,in;sweep=21.4,0.6715091291198074,7.998427922830615,0.03,RunDiagnostics { ResidualInf = 3.552713678800501E-14; Kappa1 = 726.1842669824138 }
Pell,32,8,0,32,0.024533837163708973,0.04906767432741807,1.5545616712333463,1.0751443563575087,0.6757365189096916,0.3182140749451476,,6.445438328766654,in,,,,
Pell,32,8,0,31,0.07354240732848932,0.04894946600214264,1.5542380785576613,1.072480127542553,0.6756888420095892,0.3174479319068977,,6.4457619214423385,in,,,,
Pell,32,8,0,30,0.12237380739246115,0.04871333412580099,1.5535842808020137,1.067158231472234,0.6755929941866113,0.3159174948985528,,6.4464157191979865,in,,,,
Pell,32,8,0,29,0.17091039823574491,0.048359847560766556,1.5525867926052976,1.0591917833636781,0.675447977927867,0.3136264576919918,,6.447413207394702,in,,,,
Pell,32,8,0,28,0.21903525095969603,0.04788985788713568,1.5512247178187808,1.0486004367046144,0.6752522730675642,0.3105803500493197,,6.448775282181219,in,,,,
Pell,32,8,0,27,0.26663242857886305,0.047304497351198294,1.5494688993459707,1.0354103612426269,0.6750038074743185,0.3067865246914242,,6.450531100654029,in,,,,
Pell,32,8,0,26,0.313587265323341,0.046605176137757776,1.5472806998545194,1.0196542157114086,0.6746999169135227,0.30225413999631456,,6.45271930014548,in,,,,
Pell,32,8,0,25,0.3597866428786548,0.045793578972869786,1.5446103291012137,1.0013711172453044,0.6743372932048138,0.29699413849299355,,6.455389670898787,in,,,,
Pell,32,8,0,24,0.4051192628976858,0.04487166106519214,1.5413945973339827,0.9806066101587504,0.673911919625871,0.2910192212368477,,6.458605402666017,in,,,,
Pell,32,8,0,23,0.4494759151281398,0.043841643395715835,1.5375539247063952,0.9574126376856165,0.6734189924203556,0.2843438181761256,,6.462446075293605,in,,,,
Pell,32,8,0,22,0.4927497405096097,0.042706007367223964,1.5329883673318025,0.9318475214645026,0.6728528273223061,0.27698405464769915,,6.467011632668197,in,,,,
Pell,32,8,0,21,0.5348364886064119,0.041467488826380294,1.5275723216502612,0.9039759551307549,0.6722067503424124,0.2689577141765633,,6.472427678349739,in,,,,
Pell,32,8,0,20,0.5756347687560177,0.0401290714728314,1.5211474249491186,0.8738690204919605,0.671472972906725,0.2602841978014655,,6.478852575050881,in,,,,
Pell,32,8,0,19,0.6150462943280394,0.03869397967121202,1.5135129571940489,0.8416042376483692,0.6706424532123003,0.25098448021510766,,6.486487042805951,in,,,,
Pell,32,8,0,18,0.6529761195053319,0.037165670683373064,1.5044127292688223,0.8072656644056506,0.6697047491151047,0.24108106310200372,,6.4955872707311775,in,,,,
Pell,32,8,0,17,0.689332868016783,0.03554782633952902,1.4935169520928704,0.7709440659086192,0.6686478743502694,0.2305979261977769,,6.50648304790713,in,,,,
Pell,32,8,0,16,0.7240289532707531,0.03384434416841142,1.4803968136690515,0.7327371833452202,0.6674581819008178,0.21956047681024687,,6.519603186330949,in,,,,
Pell,32,8,0,15,0.7569807893588479,0.03205932800777811,1.464488263924182,0.6927501419727405,0.6661203205626919,0.20799549888751437,,6.535511736075818,in,,,,
Pell,32,8,0,14,0.7881089924216909,0.03019707811790784,1.4450394953472643,0.6510960553875432,0.664617352188276,0.19593110328636068,,6.554960504652736,in,,,,
Pell,32,8,0,13,0.8173385718915951,0.028262080821900515,1.4210332155746108,0.6078969077559333,0.6629311954584889,0.18339668186394717,,6.578966784425389,in,,,,
Pell,32,8,0,12,0.8445991111514086,0.02625899769772666,1.3910689033194854,0.5632848333545186,0.6610437134755269,0.17042286973518658,,6.608931096680514,in,,,,
Pell,32,8,0,11,0.8698249371743134,0.02419265434808293,1.3531795731908645,0.5174039712717677,0.6589390635901571,0.1570415232184746,,6.6468204268091355,in,,,,
Pell,32,8,0,10,0.8929552787358992,0.0220680287750884,1.3045374639515683,0.47041316685820816,0.6566085487638229,0.14328572716387591,,6.6954625360484314,in,,,,
Pell,32,8,0,9,0.913934412817365,0.0198902393878434,1.2409631899721683,0.42248994768511433,0.6540605495954621,0.12918985801740385,,6.7590368100278315,in,,,,
Pell,32,8,0,8,0.9327117988471537,0.017664532671733957,1.1560690158155449,0.37383647588443664,0.6513411764454533,0.11478975670617492,,6.843930984184455,in,,,,
Pell,32,8,0,7,0.9492422004576148,0.015396270549188129,1.039677704311694,0.3246886948967296,0.6485787870260287,0.10012313118828514,,6.9603222956883055,in,,,,
Pell,32,8,0,6,0.9634857944633763,0.01309091746233515,0.8746949615678018,0.27533095633891724,0.6460856600178915,0.08523048053141831,,7.125305038432198,in,,,,
Pell,32,8,0,5,0.9754082667988873,0.010754027208686456,0.6303634840170385,0.2261209080238471,0.6446108132268171,0.07015734250312139,,7.369636515982961,in,,,,
ell,64,2,0,1,0.9998494093481021,0.00030118130379575003,-2.032033557706095,0.005687170863684109,0.20591049892766397,0.005523925096876194,34.43824623907743,4.032033557706095,out:sweep;sweep=79.8,0.1677872117817032,7.99960269757012,0.12,RunDiagnostics { ResidualInf = 2.7977620220553945E-14; Kappa1 = 2790.7198611089634 }
ell,64,2,0,2,0.9992471374506884,0.000903362491031845,-1.0906330515618148,0.01019450690519702,0.16510301507236752,0.01234926800183339,20.581495576471134,3.090633051561815,out:sweep;sweep=61.5,0.1677872117817032,7.99960269757012,0.12,RunDiagnostics { ResidualInf = 2.7977620220553945E-14; Kappa1 = 2790.7198611089634 }
ell,64,2,0,3,0.9980429564419313,0.001504999526482198,-0.5863775006763284,0.015429537023912207,0.15503512608886108,0.019904569258799455,18.697747529173,2.5863775006763285,out:sweep;sweep=47.9,0.1677872117817032,7.99960269757012,0.12,RunDiagnostics { ResidualInf = 2.7977620220553945E-14; Kappa1 = 2790.7198611089634 }
ell,64,2,0,4,0.9962375916754436,0.0021057300064933893,-0.3136346945988488,0.020994508934469185,0.15221116538118737,0.027586030081159882,18.18342940266268,2.3136346945988486,out:sweep;sweep=38.3,0.1677872117817032,7.99960269757012,0.12,RunDiagnostics { ResidualInf = 2.7977620220553945E-14; Kappa1 = 2790.7198611089634 }
Pell,64,2,0,64,0.01227061426145604,0.024541228522912205,0.3907201015287654,0.2693759365055557,0.16926663618292329,0.318285921644294,,1.6092798984712346,in,,,,
Pell,64,2,0,63,0.03680445142516507,0.024526445804505866,0.3907028718783825,0.2692076853564567,0.16926285516256173,0.3180942269913939,,1.6092971281216175,in,,,,
Pell,64,2,0,62,0.061316118963542665,0.02449688927224932,0.39066831975456945,0.2688712852467391,0.1692552822194251,0.31771095320755816,,1.6093316802454305,in,,,,
Pell,64,2,0,61,0.08579085196461399,0.024452576729893316,0.39061625857449206,0.2683669405184852,0.16924389548552923,0.3171363312674769,,1.6093837414255079,in,,,,
Pell,64,2,0,60,0.1102139077643884,0.02439353486965551,0.39054640610695956,0.2676949575980106,0.16922866200041106,0.31637070746013507,,1.6094535938930403,in,,,,
Pell,64,2,0,59,0.1345705748272889,0.024319799256145483,0.3904583816012272,0.266855744892787,0.1692095375192734,0.31541454318128076,,1.6095416183987727,in,,,,
Pell,64,2,0,58,0.15884618160783143,0.024231414304939608,0.3903517018870449,0.26584981265585217,0.16918646625437198,0.31426841465693456,,1.6096482981129552,in,,,,
Pell,64,2,0,57,0.18302610538821473,0.024128433255826948,0.39022577638075506,0.26467777281931554,0.16915938054718557,0.312933012598123,,1.609774223619245,in,,,,
Pell,64,2,0,56,0.20709578108649893,0.024010918140741466,0.390079900915657,0.2633403387990404,0.16912820046824534,0.3114091417870716,,1.609920099084343,in,,,,
Pell,64,2,0,55,0.23104071003006676,0.023878939746394212,0.3899132502917493,0.2618383252730558,0.16909283334077477,0.309697720595136,,1.6100867497082507,in,,,,
Pell,64,2,0,54,0.2548464686890811,0.02373257757163444,0.38972486941828255,0.2601726479367964,0.16905317318353072,0.30779978043280243,,1.6102751305817176,in,,,,
Pell,64,2,0,53,0.27849871736468024,0.023571919779563855,0.3895136628941818,0.25834432323884277,0.16900910006740097,0.30571646513213174,,1.6104863371058182,in,,,,
Pell,64,2,0,52,0.3019832088266768,0.023397063144429242,0.38927838284218347,0.2563544681014968,0.16896047937941577,0.3034490302620769,,1.6107216171578165,in,,,,
Pell,64,2,0,51,0.3252857968955557,0.023208112993328534,0.38901761477563085,0.25420429963124686,0.1689071609868383,0.30099884237715074,,1.6109823852243692,in,,,,
Pell,64,2,0,50,0.34839244496360405,0.023005183142768226,0.3887297612360503,0.25189513482500264,0.16884897829291273,0.29836737819997305,,1.6112702387639497,in,,,,
Pell,64,2,0,49,0.3712892344500389,0.02278839583010156,0.38841302289002083,0.24942839027891053,0.16878574717464323,0.2955562237382829,,1.6115869771099791,in,,,,
Pell,64,2,0,48,0.39396237318503974,0.022557881639900024,0.38806537671671804,0.24680558190762594,0.16871726479164773,0.2925670733370542,,1.611934623283282,in,,,,
Pell,64,2,0,47,0.4163982037176358,0.022313779425292113,0.38768455084807435,0.24402832468313712,0.16864330825364357,0.2894017286664143,,1.6123154491519256,in,,,,
Pell,64,2,0,46,0.4385832115424443,0.022056236224324843,0.38726799554103886,0.24109833240363218,0.16856363313247064,0.28606209764612517,,1.612732004458961,in,,,,
Pell,64,2,0,45,0.4605040332403022,0.02178540717139099,0.38681284966436785,0.23801741750453947,0.16847797180272517,0.2825501933074547,,1.613187150335632,in,,,,
Pell,64,2,0,44,0.4821474645278908,0.021501455403786285,0.38631590196136606,0.23478749092573534,0.1683860315930176,0.27886813259333465,,1.613684098038634,in,,,,
Pell,64,2,0,43,0.5035004682115028,0.02120455196343768,0.38577354620899873,0.23141056205112567,0.16828749272759697,0.2750181350977812,,1.6142264537910012,in,,,,
Pell,64,2,0,42,0.5245501820401594,0.02089487569387538,0.385181729216845,0.22788873873935092,0.16818200603553438,0.27100252174563955,,1.614818270783155,in,,,,
Pell,64,2,0,41,0.5452839264533496,0.020572613132504913,0.38453589039940933,0.22422422746738657,0.1680691904018631,0.2668237134138072,,1.6154641096005906,in,,,,
Pell,64,2,0,40,0.5656892122187236,0.020237958398243383,0.3838308913917765,0.2204193336123182,0.16794862993195248,0.2624842294952036,,1.6161691086082235,in,,,,
Pell,64,2,0,39,0.5857537479551393,0.019891113074588018,0.3830609338621315,0.21647646190075956,0.1678198707970158,0.2579866864068745,,1.6169390661378684,in,,,,
Pell,64,2,0,38,0.6054654475365301,0.019532286088193462,0.3822194632740451,0.21239811706027234,0.16768241772493603,0.2533337960437657,,1.617780536725955,in,,,,
Pell,64,2,0,37,0.6248124373721361,0.019161693583018558,0.3812990558656144,0.20818690471302068,0.16753573009666073,0.24852836417987495,,1.6187009441343856,in,,,,
Pell,64,2,0,36,0.643783063558711,0.018779558790131157,0.38029128549399893,0.20384553255880192,0.16737921760422278,0.24357328881869397,,1.6197087145060012,in,,,,
Pell,64,2,0,35,0.6623658989003975,0.018386111893241908,0.37918656622925495,0.199376811902911,0.1672122354222005,0.23847155849510288,,1.6208134337707452,in,,,,
Pell,64,2,0,34,0.6805497497920427,0.0179815898900485,0.37797396561064045,0.19478365959420424,0.16703407884024318,0.2332262505311885,,1.6220260343893596,in,,,,
Pell,64,2,0,33,0.6983236629618073,0.01756623644948052,0.37664098225009435,0.19006910045063827,0.16684397730050324,0.22784052924883727,,1.6233590177499058,in,,,,
Pell,64,2,0,32,0.7156769320690071,0.01714030176491932,0.3751732798943698,0.18523627026388362,0.16664108778087286,0.22231764414243715,,1.6248267201056301,in,,,,
Pell,64,2,0,31,0.7325991041532128,0.016704042403492103,0.3735543680664704,0.18028841949208005,0.16642448746371888,0.21666092801563658,,1.6264456319335296,in,,,,
Pell,64,2,0,30,0.7490799859307218,0.016257721151525684,0.371765216759763,0.17522891777054977,0.16619316563098038,0.2108737950868962,,1.628234783240237,in,,,,
Pell,64,2,0,29,0.7651096499346108,0.015801606856252426,0.36978378932577466,0.17006125939625685,0.16594601473268597,0.20495973906960036,,1.6302162106742253,in,,,,
Pell,64,2,0,28,0.7806784404946716,0.015335974263869234,0.3675844732028906,0.16478906997281084,0.16568182058864822,0.19892233123384867,,1.6324155267971094,in,,,,
Pell,64,2,0,27,0.7957769795536256,0.014861103854038604,0.36513738226692233,0.15941611444134846,0.16539925170720252,0.19276521845885292,,1.6348626177330776,in,,,,
Pell,64,2,0,26,0.8103961723161142,0.014377281670938769,0.3624074967132079,0.15394630676995888,0.1650968477459728,0.18649212128729342,,1.6375925032867922,in,,,,
Pell,64,2,0,25,0.8245272127270644,0.013884799150961746,0.35935359576794207,0.1483837216329834,0.16477300720722585,0.18010683199629834,,1.6406464042320579,in,,,,
Pell,64,2,0,24,0.8381615887761262,0.01338395294716177,0.3559269240583699,0.14273260848461788,0.16442597456881547,0.17361321270427563,,1.64407307594163,in,,,,
Pell,64,2,0,23,0.8512910876249895,0.01287504475056489,0.3520695125175598,0.13699740852287726,0.16405382722347295,0.1670151935392039,,1.6479304874824403,in,,,,
Pell,64,2,0,22,0.8639078005544917,0.012358381108439342,0.3477120468268727,0.13118277515562726,0.16365446286961643,0.1603167709030222,,1.6522879531731274,in,,,,
Pell,64,2,0,21,0.8760041277285331,0.011834273239643589,0.34277113693875016,0.12529359872755247,0.1632255884224147,0.1535220058797432,,1.65722886306125,in,,,,
Pell,64,2,0,20,0.8875727827719351,0.011303036847160275,0.3371457845075531,0.11933503645589628,0.1627647121858798,0.1466350228538651,,1.6628542154924468,in,,,,
Pell,64,2,0,19,0.8986067971594793,0.010764991927928125,0.3307127622016266,0.11331254876811696,0.16226914209563248,0.13966000843381152,,1.6692872377983734,in,,,,
Pell,64,2,0,18,0.909099524413487,0.010220462580087353,0.3233204956331251,0.10723194355709183,0.16173599455965787,0.13260121081771725,,1.676679504366875,in,,,,
Pell,64,2,0,17,0.9190446441074087,0.009669776807756048,0.31478085167088393,0.10109943029983948,0.16116222122207188,0.12546293980464632,,1.6852191483291161,in,,,,
Pell,64,2,0,16,0.9284361656730128,0.009113266323452107,0.30485794694956025,0.09492168657021958,0.16054466560811997,0.1182495677581936,,1.6951420530504397,in,,,,
Pell,64,2,0,15,0.9372684320088798,0.00855126634828185,0.29325262963033594,0.08870594028665081,0.15988016943599875,0.11096553199758832,,1.706747370369664,in,,,,
Pell,64,2,0,14,0.9455361228880287,0.00798411541001598,0.27958053504928504,0.08246007218818391,0.15916576191990175,0.10361533937139188,,1.720419464950715,in,,,,
Pell,64,2,0,13,0.9532342581626227,0.00741215513917215,0.26334034883649504,0.07619274471896047,0.15839898946189335,0.09620357424980978,,1.7366596511635048,in,,,,
Pell,64,2,0,12,0.9603582007638243,0.006835730063231016,0.24386670179689385,0.06991356605815444,0.15757848734081314,0.08873491202760984,,1.7561332982031062,in,,,,
Pell,64,2,0,11,0.9669036594949919,0.006255187399104134,0.2202581124645281,0.06363330207718974,0.15670497934005584,0.08121414181626357,,1.7797418875354718,in,,,,
Pell,64,2,0,10,0.9728666916165363,0.005670876843984485,0.19126278290977247,0.0573641557483897,0.15578305951049018,0.0736462050862814,,1.8087372170902276,in,,,,
Pell,64,2,0,9,0.9782437052208794,0.005083150364701972,0.15508984084692592,0.051120145532732184,0.1548244644427693,0.06603626334729379,,1.844910159153074,in,,,,
Pell,64,2,0,8,0.9830314613960858,0.004492361985710791,0.10908143674038454,0.04491763747228539,0.1538543399357579,0.058389821815934224,,1.8909185632596155,in,,,,
Pell,64,2,0,7,0.9872270761768611,0.003898867575839793,0.04910896868163463,0.03877613513531909,0.15292394027769213,0.05071296889801052,,1.9508910313183654,in,,,,
Pell,64,2,0,6,0.9908280222817455,0.0033030246339289526,-0.03161254603593081,0.032719548027960996,0.1521383830522376,0.043012877318048724,,2.0316125460359307,in,,,,
Pell,64,2,0,5,0.9938321306354534,0.0027051920734868506,-0.14499952971944388,0.0267784512540174,0.15172370715184735,0.035298967783877214,,2.1449995297194437,out,,,,
ell,64,5,0,1,0.9998494093481021,0.00030118130379575003,-5.0746689993770016,0.014202772176989828,0.5142275439260233,0.005523925096876194,86.003845713868,10.074668999377002,out:alpha+sweep;sweep=79.8,0.419020915718392,7.99960269757012,0.06,RunDiagnostics { ResidualInf = 3.4861002973229915E-14; Kappa1 = 2790.7198611089634 }
ell,64,5,0,2,0.9992471374506884,0.000903362491031845,-2.7236763465188525,0.025459101282824633,0.41231757670244,0.01234926800183339,51.39889406188588,7.723676346518852,out:sweep;sweep=61.5,0.419020915718392,7.99960269757012,0.06,RunDiagnostics { ResidualInf = 3.4861002973229915E-14; Kappa1 = 2790.7198611089634 }
ell,64,5,0,3,0.9980429564419313,0.001504999526482198,-1.4643811925889032,0.03853272644688857,0.3871746828166497,0.019904569258799455,46.694543692272845,6.464381192588903,out:sweep;sweep=47.9,0.419020915718392,7.99960269757012,0.06,RunDiagnostics { ResidualInf = 3.4861002973229915E-14; Kappa1 = 2790.7198611089634 }
ell,64,5,0,4,0.9962375916754436,0.0021057300064933893,-0.7832509732794718,0.052430326872733406,0.38012230624326876,0.027586030081159882,45.4101189136949,5.783250973279472,out:sweep;sweep=38.3,0.419020915718392,7.99960269757012,0.06,RunDiagnostics { ResidualInf = 3.4861002973229915E-14; Kappa1 = 2790.7198611089634 }
Pell,64,5,0,64,0.01227061426145604,0.024541228522912205,0.9757590759966196,0.6727220173007603,0.42271553440090426,0.318285921644294,,4.02424092400338,in,,,,
Pell,64,5,0,63,0.03680445142516507,0.024526445804505866,0.9757160477837005,0.672301837778034,0.42270609192553704,0.3180942269913939,,4.024283952216299,in,,,,
Pell,64,5,0,62,0.061316118963542665,0.02449688927224932,0.9756297595475145,0.6714617339314725,0.4226871797478204,0.31771095320755816,,4.024370240452486,in,,,,
Pell,64,5,0,61,0.08579085196461399,0.024452576729893316,0.9754997453281833,0.6702022160717578,0.42265874325606706,0.3171363312674769,,4.024500254671817,in,,,,
Pell,64,5,0,60,0.1102139077643884,0.02439353486965551,0.9753253002998088,0.6685240494481246,0.42262070013695147,0.31637070746013507,,4.024674699700191,in,,,,
Pell,64,5,0,59,0.1345705748272889,0.024319799256145483,0.9751054736002415,0.6664282539909429,0.4225729398963834,0.31541454318128076,,4.024894526399758,in,,,,
Pell,64,5,0,58,0.15884618160783143,0.024231414304939608,0.9748390585913612,0.6639161039731014,0.42251532321366336,0.31426841465693456,,4.025160941408639,in,,,,
Pell,64,5,0,57,0.18302610538821473,0.024128433255826948,0.9745245803877088,0.6609891275942166,0.42244768112278175,0.312933012598123,,4.025475419612291,in,,,,
Pell,64,5,0,56,0.20709578108649893,0.024010918140741466,0.9741602804489976,0.6576491064928601,0.4223698140130599,0.3114091417870716,,4.025839719551002,in,,,,
Pell,64,5,0,55,0.23104071003006676,0.023878939746394212,0.9737440979741878,0.6538980751931782,0.4222814904395187,0.309697720595136,,4.026255902025812,in,,,,
Pell,64,5,0,54,0.2548464686890811,0.02373257757163444,0.9732736477815845,0.6497383204936436,0.4221824457314658,0.30779978043280243,,4.026726352218415,in,,,,
Pell,64,5,0,53,0.27849871736468024,0.023571919779563855,0.9727461942873619,0.6451723808071085,0.4220723803857032,0.30571646513213174,,4.027253805712638,in,,,,
Pell,64,5,0,52,0.3019832088266768,0.023397063144429242,0.9721586211237607,0.6402030454629918,0.42195095822851947,0.3034490302620769,,4.027841378876239,in,,,,
Pell,64,5,0,51,0.3252857968955557,0.023208112993328534,0.9715073958434545,0.6348333539842097,0.42181780432814103,0.30099884237715074,,4.028492604156545,in,,,,
Pell,64,5,0,50,0.34839244496360405,0.023005183142768226,0.9707885290569467,0.6290665953535461,0.421672502636619,0.29836737819997305,,4.0292114709430535,in,,,,
Pell,64,5,0,49,0.3712892344500389,0.02278839583010156,0.9699975272255414,0.6229063072864689,0.42151459333710856,0.2955562237382829,,4.030002472774458,in,,,,
Pell,64,5,0,48,0.39396237318503974,0.022557881639900024,0.9691293381881319,0.6163562755300594,0.4213435698691776,0.2925670733370542,,4.030870661811868,in,,,,
Pell,64,5,0,47,0.4163982037176358,0.022313779425292113,0.9681782883285659,0.6094205332107653,0.42115887560107024,0.2894017286664143,,4.031821711671434,in,,,,
Pell,64,5,0,46,0.4385832115424443,0.022056236224324843,0.9671380100836567,0.6021033602571841,0.42095990011372963,0.28606209764612517,,4.032861989916343,in,,,,
Pell,64,5,0,45,0.4605040332403022,0.02178540717139099,0.9660013582493755,0.5944092829281684,0.4207459750568048,0.2825501933074547,,4.033998641750625,in,,,,
Pell,64,5,0,44,0.4821474645278908,0.021501455403786285,0.9647603132414652,0.5863430734812025,0.42051636953172394,0.27886813259333465,,4.035239686758535,in,,,,
Pell,64,5,0,43,0.5035004682115028,0.02120455196343768,0.9634058691119559,0.5779097500215112,0.4202702849512368,0.2750181350977812,,4.036594130888044,in,,,,
Pell,64,5,0,42,0.5245501820401594,0.02089487569387538,0.9619279036856848,0.5691145765787454,0.4200068493184806,0.27100252174563955,,4.038072096314315,in,,,,
Pell,64,5,0,41,0.5452839264533496,0.020572613132504913,0.9603150276517078,0.5599630634655971,0.4197251108616203,0.2668237134138072,,4.039684972348292,in,,,,
Pell,64,5,0,40,0.5656892122187236,0.020237958398243383,0.9585544087903565,0.550460967981489,0.41942403095234154,0.2624842294952036,,4.041445591209643,in,,,,
Pell,64,5,0,39,0.5857537479551393,0.019891113074588018,0.9566315667232408,0.5406142955349205,0.4191024762280251,0.2579866864068745,,4.043368433276759,in,,,,
Pell,64,5,0,38,0.6054654475365301,0.019532286088193462,0.9545301325756282,0.5304293012702818,0.4187592098281631,0.2533337960437657,,4.045469867424372,in,,,,
Pell,64,5,0,37,0.6248124373721361,0.019161693583018558,0.9522315667253731,0.5199124922996089,0.418392881645748,0.24852836417987495,,4.047768433274626,in,,,,
Pell,64,5,0,36,0.643783063558711,0.018779558790131157,0.9497148262689444,0.5090706306570069,0.4180020174838944,0.24357328881869397,,4.050285173731056,in,,,,
Pell,64,5,0,35,0.6623658989003975,0.018386111893241908,0.9469559719259821,0.4979107371142425,0.4175850069973584,0.23847155849510288,,4.053044028074018,in,,,,
Pell,64,5,0,34,0.6805497497920427,0.0179815898900485,0.943927701676925,0.4864400960207345,0.4171400902881511,0.2332262505311885,,4.056072298323075,in,,,,
Pell,64,5,0,33,0.6983236629618073,0.01756623644948052,0.9405987953649332,0.47466626136094103,0.41666534301501,0.22784052924883727,,4.0594012046350665,in,,,,
Pell,64,5,0,32,0.7156769320690071,0.01714030176491932,0.9369334505596267,0.4625970642578859,0.4161586598691228,0.22231764414243715,,4.063066549440373,in,,,,
Pell,64,5,0,31,0.7325991041532128,0.016704042403492103,0.9328904850118371,0.45024062219520683,0.4156177362655002,0.21666092801563658,,4.067109514988163,in,,,,
Pell,64,5,0,30,0.7490799859307218,0.016257721151525684,0.9284223744154705,0.43760535028191794,0.41504004810231726,0.2108737950868962,,4.0715776255845295,in,,,,
Pell,64,5,0,29,0.7651096499346108,0.015801606856252426,0.9234740858719267,0.42469997494894424,0.41442282945600784,0.20495973906960036,,4.076525914128073,in,,,,
Pell,64,5,0,28,0.7806784404946716,0.015335974263869234,0.9179816562285129,0.41153355054392216,0.4137630481116094,0.19892233123384867,,4.082018343771487,in,,,,
Pell,64,5,0,27,0.7957769795536256,0.014861103854038604,0.9118704498145124,0.3981154793870055,0.41305737888807575,0.19276521845885292,,4.088129550185488,in,,,,
Pell,64,5,0,26,0.8103961723161142,0.014377281670938769,0.9050530104377124,0.38445553596860566,0.4123021748209375,0.18649212128729342,,4.094946989562287,in,,,,
Pell,64,5,0,25,0.8245272127270644,0.013884799150961746,0.8974263960073579,0.3705638961165203,0.4114934364334789,0.18010683199629834,,4.102573603992642,in,,,,
Pell,64,5,0,24,0.8381615887761262,0.01338395294716177,0.8888688480132936,0.3564511721424362,0.41062677959839144,0.17361321270427563,,4.111131151986706,in,,,,
Pell,64,5,0,23,0.8512910876249895,0.01287504475056489,0.8792355982622438,0.3421284552066353,0.40969740292080264,0.1670151935392039,,4.120764401737756,in,,,,
Pell,64,5,0,22,0.8639078005544917,0.012358381108439342,0.8683535456639585,0.3276073664285362,0.4087000562489003,0.1603167709030222,,4.131646454336042,in,,,,
Pell,64,5,0,21,0.8760041277285331,0.011834273239643589,0.8560144373146635,0.3129001186382243,0.4076290129811424,0.1535220058797432,,4.143985562685336,in,,,,
Pell,64,5,0,20,0.8875727827719351,0.011303036847160275,0.8419660464871883,0.29801959113602805,0.4064780505173463,0.1466350228538651,,4.1580339535128115,in,,,,
Pell,64,5,0,19,0.8986067971594793,0.010764991927928125,0.8259006332244909,0.2829794204398294,0.40524044587028735,0.13966000843381152,,4.1740993667755095,in,,,,
Pell,64,5,0,18,0.909099524413487,0.010220462580087353,0.8074396654673343,0.26779411080514365,0.40390899774402794,0.13260121081771725,,4.192560334532666,in,,,,
Pell,64,5,0,17,0.9190446441074087,0.009669776807756048,0.7861133117186603,0.25247916937771103,0.40247609337201407,0.12546293980464632,,4.21388668828134,in,,,,
Pell,64,5,0,16,0.9284361656730128,0.009113266323452107,0.7613324921390922,0.23705127229800535,0.4009338499786269,0.1182495677581936,,4.2386675078609075,in,,,,
Pell,64,5,0,15,0.9372684320088798,0.00855126634828185,0.7323501243014883,0.221528470101359,0.399274380275442,0.11096553199758832,,4.2676498756985115,in,,,,
Pell,64,5,0,14,0.9455361228880287,0.00798411541001598,0.6982063207880425,0.20593044363506965,0.3974902652143934,0.10361533937139188,,4.301793679211958,in,,,,
Pell,64,5,0,13,0.9532342581626227,0.00741215513917215,0.6576491315597693,0.19027882592610074,0.39557537733890785,0.09620357424980978,,4.3423508684402305,in,,,,
Pell,64,5,0,12,0.9603582007638243,0.006835730063231016,0.6090169066824009,0.17459761181883313,0.39352630848274717,0.08873491202760984,,4.390983093317599,in,,,,
Pell,64,5,0,11,0.9669036594949919,0.006255187399104134,0.5500583447287134,0.15891368730329372,0.39134486617568465,0.08121414181626357,,4.449941655271287,in,,,,
Pell,64,5,0,10,0.9728666916165363,0.005670876843984485,0.4776472866237975,0.1432575272922193,0.3890425233028196,0.0736462050862814,,4.522352713376202,in,,,,
Pell,64,5,0,9,0.9782437052208794,0.005083150364701972,0.3873113239097727,0.12766414058212966,0.3866485900655111,0.06603626334729379,,4.612688676090228,in,,,,
Pell,64,5,0,8,0.9830314613960858,0.004492361985710791,0.2724129152959465,0.11217439866651518,0.38422586395323943,0.058389821815934224,,4.727587084704053,in,,,,
Pell,64,5,0,7,0.9872270761768611,0.003898867575839793,0.1226415577710159,0.09683700849359565,0.38190234410588647,0.05071296889801052,,4.877358442228984,in,,,,
Pell,64,5,0,6,0.9908280222817455,0.0033030246339289526,-0.078947125037138,0.0817116801154401,0.3799405443688041,0.043012877318048724,,5.078947125037138,in,,,,
Pell,64,5,0,5,0.9938321306354534,0.0027051920734868506,-0.3621124344137912,0.06687476981605278,0.3789049596322633,0.035298967783877214,,5.362112434413791,out,,,,
ell,64,8,0,1,0.9998494093481021,0.00030118130379575003,-8.103395126056526,0.02267944467898101,0.8211351269699998,0.005523925096876194,137.3337146256109,16.103395126056526,out:alpha+sweep;sweep=79.8,0.6691061124508833,7.99960269757012,0.06,RunDiagnostics { ResidualInf = 6.195044477408373E-14; Kappa1 = 2790.7198611089634 }
ell,64,8,0,2,0.9992471374506884,0.000903362491031845,-4.349254233930482,0.04065391403347646,0.6584020045146145,0.01234926800183339,82.07541175137032,12.349254233930482,out:alpha+sweep;sweep=61.5,0.6691061124508833,7.99960269757012,0.06,RunDiagnostics { ResidualInf = 6.195044477408373E-14; Kappa1 = 2790.7198611089634 }
ell,64,8,0,3,0.9980429564419313,0.001504999526482198,-2.338371117440488,0.06153030034505097,0.6182530206510198,0.019904569258799455,74.56335335681008,10.338371117440488,out:alpha+sweep;sweep=47.9,0.6691061124508833,7.99960269757012,0.06,RunDiagnostics { ResidualInf = 6.195044477408373E-14; Kappa1 = 2790.7198611089634 }
ell,64,8,0,4,0.9962375916754436,0.0021057300064933893,-1.2507204154854221,0.08372243692942678,0.6069915582859147,0.027586030081159882,72.51234244520333,9.250720415485421,out:sweep;sweep=38.3,0.6691061124508833,7.99960269757012,0.06,RunDiagnostics { ResidualInf = 6.195044477408373E-14; Kappa1 = 2790.7198611089634 }
Pell,64,8,0,64,0.01227061426145604,0.024541228522912205,1.5581235626613896,1.074224213806878,0.6750057987216891,0.318285921644294,,6.44187643733861,in,,,,
Pell,64,8,0,63,0.03680445142516507,0.024526445804505866,1.5580548538231187,1.0735532575933882,0.6749907206724838,0.3180942269913939,,6.441945146176881,in,,,,
Pell,64,8,0,62,0.061316118963542665,0.02449688927224932,1.557917065984777,1.072211752676233,0.6749605210971528,0.31771095320755816,,6.4420829340152235,in,,,,
Pell,64,8,0,61,0.08579085196461399,0.024452576729893316,1.5577094550860382,1.0702005139359625,0.6749151127899891,0.3171363312674769,,6.442290544913962,in,,,,
Pell,64,8,0,60,0.1102139077643884,0.02439353486965551,1.5574308956385916,1.0675207633472394,0.6748543643104219,0.31637070746013507,,6.442569104361408,in,,,,
Pell,64,8,0,59,0.1345705748272889,0.024319799256145483,1.5570798692749408,1.0641741295677716,0.6747780992179236,0.31541454318128076,,6.442920130725059,in,,,,
Pell,64,8,0,58,0.15884618160783143,0.024231414304939608,1.5566544491963024,1.0601626473976042,0.674686095040707,0.31426841465693456,,6.443345550803698,in,,,,
Pell,64,8,0,57,0.18302610538821473,0.024128433255826948,1.5561522802582217,1.0554887571151743,0.6745780819683996,0.312933012598123,,6.443847719741778,in,,,,
Pell,64,8,0,56,0.20709578108649893,0.024010918140741466,1.555570554366657,1.0501553036984128,0.674453741256231,0.3114091417870716,,6.444429445633343,in,,,,
Pell,64,8,0,55,0.23104071003006676,0.023878939746394212,1.554905980768222,1.044165535941095,0.6743127033253951,0.309697720595136,,6.445094019231778,in,,,,
Pell,64,8,0,54,0.2548464686890811,0.02373257757163444,1.5541547507277707,1.037523105476776,0.6741545455411939,0.30779978043280243,,6.44584524927223,in,,,,
Pell,64,8,0,53,0.27849871736468024,0.023571919779563855,1.5533124959767972,1.0302320657249655,0.6739787896472605,0.30571646513213174,,6.446687504023203,in,,,,
Pell,64,8,0,52,0.3019832088266768,0.023397063144429242,1.5523742401987353,1.0222968707768412,0.6737848988305706,0.3034490302620769,,6.447625759801265,in,,,,
Pell,64,8,0,51,0.3252857968955557,0.023208112993328534,1.5513343426679551,1.013722374240628,0.673572274387977,0.30099884237715074,,6.448665657332045,in,,,,
Pell,64,8,0,50,0.34839244496360405,0.023005183142768226,1.5501864329982877,1.0045138280701078,0.6733402519606941,0.29836737819997305,,6.449813567001712,in,,,,
Pell,64,8,0,49,0.3712892344500389,0.02278839583010156,1.5489233357626693,0.994676881403442,0.6730880972983573,0.2955562237382829,,6.4510766642373305,in,,,,
Pell,64,8,0,48,0.39396237318503974,0.022557881639900024,1.5475369835069768,0.9842175794436653,0.672815001508929,0.2925670733370542,,6.452463016493024,in,,,,
Pell,64,8,0,47,0.4163982037176358,0.022313779425292113,1.5460183164180084,0.9731423624171651,0.6725200757448692,0.2894017286664143,,6.453981683581992,in,,,,
Pell,64,8,0,46,0.4385832115424443,0.022056236224324843,1.5443571665655482,0.9614580646519628,0.672202345269341,0.28606209764612517,,6.455642833434451,in,,,,
Pell,64,8,0,45,0.4605040332403022,0.02178540717139099,1.542542124257393,0.9491719138241747,0.6718607428389484,0.2825501933074547,,6.457457875742607,in,,,,
Pell,64,8,0,44,0.4821474645278908,0.021501455403786285,1.5405603835626678,0.9362915304284655,0.6714941013312786,0.27886813259333465,,6.459439616437332,in,,,,
Pell,64,8,0,43,0.5035004682115028,0.02120455196343768,1.5383975634931475,0.9228249275371017,0.6711011455364544,0.2750181350977812,,6.461602436506853,in,,,,
Pell,64,8,0,42,0.5245501820401594,0.02089487569387538,1.53603750063328,0.9087805109224063,0.6706804830217626,0.27100252174563955,,6.46396249936672,in,,,,
Pell,64,8,0,41,0.5452839264533496,0.020572613132504913,1.5334620081639196,0.8941670796294036,0.6702305939672404,0.2668237134138072,,6.466537991836081,in,,,,
Pell,64,8,0,40,0.5656892122187236,0.020237958398243383,1.530650595182717,0.8789938270994948,0.6697498198576968,0.2624842294952036,,6.469349404817283,in,,,,
Pell,64,8,0,39,0.5857537479551393,0.019891113074588018,1.5275801389545982,0.8632703429626587,0.669236350903149,0.2579866864068745,,6.472419861045402,in,,,,
Pell,64,8,0,38,0.6054654475365301,0.019532286088193462,1.5242245011323519,0.8470066156351975,0.6686882120448465,0.2533337960437657,,6.475775498867648,in,,,,
Pell,64,8,0,37,0.6248124373721361,0.019161693583018558,1.520554077049472,0.8302130358834778,0.6681032473883767,0.24852836417987495,,6.479445922950528,in,,,,
Pell,64,8,0,36,0.643783063558711,0.018779558790131157,1.5165352647190573,0.8129004015416479,0.6674791028886076,0.24357328881869397,,6.4834647352809425,in,,,,
Pell,64,8,0,35,0.6623658989003975,0.018386111893241908,1.5121298371257792,0.7950799236044956,0.6668132070943151,0.23847155849510288,,6.487870162874221,in,,,,
Pell,64,8,0,34,0.6805497497920427,0.0179815898900485,1.5072941975245733,0.776763233956109,0.6661027497436317,0.2332262505311885,,6.4927058024754265,in,,,,
Pell,64,8,0,33,0.6983236629618073,0.01756623644948052,1.5019784925618467,0.7579623950425005,0.6653446579863653,0.22784052924883727,,6.498021507438153,in,,,,
Pell,64,8,0,32,0.7156769320690071,0.01714030176491932,1.496125551762345,0.738689911853485,0.6645355699975053,0.22231764414243715,,6.503874448237655,in,,,,
Pell,64,8,0,31,0.7325991041532128,0.016704042403492103,1.4896696139822005,0.7189587466487385,0.6636718057414124,0.21666092801563658,,6.5103303860178,in,,,,
Pell,64,8,0,30,0.7490799859307218,0.016257721151525684,1.4825347908768005,0.6987823369457388,0.6627493346508861,0.2108737950868962,,6.517465209123199,in,,,,
Pell,64,8,0,29,0.7651096499346108,0.015801606856252426,1.4746332041386108,0.6781746173908305,0.6617637400099691,0.20495973906960036,,6.525366795861389,in,,,,
Pell,64,8,0,28,0.7806784404946716,0.015335974263869234,1.465862715342574,0.6571500462583396,0.6607101798800142,0.19892233123384867,,6.534137284657426,in,,,,
Pell,64,8,0,27,0.7957769795536256,0.014861103854038604,1.456104143842425,0.6357236374763304,0.6595833445046831,0.19276521845885292,,6.543895856157575,in,,,,
Pell,64,8,0,26,0.8103961723161142,0.014377281670938769,1.445217836770095,0.6139109992663395,0.6583774102934912,0.18649212128729342,,6.5547821632299055,in,,,,
Pell,64,8,0,25,0.8245272127270644,0.013884799150961746,1.433039412874662,0.5917283807183826,0.6570859907530261,0.18010683199629834,,6.5669605871253385,in,,,,
Pell,64,8,0,24,0.8381615887761262,0.01338395294716177,1.419374444240368,0.5691927279140298,0.6557020851674062,0.17361321270427563,,6.580625555759632,in,,,,
Pell,64,8,0,23,0.8512910876249895,0.01287504475056489,1.403991760346969,0.5463217515757294,0.6542180265144438,0.1670151935392039,,6.596008239653031,in,,,,
Pell,64,8,0,22,0.8639078005544917,0.012358381108439342,1.3866149477909062,0.5231340086817737,0.652625431182399,0.1603167709030222,,6.613385052209094,in,,,,
Pell,64,8,0,21,0.8760041277285331,0.011834273239643589,1.366911461618762,0.4996490010731297,0.6509151547492346,0.1535220058797432,,6.633088538381238,in,,,,
Pell,64,8,0,20,0.8875727827719351,0.011303036847160275,1.3444785380577349,0.4758872948319439,0.6490772607662879,0.1466350228538651,,6.655521461942265,in,,,,
Pell,64,8,0,19,0.8986067971594793,0.010764991927928125,1.318824768019347,0.45187066518977476,0.6471010137507301,0.13966000843381152,,6.681175231980653,in,,,,
Pell,64,8,0,18,0.909099524413487,0.010220462580087353,1.2893456993029397,0.4276222730096191,0.6449749144409519,0.13260121081771725,,6.71065430069706,in,,,,
Pell,64,8,0,17,0.9190446441074087,0.009669776807756048,1.2552910898210634,0.4031668806019301,0.6426868065257937,0.12546293980464632,,6.744708910178937,in,,,,
Pell,64,8,0,16,0.9284361656730128,0.009113266323452107,1.2157202778872263,0.3785311169656541,0.6402241025349125,0.1182495677581936,,6.784279722112774,in,,,,
Pell,64,8,0,15,0.9372684320088798,0.00855126634828185,1.1694402981869678,0.3537438057777746,0.6375742077917722,0.11096553199758832,,6.830559701813032,in,,,,
Pell,64,8,0,14,0.9455361228880287,0.00798411541001598,1.1149183715332376,0.3288363740500013,0.634725275321142,0.10361533937139188,,6.885081628466763,in,,,,
Pell,64,8,0,13,0.9532342581626227,0.00741215513917215,1.0501553437260605,0.30384336609749657,0.6316675206027438,0.09620357424980978,,6.94984465627394,in,,,,
Pell,64,8,0,12,0.9603582007638243,0.006835730063231016,0.9724978385589149,0.27880309766164757,0.6283955013668082,0.08873491202760984,,7.027502161441085,in,,,,
Pell,64,8,0,11,0.9669036594949919,0.006255187399104134,0.8783509053041113,0.25375850115845444,0.6249121039351743,0.08121414181626357,,7.121649094695889,in,,,,
Pell,64,8,0,10,0.9728666916165363,0.005670876843984485,0.7627225923260255,0.22875823991144953,0.6212356485807901,0.0736462050862814,,7.237277407673974,in,,,,
Pell,64,8,0,9,0.9782437052208794,0.005083150364701972,0.6184712135554492,0.2038582170960171,0.6174129387784972,0.06603626334729379,,7.381528786444551,in,,,,
Pell,64,8,0,8,0.9830314613960858,0.004492361985710791,0.4349977289859005,0.17912369763114697,0.6135442515848377,0.058389821815934224,,7.5650022710141,in,,,,
Pell,64,8,0,7,0.9872270761768611,0.003898867575839793,0.19583799487526543,0.15463245834264921,0.6098339801545931,0.05071296889801052,,7.804162005124734,in,,,,
Pell,64,8,0,6,0.9908280222817455,0.0033030246339289526,-0.1260653154562271,0.1304798461674319,0.6067013150625986,0.043012877318048724,,8.126065315456227,in,,,,
Pell,64,8,0,5,0.9938321306354534,0.0027051920734868506,-0.5782328140955644,0.10678778928243055,0.6050476599556875,0.035298967783877214,,8.578232814095564,out,,,,
ell,128,2,0,1,0.9999623509195723,7.529816085549701E-05,-3.2273069646723074,0.0027403967175787364,0.19842903044911334,0.002762092533916306,66.37458666401047,5.227306964672307,out:sweep;sweep=84.8,0.16749725977754135,7.99990013806961,0.44,RunDiagnostics { ResidualInf = 1.2295719997723609E-13; Kappa1 = 11025.603250611575 }
ell,128,2,0,2,0.9998117602676744,0.00022588314294025302,-2.0586563485005778,0.004856592666902829,0.1572755964313485,0.0061759011278304105,39.2121465963933,4.058656348500578,out:sweep;sweep=74.8,0.16749725977754135,7.99990013806961,0.44,RunDiagnostics { ResidualInf = 1.2295719997723609E-13; Kappa1 = 11025.603250611575 }
ell,128,2,0,3,0.9995106016422769,0.0003764341078547062,-1.3466354986228526,0.00728388319388587,0.14630182097090846,0.009957337708509099,35.28960241305824,3.3466354986228524,out:sweep;sweep=65.7,0.16749725977754135,7.99990013806961,0.44,RunDiagnostics { ResidualInf = 1.2295719997723609E-13; Kappa1 = 11025.603250611575 }
ell,128,2,0,4,0.999058920396761,0.0005269283831771387,-0.9333358168799611,0.009856837104644082,0.14278792091872017,0.013806261819940546,34.11605033501728,2.933335816879961,out:sweep;sweep=57.7,0.16749725977754135,7.99990013806961,0.44,RunDiagnostics { ResidualInf = 1.2295719997723609E-13; Kappa1 = 11025.603250611575 }
Pell,128,2,0,128,0.006135769142859881,0.012271538285719884,0.39116708050119253,0.2692652991974685,0.1691875619532161,0.31830389431573697,,1.6088329194988074,in,,,,
Pell,128,2,0,127,0.018406383404315982,0.01226969023719232,0.3911631587980491,0.26922308800873346,0.16918651728969178,0.3182559607249942,,1.608836841201951,in,,,,
Pell,128,2,0,126,0.030674225732135504,0.012265994418446724,0.391155309926205,0.2691386719985241,0.1691844271818688,0.3181601007629468,,1.608844690073795,in,,,,
Pell,128,2,0,125,0.042937448634388434,0.012260451386059142,0.3911435229402233,0.269012063900788,0.16918129006700633,0.31801632886738535,,1.6088564770597766,in,,,,
Pell,128,2,0,124,0.05519420531481327,0.012253061974790522,0.3911277813872459,0.2688432828150211,0.1691771035980137,0.31782466669228115,,1.608872218612754,in,,,,
Pell,128,2,0,123,0.06744264995093793,0.0122438272974588,0.3911080632640837,0.2686323542045564,0.16917186463986406,0.31758514310452923,,1.6088919367359162,in,,,,
Pell,128,2,0,122,0.07968093797205354,0.012232748744772426,0.391084340961207,0.26837930989429537,0.16916556926480172,0.3172977941796068,,1.608915659038793,in,,,,
Pell,128,2,0,121,0.0919072263370002,0.01221982798512089,0.39105658119093456,0.26808418806787815,0.16915821274632517,0.3169626631961469,,1.6089434188090654,in,,,,
Pell,128,2,0,120,0.10411967381172185,0.012205066964322414,0.3910247449019494,0.26774703326430943,0.16914978955193602,0.31657980062942964,,1.6089752550980507,in,,,,
Pell,128,2,0,119,0.1163164412465496,0.012188467905333095,0.3909887871768208,0.2673678963740379,0.1691402933346286,0.3161492641437898,,1.6090112128231793,in,,,,
Pell,128,2,0,118,0.12849569185317114,0.012170033307909958,0.39094865711704296,0.2669468346345205,0.1691297169231102,0.3156711185839446,,1.6090513428829571,in,,,,
Pell,128,2,0,117,0.14065559148124387,0.012149765948235525,0.3909042977077914,0.2664839116252517,0.16911805231070764,0.3151454359652407,,1.6090957022922086,in,,,,
Pell,128,2,0,116,0.15279430889461146,0.012127668878499642,0.3908556456692305,0.2659791972623041,0.16910529064295043,0.3145722954628234,,1.6091443543307695,in,,,,
Pell,128,2,0,115,0.16491001604708128,0.012103745426439966,0.39080263128914616,0.26543276779237884,0.16909142220378803,0.3139517833997289,,1.6091973687108538,in,,,,
Pell,128,2,0,114,0.1770008883577211,0.012077999194839678,0.3907451782378442,0.26484470578638775,0.16907643640040745,0.3132839932339022,,1.6092548217621558,in,,,,
Pell,128,2,0,113,0.18906510498563456,0.01205043406098727,0.39068320336410733,0.2642151001325865,0.16906032174661118,0.3125690255441415,,1.6093167966358926,in,,,,
Pell,128,2,0,112,0.2011008491041733,0.012021054176090257,0.390616616471471,0.26354404602928133,0.16904306584471157,0.311806988014973,,1.609383383528529,in,,,,
Pell,128,2,0,111,0.21310630817454407,0.01198986396465121,0.39054532007434734,0.2628316449771351,0.16902465536589556,0.3109979954204565,,1.6094546799256526,in,,,,
Pell,128,2,0,110,0.2250796742187704,0.011956868123801478,0.3904692091314724,0.2620780047710921,0.16900507602900286,0.310142169606926,,1.6095307908685277,in,,,,
Pell,128,2,0,109,0.2370191440919675,0.011922071622592734,0.3903881707576397,0.2612832394919601,0.16898431257766647,0.309239639474667,,1.6096118292423602,in,,,,
Pell,128,2,0,108,0.2489229197538892,0.011885479701250645,0.39030208391028026,0.2604474694976706,0.16896234875574853,0.3082905409585336,,1.6096979160897198,in,,,,
Pell,128,2,0,107,0.26078920853970644,0.011847097870383794,0.39021081905123034,0.25957082141425836,0.16893916728100797,0.3072950170075085,,1.6097891809487697,in,,,,
Pell,128,2,0,106,0.2726162234299756,0.011806931910154639,0.390114237780839,0.2586534281265916,0.1689147498169268,0.3062532175632091,,1.609885762219161,in,,,,
Pell,128,2,0,105,0.28440218331975753,0.011764987869409216,0.39001219244412916,0.25769542876889684,0.16888907694261787,0.3051652995373431,,1.609987807555871,in,,,,
Pell,128,2,0,104,0.2961453132868451,0.01172127206476592,0.3899045257053867,0.2566969687151141,0.16886212812072834,0.30403142678811684,,1.6100954742946132,in,,,,
Pell,128,2,0,103,0.30784384485905975,0.011675791079663322,0.3897910700914982,0.25565819956913644,0.16883388166325286,0.30285177009560055,,1.6102089299085018,in,,,,
Pell,128,2,0,102,0.3194960162805771,0.011628551763371464,0.3896716474986967,0.2545792791549709,0.1688043146951528,0.3016265071360538,,1.6103283525013032,in,,,,
Pell,128,2,0,101,0.3311000727772414,0.01157956122995707,0.38954606866475705,0.25346037150689205,0.16877340311568872,0.300355822455216,,1.6104539313352428,in,,,,
Pell,128,2,0,100,0.34265426682082717,0.011528826857214458,0.38941413259926017,0.2523016468596245,0.1687411215573425,0.2990399074405654,,1.6105858674007398,in,,,,
Pell,128,2,0,99,0.3541568583922113,0.011476356285553768,0.3892756259729742,0.251103281638631,0.16870744334221904,0.29767896029255086,,1.6107243740270258,in,,,,
Pell,128,2,0,98,0.3656061152434128,0.011422157416849321,0.38913032246091345,0.2498654584505642,0.1686723404357947,0.29627318599480246,,1.6108696775390865,in,,,,
Pell,128,2,0,97,0.3770003131584636,0.011366238413252239,0.3889779820375809,0.2485883660739577,0.168635783397879,0.2948227962833235,,1.611022017962419,in,,,,
Pell,128,2,0,96,0.3883377362130689,0.011308607695958262,0.3888183502185109,0.24727219945022477,0.16859774133063757,0.2933280096146703,,1.611181649781489,in,,,,
Pell,128,2,0,95,0.39961667703301884,0.011249273943941762,0.38865115724684857,0.24591715967505773,0.16855818182352653,0.2917890511331249,,1.6113488427531515,in,,,,
Pell,128,2,0,94,0.41083543705131337,0.011188246092647236,0.388476117219006,0.2445234539903074,0.16851707089496476,0.2902061526368646,,1.6115238827809941,in,,,,
Pell,128,2,0,93,0.4219923267639594,0.011125533332644877,0.38829292714397207,0.24309129577643587,0.16847437293056297,0.28857955254313533,,1.6117070728560279,in,,,,
Pell,128,2,0,92,0.4330856659844046,0.011061145108245518,0.3881012659340045,0.24162090454565507,0.16843005061772381,0.2869094958524336,,1.6118987340659956,in,,,,
Pell,128,2,0,91,0.44411378409656704,0.010995091116079325,0.387900793318179,0.24011250593584935,0.16838406487639962,0.2851962341117031,,1.612099206681821,in,,,,
Pell,128,2,0,90,0.4550750203064234,0.010927381303633354,0.3876911486743322,0.2385663317054046,0.1683363747857894,0.283440025376552,,1.6123088513256678,in,,,,
Pell,128,2,0,89,0.4659677238921189,0.010858025867757637,0.3874719497721434,0.23698261972907012,0.16828693750673895,0.28164113417249664,,1.6125280502278567,in,,,,
Pell,128,2,0,88,0.47679025445256024,0.010787035253125077,0.38724279142069423,0.2353616139949908,0.1682357081995905,0.27979983145523885,,1.6127572085793058,in,,,,
Pell,128,2,0,87,0.4875409821544534,0.010714420150661208,0.3870032440110924,0.2337035646030517,0.1681826399372077,0.2779163945699826,,1.6129967559889076,in,,,,
Pell,128,2,0,86,0.4982182879777507,0.010640191495933482,0.3867528519476578,0.23200872776470147,0.16812768361289096,0.27599110720979747,,1.6132471480523423,in,,,,
Pell,128,2,0,85,0.5088205639594696,0.010564360467504197,0.3864911319562103,0.23027736580441815,0.16807078784286517,0.27402425937303504,,1.6135088680437897,in,,,,
Pell,128,2,0,84,0.5193462134358452,0.010486938485247066,0.38621757125901895,0.22850974716300124,0.16801189886300735,0.27201614731980656,,1.613782428740981,in,,,,
Pell,128,2,0,83,0.5297936512827829,0.010407937208628315,0.38593162560639455,0.2267061464028947,0.16795096041945845,0.2699670735275283,,1.6140683743936055,in,,,,
Pell,128,2,0,82,0.5401613041545716,0.0103273685349492,0.38563271715090086,0.22486684421575026,0.167887913652733,0.2678773466455424,,1.6143672828490991,in,,,,
Pell,128,2,0,81,0.550447610720824,0.010245244597555714,0.38532023215027167,0.22299212743246216,0.16782269697491264,0.2657472814488217,,1.6146797678497284,in,,,,
Pell,128,2,0,80,0.5606510219016076,0.010161577764011387,0.3849935184839643,0.2210822890359241,0.1677552459394829,0.2635771987907654,,1.6150064815160357,in,,,,
Pell,128,2,0,79,0.5707700011007293,0.010076380634231996,0.38465188296716296,0.21913762817678362,0.16768549310333997,0.2613674255550957,,1.615348117032837,in,,,,
Pell,128,2,0,78,0.580803024437142,0.009989666038593525,0.38429458844173686,0.2171584501924762,0.16761336788045195,0.2591182946068617,,1.6157054115582632,in,,,,
Pell,128,2,0,77,0.5907485809744362,0.009901447035994493,0.3839208506247136,0.21514506662986357,0.16753879638662952,0.25683014474256216,,1.6160791493752864,in,,,,
Pell,128,2,0,76,0.6006051729483795,0.009811736911892077,0.38352983469227453,0.21309779527181993,0.1674617012748206,0.25450332063939346,,1.6164701653077254,in,,,,
Pell,128,2,0,75,0.6103713159924762,0.009720549176301385,0.38312065157140623,0.2110169601681291,0.16738200156028685,0.2521381728036345,,1.6168793484285937,in,,,,
Pell,128,2,0,74,0.6200455393615065,0.009627897561759413,0.3826923539138702,0.20890289167110435,0.16729961243498953,0.24973505751817723,,1.6173076460861298,in,,,,
Pell,128,2,0,73,0.6296263861530158,0.009533796021259144,0.38224393171995313,0.20675592647636398,0.16721444507044816,0.2472943367892132,,1.617756068280047,in,,,,
Pell,128,2,0,72,0.6391124135267183,0.009438258726145898,0.38177430757834485,0.20457640766923876,0.16712640640828508,0.24481637829208677,,1.6182256924216551,in,,,,
Pell,128,2,0,71,0.6485021929217839,0.009341300063985258,0.3812823314822636,0.20236468477732295,0.1670353989376048,0.24230155531632575,,1.6187176685177365,in,,,,
Pell,128,2,0,70,0.6577943102719742,0.009242934636395361,0.3807667751820087,0.2001211138297389,0.16694132045830168,0.23975024670986095,,1.6192332248179913,in,,,,
Pell,128,2,0,69,0.6669873662185952,0.009143177256846546,0.38022632602330064,0.19784605742371525,0.1668440638293037,0.2371628368224468,,1.6197736739766992,in,,,,
Pell,128,2,0,68,0.6760799763212357,0.009042042948434692,0.3796595802202076,0.19553988479914908,0.16674351670069834,0.23453971544829502,,1.6203404197797924,in,,,,
Pell,128,2,0,67,0.68507077126626,0.008939546941613807,0.3790650355033487,0.193202971921876,0.16663956122859794,0.2318812777679342,,1.6209349644966513,in,,,,
Pell,128,2,0,66,0.6939583970730199,0.008835704671905864,0.37844108307564817,0.1908357015764334,0.16653207377151022,0.22918792428931006,,1.6215589169243518,in,,,,
Pell,128,2,0,65,0.7027415152977601,0.008730531777574657,0.37778599880314834,0.18843846346918386,0.1664209245668926,0.22646006078813888,,1.6222140011968516,in,,,,
Pell,128,2,0,64,0.711418803235183,0.008624044097271133,0.3770979335557376,0.18601165434273426,0.16630597738645456,0.22369809824753142,,1.6229020664442624,in,,,,
Pell,128,2,0,63,0.7199889541176427,0.008516257667648186,0.3763749026057403,0.18355567810268406,0.1661870891686711,0.2209024527969014,,1.6236250973942596,in,,,,
Pell,128,2,0,62,0.7284506773119397,0.008407188720945924,0.3756147739764765,0.18107094595781978,0.1660641096268365,0.21807354565017717,,1.6243852260235234,in,,,,
Pell,128,2,0,61,0.7368026985136857,0.00829685368254618,0.3748152556243766,0.17855787657499445,0.16593688083087269,0.2152118030433336,,1.6251847443756233,in,,,,
Pell,128,2,0,60,0.745043759939209,0.008185269168500264,0.37397388131857406,0.17601689625003628,0.16580523676095366,0.2123176561712644,,1.626026118681426,in,,,,
Pell,128,2,0,59,0.7531726205149718,0.00807245198302542,0.37308799506513096,0.1734484390961617,0.1656690028308578,0.2093915411240163,,1.626912004934869,in,,,,
Pell,128,2,0,58,0.7611880560644717,0.007958419115974391,0.37215473390586584,0.17085294725152303,0.16552799537880836,0.20643389882240595,,1.627845266094134,in,,,,
Pell,128,2,0,57,0.769088859492598,0.007843187740278035,0.3711710088939007,0.16823087110766677,0.16538202112337463,0.20344517495304634,,1.6288289911060994,in,,,,
Pell,128,2,0,56,0.7768738409674157,0.007726775209357495,0.3701334840227223,0.16558266956085993,0.1652308765818249,0.20042581990280833,,1.6298665159772776,in,,,,
Pell,128,2,0,55,0.7845418280993504,0.007609199054511739,0.36903855285701764,0.16290881028844706,0.16507434744813268,0.1973762886927467,,1.6309614471429823,in,,,,
Pell,128,2,0,54,0.7920916661177448,0.007490476982277228,0.3678823125721415,0.16020977005260484,0.16491220792761213,0.19429704091152375,,1.6321176874278585,in,,,,
Pell,128,2,0,53,0.7995222180447641,0.0073706268717613765,0.366660535071144,0.15748603503411462,0.164744220024947,0.19118854064836593,,1.633339464928856,in,,,,
Pell,128,2,0,52,0.8068323648666198,0.007249666771949825,0.36536863479760967,0.154738101199043,0.1645701327821422,0.18805125642559353,,1.6346313652023903,in,,,,
Pell,128,2,0,51,0.8140210057020891,0.007127614898988943,0.36400163280432135,0.15196647470151955,0.16438968146267924,0.18488566113076862,,1.6359983671956786,in,,,,
Pell,128,2,0,50,0.8210870579683043,0.007004489633441469,0.3625541165721531,0.14917167232614378,0.16420258667791293,0.1816922319485105,,1.637445883427847,in,,,,
Pell,128,2,0,49,0.8280294575437852,0.006880309517520278,0.3610201949929438,0.1463542219739316,0.16400855345148885,0.17847145029203723,,1.638979805007056,in,,,,
Pell,128,2,0,48,0.8348471589286917,0.006755093252292732,0.35939344783724564,0.1435146631961352,0.1638072702173091,0.17522380173449761,,1.6406065521627544,in,,,,
Pell,128,2,0,47,0.8415391354022725,0.006628859694869038,0.3576668689167256,0.14065354778074746,0.16359840774632967,0.17194977594016717,,1.6423331310832743,in,,,,
Pell,128,2,0,46,0.848104379177486,0.006501627855557968,0.35583280202141576,0.13777144039704634,0.16338161799725373,0.16864986659559478,,1.6441671979785841,in,,,,
Pell,128,2,0,45,0.8545419015527685,0.0063734168950069225,0.35388286855262496,0.13486891930413075,0.16315653288598278,0.16532457134079945,,1.646117131447375,in,,,,
Pell,128,2,0,44,0.8608507330609294,0.006244246121314689,0.3518078855874638,0.13194657713009292,0.16292276296856004,0.16197439170063088,,1.6481921144125362,in,,,,
Pell,128,2,0,43,0.8670299236151491,0.006114134987124653,0.34959777288637495,0.12900502172924794,0.16267989603227742,0.15859983301643119,,1.650402227113625,in,,,,
Pell,128,2,0,42,0.8730785426520589,0.005983103086695141,0.3472414470815163,0.12604487712571755,0.16242749558967118,0.15520140437815477,,1.6527585529184838,in,,,,
Pell,128,2,0,41,0.8789956792718807,0.005851170152948448,0.34472670095858693,0.12306678455267564,0.16216509927035863,0.151779618557136,,1.6552732990414132,in,,,,
Pell,128,2,0,40,0.8847804423756044,0.005718356054498885,0.3420400653452079,0.12007140359771107,0.1618922171061268,0.14833499193972924,,1.6579599346547922,in,,,,
Pell,128,2,0,39,0.8904319607991845,0.0055846807926613895,0.33916665063030565,0.11705941346606975,0.16160832970545774,0.1448680444620875,,1.6608333493696943,in,,,,
Pell,128,2,0,38,0.8959493834447345,0.005450164498438714,0.33608996434179517,0.11403151437505796,0.16131288631491406,0.14137929954640613,,1.6639100356582048,in,,,,
Pell,128,2,0,37,0.9013318794086986,0.0053148274294894104,0.33279170047187584,0.11098842909462968,0.1610053027666655,0.1378692840390207,,1.667208299528124,in,,,,
Pell,128,2,0,36,0.9065786381069829,0.005178689967079042,0.3292514953232372,0.10793090465120393,0.16068495931415405,0.13433852815083827,,1.6707485046767627,in,,,,
Pell,128,2,0,35,0.9116888693970265,0.005041772613008311,0.32544664350608565,0.10485971421410618,0.16035119836179246,0.13078756540068556,,1.6745533564939143,in,,,,
Pell,128,2,0,34,0.9166618036967942,0.004904095986526968,0.3213517662839971,0.10177565918678376,0.16000332210013626,0.12721693256229843,,1.678648233716003,in,,,,
Pell,128,2,0,33,0.9214966921006722,0.004765680821229079,0.3169384226543601,0.09867957152817469,0.1596405900657694,0.12362716961584806,,1.6830615773456399,in,,,,
Pell,128,2,0,32,0.9261928064922511,0.00462654796192874,0.3121746512499245,0.09557231633342808,0.15926221665608578,0.1200188197051269,,1.6878253487500756,in,,,,
Pell,128,2,0,31,0.9307494396539772,0.0044867183615233674,0.30702442819977427,0.09245479470770956,0.15886736864446935,0.11639242910180622,,1.6929755718002257,in,,,,
Pell,128,2,0,30,0.9351659053736568,0.004346213077836003,0.30144702229434406,0.08932794697225344,0.15845516276282579,0.11274854717855887,,1.6985529777056558,in,,,,
Pell,128,2,0,29,0.9394415385477978,0.0042050532704458465,0.2953962238583058,0.08619275624833923,0.1580246634484861,0.10908772639333848,,1.7046037761416941,in,,,,
Pell,128,2,0,28,0.943575695281771,0.004063260197500584,0.2888194172751278,0.08305025247278307,0.15757488089482416,0.1054105222877703,,1.7111805827248723,in,,,,
Pell,128,2,0,27,0.947567752986779,0.003920855212515395,0.2816564585543438,0.07990151690816598,0.15710476960468825,0.10171749350349653,,1.7183435414456563,in,,,,
Pell,128,2,0,26,0.9514171104736153,0.0037778597611571874,0.27383830792868535,0.07674768722287278,0.15661322773066763,0.09800920182151923,,1.7261616920713148,in,,,,
Pell,128,2,0,25,0.9551231880432014,0.0036342953780149623,0.26528535209468823,0.07358996323068973,0.15609909760765275,0.09428621223122557,,1.7347146479053117,in,,,,
Pell,128,2,0,24,0.9586854275738873,0.003490183683356962,0.2559053297561502,0.07042961339802474,0.15556116805814754,0.09054909303805009,,1.7440946702438498,in,,,,
Pell,128,2,0,23,0.9621032926055029,0.0033455463798740537,0.24559074524899036,0.06726798224989095,0.15499817930528978,0.08679841602190384,,1.7544092547510097,in,,,,
Pell,128,2,0,22,0.9653762684201459,0.0032004052494122304,0.23421561468492724,0.06410649883508432,0.15440883170226521,0.08303475666300746,,1.7657843853150728,in,,,,
Pell,128,2,0,21,0.968503862119698,0.0030547821496919036,0.2216313319342788,0.06094668644852007,0.1537918000419058,0.0792586944582391,,1.7783686680657211,in,,,,
Pell,128,2,0,20,0.971485602700052,0.0029086990110160915,0.20766135963743151,0.05779017385723145,0.15314575604511826,0.07547081336058166,,1.7923386403625685,in,,,,
Pell,128,2,0,19,0.9743210411220442,0.0027621778329683933,0.19209433029861211,0.05463870833983323,0.1524694028999225,0.07167170238831047,,1.807905669701388,in,,,,
Pell,128,2,0,18,0.977009750379078,0.0026152406810990847,0.17467496339189273,0.05149417093263235,0.1517615276948031,0.06786195647185186,,1.8253250366081073,in,,,,
Pell,128,2,0,17,0.979551325561429,0.002467909683602887,0.1550919313165106,0.04835859438638205,0.15102108069743178,0.0640421776391174,,1.8449080686834893,in,,,,
Pell,128,2,0,16,0.9819453839172234,0.0023202070279858544,0.13296137990043472,0.04523418448669303,0.15024729542287008,0.06021297669203523,,1.8670386200995652,in,,,,
Pell,128,2,0,15,0.9841915649100788,0.0021721549577249366,0.10780412038007879,0.04212334559481192,0.14943987163883174,0.05637497561108213,,1.8921958796199212,in,,,,
Pell,128,2,0,14,0.9862895302733998,0.002023775768917213,0.07901335907357888,0.03902871155265075,0.14859925729010004,0.052528811064590585,,1.9209866409264211,in,,,,
Pell,128,2,0,13,0.9882389640613197,0.0018750918069225797,0.04580783005574434,0.03595318352632381,0.14772708940203944,0.048675139640065854,,1.9541921699442557,in,,,,
Pell,128,2,0,12,0.9900395726962805,0.0017261254629989953,0.007161570528380016,0.03289997708034865,0.14682689759868064,0.04481464584271687,,1.99283842947162,in,,,,
Pell,128,2,0,11,0.991691085013245,0.0015768991709299574,-0.038305235527947165,0.029872682152314606,0.14590525665445842,0.04094805469971639,,2.038305235527947,in,,,,
Pell,128,2,0,10,0.993193252300533,0.0014274354036460934,-0.09250307152625306,0.02687534256536886,0.14497374113563163,0.0370761523498595,,2.092503071526253,out,,,,
Pell,128,2,0,9,0.9945458483372764,0.0012777566698407572,-0.1581721670100479,0.023912568379238178,0.14405239270937104,0.03319982116157185,,2.158172167010048,out,,,,
Pell,128,2,0,8,0.9957486694274874,0.0011278855105811836,-0.23941091473994272,0.02098970897417874,0.1431762301728995,0.029320102853429775,,2.239410914739943,out,,,,
Pell,128,2,0,7,0.9968015344307342,0.0009778444959122057,-0.3426533567947199,0.01811314585837715,0.14240835238634167,0.0254383195295143,,2.34265335679472,out,,,,
Pell,128,2,0,6,0.9977042847894197,0.0008276562214589722,-0.4785591722120377,0.015290836840920766,0.14186867617065574,0.021556325545079753,,2.4785591722120377,out,,,,
Pell,128,2,0,5,0.9984567845526608,0.0006773433050232258,-0.6654710883342876,0.01253345772718166,0.14180453083499478,0.017677090644960734,,2.6654710883342876,out,,,,
ell,128,5,0,1,0.9999623509195723,7.529816085549701E-05,-8.059667392296493,0.006843689276662356,0.4955438090959864,0.002762092533916306,165.75959388709688,13.059667392296493,out:alpha+sweep;sweep=84.8,0.41829680836236593,7.99990013806961,0.41,RunDiagnostics { ResidualInf = 2.9676261448230434E-13; Kappa1 = 11025.603250611575 }
ell,128,5,0,2,0.9998117602676744,0.00022588314294025302,-5.14115503284297,0.01212853998196521,0.39276988834262494,0.0061759011278304105,97.92587527755964,10.14115503284297,out:alpha+sweep;sweep=74.8,0.41829680836236593,7.99990013806961,0.41,RunDiagnostics { ResidualInf = 2.9676261448230434E-13; Kappa1 = 11025.603250611575 }
ell,128,5,0,3,0.9995106016422769,0.0003764341078547062,-3.363000277434583,0.018190298137016225,0.3653646922404089,0.009957337708509099,88.12996748343447,8.363000277434583,out:sweep;sweep=65.7,0.41829680836236593,7.99990013806961,0.41,RunDiagnostics { ResidualInf = 2.9676261448230434E-13; Kappa1 = 11025.603250611575 }
ell,128,5,0,4,0.999058920396761,0.0005269283831771387,-2.3308524202108503,0.024615826592604344,0.3565893058329723,0.013806261819940546,85.19921453055915,7.33085242021085,out:sweep;sweep=57.7,0.41829680836236593,7.99990013806961,0.41,RunDiagnostics { ResidualInf = 2.9676261448230434E-13; Kappa1 = 11025.603250611575 }
Pell,128,5,0,128,0.006135769142859881,0.012271538285719884,0.9768753323331062,0.6724457188531309,0.422518059540992,0.31830389431573697,,4.0231246676668935,in,,,,
Pell,128,5,0,127,0.018406383404315982,0.01226969023719232,0.9768655385257414,0.6723403033642538,0.4225154506659656,0.3182559607249942,,4.023134461474259,in,,,,
Pell,128,5,0,126,0.030674225732135504,0.012265994418446724,0.9768459372612871,0.6721294882876825,0.42251023096605655,0.3181601007629468,,4.023154062738713,in,,,,
Pell,128,5,0,125,0.042937448634388434,0.012260451386059142,0.9768165012061841,0.671813305424357,0.4225023965385797,0.31801632886738535,,4.0231834987938155,in,,,,
Pell,128,5,0,124,0.05519420531481327,0.012253061974790522,0.9767771892711449,0.6713918024721169,0.42249194152205977,0.31782466669228115,,4.023222810728855,in,,,,
Pell,128,5,0,123,0.06744264995093793,0.0122438272974588,0.9767279465074581,0.6708650430214438,0.42247885808728575,0.31758514310452923,,4.023272053492542,in,,,,
Pell,128,5,0,122,0.07968093797205354,0.012232748744772426,0.9766687039646058,0.6702331065497844,0.4224631364253343,0.3172977941796068,,4.023331296035394,in,,,,
Pell,128,5,0,121,0.0919072263370002,0.01221982798512089,0.9765993785124351,0.6694960884144902,0.4224447647325477,0.3169626631961469,,4.023400621487565,in,,,,
Pell,128,5,0,120,0.10411967381172185,0.012205066964322414,0.976519872626219,0.6686540998443838,0.4224237291924209,0.31657980062942964,,4.023480127373781,in,,,,
Pell,128,5,0,119,0.1163164412465496,0.012188467905333095,0.9764300741323021,0.667707267929977,0.4224000139543535,0.3161492641437898,,4.023569925867698,in,,,,
Pell,128,5,0,118,0.12849569185317114,0.012170033307909958,0.976329855920065,0.666655735612388,0.4223736011092242,0.3156711185839446,,4.023670144079935,in,,,,
Pell,128,5,0,117,0.14065559148124387,0.012149765948235525,0.9762190756043857,0.6654996616709283,0.42234447066168546,0.3151454359652407,,4.023780924395615,in,,,,
Pell,128,5,0,116,0.15279430889461146,0.012127668878499642,0.9760975751542385,0.6642392207094696,0.4223126004991564,0.3145722954628234,,4.023902424845762,in,,,,
Pell,128,5,0,115,0.16491001604708128,0.012103745426439966,0.97596518047503,0.6628746031415857,0.4222779663574022,0.3139517833997289,,4.02403481952497,in,,,,
Pell,128,5,0,114,0.1770008883577211,0.012077999194839678,0.9758217009457472,0.6614060151745232,0.42224054178261716,0.3132839932339022,,4.0241782990542525,in,,,,
Pell,128,5,0,113,0.18906510498563456,0.01205043406098727,0.9756669289099495,0.659833678792055,0.4222002980899156,0.3125690255441415,,4.024333071090051,in,,,,
Pell,128,5,0,112,0.2011008491041733,0.012021054176090257,0.975500639116813,0.6581578317362654,0.4221572043181153,0.311806988014973,,4.024499360883187,in,,,,
Pell,128,5,0,111,0.21310630817454407,0.01198986396465121,0.9753225881123968,0.656378727488337,0.4221112271807026,0.3109979954204565,,4.024677411887604,in,,,,
Pell,128,5,0,110,0.2250796742187704,0.011956868123801478,0.975132513573053,0.6544966352483804,0.42206233101283136,0.310142169606926,,4.024867486426947,in,,,,
Pell,128,5,0,109,0.2370191440919675,0.011922071622592734,0.9749301335868942,0.6525118399144173,0.42201047771423966,0.309239639474667,,4.025069866413106,in,,,,
Pell,128,5,0,108,0.2489229197538892,0.011885479701250645,0.9747151458697323,0.6504246420605495,0.42195562668790054,0.3082905409585336,,4.025284854130268,in,,,,
Pell,128,5,0,107,0.26078920853970644,0.011847097870383794,0.9744872269217271,0.6482353579144369,0.42189773477426595,0.3072950170075085,,4.0255127730782725,in,,,,
Pell,128,5,0,106,0.2726162234299756,0.011806931910154639,0.9742460311121866,0.6459443193341411,0.42183675618090216,0.3062532175632091,,4.0257539688878134,in,,,,
Pell,128,5,0,105,0.28440218331975753,0.011764987869409216,0.9739911896973575,0.6435518737844698,0.4217726424073444,0.3051652995373431,,4.026008810302643,in,,,,
Pell,128,5,0,104,0.2961453132868451,0.01172127206476592,0.973722309757434,0.6410583843128859,0.4217053421649382,0.30403142678811684,,4.026277690242566,in,,,,
Pell,128,5,0,103,0.30784384485905975,0.011675791079663322,0.9734389730552097,0.6384642295251298,0.42163480129146164,0.30285177009560055,,4.0265610269447905,in,,,,
Pell,128,5,0,102,0.3194960162805771,0.011628551763371464,0.973140734806631,0.6357698035606586,0.4215609626602769,0.3016265071360538,,4.0268592651933695,in,,,,
Pell,128,5,0,101,0.3311000727772414,0.01157956122995707,0.972827122359963,0.6329755160680436,0.421483766083757,0.300355822455216,,4.027172877640037,in,,,,
Pell,128,5,0,100,0.34265426682082717,0.011528826857214458,0.9724976337751614,0.6300817921804619,0.42140314821070596,0.2990399074405654,,4.027502366224839,in,,,,
Pell,128,5,0,99,0.3541568583922113,0.011476356285553768,0.9721517362971389,0.6270890724914361,0.4213190424174754,0.29767896029255086,,4.027848263702861,in,,,,
Pell,128,5,0,98,0.3656061152434128,0.011422157416849321,0.9717888647169561,0.623997813030995,0.42123137869246247,0.29627318599480246,,4.028211135283044,in,,,,
Pell,128,5,0,97,0.3770003131584636,0.011366238413252239,0.9714084196102097,0.6208084852424213,0.42114008351364185,0.2948227962833235,,4.02859158038979,in,,,,
Pell,128,5,0,96,0.3883377362130689,0.011308607695958262,0.9710097654441144,0.6175215759597759,0.4210450797187638,0.2933280096146703,,4.028990234555885,in,,,,
Pell,128,5,0,95,0.39961667703301884,0.011249273943941762,0.9705922285452392,0.6141375873864154,0.42094628636783443,0.2917890511331249,,4.0294077714547605,in,,,,
Pell,128,5,0,94,0.41083543705131337,0.011188246092647236,0.9701550949162976,0.6106570370747154,0.4208436185974537,0.2902061526368646,,4.029844905083703,in,,,,
Pell,128,5,0,93,0.4219923267639594,0.011125533332644877,0.9696976078876702,0.607080457907224,0.42073698746655364,0.28857955254313533,,4.03030239211233,in,,,,
Pell,128,5,0,92,0.4330856659844046,0.011061145108245518,0.9692189655950995,0.60340839807952,0.4206262997930689,0.2869094958524336,,4.0307810344049,in,,,,
Pell,128,5,0,91,0.44411378409656704,0.010995091116079325,0.9687183182681451,0.5996414210850421,0.42051145798101947,0.2851962341117031,,4.031281681731855,in,,,,
Pell,128,5,0,90,0.4550750203064234,0.010927381303633354,0.9681947653125266,0.5957801057021743,0.42039235983744805,0.283440025376552,,4.031805234687473,in,,,,
Pell,128,5,0,89,0.4659677238921189,0.010858025867757637,0.9676473521709326,0.5918250459839088,0.4202688983786253,0.28164113417249664,,4.032352647829067,in,,,,
Pell,128,5,0,88,0.47679025445256024,0.010787035253125077,0.9670750669458265,0.5877768512504368,0.42014096162489417,0.27979983145523885,,4.032924933054174,in,,,,
Pell,128,5,0,87,0.4875409821544534,0.010714420150661208,0.9664768367596877,0.5836361460850125,0.4200084323834634,0.2779163945699826,,4.033523163240313,in,,,,
Pell,128,5,0,86,0.4982182879777507,0.010640191495933482,0.9658515238375635,0.5794035703335143,0.41987118801844203,0.27599110720979747,,4.034148476162437,in,,,,
Pell,128,5,0,85,0.5088205639594696,0.010564360467504197,0.9651979212815938,0.5750797791081034,0.4197291002073178,0.27402425937303504,,4.034802078718406,in,,,,
Pell,128,5,0,84,0.5193462134358452,0.010486938485247066,0.964514748513855,0.5706654427954462,0.4195820346830519,0.27201614731980656,,4.035485251486145,in,,,,
Pell,128,5,0,83,0.5297936512827829,0.010407937208628315,0.9638006463608453,0.5661612470700094,0.41942985096090124,0.2699670735275283,,4.036199353639155,in,,,,
Pell,128,5,0,82,0.5401613041545716,0.0103273685349492,0.9630541717433421,0.5615678929129427,0.4192724020489976,0.2678773466455424,,4.036945828256658,in,,,,
Pell,128,5,0,81,0.550447610720824,0.010245244597555714,0.9622737919412058,0.5568860966371446,0.41910953414166247,0.2657472814488217,,4.037726208058794,in,,,,
Pell,128,5,0,80,0.5606510219016076,0.010161577764011387,0.9614578783910543,0.5521165899191196,0.41894108629434557,0.2635771987907654,,4.038542121608946,in,,,,
Pell,128,5,0,79,0.5707700011007293,0.010076380634231996,0.960604699978094,0.5472601198383199,0.4187668900790077,0.2613674255550957,,4.039395300021906,in,,,,
Pell,128,5,0,78,0.580803024437142,0.009989666038593525,0.9597124157708334,0.5423174489246794,0.4185867692186627,0.2591182946068617,,4.040287584229167,in,,,,
Pell,128,5,0,77,0.5907485809744362,0.009901447035994493,0.9587790671523091,0.5372893552151543,0.41840053919972275,0.25683014474256216,,4.041220932847691,in,,,,
Pell,128,5,0,76,0.6006051729483795,0.009811736911892077,0.9578025692873404,0.5321766323201129,0.41820800686066933,0.25450332063939346,,4.04219743071266,in,,,,
Pell,128,5,0,75,0.6103713159924762,0.009720549176301385,0.9567807018627493,0.526980089500498,0.4180089699554623,0.2521381728036345,,4.043219298137251,in,,,,
Pell,128,5,0,74,0.6200455393615065,0.009627897561759413,0.9557110990320552,0.5217005517567798,0.4178032166899973,0.24973505751817723,,4.044288900967945,in,,,,
Pell,128,5,0,73,0.6296263861530158,0.009533796021259144,0.9545912384877638,0.5163388599307899,0.41759052522978135,0.2472943367892132,,4.0454087615122365,in,,,,
Pell,128,5,0,72,0.6391124135267183,0.009438258726145898,0.9534184295723356,0.5108958708216119,0.4173706631768481,0.24481637829208677,,4.046581570427664,in,,,,
Pell,128,5,0,71,0.6485021929217839,0.009341300063985258,0.9521898003334445,0.5053724573168229,0.4171433870138035,0.24230155531632575,,4.047810199666555,in,,,,
Pell,128,5,0,70,0.6577943102719742,0.009242934636395361,0.9509022834200408,0.49976950854049473,0.4169084415127229,0.23975024670986095,,4.0490977165799595,in,,,,
Pell,128,5,0,69,0.6669873662185952,0.009143177256846546,0.9495526006941163,0.49408793001946133,0.4166655591064319,0.2371628368224468,,4.050447399305884,in,,,,
Pell,128,5,0,68,0.6760799763212357,0.009042042948434692,0.9481372464314902,0.488328643869527,0.41641445921953507,0.23453971544829502,,4.05186275356851,in,,,,
Pell,128,5,0,67,0.68507077126626,0.008939546941613807,0.9466524689622396,0.48249258900342057,0.4161548475563405,0.2318812777679342,,4.05334753103776,in,,,,
Pell,128,5,0,66,0.6939583970730199,0.008835704671905864,0.9450942505804387,0.4765807213624532,0.4158864153425925,0.22918792428931006,,4.054905749419561,in,,,,
Pell,128,5,0,65,0.7027415152977601,0.008730531777574657,0.943458285545849,0.4705940141740558,0.4156088385177221,0.22646006078813888,,4.056541714454151,in,,,,
Pell,128,5,0,64,0.711418803235183,0.008624044097271133,0.9417399559604699,0.4645334582375182,0.415321776874019,0.22369809824753142,,4.05826004403953,in,,,,
Pell,128,5,0,63,0.7199889541176427,0.008516257667648186,0.9399343052941177,0.45840006224052565,0.41502487313889674,0.2209024527969014,,4.060065694705882,in,,,,
Pell,128,5,0,62,0.7284506773119397,0.008407188720945924,0.9380360092862152,0.4521948531092688,0.4147177519960697,0.21807354565017717,,4.061963990713785,in,,,,
Pell,128,5,0,61,0.7368026985136857,0.00829685368254618,0.9360393439357744,0.4459188763952314,0.41440001904119,0.2152118030433336,,4.063960656064226,in,,,,
Pell,128,5,0,60,0.745043759939209,0.008185269168500264,0.9339381502372835,0.4395731967020042,0.41407125966709596,0.2123176561712644,,4.066061849762717,in,,,,
Pell,128,5,0,59,0.7531726205149718,0.00807245198302542,0.9317257952837131,0.4331588981558183,0.4137310378734653,0.2093915411240163,,4.068274204716287,in,,,,
Pell,128,5,0,58,0.7611880560644717,0.007958419115974391,0.9293951293084103,0.42667708492385903,0.41337889499527125,0.20643389882240595,,4.070604870691589,in,,,,
Pell,128,5,0,57,0.769088859492598,0.007843187740278035,0.9269384381760861,0.4201288817848059,0.4130143483439886,0.20344517495304634,,4.073061561823914,in,,,,
Pell,128,5,0,56,0.7768738409674157,0.007726775209357495,0.92434739075958,0.41351543475647357,0.41263688975502044,0.20042581990280833,,4.07565260924042,in,,,,
Pell,128,5,0,55,0.7845418280993504,0.007609199054511739,0.9216129805811449,0.406837911785973,0.4122459840343768,0.1973762886927467,,4.078387019418855,in,,,,
Pell,128,5,0,54,0.7920916661177448,0.007490476982277228,0.9187254609793027,0.400097503508286,0.41184106729703285,0.19429704091152375,,4.081274539020697,in,,,,
Pell,128,5,0,53,0.7995222180447641,0.0073706268717613765,0.9156742729785514,0.3932954240798079,0.41142154518890023,0.19118854064836593,,4.084325727021449,in,,,,
Pell,128,5,0,52,0.8068323648666198,0.007249666771949825,0.9124479649071837,0.3864329120940711,0.4109867909837353,0.18805125642559353,,4.087552035092816,in,,,,
Pell,128,5,0,51,0.8140210057020891,0.007127614898988943,0.9090341026650891,0.3795112315876176,0.4105361435457035,0.18488566113076862,,4.090965897334911,in,,,,
Pell,128,5,0,50,0.8210870579683043,0.007004489633441469,0.9054191693773753,0.3725316731448354,0.4100689051476968,0.1816922319485105,,4.094580830622625,in,,,,
Pell,128,5,0,49,0.8280294575437852,0.006880309517520278,0.9015884529721852,0.36549555511153153,0.4095843391348724,0.17847145029203723,,4.098411547027815,in,,,,
Pell,128,5,0,48,0.8348471589286917,0.006755093252292732,0.8975259199842093,0.3584042249280581,0.4090816674222363,0.17522380173449761,,4.10247408001579,in,,,,
Pell,128,5,0,47,0.8415391354022725,0.006628859694869038,0.8932140736124428,0.351259060594011,0.40856006781449666,0.17194977594016717,,4.106785926387557,in,,,,
Pell,128,5,0,46,0.848104379177486,0.006501627855557968,0.888633793734227,0.3440614722778743,0.40801867113586127,0.16864986659559478,,4.111366206265773,in,,,,
Pell,128,5,0,45,0.8545419015527685,0.0063734168950069225,0.8837641561796064,0.336812904086469,0.40745655815694104,0.16532457134079945,,4.116235843820394,in,,,,
Pell,128,5,0,44,0.8608507330609294,0.006244246121314689,0.8785822281115847,0.32951483601081,0.4068727563056211,0.16197439170063088,,4.1214177718884155,in,,,,
Pell,128,5,0,43,0.8670299236151491,0.006114134987124653,0.8730628357932134,0.3221687860668963,0.406266236148583,0.15859983301643119,,4.126937164206787,in,,,,
Pell,128,5,0,42,0.8730785426520589,0.005983103086695141,0.8671783003389039,0.3147763126521525,0.40563590763030305,0.15520140437815477,,4.132821699661096,in,,,,
Pell,128,5,0,41,0.8789956792718807,0.005851170152948448,0.8608981362427776,0.30733901714077777,0.404980616056935,0.151779618557136,,4.139101863757222,in,,,,
Pell,128,5,0,40,0.8847804423756044,0.005718356054498885,0.8541887064659366,0.29985854674409695,0.404299137813597,0.14833499193972924,,4.145811293534063,in,,,,
Pell,128,5,0,39,0.8904319607991845,0.0055846807926613895,0.8470128266578265,0.292336597665301,0.40359017580555046,0.1448680444620875,,4.152987173342174,in,,,,
Pell,128,5,0,38,0.8959493834447345,0.005450164498438714,0.8393293095868606,0.28477491858174014,0.40285235461683133,0.14137929954640613,,4.16067069041314,in,,,,
Pell,128,5,0,37,0.9013318794086986,0.0053148274294894104,0.831092439015119,0.2771753144922869,0.402084215384536,0.1378692840390207,,4.168907560984881,in,,,,
Pell,128,5,0,36,0.9065786381069829,0.005178689967079042,0.822251359963524,0.2695396509723374,0.40128421039374845,0.13433852815083827,,4.177748640036476,in,,,,
Pell,128,5,0,35,0.9116888693970265,0.005041772613008311,0.8127493694622625,0.26186985888488956,0.4004506974078392,0.13078756540068556,,4.187250630537737,in,,,,
Pell,128,5,0,34,0.9166618036967942,0.004904095986526968,0.8025230882984887,0.2541679396030084,0.3995819337626958,0.12721693256229843,,4.197476911701512,in,,,,
Pell,128,5,0,33,0.9214966921006722,0.004765680821229079,0.7915014897545095,0.24643597080706306,0.39867607027294083,0.12362716961584806,,4.208498510245491,in,,,,
Pell,128,5,0,32,0.9261928064922511,0.00462654796192874,0.7796047555816747,0.2386761129296497,0.3977311450255065,0.1200188197051269,,4.2203952444183255,in,,,,
Pell,128,5,0,31,0.9307494396539772,0.0044867183615233674,0.7667429220979927,0.23089061633244765,0.396745077174207,0.11639242910180622,,4.233257077902008,in,,,,
Pell,128,5,0,30,0.9351659053736568,0.004346213077836003,0.7528142698186814,0.22308182931280618,0.39571566090250987,0.11274854717855887,,4.247185730181319,in,,,,
Pell,128,5,0,29,0.9394415385477978,0.0042050532704458465,0.7377033976933737,0.21525220705413545,0.3946405597967985,0.10908772639333848,,4.262296602306626,in,,,,
Pell,128,5,0,28,0.943575695281771,0.004063260197500584,0.7212789068891263,0.2074043216539346,0.39351730197811113,0.1054105222877703,,4.278721093110874,in,,,,
Pell,128,5,0,27,0.947567752986779,0.003920855212515395,0.703390597699349,0.1995408733873439,0.39234327648957396,0.10171749350349653,,4.296609402300651,in,,,,
Pell,128,5,0,26,0.9514171104736153,0.0037778597611571874,0.6838660546808694,0.19166470339370495,0.39111573164882646,0.09800920182151923,,4.31613394531913,in,,,,
Pell,128,5,0,25,0.9551231880432014,0.0036342953780149623,0.6625064567257469,0.18377880801025964,0.3898317763780016,0.09428621223122557,,4.337493543274253,in,,,,
Pell,128,5,0,24,0.9586854275738873,0.003490183683356962,0.6390813964484163,0.17588635502286126,0.3884883859608647,0.09054909303805009,,4.360918603551584,in,,,,
Pell,128,5,0,23,0.9621032926055029,0.0033455463798740537,0.6133224211394891,0.16799070216119738,0.38708241431227136,0.08679841602190384,,4.386677578860511,in,,,,
Pell,128,5,0,22,0.9653762684201459,0.0032004052494122304,0.5849149067957871,0.1600954182391765,0.38561061577844086,0.08303475666300746,,4.415085093204213,in,,,,
Pell,128,5,0,21,0.968503862119698,0.0030547821496919036,0.553487734093927,0.15220430743486163,0.3840696808728211,0.0792586944582391,,4.4465122659060725,in,,,,
Pell,128,5,0,20,0.971485602700052,0.0029086990110160915,0.5186000300655127,0.14432143732555197,0.3824562924372323,0.07547081336058166,,4.481399969934487,in,,,,
Pell,128,5,0,19,0.9743210411220442,0.0027621778329683933,0.4797239392162944,0.13645117145169508,0.38076721189742535,0.07167170238831047,,4.520276060783706,in,,,,
Pell,128,5,0,18,0.977009750379078,0.0026152406810990847,0.43622194049433055,0.1285982073915358,0.3789994102067376,0.06786195647185186,,4.56377805950567,in,,,,
Pell,128,5,0,17,0.979551325561429,0.002467909683602887,0.38731654451308,0.12076762160515116,0.37715026583163985,0.0640421776391174,,4.61268345548692,in,,,,
Pell,128,5,0,16,0.9819453839172234,0.0023202070279858544,0.33204913872430064,0.11296492267866448,0.3752178646022897,0.06021297669203523,,4.667950861275699,in,,,,
Pell,128,5,0,15,0.9841915649100788,0.0021721549577249366,0.2692230281449995,0.10519611510813094,0.37320145673801974,0.05637497561108213,,4.730776971855001,in,,,,
Pell,128,5,0,14,0.9862895302733998,0.002023775768917213,0.19732284553415771,0.09746777647975714,0.3711021609071205,0.052528811064590585,,4.802677154465842,in,,,,
Pell,128,5,0,13,0.9882389640613197,0.0018750918069225797,0.1143975079697756,0.08978715197789841,0.368924065310712,0.048675139640065854,,4.885602492030224,in,,,,
Pell,128,5,0,12,0.9900395726962805,0.0017261254629989953,0.017884842407966294,0.0821622719451204,0.36667598460324835,0.04481464584271687,,4.982115157592034,in,,,,
Pell,128,5,0,11,0.991691085013245,0.0015768991709299574,-0.09566101431264892,0.07460210165905097,0.36437433820057724,0.04094805469971639,,5.095661014312649,in,,,,
Pell,128,5,0,10,0.993193252300533,0.0014274354036460934,-0.23101117973233848,0.06711673990171381,0.3620480316748302,0.0370761523498595,,5.231011179732339,out,,,,
Pell,128,5,0,9,0.9945458483372764,0.0012777566698407572,-0.39500892563819745,0.05971769953769318,0.3597471157875709,0.03319982116157185,,5.395008925638198,out,,,,
Pell,128,5,0,8,0.9957486694274874,0.0011278855105811836,-0.5978893126719825,0.05241833976278051,0.35755904421494056,0.029320102853429775,,5.597889312671983,out,,,,
Pell,128,5,0,7,0.9968015344307342,0.0009778444959122057,-0.8557203008111257,0.04523459734221321,0.355641395963524,0.0254383195295143,,5.855720300811126,out,,,,
Pell,128,5,0,6,0.9977042847894197,0.0008276562214589722,-1.195122682094612,0.03818634559300683,0.3542936435353927,0.021556325545079753,,6.1951226820946115,out,,,,
Pell,128,5,0,5,0.9984567845526608,0.0006773433050232258,-1.661904395793535,0.031300245580063384,0.3541334511285798,0.017677090644960734,,6.661904395793535,out,,,,
ell,128,8,0,1,0.9999623509195723,7.529816085549701E-05,-12.869936831818796,0.010928223759137656,0.7913003366069554,0.002762092533916306,264.6902655851469,20.869936831818798,out:alpha+sweep;sweep=84.8,0.6679498344709236,7.99990013806961,0.43,RunDiagnostics { ResidualInf = 4.880540416252188E-13; Kappa1 = 11025.603250611575 }
ell,128,8,0,2,0.9998117602676744,0.00022588314294025302,-8.209562168597646,0.019367243811981495,0.6271876252910543,0.0061759011278304105,156.37119594133426,16.209562168597646,out:alpha+sweep;sweep=74.8,0.6679498344709236,7.99990013806961,0.43,RunDiagnostics { ResidualInf = 4.880540416252188E-13; Kappa1 = 11025.603250611575 }
ell,128,8,0,3,0.9995106016422769,0.0003764341078547062,-5.3701473062451495,0.029046854737345137,0.5834261242846667,0.009957337708509099,140.72877443877752,13.37014730624515,out:alpha+sweep;sweep=65.7,0.6679498344709236,7.99990013806961,0.43,RunDiagnostics { ResidualInf = 4.880540416252188E-13; Kappa1 = 11025.603250611575 }
ell,128,8,0,4,0.999058920396761,0.0005269283831771387,-3.721980319073527,0.0393073458108994,0.569413304246155,0.013806261819940546,136.04885360119752,11.721980319073527,out:alpha+sweep;sweep=57.7,0.6679498344709236,7.99990013806961,0.43,RunDiagnostics { ResidualInf = 4.880540416252188E-13; Kappa1 = 11025.603250611575 }
Pell,128,8,0,128,0.006135769142859881,0.012271538285719884,1.5599060367807318,1.0737830115345457,0.6746904644964362,0.31830389431573697,,6.440093963219268,in,,,,
Pell,128,8,0,127,0.018406383404315982,0.01226969023719232,1.5598903977134733,1.0736146806820548,0.6746862985606532,0.3182559607249942,,6.440109602286527,in,,,,
Pell,128,8,0,126,0.030674225732135504,0.012265994418446724,1.5598590977821107,1.0732780443685928,0.6746779635754928,0.3181601007629468,,6.440140902217889,in,,,,
Pell,128,8,0,125,0.042937448634388434,0.012260451386059142,1.5598120933399193,1.0727731533749283,0.6746654533090223,0.31801632886738535,,6.44018790666008,in,,,,
Pell,128,8,0,124,0.05519420531481327,0.012253061974790522,1.5597493187740912,1.0721000838665096,0.6746487584014492,0.31782466669228115,,6.440250681225908,in,,,,
Pell,128,8,0,123,0.06744264995093793,0.0122438272974588,1.559670686341374,1.0712589373866703,0.6746278663508378,0.31758514310452923,,6.440329313658626,in,,,,
Pell,128,8,0,122,0.07968093797205354,0.012232748744772426,1.5595760859378953,1.0702498408475545,0.6746027614939789,0.3172977941796068,,6.440423914062105,in,,,,
Pell,128,8,0,121,0.0919072263370002,0.01221982798512089,1.5594653848200417,1.0690729465188613,0.6745734249824143,0.3169626631961469,,6.440534615179958,in,,,,
Pell,128,8,0,120,0.10411967381172185,0.012205066964322414,1.559338427256438,1.0677284320143603,0.674539834753502,0.31657980062942964,,6.440661572743562,in,,,,
Pell,128,8,0,119,0.1163164412465496,0.012188467905333095,1.5591950341252023,1.0662165002762825,0.6745019654964941,0.3161492641437898,,6.440804965874798,in,,,,
Pell,128,8,0,118,0.12849569185317114,0.012170033307909958,1.5590350024520263,1.0645373795576154,0.6744597886135277,0.3156711185839446,,6.440964997547974,in,,,,
Pell,128,8,0,117,0.14065559148124387,0.012149765948235525,1.558858104870926,1.0626913234022808,0.6744132721753848,0.3151454359652407,,6.441141895129074,in,,,,
Pell,128,8,0,116,0.15279430889461146,0.012127668878499642,1.5586640890334256,1.060678610623374,0.6743623808719841,0.3145722954628234,,6.441335910966575,in,,,,
Pell,128,8,0,115,0.16491001604708128,0.012103745426439966,1.5584526769398683,1.0584995452794328,0.6743070759574139,0.3139517833997289,,6.4415473230601314,in,,,,
Pell,128,8,0,114,0.1770008883577211,0.012077999194839678,1.558223564199881,1.0561544566488361,0.6742473151893824,0.3132839932339022,,6.441776435800119,in,,,,
Pell,128,8,0,113,0.18906510498563456,0.01205043406098727,1.557976419221389,1.0536436992024336,0.6741830527629401,0.3125690255441415,,6.442023580778611,in,,,,
Pell,128,8,0,112,0.2011008491041733,0.012021054176090257,1.5577108823168437,1.0509676525744545,0.6741142392382733,0.311806988014973,,6.442289117683156,in,,,,
Pell,128,8,0,111,0.21310630817454407,0.01198986396465121,1.5574265647302976,1.048126721531822,0.6740408214624006,0.3109979954204565,,6.442573435269702,in,,,,
Pell,128,8,0,110,0.2250796742187704,0.011956868123801478,1.5571230475756863,1.0451213359419587,0.6739627424845482,0.310142169606926,,6.442876952424314,in,,,,
Pell,128,8,0,109,0.2370191440919675,0.011922071622592734,1.5567998806864898,1.0419519507392123,0.6738799414649876,0.309239639474667,,6.44320011931351,in,,,,
Pell,128,8,0,108,0.2489229197538892,0.011885479701250645,1.5564565813659177,1.038619045890004,0.6737923535770777,0.3082905409585336,,6.443543418634082,in,,,,
Pell,128,8,0,107,0.26078920853970644,0.011847097870383794,1.5560926330389497,1.0351231263568603,0.6736999099022604,0.3072950170075085,,6.44390736696105,in,,,,
Pell,128,8,0,106,0.2726162234299756,0.011806931910154639,1.555707483791502,1.0314647220614375,0.6736025373177007,0.3062532175632091,,6.444292516208498,in,,,,
Pell,128,8,0,105,0.28440218331975753,0.011764987869409216,1.5553005448008188,1.0276443878467423,0.6735001583762896,0.3051652995373431,,6.444699455199181,in,,,,
Pell,128,8,0,104,0.2961453132868451,0.01172127206476592,1.5548711886409539,1.023662703438678,0.673392691178653,0.30403142678811684,,6.445128811359046,in,,,,
Pell,128,8,0,103,0.30784384485905975,0.011675791079663322,1.5544187474567215,1.0195202734071,0.6732800492368067,0.30285177009560055,,6.4455812525432785,in,,,,
Pell,128,8,0,102,0.3194960162805771,0.011628551763371464,1.5539425110026273,1.0152177271266043,0.6731621413290928,0.3016265071360538,,6.446057488997373,in,,,,
Pell,128,8,0,101,0.3311000727772414,0.01157956122995707,1.5534417245332368,1.0107557187372422,0.6730388713459676,0.300355822455216,,6.446558275466764,in,,,,
Pell,128,8,0,100,0.34265426682082717,0.011528826857214458,1.5529155865343554,1.0061349271053814,0.6729101381261978,0.2990399074405654,,6.447084413465644,in,,,,
Pell,128,8,0,99,0.3541568583922113,0.011476356285553768,1.5523632462856103,1.0013560557849694,0.6727758352829932,0.29767896029255086,,6.44763675371439,in,,,,
Pell,128,8,0,98,0.3656061152434128,0.011422157416849321,1.551783801242947,0.9964198329794635,0.6726358510195679,0.29627318599480246,,6.448216198757053,in,,,,
Pell,128,8,0,97,0.3770003131584636,0.011366238413252239,1.5511762942262495,0.9913270115047031,0.6724900679335815,0.2948227962833235,,6.4488237057737505,in,,,,
Pell,128,8,0,96,0.3883377362130689,0.011308607695958262,1.5505397103968441,0.9860783687530202,0.6723383628098659,0.2933280096146703,,6.449460289603156,in,,,,
Pell,128,8,0,95,0.39961667703301884,0.011249273943941762,1.5498729740101245,0.9806747066589273,0.6721806064008258,0.2917890511331249,,6.450127025989875,in,,,,
Pell,128,8,0,94,0.41083543705131337,0.011188246092647236,1.5491749449331222,0.9751168516667525,0.6720166631938488,0.2902061526368646,,6.450825055066877,in,,,,
Pell,128,8,0,93,0.4219923267639594,0.011125533332644877,1.5484444148909677,0.9694056547005341,0.6718463911649682,0.28857955254313533,,6.451555585109032,in,,,,
Pell,128,8,0,92,0.4330856659844046,0.011061145108245518,1.5476801034409784,0.9635419911366527,0.6716696415180571,0.2869094958524336,,6.452319896559022,in,,,,
Pell,128,8,0,91,0.44411378409656704,0.010995091116079325,1.5468806536425272,0.9575267607796064,0.6714862584087075,0.2851962341117031,,6.4531193463574725,in,,,,
Pell,128,8,0,90,0.4550750203064234,0.010927381303633354,1.5460446273977102,0.9513608878413847,0.671296078651909,0.283440025376552,,6.45395537260229,in,,,,
Pell,128,8,0,89,0.4659677238921189,0.010858025867757637,1.545170500437667,0.9450453209249614,0.6710989314125896,0.28164113417249664,,6.454829499562333,in,,,,
Pell,128,8,0,88,0.47679025445256024,0.010787035253125077,1.5442566569330611,0.9385810330124748,0.6708946378780253,0.27979983145523885,,6.455743343066938,in,,,,
Pell,128,8,0,87,0.4875409821544534,0.010714420150661208,1.5433013836776708,0.9319690214586062,0.6706830109109848,0.2779163945699826,,6.456698616322329,in,,,,
Pell,128,8,0,86,0.4982182879777507,0.010640191495933482,1.5423028638362073,0.9252103079898928,0.6704638546825241,0.27599110720979747,,6.457697136163793,in,,,,
Pell,128,8,0,85,0.5088205639594696,0.010564360467504197,1.5412591701947524,0.9183059387105594,0.6702369642831149,0.27402425937303504,,6.458740829805247,in,,,,
Pell,128,8,0,84,0.5193462134358452,0.010486938485247066,1.5401682578858267,0.911256984115659,0.670002125310821,0.27201614731980656,,6.459831742114173,in,,,,
Pell,128,8,0,83,0.5297936512827829,0.010407937208628315,1.5390279565363765,0.9040645391122907,0.6697591134350716,0.2699670735275283,,6.460972043463624,in,,,,
Pell,128,8,0,82,0.5401613041545716,0.0103273685349492,1.5378359617920727,0.896729723049767,0.6695076939345135,0.2678773466455424,,6.462164038207927,in,,,,
Pell,128,8,0,81,0.550447610720824,0.010245244597555714,1.5365898261553295,0.8892536797596238,0.6692476212072773,0.2657472814488217,,6.463410173844671,in,,,,
Pell,128,8,0,80,0.5606510219016076,0.010161577764011387,1.5352869490836556,0.8816375776065017,0.6689786382519143,0.2635771987907654,,6.464713050916345,in,,,,
Pell,128,8,0,79,0.5707700011007293,0.010076380634231996,1.533924566277134,0.8738826095509645,0.6687004761170989,0.2613674255550957,,6.466075433722866,in,,,,
Pell,128,8,0,78,0.580803024437142,0.009989666038593525,1.5324997380770145,0.8659899932254043,0.6684128533180551,0.2591182946068617,,6.467500261922986,in,,,,
Pell,128,8,0,77,0.5907485809744362,0.009901447035994493,1.531009336900803,0.8579609710243271,0.6681154752175358,0.25683014474256216,,6.468990663099197,in,,,,
Pell,128,8,0,76,0.6006051729483795,0.009811736911892077,1.5294500336161905,0.8497968102103628,0.6678080333689969,0.25450332063939346,,6.4705499663838095,in,,,,
Pell,128,8,0,75,0.6103713159924762,0.009720549176301385,1.5278182827553866,0.8414988030374847,0.6674902048194384,0.2521381728036345,,6.472181717244613,in,,,,
Pell,128,8,0,74,0.6200455393615065,0.009627897561759413,1.5261103064583332,0.8330682668930511,0.6671616513692038,0.24973505751817723,,6.4738896935416665,in,,,,
Pell,128,8,0,73,0.6296263861530158,0.009533796021259144,1.524322077023666,0.8245065444604202,0.6668220187858217,0.2472943367892132,,6.475677922976334,in,,,,
Pell,128,8,0,72,0.6391124135267183,0.009438258726145898,1.5224492979221875,0.8158150039040006,0.6664709359687234,0.24481637829208677,,6.477550702077813,in,,,,
Pell,128,8,0,71,0.6485021929217839,0.009341300063985258,1.5204873831278485,0.8069950390788273,0.6661080140614796,0.24230155531632575,,6.479512616872151,in,,,,
Pell,128,8,0,70,0.6577943102719742,0.009242934636395361,1.5184314345956968,0.7980480697668947,0.6657328455079091,0.23975024670986095,,6.481568565404303,in,,,,
Pell,128,8,0,69,0.6669873662185952,0.009143177256846546,1.5162762176890014,0.7889755419426558,0.6653450030481179,0.2371628368224468,,6.4837237823109986,in,,,,
Pell,128,8,0,68,0.6760799763212357,0.009042042948434692,1.5140161343546423,0.7797789280703675,0.6649440386502662,0.23453971544829502,,6.485983865645357,in,,,,
Pell,128,8,0,67,0.68507077126626,0.008939546941613807,1.5116451938046176,0.7704597274361555,0.6645294823735001,0.2318812777679342,,6.488354806195383,in,,,,
Pell,128,8,0,66,0.6939583970730199,0.008835704671905864,1.5091569804371432,0.761019466517939,0.6641008411571315,0.22918792428931006,,6.490843019562857,in,,,,
Pell,128,8,0,65,0.7027415152977601,0.008730531777574657,1.5065446187067986,0.7514596993966656,0.6636575975307909,0.22646006078813888,,6.493455381293201,in,,,,
Pell,128,8,0,64,0.711418803235183,0.008624044097271133,1.5038007346055777,0.7417820082125982,0.6631992082398349,0.22369809824753142,,6.496199265394422,in,,,,
Pell,128,8,0,63,0.7199889541176427,0.008516257667648186,1.5009174133856937,0.7319880036707634,0.6627251027798737,0.2209024527969014,,6.499082586614306,in,,,,
Pell,128,8,0,62,0.7284506773119397,0.008407188720945924,1.4978861530965617,0.7220793256000237,0.6622346818337588,0.21807354565017717,,6.5021138469034385,in,,,,
Pell,128,8,0,61,0.7368026985136857,0.00829685368254618,1.4946978134687126,0.7120576435707093,0.6617273156039069,0.2152118030433336,,6.505302186531288,in,,,,
Pell,128,8,0,60,0.745043759939209,0.008185269168500264,1.4913425596033227,0.7019246575761688,0.6612023420322298,0.2123176561712644,,6.508657440396677,in,,,,
Pell,128,8,0,59,0.7531726205149718,0.00807245198302542,1.4878097998607103,0.6916820987841342,0.6606590648993521,0.2093915411240163,,6.5121902001392895,in,,,,
Pell,128,8,0,58,0.7611880560644717,0.007958419115974391,1.4840881172630764,0.6813317303643788,0.6600967517941663,0.20643389882240595,,6.515911882736924,in,,,,
Pell,128,8,0,57,0.769088859492598,0.007843187740278035,1.48016519362986,0.6708753483997727,0.6595146319440663,0.20344517495304634,,6.51983480637014,in,,,,
Pell,128,8,0,56,0.7768738409674157,0.007726775209357495,1.4760277255489949,0.6603147828885247,0.6589118938954357,0.20042581990280833,,6.523972274451005,in,,,,
Pell,128,8,0,55,0.7845418280993504,0.007609199054511739,1.4716613311860416,0.6496518988462497,0.6582876830332492,0.1973762886927467,,6.528338668813959,in,,,,
Pell,128,8,0,54,0.7920916661177448,0.007490476982277228,1.467050446757767,0.6388885975172873,0.6576410989277138,0.19429704091152375,,6.532949553242233,in,,,,
Pell,128,8,0,53,0.7995222180447641,0.0073706268717613765,1.4621782113514445,0.628026817705728,0.6569711924950514,0.19118854064836593,,6.5378217886485555,in,,,,
Pell,128,8,0,52,0.8068323648666198,0.007249666771949825,1.4570263385684623,0.6170685372376719,0.6562769629585837,0.18805125642559353,,6.542973661431538,in,,,,
Pell,128,8,0,51,0.8140210057020891,0.007127614898988943,1.4515749732365915,0.6060157745674362,0.6555573545952863,0.18488566113076862,,6.548425026763408,in,,,,
Pell,128,8,0,50,0.8210870579683043,0.007004489633441469,1.445802531174239,0.5948705905417963,0.6548112532520111,0.1816922319485105,,6.554197468825761,in,,,,
Pell,128,8,0,49,0.8280294575437852,0.006880309517520278,1.4396855196706484,0.5836350903378559,0.6540374826145463,0.17847145029203723,,6.560314480329351,in,,,,
Pell,128,8,0,48,0.8348471589286917,0.006755093252292732,1.4331983359706355,0.5723114255918251,0.6532348002116769,0.17522380173449761,,6.566801664029365,in,,,,
Pell,128,8,0,47,0.8415391354022725,0.006628859694869038,1.4263130406190996,0.5609017967379047,0.6524018931354467,0.17194977594016717,,6.5736869593809,in,,,,
Pell,128,8,0,46,0.848104379177486,0.006501627855557968,1.4189991019864419,0.549408455578608,0.6515373734579151,0.16864986659559478,,6.581000898013558,in,,,,
Pell,128,8,0,45,0.8545419015527685,0.0063734168950069225,1.4112231076840969,0.537833708110284,0.6506397733239491,0.16532457134079945,,6.588776892315903,in,,,,
Pell,128,8,0,44,0.8608507330609294,0.006244246121314689,1.4029484378181452,0.5261799176303176,0.6497075396990277,0.16197439170063088,,6.597051562181855,in,,,,
Pell,128,8,0,43,0.8670299236151491,0.006114134987124653,1.3941348941528744,0.5144495081556132,0.6487390287508252,0.15859983301643119,,6.605865105847125,in,,,,
Pell,128,8,0,42,0.8730785426520589,0.005983103086695141,1.3847382781519681,0.5026449681854417,0.6477324998435272,0.15520140437815477,,6.615261721848032,in,,,,
Pell,128,8,0,41,0.8789956792718807,0.005851170152948448,1.3747099095758466,0.49076885484577065,0.6466861091247574,0.151779618557136,,6.625290090424153,in,,,,
Pell,128,8,0,40,0.8847804423756044,0.005718356054498885,1.3639960757161937,0.4788237984567697,0.6455979026868092,0.14833499193972924,,6.6360039242838065,in,,,,
Pell,128,8,0,39,0.8904319607991845,0.0055846807926613895,1.3525373994026233,0.4668125075703997,0.6444658092869697,0.1448680444620875,,6.647462600597377,in,,,,
Pell,128,8,0,38,0.8959493834447345,0.005450164498438714,1.3402681115354218,0.4547377745310519,0.6432876326166681,0.14137929954640613,,6.659731888464578,in,,,,
Pell,128,8,0,37,0.9013318794086986,0.0053148274294894104,1.3271152109516309,0.4426024816191409,0.642061043116569,0.1378692840390207,,6.67288478904837,in,,,,
Pell,128,8,0,36,0.9065786381069829,0.005178689967079042,1.3129974907800803,0.430409607845627,0.6407835693455768,0.13433852815083827,,6.687002509219919,in,,,,
Pell,128,8,0,35,0.9116888693970265,0.005041772613008311,1.2978244058902189,0.4181622364748201,0.6394525889272775,0.13078756540068556,,6.702175594109781,in,,,,
Pell,128,8,0,34,0.9166618036967942,0.004904095986526968,1.2814947503107204,0.4058635633637783,0.6380653191194119,0.12721693256229843,,6.718505249689279,in,,,,
Pell,128,8,0,33,0.9214966921006722,0.004765680821229079,1.263895106287833,0.39351690621952373,0.6366188070831282,0.12362716961584806,,6.736104893712167,in,,,,
Pell,128,8,0,32,0.9261928064922511,0.00462654796192874,1.2448980174680453,0.3811257148905045,0.6351099199723655,0.1200188197051269,,6.755101982531954,in,,,,
Pell,128,8,0,31,0.9307494396539772,0.0044867183615233674,1.224359826942437,0.3686935828268286,0.6335353350248226,0.11639242910180622,,6.775640173057563,in,,,,
Pell,128,8,0,30,0.9351659053736568,0.004346213077836003,1.2021181057568615,0.3562242598654403,0.6318915299215184,0.11274854717855887,,6.7978818942431385,in,,,,
Pell,128,8,0,29,0.9394415385477978,0.0042050532704458465,1.1779885777925008,0.34372166652239383,0.6301747738018371,0.10908772639333848,,6.822011422207499,in,,,,
Pell,128,8,0,28,0.943575695281771,0.004063260197500584,1.1517614211549219,0.3311899100059307,0.6283811194897291,0.1054105222877703,,6.848238578845078,in,,,,
Pell,128,8,0,27,0.947567752986779,0.003920855212515395,1.1231967921080996,0.31863330220248326,0.6265063977250487,0.10171749350349653,,6.8768032078919,in,,,,
Pell,128,8,0,26,0.9514171104736153,0.0037778597611571874,1.0920193721121731,0.30605637993498536,0.6245462145326575,0.09800920182151923,,6.907980627887827,in,,,,
Pell,128,8,0,25,0.9551231880432014,0.0036342953780149623,1.0579116772091592,0.29346392785138187,0.6224959533461731,0.09428621223122557,,6.942088322790841,in,,,,
Pell,128,8,0,24,0.9586854275738873,0.003490183683356962,1.020505785455109,0.28086100437429096,0.6203507842011602,0.09054909303805009,,6.979494214544891,in,,,,
Pell,128,8,0,23,0.9621032926055029,0.0033455463798740537,0.979373022905083,0.26825297123477054,0.6181056833273918,0.08679841602190384,,7.020626977094917,in,,,,
Pell,128,8,0,22,0.9653762684201459,0.0032004052494122304,0.9340109878040997,0.25564552722997136,0.6157554679602335,0.08303475666300746,,7.0659890121959,in,,,,
Pell,128,8,0,21,0.968503862119698,0.0030547821496919036,0.8838270648468819,0.24304474699411607,0.6132948534048206,0.0792586944582391,,7.116172935153118,in,,,,
Pell,128,8,0,20,0.971485602700052,0.0029086990110160915,0.8281172538586354,0.23045712576582336,0.610718542715987,0.07547081336058166,,7.171882746141365,in,,,,
Pell,128,8,0,19,0.9743210411220442,0.0027621778329683933,0.7660386581617186,0.21788963138721254,0.6080213644339219,0.07167170238831047,,7.233961341838281,in,,,,
Pell,128,8,0,18,0.977009750379078,0.0026152406810990847,0.6965732635792978,0.20534976510273098,0.6051984816792219,0.06786195647185186,,7.303426736420702,in,,,,
Pell,128,8,0,17,0.979551325561429,0.002467909683602887,0.6184795499832667,0.19284563316755518,0.6022457083025976,0.0640421776391174,,7.381520450016733,in,,,,
Pell,128,8,0,16,0.9819453839172234,0.0023202070279858544,0.5302267739393294,0.1803860318696692,0.5991599876959083,0.06021297669203523,,7.469773226060671,in,,,,
Pell,128,8,0,15,0.9841915649100788,0.0021721549577249366,0.4299040143031614,0.1679805493820308,0.5959401225852038,0.05637497561108213,,7.570095985696838,in,,,,
Pell,128,8,0,14,0.9862895302733998,0.002023775768917213,0.31509148379083224,0.15563968900643455,0.5925878992960893,0.052528811064590585,,7.684908516209168,in,,,,
Pell,128,8,0,13,0.9882389640613197,0.0018750918069225797,0.18267363026619554,0.14337502008693004,0.5891098459999654,0.048675139640065854,,7.817326369733804,in,,,,
Pell,128,8,0,12,0.9900395726962805,0.0017261254629989953,0.02855909317765769,0.13119936573352006,0.5855200382213537,0.04481464584271687,,7.971440906822342,in,,,,
Pell,128,8,0,11,0.991691085013245,0.0015768991709299574,-0.15275459290645002,0.11912704199066836,0.5818446950130378,0.04094805469971639,,8.15275459290645,in,,,,
Pell,128,8,0,10,0.993193252300533,0.0014274354036460934,-0.3688861023522578,0.10717417491921546,0.5781299737248577,0.0370761523498595,,8.368886102352258,out,,,,
Pell,128,8,0,9,0.9945458483372764,0.0012777566698407572,-0.6307629922578316,0.09535914863264179,0.5744557970271126,0.03319982116157185,,8.630762992257832,out,,,,
Pell,128,8,0,8,0.9957486694274874,0.0011278855105811836,-0.9547289375567504,0.08370329552564663,0.570961813770413,0.029320102853429775,,8.95472893755675,out,,,,
Pell,128,8,0,7,0.9968015344307342,0.0009778444959122057,-1.36644177496339,0.07223206393895258,0.5678996511947008,0.0254383195295143,,9.36644177496339,out,,,,
Pell,128,8,0,6,0.9977042847894197,0.0008276562214589722,-1.9084104437775293,0.06097718822612278,0.5657475166498482,0.021556325545079753,,9.90841044377753,out,,,,
Pell,128,8,0,5,0.9984567845526608,0.0006773433050232258,-2.6537825388214817,0.04998124163546354,0.5654917162481357,0.017677090644960734,,10.653782538821481,out,,,,
ell,256,2,0,1,0.9999905876413006,1.882471739889091E-05,-4.563333457356603,0.001333504614989037,0.19311285330267963,0.0013810625157083041,129.19295074469755,6.563333457356603,out:sweep;sweep=87.4,0.16735418829192866,7.999974967424271,3.22,RunDiagnostics { ResidualInf = 5.715428130770306E-13; Kappa1 = 43921.60962952892 }
ell,256,2,0,2,0.9999529385608728,5.64734434566061E-05,-3.255323528636903,0.00234009468329779,0.151555188228761,0.0030881089729050985,75.57217473241377,5.255323528636903,out:sweep;sweep=82.3,0.16735418829192866,7.999974967424271,3.22,RunDiagnostics { ResidualInf = 5.715428130770306E-13; Kappa1 = 43921.60962952892 }
ell,256,2,0,3,0.999877641817484,9.41200433210998E-05,-2.3936854902500015,0.003472869488471965,0.1394922597355883,0.004979300636544124,67.29442769298231,4.393685490250002,out:sweep;sweep=77.3,0.16735418829192866,7.999974967424271,3.22,RunDiagnostics { ResidualInf = 5.715428130770306E-13; Kappa1 = 43921.60962952892 }
ell,256,2,0,4,0.9997647002460138,0.00013176309961915322,-1.8512998172316313,0.004663207020991876,0.13507170408205482,0.006904787427808004,64.54515576388714,3.8512998172316313,out:sweep;sweep=72.5,0.16735418829192866,7.999974967424271,3.22,RunDiagnostics { ResidualInf = 5.715428130770306E-13; Kappa1 = 43921.60962952892 }
Pell,256,2,0,256,0.0030679423245771656,0.0061358846491544545,0.39139185126486253,0.26921070451687545,0.16915087036430318,0.3183083881709525,,1.6086081487351374,in,,,,
Pell,256,2,0,255,0.009203711467437108,0.00613565363656543,0.39139091925777764,0.26920013340580595,0.16915059667248628,0.31829640415284866,,1.6086090807422224,in,,,,
Pell,256,2,0,254,0.01533913409576226,0.006135191620084872,0.3913890549120168,0.26917899158101244,0.16915004923691052,0.31827243656784515,,1.608610945087983,in,,,,
Pell,256,2,0,253,0.021473979214358417,0.006134498617107447,0.39138625756546,0.26914727983717984,0.16914922795367374,0.3182364863183335,,1.60861374243454,in,,,,
Pell,256,2,0,252,0.0276080158497743,0.006133574653724317,0.39138252622382647,0.2691049993663113,0.1691481326668712,0.31818855475785857,,1.6086174737761736,in,,,,
Pell,256,2,0,251,0.03374101305899766,0.006132419764722407,0.3913778595600863,0.269052151757701,0.1691467631685348,0.3181286436910675,,1.6086221404399137,in,,,,
Pell,256,2,0,250,0.039872739938149854,0.006131033993581968,0.39137225591421343,0.2689887389978989,0.1691451191985533,0.318056755373642,,1.6086277440857866,in,,,,
Pell,256,2,0,249,0.04600296563117942,0.006129417392477174,0.3913657132919002,0.26891476347066534,0.1691432004445703,0.3179728925122131,,1.6086342867080998,in,,,,
Pell,256,2,0,248,0.05213145933855396,0.006127570022271905,0.39135822936298803,0.26883022795691564,0.16914100654186237,0.31787705826425977,,1.608641770637012,in,,,,
Pell,256,2,0,247,0.05825799032594922,0.006125491952518616,0.3913498014601848,0.26873513563465684,0.16913853707319684,0.31776925623798946,,1.6086501985398152,in,,,,
Pell,256,2,0,246,0.06438232793293626,0.006123183261455452,0.39134042657746937,0.2686294900789153,0.16913579156866868,0.31764949049220303,,1.6086595734225306,in,,,,
Pell,256,2,0,245,0.07050424158166566,0.006120644036003348,0.3913301013673622,0.26851329526165396,0.1691327695055164,0.31751776553614136,,1.6086698986326378,in,,,,
Pell,256,2,0,244,0.07662350078554866,0.0061178743717626854,0.39131882213995467,0.2683865555516846,0.16912947030791894,0.31737408632931585,,1.6086811778600454,in,,,,
Pell,256,2,0,243,0.08273987515793488,0.0061148743730097405,0.3913065848596099,0.26824927571456714,0.16912589334676925,0.31721845828132195,,1.6086934151403902,in,,,,
Pell,256,2,0,242,0.08885313442078616,0.006111644152692816,0.39129338514276724,0.2681014609125023,0.16912203793942834,0.31705088725163516,,1.6087066148572329,in,,,,
Pell,256,2,0,241,0.0949630484133466,0.006108183832428074,0.3912792182548514,0.26794311670421467,0.16911790334945676,0.316871379549391,,1.6087207817451485,in,,,,
Pell,256,2,0,240,0.10106938710080762,0.006104493542493955,0.39126407910654715,0.26777424904482633,0.16911348878632487,0.316679941933147,,1.6087359208934529,in,,,,
Pell,256,2,0,239,0.10717192058296883,0.006100573421828459,0.3912479622529123,0.2675948642857288,0.1691087934051053,0.31647658161062875,,1.6087520377470876,in,,,,
Pell,256,2,0,238,0.1132704191028939,0.006096423618021693,0.3912308618856304,0.26740496917443174,0.16910381630613425,0.31626130623845844,,1.6087691381143696,in,,,,
Pell,256,2,0,237,0.11936465305556046,0.006092044287311402,0.39121277183378844,0.26720457085442273,0.16909855653466327,0.31603412392186664,,1.6087872281662117,in,,,,
Pell,256,2,0,236,0.12545439299650463,0.006087435594576959,0.39119368555595835,0.2669936768650007,0.16909301308047675,0.31579504321438745,,1.6088063144440417,in,,,,
Pell,256,2,0,235,0.13153940965045963,0.006082597713332999,0.3911735961390898,0.2667722951411158,0.1690871848774966,0.31554407311753624,,1.6088264038609101,in,,,,
Pell,256,2,0,234,0.13761947391998763,0.006077530825723015,0.3911524962906685,0.2665404340131875,0.1690810708033549,0.3152812230804713,,1.6088475037093315,in,,,,
Pell,256,2,0,233,0.14369435689410537,0.006072235122512509,0.3911303783365476,0.26629810220692846,0.16907466967895243,0.3150065029996377,,1.6088696216634524,in,,,,
Pell,256,2,0,232,0.14976382985690245,0.00606671080308166,0.39110723421477334,0.26604530884315203,0.16906798026798817,0.3147199232183953,,1.6088927657852268,in,,,,
Pell,256,2,0,231,0.1558276642961523,0.006060958075417983,0.39108305546963945,0.26578206343757294,0.1690610012764654,0.31442149452662904,,1.6089169445303606,in,,,,
Pell,256,2,0,230,0.16188563191191563,0.006054977156108671,0.3910578332474734,0.26550837590060583,0.16905373135217744,0.3141112281603432,,1.6089421667525265,in,,,,
Pell,256,2,0,229,0.1679375046251356,0.006048768270331295,0.3910315582893922,0.2652242565371497,0.16904616908416442,0.3137891358012382,,1.6089684417106078,in,,,,
Pell,256,2,0,228,0.17398305458622498,0.0060423316518475045,0.3910042209256712,0.26492971604636906,0.16903831300214775,0.3134552295762712,,1.6089957790743288,in,,,,
Pell,256,2,0,227,0.18002205418364484,0.0060356675429921736,0.3909758110689351,0.2646247655214668,0.16903016157593864,0.3131095220571995,,1.6090241889310648,in,,,,
Pell,256,2,0,226,0.18605427605247354,0.006028776194665242,0.3909463182069225,0.26430941644945055,0.16902171321482112,0.3127520262601076,,1.6090536817930774,in,,,,
Pell,256,2,0,225,0.19207949308296718,0.006021657866322028,0.39091573139687585,0.26398368071089595,0.1690129662669114,0.312382755644917,,1.6090842686031241,in,,,,
Pell,256,2,0,224,0.19809747842911002,0.006014312825963625,0.39088403925639187,0.2636475705796965,0.16900391901848635,0.31200172411488,,1.609115960743608,in,,,,
Pell,256,2,0,223,0.20410800551715513,0.006006741350126632,0.39085122995597876,0.26330109872281166,0.1689945696932878,0.311608946016056,,1.6091487700440212,in,,,,
Pell,256,2,0,222,0.21011084805415486,0.005998943723872802,0.39081729121140113,0.2629442782000098,0.16898491645180005,0.311204436136772,,1.6091827087885988,in,,,,
Pell,256,2,0,221,0.21610578003648045,0.005990920240778408,0.3907822102761045,0.26257712246360565,0.16897495739049964,0.3107882097070659,,1.6092177897238955,in,,,,
Pell,256,2,0,220,0.22209257575833116,0.005982671202923007,0.3907459739285458,0.26219964535818174,0.16896469054107027,0.31036028239811303,,1.6092540260714543,in,,,,
Pell,256,2,0,219,0.2280710098202319,0.005974196920878472,0.3907085684682581,0.2618118611203255,0.16895411386960169,0.3099206703216367,,1.609291431531742,in,,,,
Pell,256,2,0,218,0.23404085713751918,0.0059654977136960885,0.39066997970249323,0.26141378437834095,0.16894322527574648,0.30946939002930185,,1.6093300202975067,in,,,,
Pell,256,2,0,217,0.24000189294881555,0.005956573908896645,0.39063019293783535,0.26100543015196637,0.16893202259185333,0.30900645851209174,,1.6093698070621647,in,,,,
Pell,256,2,0,216,0.24595389282449198,0.00594742584245625,0.3905891929685649,0.2605868138520825,0.16892050358206673,0.3085318931996689,,1.609410807031435,in,,,,
Pell,256,2,0,215,0.2518966326751173,0.005938053858794395,0.39054696406796036,0.26015795128042357,0.1689086659413994,0.30804571195971897,,1.6094530359320396,in,,,,
Pell,256,2,0,214,0.257829888759895,0.005928458310760942,0.39050348997446677,0.2597188586292742,0.1688965072947666,0.30754793309727824,,1.6094965100255332,in,,,,
Pell,256,2,0,213,0.26375343769508686,0.005918639559622851,0.39045875388321305,0.25926955248117484,0.1688840251959951,0.30703857535404494,,1.609541246116787,in,,,,
Pell,256,2,0,212,0.2696670564624236,0.005908597975050556,0.3904127384304277,0.25881004980860983,0.1688712171267903,0.30651765790767355,,1.6095872615695723,in,,,,
Pell,256,2,0,211,0.2755705224175009,0.005898333935104083,0.39036542568387544,0.2583403679737063,0.16885808049567722,0.3059852003710534,,1.6096345743161247,in,,,,
Pell,256,2,0,210,0.28146361329816233,0.005887847826218762,0.3903167971283218,0.25786052472792065,0.16884461263690106,0.30544122279157054,,1.609683202871678,in,,,,
Pell,256,2,0,209,0.2873461072328669,0.005877140043190454,0.3902668336518724,0.257370538211726,0.16883081080929369,0.3048857456503531,,1.6097331663481276,in,,,,
Pell,256,2,0,208,0.293217782749043,0.00586621098916168,0.3902155155327234,0.2568704269542999,0.16881667219510504,0.30431878986150046,,1.6097844844672766,in,,,,
Pell,256,2,0,207,0.29907841878142594,0.00585506107560424,0.39016282242501926,0.25636020987320896,0.16880219389879614,0.30374037677129656,,1.6098371775749807,in,,,,
Pell,256,2,0,206,0.30492779468038145,0.0058436907223067824,0.39010873334127005,0.255839906274087,0.16878737294579027,0.3031505281574061,,1.60989126665873,in,,,,
Pell,256,2,0,205,0.31076569022021316,0.00583210035735654,0.39005322664061287,0.25530953585032545,0.1687722062811935,0.3025492662280554,,1.609946773359387,in,,,,
Pell,256,2,0,204,0.31659188560745355,0.00582029041712423,0.38999628000907466,0.2547691186827483,0.1687566907684648,0.3019366136211963,,1.6100037199909254,in,,,,
Pell,256,2,0,203,0.32240616148913925,0.005808261346247234,0.38993787044437755,0.2542186752392976,0.1687408231880522,0.30131259340365446,,1.6100621295556223,in,,,,
Pell,256,2,0,202,0.3282082989610696,0.0057960135976134475,0.38987797423885895,0.253658226374717,0.1687246002359846,0.3006772290702613,,1.610122025761141,in,,,,
Pell,256,2,0,201,0.3339980795760481,0.005783547632343622,0.38981656695989003,0.2530877933302334,0.16870801852241865,0.3000305445429697,,1.61018343304011,in,,,,
Pell,256,2,0,200,0.3397752853521071,0.005770863919774327,0.38975362343323255,0.2525073977332464,0.16869107457014523,0.29937256416995384,,1.6102463765667674,in,,,,
Pell,256,2,0,199,0.34553969878071433,0.005757962937440131,0.38968911772161013,0.2519170615970119,0.16867376481304522,0.2987033127246931,,1.6103108822783898,in,,,,
Pell,256,2,0,198,0.3512911028349624,0.005744845171056001,0.38962302310575114,0.2513168073203351,0.16865608559450274,0.29802281540503944,,1.6103769768942489,in,,,,
Pell,256,2,0,197,0.3570292809777393,0.005731511114497767,0.38955531206406957,0.25070665768726413,0.16863803316576909,0.2973310978322697,,1.6104446879359304,in,,,,
Pell,256,2,0,196,0.362754017169881,0.005717961269785687,0.3894859562459799,0.2500866358667784,0.16861960368427126,0.2966281860501209,,1.6105140437540202,in,,,,
Pell,256,2,0,195,0.36846509587830567,0.005704196147063634,0.3894149264605254,0.24945676541251405,0.16860079321189206,0.2959141065238107,,1.6105850735394747,in,,,,
Pell,256,2,0,194,0.3741623020841278,0.005690216264580716,0.3893421926411287,0.2488170702624446,0.1685815977131643,0.29518888613904126,,1.6106578073588713,in,,,,
Pell,256,2,0,193,0.37984542129075394,0.005676022148671522,0.38926772382825403,0.2481675747386068,0.16856201305343932,0.2944525522009874,,1.610732276171746,in,,,,
Pell,256,2,0,192,0.38551423953195796,0.005661614333736464,0.3891914881430659,0.24750830354681708,0.16854203499698894,0.2937051324332697,,1.6108085118569342,in,,,,
Pell,256,2,0,191,0.3911685433799371,0.005646993362221797,0.38911345276081444,0.2468392817763959,0.16852165920505313,0.29294665497691047,,1.6108865472391856,in,,,,
Pell,256,2,0,190,0.3968081199533473,0.005632159784598689,0.38903358388451864,0.246160534899902,0.16850088123382984,0.29217714838927555,,1.6109664161154813,in,,,,
Pell,256,2,0,189,0.4024327569253182,0.005617114159343073,0.3889518467178874,0.24547208877287593,0.1684796965324073,0.2913966416429995,,1.6110481532821126,in,,,,
Pell,256,2,0,188,0.4080422425314468,0.00560185705291405,0.3888682054346224,0.24477396963358716,0.16845810044063012,0.2906051641248954,,1.6111317945653776,in,,,,
Pell,256,2,0,187,0.4136363655777704,0.005586389039733186,0.38878262315061746,0.2440662041027995,0.1684360881869094,0.28980274563484903,,1.6112173768493825,in,,,,
Pell,256,2,0,186,0.41921491544871836,0.005570710702162696,0.38869506189185227,0.24334881918354043,0.16841365488596202,0.2889894163846979,,1.6113049381081477,in,,,,
Pell,256,2,0,185,0.42477768211504074,0.005554822630482181,0.38860548256127697,0.2426218422608827,0.16839079553648498,0.2881652069970941,,1.611394517438723,in,,,,
Pell,256,2,0,184,0.4303244561417169,0.005538725422870094,0.38851384490836033,0.24188530110174689,0.16836750501876613,0.28733014850435246,,1.6114861550916397,in,,,,
Pell,256,2,0,183,0.4358550286958397,0.005522419685375424,0.38842010749103734,0.2411392238547035,0.16834377809221523,0.2864842723472826,,1.6115798925089626,in,,,,
Pell,256,2,0,182,0.4413691915544783,0.005505906031901764,0.38832422764337843,0.24038363904980425,0.16831960939283233,0.28562761037400636,,1.6116757723566215,in,,,,
Pell,256,2,0,181,0.4468667371125179,0.005489185084177561,0.38822616143475536,0.2396185755984142,0.16829499343059118,0.2847601948387592,,1.6117738385652447,in,,,,
Pell,256,2,0,180,0.4523474583904752,0.005472257471737019,0.3881258636341203,0.23884406279307346,0.16826992458675508,0.2838820584006768,,1.6118741363658797,in,,,,
Pell,256,2,0,179,0.4578111490422919,0.005455123831896336,0.38802328766918154,0.23806013030736956,0.16824439711110825,0.28299323412256655,,1.6119767123308184,in,,,,
Pell,256,2,0,178,0.46325760336310307,0.005437784809725954,0.38791838558354097,0.2372668081958265,0.16821840511910416,0.28209375546966314,,1.612081614416459,in,,,,
Pell,256,2,0,177,0.46868661629698183,0.005420241058031683,0.3878111079958662,0.23646412689382187,0.16819194258893563,0.28118365630837,,1.6121888920041338,in,,,,
Pell,256,2,0,176,0.4740979834446598,0.005402493237324224,0.38770140405352366,0.23565211721751636,0.16816500335851178,0.28026297090498486,,1.6122985959464764,in,,,,
Pell,256,2,0,175,0.47949150107122235,0.005384542015800853,0.38758922138642793,0.23483081036380943,0.16813758112234836,0.279331733924411,,1.612410778613572,in,,,,
Pell,256,2,0,174,0.4848669661137792,0.005366388069312944,0.3874745060594598,0.23400023791031951,0.1681096694283667,0.2783899804288527,,1.6125254939405402,in,,,,
Pell,256,2,0,173,0.49022417618910985,0.005348032081348264,0.3873572025214425,0.2331604318153858,0.16808126167459475,0.27743774587649667,,1.6126427974785575,in,,,,
Pell,256,2,0,172,0.4955629296012828,0.005329474742997609,0.3872372535546373,0.23231142441810101,0.16805235110577404,0.2764750661201777,,1.6127627464453627,in,,,,
Pell,256,2,0,171,0.5008830253492496,0.005310716752935873,0.387114600218669,0.2314532484383649,0.16802293080985964,0.2755019774060305,,1.612885399781331,in,,,,
Pell,256,2,0,170,0.5061842631344122,0.005291758817389636,0.3869891817969557,0.23058593697697619,0.16799299371442297,0.2745185163721257,,1.6130108182030443,in,,,,
Pell,256,2,0,169,0.5114664433681644,0.005272601650114561,0.38686093573656255,0.2297095235157465,0.1679625325829403,0.27352472004709194,,1.6131390642634376,in,,,,
Pell,256,2,0,168,0.5167293671794057,0.005253245972367981,0.3867297975885377,0.22882404191765165,0.16793154001097332,0.27252062584872305,,1.6132702024114622,in,,,,
Pell,256,2,0,167,0.5219728364220292,0.0052336925128790845,0.38659570094522916,0.22792952642701633,0.16790000842223524,0.27150627158257046,,1.6134042990547708,in,,,,
Pell,256,2,0,166,0.5271966536823818,0.005213942007825989,0.3864585773741506,0.22702601166973246,0.16786793006453588,0.27048169544052114,,1.6135414226258493,in,,,,
Pell,256,2,0,165,0.5324006222866959,0.005193995200802326,0.38631835635136563,0.2261135326535192,0.1678352970056079,0.26944693599936137,,1.6136816436486343,in,,,,
Pell,256,2,0,164,0.537584546308495,0.005173852842795812,0.3861749651891948,0.22519212476821665,0.16780210112880234,0.26840203221932557,,1.6138250348108052,in,,,,
Pell,256,2,0,163,0.5427482305759695,0.0051535156921533876,0.3860283289648812,0.22426182378612872,0.167768334128659,0.267347023442631,,1.6139716710351188,in,,,,
Pell,256,2,0,162,0.5478914806793256,0.0051329845145585695,0.3858783704425364,0.22332266586240196,0.1677339875063367,0.2662819493919981,,1.6141216295574636,in,,,,
Pell,256,2,0,161,0.5530141029781034,0.005112260082997144,0.3857250099950076,0.2223746875354556,0.16769905256490805,0.2652068501691568,,1.6142749900049924,in,,,,
Pell,256,2,0,160,0.5581159046084689,0.005091343177733965,0.38556816552022355,0.22141792572745486,0.16766352040450705,0.264121766253338,,1.6144318344797766,in,,,,
Pell,256,2,0,159,0.5631966934904746,0.005070234586277422,0.3854077523560864,0.2204524177448387,0.16762738191733073,0.2630267384997516,,1.6145922476439136,in,,,,
Pell,256,2,0,158,0.5682562783352902,0.005048935103353802,0.38524368319072894,0.21947820127889786,0.16759062778248562,0.2619218081380501,,1.6147563168092711,in,,,,
Pell,256,2,0,157,0.5732944686524062,0.005027445530878194,0.3850758679701161,0.2184953144064094,0.16755324846067604,0.26080701677077806,,1.614924132029884,in,,,,
Pell,256,2,0,156,0.5783110747568049,0.005005766677919077,0.3849042137998785,0.2175037955903253,0.16751523418872505,0.25968240637180784,,1.6150957862001216,in,,,,
Pell,256,2,0,155,0.5833059077761016,0.004983899360674449,0.3847286248453685,0.21650368368052592,0.16747657497392904,0.25854801928476134,,1.6152713751546315,in,,,,
Pell,256,2,0,154,0.5882787796576565,0.004961844402435189,0.3845490022270994,0.21549501791463574,0.1674372605882353,0.2574038982214179,,1.6154509977729006,in,,,,
Pell,256,2,0,153,0.5932295031756537,0.0049396026335593035,0.3843652439102403,0.214477837918902,0.16739728056223543,0.25625008626010837,,1.6156347560897597,in,,,,
Pell,256,2,0,152,0.598157891938151,0.004917174891435394,0.384177244591048,0.213452183709145,0.16735662417897207,0.2550866268440956,,1.615822755408952,in,,,,
Pell,256,2,0,151,0.6030637603940971,0.004894562020456683,0.3839848955782028,0.21241809569178124,0.1673152804675511,0.253913563779941,,1.6160151044217972,in,,,,
Pell,256,2,0,150,0.6079469238403175,0.004871764871984152,0.3837880846694198,0.21137561466492158,0.16727323819655143,0.252730941235858,,1.61621191533058,in,,,,
Pell,256,2,0,149,0.6128071984284682,0.004848784304317233,0.38358669602168166,0.21032478181954697,0.16723048586722516,0.25153880374005144,,1.6164133039783184,in,,,,
Pell,256,2,0,148,0.617644401171958,0.004825621182662387,0.3833806100163564,0.20926563874076756,0.16718701170648126,0.25033719617904393,,1.6166193899836436,in,,,,
Pell,256,2,0,147,0.6224583499528378,0.004802276379097026,0.3831697031211217,0.20819822740917232,0.1671428036596489,0.24912616379598862,,1.6168302968788784,in,,,,
Pell,256,2,0,146,0.6272488635286566,0.004778750772540863,0.3829538477397401,0.20712259020225915,0.16709784938300087,0.2479057521889687,,1.61704615226026,in,,,,
Pell,256,2,0,145,0.6320157615392863,0.0047550452487182815,0.3827329120636072,0.20603876989597256,0.16705213623604673,0.24667600730928366,,1.6172670879363928,in,,,,
Pell,256,2,0,144,0.6367588645137106,0.004731160700130355,0.3825067599095588,0.2049468096663284,0.16700565127356803,0.2454369754597224,,1.6174932400904412,in,,,,
Pell,256,2,0,143,0.6414779938767835,0.004707098026015544,0.3822752505534989,0.20384675309114547,0.16695838123739815,0.2441887032928233,,1.617724749446501,in,,,,
Pell,256,2,0,142,0.6461729719559519,0.004682858132321166,0.3820382385590089,0.2027386441518901,0.1669103125479388,0.2429312378091209,,1.6179617614409911,in,,,,
Pell,256,2,0,141,0.6508436219879445,0.004658441931664092,0.3817955735933135,0.2016225272356238,0.16686143129539155,0.24166462635538027,,1.6182044264066864,in,,,,
Pell,256,2,0,140,0.6554897681254276,0.004633850343302104,0.3815471002389714,0.20049844713707485,0.1668117232307068,0.240388916622818,,1.6184528997610286,in,,,,
Pell,256,2,0,139,0.6601112354436253,0.004609084293093257,0.38129265779743615,0.1993664490608337,0.16676117375623564,0.23910415664531007,,1.6187073422025637,in,,,,
Pell,256,2,0,138,0.6647078499469047,0.004584144713465577,0.3810320800781556,0.19822657862366627,0.1667097679160629,0.23781039479758836,,1.6189679199218445,in,,,,
Pell,256,2,0,137,0.669279438575328,0.00455903254338097,0.38076519518638685,0.19707888185697614,0.16665749038603264,0.2365076797934227,,1.6192348048136131,in,,,,
Pell,256,2,0,136,0.6738258292111672,0.004533748728297371,0.3804918252952809,0.19592340520939613,0.16660432546343085,0.23519606068379148,,1.619508174704719,in,,,,
Pell,256,2,0,135,0.6783468506853845,0.004508294220137321,0.3802117864100713,0.19476019554952964,0.1665502570563259,0.23387558685503965,,1.6197882135899286,in,,,,
Pell,256,2,0,134,0.6828423327840767,0.004482669977247111,0.3799248881189369,0.19358930016884066,0.16649526867254658,0.232546308027024,,1.620075111881063,in,,,,
Pell,256,2,0,133,0.6873121062548836,0.004456876964366696,0.37963093333642145,0.19241076678471064,0.16643934340829375,0.2312082742512462,,1.6203690666635786,in,,,,
Pell,256,2,0,132,0.6917560028133605,0.00443091615258695,0.3793297180319143,0.1912246435436568,0.16638246393636102,0.22986153590897362,,1.6206702819680858,in,,,,
Pell,256,2,0,131,0.6961738551493133,0.004404788519318914,0.3790210309448243,0.19003097902472288,0.16632461249395175,0.22850614370934813,,1.6209789690551757,in,,,,
Pell,256,2,0,130,0.700565496933099,0.004378495048252273,0.37870465328858655,0.1888298222430554,0.1662657708700823,0.2271421486874822,,1.6212953467114135,in,,,,
Pell,256,2,0,129,0.7049307628218863,0.004352036729322384,0.3783803584396913,0.18762122265366932,0.1662059203925506,0.22576960220254413,,1.6216196415603088,in,,,,
Pell,256,2,0,128,0.709269488465882,0.004325414558669083,0.3780479116102962,0.18640523015540844,0.16614504191445142,0.22438855593582988,,1.6219520883897038,in,,,,
Pell,256,2,0,127,0.7135815105145176,0.00429862953860205,0.3777070695088541,0.1851818950951195,0.1660831158002282,0.22299906188882454,,1.622292930491146,in,,,,
Pell,256,2,0,126,0.7178666666226001,0.00427168267756306,0.3773575799791814,0.18395126827203437,0.1660201219112305,0.22160117238125085,,1.6226424200208185,in,,,,
Pell,256,2,0,125,0.7221247954564243,0.004244574990085126,0.37699918162622575,0.18271340094238506,0.16595603959077104,0.22019494004910675,,1.6230008183737743,in,,,,
Pell,256,2,0,124,0.726355736699846,0.004217307496758416,0.37663160342200575,0.18146834482425372,0.16589084764865386,0.21878041784269134,,1.6233683965779941,in,,,,
Pell,256,2,0,123,0.7305593310603189,0.004189881224187508,0.37625456429045984,0.1802161521026663,0.16582452434515232,0.21735765902461907,,1.6237454357095402,in,,,,
Pell,256,2,0,122,0.7347354202748912,0.004162297204957088,0.375867772676081,0.17895687543495176,0.16575704737442268,0.2159267171678227,,1.624132227323919,in,,,,
Pell,256,2,0,121,0.7388838471161643,0.004134556477589091,0.37547092608502064,0.17769056795636168,0.16568839384731598,0.21448764615354513,,1.6245290739149794,in,,,,
Pell,256,2,0,120,0.7430044553982125,0.0041066600865070635,0.3750637106076308,0.17641728328597844,0.16561854027357803,0.21304050016931975,,1.6249362893923691,in,,,,
Pell,256,2,0,119,0.7470970899824625,0.004078609081993201,0.3746458004150907,0.17513707553291752,0.16554746254340486,0.21158533370694022,,1.6253541995849092,in,,,,
Pell,256,2,0,118,0.7511615967835358,0.004050404520153261,0.3742168572311949,0.17384999930283718,0.1654751359083285,0.21012220156041844,,1.625783142768805,in,,,,
Pell,256,2,0,117,0.7551978227750484,0.004022047462872158,0.373776529774695,0.1725561097047693,0.16540153496140259,0.20865115882393268,,1.626223470225305,in,,,,
Pell,256,2,0,116,0.7592056159953731,0.0039935389777771,0.3733244531759752,0.17125546235829064,0.16532663361666472,0.20717226088976423,,1.6266755468240248,in,,,,
Pell,256,2,0,115,0.7631848255533603,0.003964880138197291,0.37286024835998405,0.16994811340104365,0.16525040508783842,0.20568556344622352,,1.627139751640016,in,,,,
Pell,256,2,0,114,0.7671353016340192,0.003936072023120518,0.3723835214035236,0.16863411949663465,0.16517282186625307,0.20419112247556603,,1.6276164785964764,in,,,,
Pell,256,2,0,113,0.7710568955041582,0.003907115717157517,0.3718938628444319,0.16731353784289724,0.1650938556979208,0.20268899425189743,,1.628106137155568,in,,,,
Pell,256,2,0,112,0.7749494595179847,0.003878012310495338,0.3713908469713314,0.1659864261805858,0.16501347755978035,0.20117923533906854,,1.6286091530286686,in,,,,
Pell,256,2,0,111,0.7788128471226634,0.003848762898862157,0.37087403106339484,0.16465284280247505,0.16493165763502943,0.19966190258856023,,1.629125968936605,in,,,,
Pell,256,2,0,110,0.7826469128638347,0.0038193685834805313,0.370342954592769,0.16331284656290646,0.1648483652875265,0.19813705313735833,,1.629657045407231,in,,,,
Pell,256,2,0,109,0.7864515123910907,0.003789830471031208,0.36979713838426953,0.16196649688779854,0.16476356903521977,0.19660474440581785,,1.6302028616157305,in,,,,
Pell,256,2,0,108,0.7902265024634092,0.003760149673605939,0.36923608372626204,0.16061385378513926,0.16467723652255406,0.19506503409551898,,1.630763916273738,in,,,,
Pell,256,2,0,107,0.7939717409545478,0.0037303273086712885,0.3686592714358997,0.15925497785598994,0.16458933449182023,0.1935179801871118,,1.6313407285641004,in,,,,
Pell,256,2,0,106,0.7976870868583943,0.003700364499021669,0.3680661608689326,0.1578899303060174,0.1644998287533908,0.19196364093815244,,1.6319338391310674,in,,,,
Pell,256,2,0,105,0.801372400294275,0.0036702623727397077,0.36745618887634535,0.15651877295758598,0.16440868415479906,0.19040207488092983,,1.6325438111236545,in,,,,
Pell,256,2,0,104,0.8050275425122221,0.003640022063154502,0.36682876870030207,0.15514156826243072,0.16431586454860495,0.18883334082028283,,1.633171231299698,in,,,,
Pell,256,2,0,103,0.8086523758981969,0.003609644708795323,0.36618328880672857,0.1537583793149416,0.16422133275899373,0.18725749783140871,,1.6338167111932713,in,,,,
Pell,256,2,0,102,0.8122467639792715,0.0035791314533537566,0.3655191116527953,0.1523692698660918,0.16412505054705515,0.18567460525766247,,1.6344808883472046,in,,,,
Pell,256,2,0,101,0.815810571428766,0.0035484834456351866,0.3648355723804846,0.1509743043380348,0.16402697857467383,0.18408472270834794,,1.6351644276195154,in,,,,
Pell,256,2,0,100,0.8193436640713441,0.003517701839521048,0.36413197743488873,0.14957354783940627,0.1639270763669735,0.1824879100564999,,1.6358680225651112,in,,,,
Pell,256,2,0,99,0.8228459088880649,0.0034867877939204206,0.3634076030997022,0.14816706618136377,0.16382530227324432,0.18088422743665789,,1.6365923969002978,in,,,,
Pell,256,2,0,98,0.8263171740213904,0.0034557424727306163,0.3626616939470372,0.1467549258944033,0.16372161342628647,0.1792737352426322,,1.6373383060529627,in,,,,
Pell,256,2,0,97,0.8297573287801505,0.0034245670447896615,0.36189346119253085,0.1453371942459865,0.16361596570009126,0.1776564941252618,,1.6381065388074691,in,,,,
Pell,256,2,0,96,0.8331662436444627,0.0033932626838346636,0.3611020809525678,0.14391393925902296,0.1635083136657855,0.17603256499016454,,1.6388979190474322,in,,,,
Pell,256,2,0,95,0.836543790270609,0.0033618305684580685,0.3602866923911831,0.14248522973124267,0.16339861054574842,0.17440200899547992,,1.6397133076088168,in,,,,
Pell,256,2,0,94,0.8398898414958682,0.003330271882060254,0.35944639575679627,0.14105113525551383,0.16328680816582616,0.17276488754960428,,1.6405536042432036,in,,,,
Pell,256,2,0,93,0.8432042713433028,0.003298587812808784,0.3585802502928738,0.13961172624114387,0.16317285690554,0.17112126230891997,,1.6414197497071261,in,,,,
Pell,256,2,0,92,0.8464869550265022,0.0032667795535900046,0.35768727202071604,0.13816707393622019,0.16305670564620042,0.16947119517551687,,1.642312727979284,in,,,,
Pell,256,2,0,91,0.8497377689542811,0.003234848301967963,0.3567664313765774,0.13671725045103467,0.16293830171681428,0.1678147482949078,,1.6432335686234225,in,,,,
Pell,256,2,0,90,0.8529565907353327,0.0032027952601353382,0.35581665070222274,0.13526232878265856,0.16281759083768882,0.16615198405373802,,1.6441833492977773,in,,,,
Pell,256,2,0,89,0.8561432991828362,0.0031706216348715843,0.3548368015677784,0.1338023828407148,0.16269451706160548,0.1644829650774888,,1.6451631984322215,in,,,,
Pell,256,2,0,88,0.8592977743190195,0.0031383286374950803,0.35382570192459856,0.13233748747442178,0.1625690227124566,0.16280775422817576,,1.6461742980754015,in,,,,
Pell,256,2,0,87,0.8624198973796768,0.003105917483819609,0.3527821130654209,0.13086771850096215,0.1624410483212028,0.16112641460204183,,1.647217886934579,in,,,,
Pell,256,2,0,86,0.8655095508186397,0.003073389394105952,0.35170473638276584,0.12939315273525276,0.16231053255902397,0.1594390095272457,,1.648295263617234,in,,,,
Pell,256,2,0,85,0.868566618312202,0.003040745593018701,0.3505922099096914,0.12791386802119095,0.16217741216752277,0.15774560256154668,,1.6494077900903086,in,,,,
Pell,256,2,0,84,0.8715909847635007,0.0030079873095787413,0.34944310462261874,0.12642994326444884,0.16204162188582244,0.15604625748998457,,1.6505568953773813,in,,,,
Pell,256,2,0,83,0.8745825363068482,0.0029751157771163994,0.3482559204899618,0.12494145846690297,0.16190309437440453,0.15434103832255736,,1.6517440795100382,in,,,,
Pell,256,2,0,82,0.87754116031202,0.002942132233227035,0.3470290822452177,0.12344849476278567,0.16176176013551555,0.15263000929189566,,1.6529709177547822,in,,,,
Pell,256,2,0,81,0.8804667453884942,0.0029090379197214133,0.345760934861598,0.12195113445665043,0.16161754742996187,0.15091323485093575,,1.654239065138402,in,,,,
Pell,256,2,0,80,0.8833591813896464,0.002875834082582851,0.3444497387027488,0.1204494610632483,0.16147038219010326,0.14919077967059002,,1.6555502612972512,in,,,,
Pell,256,2,0,79,0.8862183594168958,0.0028425219719160344,0.34309366432609617,0.11894355934942563,0.16132018792884747,0.14746270863741784,,1.6569063356739038,in,,,,
Pell,256,2,0,78,0.8890441718238058,0.0028091028419040542,0.34169078690400156,0.11743351537814672,0.16116688564442622,0.14572908685129518,,1.6583092130959984,in,,,,
Pell,256,2,0,77,0.8918365122201366,0.0027755779507573353,0.3402390802332044,0.11591941655476601,0.16101039372073137,0.14398997962308624,,1.6597609197667955,in,,,,
Pell,256,2,0,76,0.8945952754758502,0.0027419485606698935,0.3387364102978516,0.11440135167567442,0.16085062782297252,0.14224545247231635,,1.6612635897021484,in,,,,
Pell,256,2,0,75,0.8973203577250695,0.002708215937768821,0.3371805283419547,0.11287941097945026,0.16068750078839647,0.14049557112484692,,1.6628194716580453,in,,,,
Pell,256,2,0,74,0.9000116563699879,0.0026743813520679893,0.33556906341356957,0.11135368620066494,0.16052092251180802,0.13874040151055533,,1.6644309365864305,in,,,,
Pell,256,2,0,73,0.9026690700847326,0.002640446077421421,0.33389951432715537,0.10982427062648963,0.16035079982560013,0.1369800097610191,,1.6661004856728447,in,,,,
Pell,256,2,0,72,0.9052924988191793,0.0026064113914719966,0.33216924099535394,0.1082912591562702,0.16017703637399644,0.13521446220720623,,1.6678307590046462,in,,,,
Pell,256,2,0,71,0.9078818438027189,0.0025722785756070454,0.33037545506800586,0.10675474836424244,0.15999953248118284,0.13344382537717428,,1.6696245449319942,in,,,,
Pell,256,2,0,70,0.9104370075479761,0.002538048914907387,0.3285152098155809,0.10521483656557636,0.15981818501299447,0.13166816599377795,,1.6714847901844192,in,,,,
Pell,256,2,0,69,0.9129578938544802,0.0025037236981009237,0.3265853891832449,0.10367162388594603,0.15963288723179472,0.12988755097238802,,1.6734146108167551,in,,,,
Pell,256,2,0,68,0.9154444078122866,0.002469304217511903,0.32458269593277866,0.1021252123348397,0.15944352864416791,0.12810204741862405,,1.6754173040672213,in,,,,
Pell,256,2,0,67,0.9178964558055501,0.0024347917690150656,0.3225036387915584,0.10057570588284585,0.15924999484103633,0.12631172262610207,,1.6774963612084415,in,,,,
Pell,256,2,0,66,0.9203139455160497,0.0024001876519841314,0.3203445184925781,0.09902321054314779,0.15905216732975738,0.12451664407420036,,1.6796554815074218,in,,,,
Pell,256,2,0,65,0.9226967859266643,0.0023654931692449477,0.3181014126139409,0.09746783445750976,0.1588499233577832,0.12271687942584596,,1.681898587386059,in,,,,
Pell,256,2,0,64,0.9250448873247991,0.002330709627024641,0.31577015907249767,0.09590968798702186,0.1586431357273867,0.12091249652532542,,1.6842298409275023,in,,,,
Pell,256,2,0,63,0.9273581613057634,0.002295838334904099,0.31334633814796276,0.09434888380792487,0.15843167260098334,0.11910356339612269,,1.6866536618520374,in,,,,
Pell,256,2,0,62,0.9296365207760996,0.002260880605768234,0.3108252528689049,0.09278553701283727,0.15821539729651896,0.11729014823878806,,1.6891747471310952,in,,,,
Pell,256,2,0,61,0.9318798799568613,0.0022258377557551334,0.308201907590961,0.09121976521774906,0.15799416807239314,0.1154723194288438,,1.691798092409039,in,,,,
Pell,256,2,0,60,0.9340881543868432,0.0021907111042087646,0.30547098456322386,0.08965168867516503,0.1577678379013518,0.11365014551473025,,1.694529015436776,in,,,,
Pell,256,2,0,59,0.9362612609257612,0.0021555019736272385,0.30262681825854704,0.0880814303938183,0.1575362542327681,0.11182369521579884,,1.697373181741453,in,,,,
Pell,256,2,0,58,0.9383991177573824,0.0021202116896150702,0.2996633672160029,0.08650911626541176,0.15729925874271777,0.10999303742035813,,1.700336632783997,in,,,,
Pell,256,2,0,57,0.9405016443926053,0.0020848415808307763,0.29657418310093225,0.08493487519887714,0.1570566870712272,0.10815824118378113,,1.7034258168990677,in,,,,
Pell,256,2,0,56,0.9425687616724905,0.0020493929789396903,0.29335237665979075,0.08335883926269441,0.156808368546083,0.10631937572668111,,1.7066476233402093,in,,,,
Pell,256,2,0,55,0.9446003917712409,0.002013867218560894,0.2899905801942141,0.08178114383585564,0.1565541258925764,0.10447651043316719,,1.710009419805786,in,,,,
Pell,256,2,0,54,0.9465964581991312,0.0019782656372198115,0.28648090612502447,0.08020192776811305,0.15629377492856952,0.10262971484919026,,1.7135190938749756,in,,,,
Pell,256,2,0,53,0.9485568858053889,0.0019425895752955835,0.28281490116337593,0.07862133355021153,0.15602712424429804,0.10077905868099049,,1.717185098836624,in,,,,
Pell,256,2,0,52,0.9504816007810225,0.0019068403759716634,0.2789834955258334,0.07703950749487473,0.15575397486636,0.09892461179366518,,1.7210165044741665,in,,,,
Pell,256,2,0,51,0.952370530661601,0.001871019385185524,0.274976946551865,0.07545659992938351,0.15547411990540555,0.0970664442098701,,1.725023053448135,in,,,,
Pell,256,2,0,50,0.9542236043299823,0.0018351279515768093,0.2707847759808375,0.07387276540067352,0.15518734418713526,0.0952046261086765,,1.7292152240191625,in,,,,
Pell,256,2,0,49,0.9560407520189897,0.001799167426438153,0.2663957000357658,0.0722881628939757,0.15489342386635416,0.09333922782460759,,1.7336042999642343,in,,,,
Pell,256,2,0,48,0.9578219053140402,0.0017631391636626637,0.2617975513137927,0.0707029560661182,0.1545921260239933,0.09147031984687866,,1.7382024486862073,in,,,,
Pell,256,2,0,47,0.9595669971557186,0.0017270445196942985,0.25697719133623276,0.06911731349474658,0.15428320824728403,0.08959797281887713,,1.7430228086637674,in,,,,
Pell,256,2,0,46,0.9612759618423037,0.0016908848534756826,0.2519204124042296,0.06753140894483495,0.1539664181935727,0.08772225753791554,,1.7480795875957704,in,,,,
Pell,256,2,0,45,0.9629487350322407,0.001654661526398371,0.24661182719137506,0.06594542165403586,0.15364149313873388,0.08584324495530518,,1.753388172808625,in,,,,
Pell,256,2,0,44,0.9645852537465646,0.001618375902249447,0.24103474421628113,0.06435953663857018,0.15330815951168114,0.08396100617679958,,1.758965255783719,in,,,,
Pell,256,2,0,43,0.9661854563712706,0.0015820293471627833,0.23517102702170167,0.06277394502158169,0.1529661324172729,0.0820756124634727,,1.7648289729782984,in,,,,
Pell,256,2,0,42,0.9677492826596348,0.0015456232295653072,0.2290009344780662,0.061188844386092234,0.1526151151508709,0.08018713523310284,,1.7709990655219339,in,,,,
Pell,256,2,0,41,0.9692766737344807,0.0015091589201265965,0.22250293915380603,0.059604439154971524,0.15225479870912595,0.07829564606215451,,1.777497060846194,in,,,,
Pell,256,2,0,40,0.9707675720903979,0.0014726377917078093,0.21565352010538696,0.05802094100062899,0.15188486130324372,0.07640121668845987,,1.7843464798946131,in,,,,
Pell,256,2,0,39,0.9722219215959059,0.0014360612193082822,0.20842692571657476,0.05643856928749866,0.15150496788320045,0.07450391901473327,,1.7915730742834253,in,,,,
Pell,256,2,0,38,0.973639667495568,0.0013994305800157925,0.20079490133848935,0.05485755155078993,0.1511147696842588,0.07260382511307137,,1.7992050986615107,in,,,,
Pell,256,2,0,37,0.9750207564120521,0.0013627472529526008,0.19272637538033302,0.053278124015460025,0.15071390381091457,0.0707010072306304,,1.807273624619667,in,,,,
Pell,256,2,0,36,0.9763651363481414,0.0013260126192259358,0.18418709614791653,0.051700532159926274,0.15030199287837137,0.0687955377967128,,1.8158129038520834,in,,,,
Pell,256,2,0,35,0.9776727566886909,0.0012892280618731489,0.17513921001250246,0.0501250313296962,0.14987864473816506,0.06688748943155125,,1.8248607899874976,in,,,,
Pell,256,2,0,34,0.978943568202534,0.0012523949658129752,0.1655407693612613,0.048551887406881065,0.1494434523232113,0.06497693495714309,,1.8344592306387386,in,,,,
Pell,256,2,0,33,0.9801775230443355,0.0012155147177899117,0.15534515605576865,0.04698137754249692,0.14899599365901725,0.06306394741058005,,1.8446548439442314,in,,,,
Pell,256,2,0,32,0.9813745747563929,0.0011785887063248124,0.1445004026575659,0.04541379095957865,0.1485358321031071,0.061148600060427674,,1.8554995973424342,in,,,,
Pell,256,2,0,31,0.9825346782703858,0.001141618321661042,0.1329483892276637,0.04384942983650284,0.14806251689529368,0.05923096642685349,,1.8670516107723363,in,,,,
Pell,256,2,0,30,0.9836577899090726,0.0011046049557127402,0.12062388772384583,0.04228861028156962,0.1475755841291772,0.0573111203063959,,1.879376112276154,in,,,,
Pell,256,2,0,29,0.9847438673879352,0.0010675500020121964,0.10745341846945324,0.04073166341194894,0.14707455829307647,0.055389135802512736,,1.8925465815305467,in,,,,
Pell,256,2,0,28,0.98579286981677,0.0010304548556573367,0.09335387320595508,0.039178936552640785,0.14655895458041845,0.053465087363383026,,1.9066461267940449,in,,,,
Pell,256,2,0,27,0.9868047577012284,0.0009933209132598764,0.07823084596986707,0.037630794574306604,0.14602828224134687,0.05153904982887173,,1.921769154030133,in,,,,
Pell,256,2,0,26,0.987779492944304,0.0009561495728910296,0.061976595176727996,0.03608762139295263,0.14548204934758224,0.04961109848917917,,1.938023404823272,in,,,,
Pell,256,2,0,25,0.9887170388477653,0.0009189422340315501,0.044467536023173534,0.03454982165981379,0.14491976948433802,0.04768130915851023,,1.9555324639768266,in,,,,
Pell,256,2,0,24,0.989617360113539,0.0008817002975159971,0.025561128991269597,0.03301782267696468,0.14434097108615523,0.04574975826822832,,1.9744388710087304,in,,,,
Pell,256,2,0,23,0.9904804228450386,0.0008444251654829982,0.005091984165462523,0.031492076584102684,0.14374521042886318,0.04381652298556065,,1.9949080158345376,in,,,,
Pell,256,2,0,22,0.9913061945484398,0.0008071182413195155,-0.017133062882123958,0.029973062875989567,0.1431320897264823,0.041881681366165296,,2.017133062882124,in,,,,
Pell,256,2,0,21,0.9920946441339047,0.0007697809296104419,-0.04134123640155439,0.028461291330463406,0.14250128243877982,0.039945312552103804,,2.0413412364015544,in,,,,
Pell,256,2,0,20,0.9928457419167522,0.0007324146360845329,-0.06780192088757758,0.02695730545696671,0.14185256890037812,0.03800749703151107,,2.0678019208875775,in,,,,
Pell,256,2,0,19,0.9935594596185753,0.0006950207675615605,-0.0968371929456873,0.025461686618852005,0.14118588694148268,0.036068316983276255,,2.0968371929456873,out,,,,
Pell,256,2,0,18,0.9942357703683058,0.0006576007318993549,-0.12883561382711425,0.023975059041281475,0.14050140460590937,0.0341278567406907,,2.128835613827114,out,,,,
Pell,256,2,0,17,0.9948746487032261,0.0006201559379414023,-0.16427039137006483,0.02249809598415983,0.13979962586741165,0.03218620342446039,,2.164270391370065,out,,,,
Pell,256,2,0,16,0.9954760705699284,0.0005826877954629994,-0.20372342633665216,0.021031527407813333,0.13908154607231804,0.030243447821435062,,2.2037234263366523,out,,,,
Pell,256,2,0,15,0.996040013325219,0.0005451977151181842,-0.2479175308999213,0.019576149416790378,0.13834888255999608,0.028299685627458576,,2.2479175308999215,out,,,,
Pell,256,2,0,14,0.9965664557369718,0.0005076871083876666,-0.29776104039471324,0.018132835519101616,0.13760441874176302,0.026355019242704437,,2.2977610403947133,out,,,,
Pell,256,2,0,13,0.9970553779849279,0.00047015738752453906,-0.3544140466694946,0.016702549272582672,0.13685251991134587,0.024409560428120307,,2.3544140466694947,out,,,,
Pell,256,2,0,12,0.9975067616614409,0.00043260996550142927,-0.41939578094167557,0.015286357864040616,0.13609991801676904,0.022463434345577144,,2.4193957809416755,out,,,,
Pell,256,2,0,11,0.9979205897721704,0.00039504625595754295,-0.4947652830575878,0.013885448595896155,0.1353569575948582,0.020516785900961506,,2.4947652830575877,out,,,,
Pell,256,2,0,10,0.9982968467367219,0.000357467673145595,-0.5834125082784998,0.012501156617503456,0.1346397192818546,0.01856979008004845,,2.5834125082784998,out,,,,
Pell,256,2,0,9,0.9986355183892336,0.0003198756318776308,-0.6895039705461942,0.01113501840010606,0.1339738887010834,0.016622669548616326,,2.6895039705461943,out,,,,
Pell,256,2,0,8,0.9989365919789088,0.00028227154747295646,-0.8191773285121076,0.00978886587803225,0.13340213231966208,0.014675726253874088,,2.8191773285121076,out,,,,
Pell,256,2,0,7,0.9992000561704975,0.0002446568357041823,-0.9817064028747269,0.008464975947526723,0.13299880007888484,0.012729401983335095,,2.981706402874727,out,,,,
Pell,256,2,0,6,0.9994259010447213,0.0002070329127435988,-1.191764659191195,0.0071662981037758,0.13290113906351433,0.010784404338853679,,3.191764659191195,out,,,,
Pell,256,2,0,5,0.9996141180986486,0.0001694011951111074,-1.4736541230181952,0.00589688886062744,0.13338362277949664,0.008841998346942326,,3.4736541230181954,out,,,,
ell,256,5,0,1,0.9999905876413006,1.882471739889091E-05,-11.396173425407943,0.003330208059088448,0.4822675326005047,0.0013810625157083041,322.6381078185813,16.396173425407945,out:alpha+sweep;sweep=87.4,0.41793951090043224,7.999974967424271,4.99,RunDiagnostics { ResidualInf = 1.397770788003072E-12; Kappa1 = 43921.60962952892 }
ell,256,5,0,2,0.9999529385608728,5.64734434566061E-05,-8.129634144607719,0.005844000902398374,0.37848411138812277,0.0030881089729050985,188.7290546338257,13.129634144607719,out:alpha+sweep;sweep=82.3,0.41793951090043224,7.999974967424271,4.99,RunDiagnostics { ResidualInf = 1.397770788003072E-12; Kappa1 = 43921.60962952892 }
ell,256,5,0,3,0.999877641817484,9.41200433210998E-05,-5.977835112793477,0.00867291933501617,0.34835893504255644,0.004979300636544124,168.05674529799577,10.977835112793477,out:alpha+sweep;sweep=77.3,0.41793951090043224,7.999974967424271,4.99,RunDiagnostics { ResidualInf = 1.397770788003072E-12; Kappa1 = 43921.60962952892 }
ell,256,5,0,4,0.9997647002460138,0.00013176309961915322,-4.623316261402232,0.011645591194772615,0.33731932565720213,0.006904787427808004,161.19089164290833,9.623316261402232,out:sweep;sweep=72.5,0.41793951090043224,7.999974967424271,4.99,RunDiagnostics { ResidualInf = 1.397770788003072E-12; Kappa1 = 43921.60962952892 }
Pell,256,5,0,256,0.0030679423245771656,0.0061358846491544545,0.9774366602809877,0.6723093776337257,0.4224264283432275,0.3183083881709525,,4.022563339719012,in,,,,
Pell,256,5,0,255,0.009203711467437108,0.00613565363656543,0.9774343327463253,0.6722829780255927,0.42242574484300904,0.31829640415284866,,4.022565667253675,in,,,,
Pell,256,5,0,254,0.01533913409576226,0.006135191620084872,0.9774296768501235,0.6722301798016351,0.4224243777128579,0.31827243656784515,,4.022570323149877,in,,,,
Pell,256,5,0,253,0.021473979214358417,0.006134498617107447,0.9774226909385729,0.6721509849464468,0.4224223266932949,0.3182364863183335,,4.022577309061427,in,,,,
Pell,256,5,0,252,0.0276080158497743,0.006133574653724317,0.9774133725272517,0.6720453964368553,0.4224195913949713,0.31818855475785857,,4.022586627472748,in,,,,
Pell,256,5,0,251,0.03374101305899766,0.006132419764722407,0.9774017183032492,0.6719134182418635,0.42241617129852277,0.3181286436910675,,4.022598281696751,in,,,,
Pell,256,5,0,250,0.039872739938149854,0.006131033993581968,0.9773877241210717,0.671755055322554,0.42241206575436485,0.318056755373642,,4.022612275878928,in,,,,
Pell,256,5,0,249,0.04600296563117942,0.006129417392477174,0.9773713849999942,0.6715703136319747,0.4224072739824387,0.3179728925122131,,4.022628615000006,in,,,,
Pell,256,5,0,248,0.05213145933855396,0.006127570022271905,0.9773526951202055,0.6713592001150017,0.4224017950719065,0.31787705826425977,,4.022647304879794,in,,,,
Pell,256,5,0,247,0.05825799032594922,0.006125491952518616,0.9773316478220159,0.6711217227081873,0.42239562798080044,0.31776925623798946,,4.022668352177984,in,,,,
Pell,256,5,0,246,0.06438232793293626,0.006123183261455452,0.9773082355970147,0.6708578903395676,0.4223887715356082,0.31764949049220303,,4.022691764402985,in,,,,
Pell,256,5,0,245,0.07050424158166566,0.006120644036003348,0.9772824500857192,0.6705677129284662,0.42238122443081944,0.31751776553614136,,4.02271754991428,in,,,,
Pell,256,5,0,244,0.07662350078554866,0.0061178743717626854,0.9772542820738243,0.6702512013852726,0.4223729852284172,0.31737408632931585,,4.022745717926176,in,,,,
Pell,256,5,0,243,0.08273987515793488,0.0061148743730097405,0.9772237214829558,0.669908367611187,0.4223640523573099,0.31721845828132195,,4.0227762785170444,in,,,,
Pell,256,5,0,242,0.08885313442078616,0.006111644152692816,0.9771907573646107,0.6695392244979521,0.4223544241127173,0.31705088725163516,,4.02280924263539,in,,,,
Pell,256,5,0,241,0.0949630484133466,0.006108183832428074,0.977155377895911,0.6691437859275688,0.42234409865550443,0.316871379549391,,4.022844622104089,in,,,,
Pell,256,5,0,240,0.10106938710080762,0.006104493542493955,0.9771175703684214,0.6687220667719767,0.42233307401145587,0.316679941933147,,4.022882429631578,in,,,,
Pell,256,5,0,239,0.10717192058296883,0.006100573421828459,0.9770773211809715,0.6682740828927216,0.4223213480704999,0.31647658161062875,,4.022922678819029,in,,,,
Pell,256,5,0,238,0.1132704191028939,0.006096423618021693,0.9770346158318279,0.6677998511406054,0.42230891858587954,0.31626130623845844,,4.022965384168172,in,,,,
Pell,256,5,0,237,0.11936465305556046,0.006092044287311402,0.9769894389076942,0.6672993893553061,0.42229578317326455,0.31603412392186664,,4.023010561092306,in,,,,
Pell,256,5,0,236,0.12545439299650463,0.006087435594576959,0.9769417740739337,0.6667727163649836,0.4222819393098098,0.31579504321438745,,4.023058225926066,in,,,,
Pell,256,5,0,235,0.13153940965045963,0.006082597713332999,0.9768916040653911,0.666219851985866,0.4222673843331593,0.31554407311753624,,4.023108395934609,in,,,,
Pell,256,5,0,234,0.13761947391998763,0.006077530825723015,0.9768389106702782,0.6656408170218034,0.42225211544038416,0.3152812230804713,,4.023161089329722,in,,,,
Pell,256,5,0,233,0.14369435689410537,0.006072235122512509,0.9767836747240275,0.6650356332638269,0.4222361296868793,0.3150065029996377,,4.023216325275973,in,,,,
Pell,256,5,0,232,0.14976382985690245,0.00606671080308166,0.9767258760932228,0.6644043234896649,0.4222194239851865,0.3147199232183953,,4.023274123906777,in,,,,
Pell,256,5,0,231,0.1558276642961523,0.006060958075417983,0.9766654936610539,0.6637469114632474,0.42220199510376233,0.31442149452662904,,4.023334506338946,in,,,,
Pell,256,5,0,230,0.16188563191191563,0.006054977156108671,0.9766025053174898,0.6630634219342031,0.4221838396656942,0.3141112281603432,,4.02339749468251,in,,,,
Pell,256,5,0,229,0.1679375046251356,0.006048768270331295,0.9765368879386648,0.6623538806373155,0.4221649541473398,0.3137891358012382,,4.023463112061335,in,,,,
Pell,256,5,0,228,0.17398305458622498,0.0060423316518475045,0.9764686173771135,0.6616183142919876,0.4221453348769222,0.3134552295762712,,4.0235313826228865,in,,,,
Pell,256,5,0,227,0.18002205418364484,0.0060356675429921736,0.9763976684405352,0.660856750601665,0.42212497803304644,0.3131095220571995,,4.023602331559465,in,,,,
Pell,256,5,0,226,0.18605427605247354,0.006028776194665242,0.9763240148777799,0.6600692182532596,0.4221038796431633,0.3127520262601076,,4.02367598512222,in,,,,
Pell,256,5,0,225,0.19207949308296718,0.006021657866322028,0.9762476293592864,0.659255746916547,0.4220820355819626,0.312382755644917,,4.023752370640714,in,,,,
Pell,256,5,0,224,0.19809747842911002,0.006014312825963625,0.976168483459837,0.6584163672435548,0.42205944156970354,0.31200172411488,,4.023831516540163,in,,,,
Pell,256,5,0,223,0.20410800551715513,0.006006741350126632,0.9760865476379023,0.6575511108679291,0.4220360931704753,0.311608946016056,,4.023913452362097,in,,,,
Pell,256,5,0,222,0.21011084805415486,0.005998943723872802,0.9760017912156348,0.6566600104042898,0.4220119857903906,0.311204436136772,,4.0239982087843655,in,,,,
Pell,256,5,0,221,0.21610578003648045,0.005990920240778408,0.9759141823594565,0.6557430994475737,0.42198711467571165,0.3107882097070659,,4.024085817640543,in,,,,
Pell,256,5,0,220,0.22209257575833116,0.005982671202923007,0.9758236880521943,0.6548004125723479,0.42196147491089475,0.31036028239811303,,4.024176311947806,in,,,,
Pell,256,5,0,219,0.2280710098202319,0.005974196920878472,0.9757302740783662,0.653831985332142,0.4219350614165831,0.3099206703216367,,4.024269725921634,in,,,,
Pell,256,5,0,218,0.23404085713751918,0.0059654977136960885,0.9756339049942346,0.6528378542587353,0.42190786894750526,0.30946939002930185,,4.024366095005766,in,,,,
Pell,256,5,0,217,0.24000189294881555,0.005956573908896645,0.9755345441047394,0.651818056861448,0.42187989209030835,0.30900645851209174,,4.02446545589526,in,,,,
Pell,256,5,0,216,0.24595389282449198,0.00594742584245625,0.9754321534369824,0.6507726316264174,0.42185112526131274,0.3085318931996689,,4.024567846563017,in,,,,
Pell,256,5,0,215,0.2518966326751173,0.005938053858794395,0.9753266937155469,0.6497016180158705,0.4218215627041921,0.30804571195971897,,4.024673306284453,in,,,,
Pell,256,5,0,214,0.257829888759895,0.005928458310760942,0.9752181243301123,0.64860505646737,0.4217911984875636,0.30754793309727824,,4.024781875669888,in,,,,
Pell,256,5,0,213,0.26375343769508686,0.005918639559622851,0.9751064033128256,0.6474829883930783,0.42176002650251243,0.30703857535404494,,4.024893596687175,in,,,,
Pell,256,5,0,212,0.2696670564624236,0.005908597975050556,0.9749914873016833,0.646335456178981,0.4217280404600144,0.30651765790767355,,4.025008512698316,in,,,,
Pell,256,5,0,211,0.2755705224175009,0.005898333935104083,0.9748733315131964,0.645162503184128,0.42169523388828656,0.3059852003710534,,4.025126668486804,in,,,,
Pell,256,5,0,210,0.28146361329816233,0.005887847826218762,0.9747518897073328,0.6439641737398538,0.42166160013004356,0.30544122279157054,,4.025248110292667,in,,,,
Pell,256,5,0,209,0.2873461072328669,0.005877140043190454,0.9746271141573476,0.6427405131490059,0.42162713233967264,0.3048857456503531,,4.0253728858426525,in,,,,
Pell,256,5,0,208,0.293217782749043,0.00586621098916168,0.9744989556105156,0.6414915676851505,0.42159182348030616,0.30431878986150046,,4.025501044389484,in,,,,
Pell,256,5,0,207,0.29907841878142594,0.00585506107560424,0.9743673632554869,0.6402173845917914,0.42155566632081165,0.30374037677129656,,4.025632636744513,in,,,,
Pell,256,5,0,206,0.30492779468038145,0.0058436907223067824,0.9742322846815387,0.6389180120815726,0.4215186534326766,0.3031505281574061,,4.0257677153184614,in,,,,
Pell,256,5,0,205,0.31076569022021316,0.00583210035735654,0.9740936658420669,0.63759349933549,0.4214807771868038,0.3025492662280554,,4.025906334157933,in,,,,
Pell,256,5,0,204,0.31659188560745355,0.00582029041712423,0.9739514510128562,0.6362438965020948,0.42144202975020034,0.3019366136211963,,4.026048548987144,in,,,,
Pell,256,5,0,203,0.32240616148913925,0.005808261346247234,0.9738055827487268,0.6348692546966983,0.4214024030825645,0.30131259340365446,,4.026194417251273,in,,,,
Pell,256,5,0,202,0.3282082989610696,0.0057960135976134475,0.9736560018440807,0.6334696260005883,0.42136188893277393,0.3006772290702613,,4.0263439981559195,in,,,,
Pell,256,5,0,201,0.3339980795760481,0.005783547632343622,0.9735026472833308,0.6320450634602305,0.42132047883525436,0.3000305445429697,,4.026497352716669,in,,,,
Pell,256,5,0,200,0.3397752853521071,0.005770863919774327,0.973345456196167,0.630595621086488,0.42127816410624647,0.29937256416995384,,4.026654543803833,in,,,,
Pell,256,5,0,199,0.34553969878071433,0.005757962937440131,0.9731843638098228,0.6291213538538435,0.421234935839957,0.2987033127246931,,4.026815636190177,in,,,,
Pell,256,5,0,198,0.3512911028349624,0.005744845171056001,0.9730193033971577,0.6276223176996215,0.42119078490459,0.29802281540503944,,4.026980696602842,in,,,,
Pell,256,5,0,197,0.3570292809777393,0.005731511114497767,0.9728502062270032,0.6260985695232268,0.42114570193826234,0.2973310978322697,,4.027149793772997,in,,,,
Pell,256,5,0,196,0.362754017169881,0.005717961269785687,0.9726770014984787,0.6245501671853685,0.4210996773447814,0.2966281860501209,,4.027322998501521,in,,,,
Pell,256,5,0,195,0.36846509587830567,0.005704196147063634,0.9724996163127413,0.6229771695073737,0.42105270128934924,0.2959141065238107,,4.027500383687259,in,,,,
Pell,256,5,0,194,0.3741623020841278,0.005690216264580716,0.9723179755827639,0.6213796362703862,0.42100476369405115,0.29518888613904126,,4.027682024417236,in,,,,
Pell,256,5,0,193,0.37984542129075394,0.005676022148671522,0.9721320019929706,0.619757628214686,0.4209558542332837,0.2944525522009874,,4.0278679980070295,in,,,,
Pell,256,5,0,192,0.38551423953195796,0.005661614333736464,0.9719416159300001,0.6181112070389768,0.42090596232901223,0.2937051324332697,,4.02805838407,in,,,,
Pell,256,5,0,191,0.3911685433799371,0.005646993362221797,0.9717467354203602,0.6164404353997043,0.4208550771458995,0.29294665497691047,,4.028253264579639,in,,,,
Pell,256,5,0,190,0.3968081199533473,0.005632159784598689,0.9715472760618638,0.6147453769103874,0.4208031875862827,0.29217714838927555,,4.028452723938136,in,,,,
Pell,256,5,0,189,0.4024327569253182,0.005617114159343073,0.9713431509549328,0.6130260961409756,0.4207502822850072,0.2913966416429995,,4.028656849045067,in,,,,
Pell,256,5,0,188,0.4080422425314468,0.00560185705291405,0.9711342706320798,0.6112826586172294,0.42069634960410696,0.2906051641248954,,4.02886572936792,in,,,,
Pell,256,5,0,187,0.4136363655777704,0.005586389039733186,0.9709205429787742,0.6095151308201149,0.42064137762732096,0.28980274563484903,,4.029079457021226,in,,,,
Pell,256,5,0,186,0.41921491544871836,0.005570710702162696,0.9707018731620086,0.6077235801852452,0.42058535415446063,0.2889894163846979,,4.0292981268379915,in,,,,
Pell,256,5,0,185,0.42477768211504074,0.005554822630482181,0.9704781635438113,0.6059080751023289,0.4205282666955966,0.2881652069970941,,4.029521836456189,in,,,,
Pell,256,5,0,184,0.4303244561417169,0.005538725422870094,0.9702493136043543,0.604068684914673,0.42047010246509,0.28733014850435246,,4.029750686395646,in,,,,
Pell,256,5,0,183,0.4358550286958397,0.005522419685375424,0.9700152198492755,0.6022054799186957,0.4204108483754311,0.2864842723472826,,4.029984780150724,in,,,,
Pell,256,5,0,182,0.4413691915544783,0.005505906031901764,0.9697757757279523,0.6003185313635011,0.42035049103091426,0.28562761037400636,,4.030224224272048,in,,,,
Pell,256,5,0,181,0.4468667371125179,0.005489185084177561,0.9695308715296411,0.5984079114504571,0.42028901672110164,0.2847601948387592,,4.030469128470359,in,,,,
Pell,256,5,0,180,0.4523474583904752,0.005472257471737019,0.9692803942982812,0.5964736933328583,0.4202264114141256,0.2838820584006768,,4.0307196057017185,in,,,,
Pell,256,5,0,179,0.4578111490422919,0.005455123831896336,0.9690242277267167,0.5945159511155993,0.42016266074976893,0.28299323412256655,,4.030975772273283,in,,,,
Pell,256,5,0,178,0.46325760336310307,0.005437784809725954,0.9687622520520641,0.5925347598549032,0.4200977500323473,0.28209375546966314,,4.0312377479479355,in,,,,
Pell,256,5,0,177,0.46868661629698183,0.005420241058031683,0.9684943439530426,0.5905301955581114,0.42003166422338967,0.28118365630837,,4.031505656046957,in,,,,
Pell,256,5,0,176,0.4740979834446598,0.005402493237324224,0.9682203764322489,0.5885023351835048,0.4199643879340876,0.28026297090498486,,4.031779623567751,in,,,,
Pell,256,5,0,175,0.47949150107122235,0.005384542015800853,0.9679402187052853,0.5864512566402021,0.4198959054175346,0.279331733924411,,4.0320597812947145,in,,,,
Pell,256,5,0,174,0.4848669661137792,0.005366388069312944,0.9676537360773054,0.5843770387881011,0.4198262005607264,0.2783899804288527,,4.032346263922695,in,,,,
Pell,256,5,0,173,0.49022417618910985,0.005348032081348264,0.9673607898190119,0.5822797614378892,0.4197552568763264,0.27743774587649667,,4.032639210180988,in,,,,
Pell,256,5,0,172,0.4955629296012828,0.005329474742997609,0.9670612370375854,0.5801595053511203,0.41968305749418827,0.2764750661201777,,4.032938762962415,in,,,,
Pell,256,5,0,171,0.5008830253492496,0.005310716752935873,0.9667549305403642,0.5780163522403555,0.4196095851526206,0.2755019774060305,,4.033245069459635,in,,,,
Pell,256,5,0,170,0.5061842631344122,0.005291758817389636,0.9664417186968159,0.5758503847693841,0.41953482218939697,0.2745185163721257,,4.0335582813031845,in,,,,
Pell,256,5,0,169,0.5114664433681644,0.005272601650114561,0.966121445291843,0.5736616865535147,0.4194587505324923,0.27352472004709194,,4.033878554708157,in,,,,
Pell,256,5,0,168,0.5167293671794057,0.005253245972367981,0.9657939493741354,0.5714503421599485,0.4193813516905411,0.27252062584872305,,4.034206050625865,in,,,,
Pell,256,5,0,167,0.5219728364220292,0.0052336925128790845,0.9654590651020534,0.5692164371082455,0.4193026067430162,0.27150627158257046,,4.034540934897946,in,,,,
Pell,256,5,0,166,0.5271966536823818,0.005213942007825989,0.9651166215769793,0.566960057870866,0.4192224963301004,0.27048169544052114,,4.034883378423021,in,,,,
Pell,256,5,0,165,0.5324006222866959,0.005193995200802326,0.9647664426759311,0.564681291873818,0.41914100064226106,0.26944693599936137,,4.0352335573240685,in,,,,
Pell,256,5,0,164,0.537584546308495,0.005173852842795812,0.964408346874664,0.5623802274973989,0.41905809940950683,0.26840203221932557,,4.035591653125336,in,,,,
Pell,256,5,0,163,0.5427482305759695,0.0051535156921533876,0.9640421470651664,0.5600569540770421,0.4189737718903182,0.267347023442631,,4.035957852934834,in,,,,
Pell,256,5,0,162,0.5478914806793256,0.0051329845145585695,0.9636676503638281,0.5577115619042696,0.41888799686024014,0.2662819493919981,,4.036332349636172,in,,,,
Pell,256,5,0,161,0.5530141029781034,0.005112260082997144,0.9632846579144988,0.5553441422277618,0.41880075260012845,0.2652068501691568,,4.036715342085501,in,,,,
Pell,256,5,0,160,0.5581159046084689,0.005091343177733965,0.9628929646814613,0.5529547872545446,0.4187120168840355,0.264121766253338,,4.037107035318539,in,,,,
Pell,256,5,0,159,0.5631966934904746,0.005070234586277422,0.9624923592348892,0.550543590151302,0.41862176696672376,0.2630267384997516,,4.037507640765111,in,,,,
Pell,256,5,0,158,0.5682562783352902,0.005048935103353802,0.9620826235276355,0.5481106450458222,0.41852997957079746,0.2619218081380501,,4.037917376472365,in,,,,
Pell,256,5,0,157,0.5732944686524062,0.005027445530878194,0.9616635326642088,0.545656047028581,0.41843663087343635,0.26080701677077806,,4.0383364673357915,in,,,,
Pell,256,5,0,156,0.5783110747568049,0.005005766677919077,0.9612348546567397,0.5431798921544649,0.418341696492716,0.25968240637180784,,4.038765145343261,in,,,,
Pell,256,5,0,155,0.5833059077761016,0.004983899360674449,0.9607963501745562,0.5406822774446501,0.41824515147350627,0.25854801928476134,,4.039203649825444,in,,,,
Pell,256,5,0,154,0.5882787796576565,0.004961844402435189,0.9603477722810095,0.5381633008886358,0.4181469702729286,0.2574038982214179,,4.039652227718991,in,,,,
Pell,256,5,0,153,0.5932295031756537,0.0049396026335593035,0.9598888661618596,0.5356230614464469,0.4180471267453616,0.25625008626010837,,4.04011113383814,in,,,,
Pell,256,5,0,152,0.598157891938151,0.004917174891435394,0.959419368838112,0.5330616590510012,0.41794559412697,0.2550866268440956,,4.040580631161888,in,,,,
Pell,256,5,0,151,0.6030637603940971,0.004894562020456683,0.9589390088713362,0.5304791946106665,0.41784234501975354,0.253913563779941,,4.0410609911286635,in,,,,
Pell,256,5,0,150,0.6079469238403175,0.004871764871984152,0.9584475060544361,0.5278757700120019,0.4177373513750882,0.252730941235858,,4.041552493945564,in,,,,
Pell,256,5,0,149,0.6128071984284682,0.004848784304317233,0.9579445710885435,0.5252514881226954,0.41763058447674556,0.25153880374005144,,4.042055428911457,in,,,,
Pell,256,5,0,148,0.617644401171958,0.004825621182662387,0.9574299052464225,0.522606452794709,0.41752201492337165,0.25033719617904393,,4.042570094753578,in,,,,
Pell,256,5,0,147,0.6224583499528378,0.004802276379097026,0.9569032000258555,0.5199407688676457,0.41741161261041154,0.24912616379598862,,4.043096799974144,in,,,,
Pell,256,5,0,146,0.6272488635286566,0.004778750772540863,0.9563641367767034,0.517254542172325,0.4172993467114409,0.2479057521889687,,4.0436358632232965,in,,,,
Pell,256,5,0,145,0.6320157615392863,0.0047550452487182815,0.9558123863285516,0.5145478795346197,0.41718518565891727,0.24667600730928366,,4.044187613671449,in,,,,
Pell,256,5,0,144,0.6367588645137106,0.004731160700130355,0.9552476085858143,0.5118208887795143,0.41706909712428963,0.2454369754597224,,4.044752391414185,in,,,,
Pell,256,5,0,143,0.6414779938767835,0.004707098026015544,0.9546694521144776,0.5090736787354334,0.41695104799747307,0.2441887032928233,,4.045330547885523,in,,,,
Pell,256,5,0,142,0.6461729719559519,0.004682858132321166,0.9540775537096055,0.5063063592388399,0.4168310043656564,0.2429312378091209,,4.045922446290395,in,,,,
Pell,256,5,0,141,0.6508436219879445,0.004658441931664092,0.9534715379408623,0.5035190411391078,0.41670893149141086,0.24166462635538027,,4.046528462059138,in,,,,
Pell,256,5,0,140,0.6554897681254276,0.004633850343302104,0.9528510166784542,0.5007118363036903,0.4165847937900829,0.240388916622818,,4.047148983321546,in,,,,
Pell,256,5,0,139,0.6601112354436253,0.004609084293093257,0.9522155886039326,0.497884857623603,0.4164585548064489,0.23910415664531007,,4.0477844113960675,in,,,,
Pell,256,5,0,138,0.6647078499469047,0.004584144713465577,0.9515648386849451,0.49503821901920514,0.4163301771905769,0.23781039479758836,,4.048435161315055,in,,,,
Pell,256,5,0,137,0.669279438575328,0.00455903254338097,0.9508983376410726,0.4921720354463397,0.41619962267291,0.2365076797934227,,4.049101662358927,in,,,,
Pell,256,5,0,136,0.6738258292111672,0.004533748728297371,0.9502156413807441,0.4892864229028169,0.41606685203850957,0.23519606068379148,,4.049784358619256,in,,,,
Pell,256,5,0,135,0.6783468506853845,0.004508294220137321,0.9495162904057978,0.4863814984352484,0.4159318251004253,0.23387558685503965,,4.050483709594202,in,,,,
Pell,256,5,0,134,0.6828423327840767,0.004482669977247111,0.9487998091946213,0.48345738014627454,0.4157945006721779,0.232546308027024,,4.051200190805378,in,,,,
Pell,256,5,0,133,0.6873121062548836,0.004456876964366696,0.9480657055596983,0.4805141872021948,0.41565483653931545,0.2312082742512462,,4.051934294440302,in,,,,
Pell,256,5,0,132,0.6917560028133605,0.00443091615258695,0.9473134699663258,0.477552039841,0.41551278942999237,0.22986153590897362,,4.052686530033674,in,,,,
Pell,256,5,0,131,0.6961738551493133,0.004404788519318914,0.9465425748278707,0.47457105938085054,0.4153683149845533,0.22850614370934813,,4.053457425172129,in,,,,
Pell,256,5,0,130,0.700565496933099,0.004378495048252273,0.9457524737597814,0.47157136822899726,0.4152213677240657,0.2271421486874822,,4.054247526240219,in,,,,
Pell,256,5,0,129,0.7049307628218863,0.004352036729322384,0.9449426008074769,0.468553089891192,0.41507190101778196,0.22576960220254413,,4.055057399192523,in,,,,
Pell,256,5,0,128,0.709269488465882,0.004325414558669083,0.9441123696273248,0.4655163489815758,0.4149198670494613,0.22438855593582988,,4.055887630372675,in,,,,
Pell,256,5,0,127,0.7135815105145176,0.00429862953860205,0.9432611726380352,0.4624612712331019,0.4147652167825356,0.22299906188882454,,4.056738827361965,in,,,,
Pell,256,5,0,126,0.7178666666226001,0.00427168267756306,0.9423883801222283,0.45938798350848353,0.414607899924045,0.22160117238125085,,4.057611619877772,in,,,,
Pell,256,5,0,125,0.7221247954564243,0.004244574990085126,0.9414933392875191,0.4562966138117129,0.41444786488731483,0.22019494004910675,,4.058506660712481,in,,,,
Pell,256,5,0,124,0.726355736699846,0.004217307496758416,0.9405753732869434,0.4531872913001799,0.41428505875332317,0.21878041784269134,,4.0594246267130565,in,,,,
Pell,256,5,0,123,0.7305593310603189,0.004189881224187508,0.9396337801796255,0.45006014629738905,0.4141194272306851,0.21735765902461907,,4.0603662198203745,in,,,,
Pell,256,5,0,122,0.7347354202748912,0.004162297204957088,0.9386678318527492,0.4469153103063416,0.4139509146142298,0.2159267171678227,,4.061332168147251,in,,,,
Pell,256,5,0,121,0.7388838471161643,0.004134556477589091,0.9376767728787133,0.44375291602357475,0.4137794637420802,0.21448764615354513,,4.062323227121286,in,,,,
Pell,256,5,0,120,0.7430044553982125,0.0041066600865070635,0.9366598193192235,0.4405730973539115,0.4136050159511962,0.21304050016931975,,4.063340180680776,in,,,,
Pell,256,5,0,119,0.7470970899824625,0.004078609081993201,0.9356161574713248,0.4373759894259534,0.4134275110313159,0.21158533370694022,,4.064383842528676,in,,,,
Pell,256,5,0,118,0.7511615967835358,0.004050404520153261,0.9345449425446348,0.4341617286083328,0.41324688717721636,0.21012220156041844,,4.065455057455365,in,,,,
Pell,256,5,0,117,0.7551978227750484,0.004022047462872158,0.9334452972733046,0.43093045252677853,0.41306308093923705,0.20865115882393268,,4.0665547027266955,in,,,,
Pell,256,5,0,116,0.7592056159953731,0.0039935389777771,0.9323163104549909,0.42768230008201863,0.41287602717198435,0.20717226088976423,,4.067683689545009,in,,,,
Pell,256,5,0,115,0.7631848255533603,0.003964880138197291,0.9311570354127564,0.4244174114685662,0.41268565898114684,0.20568556344622352,,4.068842964587244,in,,,,
Pell,256,5,0,114,0.7671353016340192,0.003936072023120518,0.9299664883875493,0.4211359281944404,0.41249190766835075,0.20419112247556603,,4.070033511612451,in,,,,
Pell,256,5,0,113,0.7710568955041582,0.003907115717157517,0.928743646815155,0.4178379931018065,0.41229470267391694,0.20268899425189743,,4.071256353184845,in,,,,
Pell,256,5,0,112,0.7749494595179847,0.003878012310495338,0.9274874475526546,0.4145237503886866,0.4120939715175337,0.20117923533906854,,4.072512552447345,in,,,,
Pell,256,5,0,111,0.7788128471226634,0.003848762898862157,0.92619678497623,0.41119334563167886,0.411889639736648,0.19966190258856023,,4.07380321502377,in,,,,
Pell,256,5,0,110,0.7826469128638347,0.0038193685834805313,0.9248705089947563,0.4078469258098053,0.41168163082254566,0.19813705313735833,,4.075129491005244,in,,,,
Pell,256,5,0,109,0.7864515123910907,0.003789830471031208,0.9235074229457642,0.40448463932950435,0.4114698661539879,0.19660474440581785,,4.0764925770542355,in,,,,
Pell,256,5,0,108,0.7902265024634092,0.003760149673605939,0.9221062813806735,0.40110663605084085,0.41125426492830885,0.19506503409551898,,4.077893718619326,in,,,,
Pell,256,5,0,107,0.7939717409545478,0.0037303273086712885,0.920665787724773,0.3977130673149789,0.41103474408985835,0.1935179801871118,,4.079334212275227,in,,,,
Pell,256,5,0,106,0.7976870868583943,0.003700364499021669,0.9191845918087208,0.39430408597298733,0.4108112182556755,0.19196364093815244,,4.080815408191279,in,,,,
Pell,256,5,0,105,0.801372400294275,0.0036702623727397077,0.9176612872597113,0.3908798464160336,0.4105835996382654,0.19040207488092983,,4.082338712740289,in,,,,
Pell,256,5,0,104,0.8050275425122221,0.003640022063154502,0.9160944087481041,0.38744050460703816,0.41035179796535454,0.18883334082028283,,4.083905591251896,in,,,,
Pell,256,5,0,103,0.8086523758981969,0.003609644708795323,0.9144824290672172,0.3839862181138427,0.41011572039646965,0.18725749783140871,,4.085517570932783,in,,,,
Pell,256,5,0,102,0.8122467639792715,0.0035791314533537566,0.912823756059474,0.3805171461439994,0.4098752714362333,0.18567460525766247,,4.087176243940526,in,,,,
Pell,256,5,0,101,0.815810571428766,0.0035484834456351866,0.911116729351563,0.3770334495812217,0.409630352844184,0.18408472270834794,,4.088883270648437,in,,,,
Pell,256,5,0,100,0.8193436640713441,0.003517701839521048,0.9093596169033179,0.37353529102359834,0.4093808635409858,0.1824879100564999,,4.090640383096682,in,,,,
Pell,256,5,0,99,0.8228459088880649,0.0034867877939204206,0.9075506113536462,0.3700228348236532,0.4091266995108548,0.18088422743665789,,4.0924493886463535,in,,,,
Pell,256,5,0,98,0.8263171740213904,0.0034557424727306163,0.9056878261459733,0.3664962471303387,0.4088677537000233,0.1792737352426322,,4.094312173854027,in,,,,
Pell,256,5,0,97,0.8297573287801505,0.0034245670447896615,0.9037692914206465,0.36295569593305566,0.408603915911054,0.1776564941252618,,4.096230708579354,in,,,,
Pell,256,5,0,96,0.8331662436444627,0.0033932626838346636,0.9017929496643795,0.3594013511078132,0.4083350726928214,0.17603256499016454,,4.0982070503356205,in,,,,
Pell,256,5,0,95,0.836543790270609,0.0033618305684580685,0.8997566510811761,0.35583338446560614,0.4080611072259248,0.17440200899547992,,4.1002433489188235,in,,,,
Pell,256,5,0,94,0.8398898414958682,0.003330271882060254,0.8976581486891458,0.35225196980315565,0.4077818992033517,0.17276488754960428,,4.102341851310854,in,,,,
Pell,256,5,0,93,0.8432042713433028,0.003298587812808784,0.8954950931049847,0.34865728295610743,0.407497324706134,0.17112126230891997,,4.1045049068950155,in,,,,
Pell,256,5,0,92,0.8464869550265022,0.0032667795535900046,0.8932650270028573,0.3450495018548191,0.4072072560737656,0.16947119517551687,,4.106734972997143,in,,,,
Pell,256,5,0,91,0.8497377689542811,0.003234848301967963,0.8909653792176828,0.34142880658286423,0.40691156176912086,0.1678147482949078,,4.109034620782317,in,,,,
Pell,256,5,0,90,0.8529565907353327,0.0032027952601353382,0.888593458475837,0.33779537943840104,0.4066101062376107,0.16615198405373802,,4.111406541524163,in,,,,
Pell,256,5,0,89,0.8561432991828362,0.0031706216348715843,0.8861464467085346,0.33414940499853374,0.40630274976027353,0.1644829650774888,,4.113853553291466,in,,,,
Pell,256,5,0,88,0.8592977743190195,0.0031383286374950803,0.8836213919451492,0.33049107018685386,0.4059893483005352,0.16280775422817576,,4.116378608054851,in,,,,
Pell,256,5,0,87,0.8624198973796768,0.003105917483819609,0.8810152007176268,0.3268205643442822,0.4056697533442672,0.16112641460204183,,4.118984799282373,in,,,,
Pell,256,5,0,86,0.8655095508186397,0.003073389394105952,0.8783246299687255,0.323138079303418,0.40534381173284767,0.1594390095272457,,4.121675370031275,in,,,,
Pell,256,5,0,85,0.868566618312202,0.003040745593018701,0.8755462784088596,0.319443809466567,0.4050113654888496,0.15774560256154668,,4.1244537215911405,in,,,,
Pell,256,5,0,84,0.8715909847635007,0.0030079873095787413,0.8726765772884683,0.3157379518876458,0.40467225163398823,0.15604625748998457,,4.127323422711532,in,,,,
Pell,256,5,0,83,0.8745825363068482,0.0029751157771163994,0.8697117805253796,0.3120207063581593,0.40432630199891123,0.15434103832255736,,4.13028821947462,in,,,,
Pell,256,5,0,82,0.87754116031202,0.002942132233227035,0.8666479541510083,0.30829227549748417,0.40397334302442955,0.15263000929189566,,4.133352045848992,in,,,,
Pell,256,5,0,81,0.8804667453884942,0.0029090379197214133,0.8634809650085135,0.3045528648476817,0.4036131955537275,0.15091323485093575,,4.136519034991487,in,,,,
Pell,256,5,0,80,0.8833591813896464,0.002875834082582851,0.8602064686429135,0.3008026829730822,0.4032456746150774,0.14919077967059002,,4.139793531357086,in,,,,
Pell,256,5,0,79,0.8862183594168958,0.0028425219719160344,0.8568198963228262,0.29704194156491803,0.40287058919456914,0.14746270863741784,,4.143180103677174,in,,,,
Pell,256,5,0,78,0.8890441718238058,0.0028091028419040542,0.8533164411083072,0.2932708555512621,0.40248774199830323,0.14572908685129518,,4.146683558891693,in,,,,
Pell,256,5,0,77,0.8918365122201366,0.0027755779507573353,0.8496910428906352,0.2894896432125854,0.402096929203497,0.14398997962308624,,4.150308957109365,in,,,,
Pell,256,5,0,76,0.8945952754758502,0.0027419485606698935,0.8459383723165922,0.28569852630324377,0.401697940197907,0.14224545247231635,,4.154061627683408,in,,,,
Pell,256,5,0,75,0.8973203577250695,0.002708215937768821,0.8420528134890195,0.28189773017921854,0.4012905573069191,0.14049557112484692,,4.157947186510981,in,,,,
Pell,256,5,0,74,0.9000116563699879,0.0026743813520679893,0.8380284453458406,0.2780874839324866,0.40087455550765405,0.13874040151055533,,4.161971554654159,in,,,,
Pell,256,5,0,73,0.9026690700847326,0.002640446077421421,0.8338590215879915,0.27426802053238714,0.4004497021293637,0.1369800097610191,,4.166140978412009,in,,,,
Pell,256,5,0,72,0.9052924988191793,0.0026064113914719966,0.8295379490327935,0.27043957697440074,0.40001575653937366,0.13521446220720623,,4.170462050967206,in,,,,
Pell,256,5,0,71,0.9078818438027189,0.0025722785756070454,0.8250582642353529,0.26660239443676953,0.3995724698137621,0.13344382537717428,,4.174941735764647,in,,,,
Pell,256,5,0,70,0.9104370075479761,0.002538048914907387,0.8204126082234728,0.26275671844543047,0.39911958439194356,0.13166816599377795,,4.179587391776527,in,,,,
Pell,256,5,0,69,0.9129578938544802,0.0025037236981009237,0.8155931991635542,0.25890279904775737,0.3986568337142578,0.12988755097238802,,4.184406800836446,in,,,,
Pell,256,5,0,68,0.9154444078122866,0.002469304217511903,0.8105918027475302,0.25504089099564037,0.39818394184160616,0.12810204741862405,,4.18940819725247,in,,,,
Pell,256,5,0,67,0.9178964558055501,0.0024347917690150656,0.805399700096172,0.25117125393849243,0.39770062305616655,0.12631172262610207,,4.194600299903828,in,,,,
Pell,256,5,0,66,0.9203139455160497,0.0024001876519841314,0.8000076529001064,0.24729415262677162,0.3972065814420878,0.12451664407420036,,4.199992347099894,in,,,,
Pell,256,5,0,65,0.9226967859266643,0.0023654931692449477,0.7944058655566631,0.24340985712671595,0.3967015104451072,0.12271687942584596,,4.205594134443337,in,,,,
Pell,256,5,0,64,0.9250448873247991,0.002330709627024641,0.7885839439495478,0.2395186430469647,0.39618509240986016,0.12091249652532542,,4.211416056050452,in,,,,
Pell,256,5,0,63,0.9273581613057634,0.002295838334904099,0.7825308505551012,0.23562079177786335,0.39565699809370064,0.11910356339612269,,4.217469149444899,in,,,,
Pell,256,5,0,62,0.9296365207760996,0.002260880605768234,0.7762348554606439,0.23171659074426293,0.39511688615571866,0.11729014823878806,,4.223765144539356,in,,,,
Pell,256,5,0,61,0.9318798799568613,0.0022258377557551334,0.7696834828685358,0.22780633367272005,0.3945644026196227,0.1154723194288438,,4.230316517131464,in,,,,
Pell,256,5,0,60,0.9340881543868432,0.0021907111042087646,0.7628634525711602,0.22389032087405114,0.39399918030906983,0.11365014551473025,,4.23713654742884,in,,,,
Pell,256,5,0,59,0.9362612609257612,0.0021555019736272385,0.7557606158484315,0.21996885954229992,0.3934208382540053,0.11182369521579884,,4.244239384151569,in,,,,
Pell,256,5,0,58,0.9383991177573824,0.0021202116896150702,0.7483598851472896,0.21604226407125168,0.392828981066515,0.10999303742035813,,4.2516401148527105,in,,,,
Pell,256,5,0,57,0.9405016443926053,0.0020848415808307763,0.7406451568135726,0.21211085638972296,0.3922231982846446,0.10815824118378113,,4.259354843186427,in,,,,
Pell,256,5,0,56,0.9425687616724905,0.0020493929789396903,0.7325992260725722,0.20817496631698265,0.3916030636826635,0.10631937572668111,,4.267400773927427,in,,,,
Pell,256,5,0,55,0.9446003917712409,0.002013867218560894,0.7242036933112853,0.2042349319397574,0.3909681345461952,0.10447651043316719,,4.275796306688715,in,,,,
Pell,256,5,0,54,0.9465964581991312,0.0019782656372198115,0.7154388605999256,0.20029110001242528,0.3903179509106968,0.10262971484919026,,4.284561139400075,in,,,,
Pell,256,5,0,53,0.9485568858053889,0.0019425895752955835,0.7062836172428261,0.19634382638214412,0.3896520347618202,0.10077905868099049,,4.293716382757174,in,,,,
Pell,256,5,0,52,0.9504816007810225,0.0019068403759716634,0.6967153129502093,0.19239347644083396,0.3889698891962783,0.09892461179366518,,4.303284687049791,in,,,,
Pell,256,5,0,51,0.952370530661601,0.001871019385185524,0.6867096170329245,0.1884404256061101,0.38827099754200894,0.0970664442098701,,4.313290382967075,in,,,,
Pell,256,5,0,50,0.9542236043299823,0.0018351279515768093,0.6762403617607802,0.1844850598334794,0.3875548224366511,0.0952046261086765,,4.32375963823922,in,,,,
Pell,256,5,0,49,0.9560407520189897,0.001799167426438153,0.6652793677604796,0.18052777616236126,0.3868208048637138,0.09333922782460759,,4.33472063223952,in,,,,
Pell,256,5,0,48,0.9578219053140402,0.0017631391636626637,0.6537962489481255,0.17656898329871865,0.3860683631461991,0.09147031984687866,,4.346203751051874,in,,,,
Pell,256,5,0,47,0.9595669971557186,0.0017270445196942985,0.6417581941377685,0.17260910223744536,0.38529689189815874,0.08959797281887713,,4.358241805862232,in,,,,
Pell,256,5,0,46,0.9612759618423037,0.0016908848534756826,0.6291297219426915,0.16864856692793376,0.38450576093539324,0.08772225753791554,,4.370870278057309,in,,,,
Pell,256,5,0,45,0.9629487350322407,0.001654661526398371,0.6158724050506249,0.16468782498668882,0.3836943141476876,0.08584324495530518,,4.384127594949375,in,,,,
Pell,256,5,0,44,0.9645852537465646,0.001618375902249447,0.6019445592365164,0.1607273384612373,0.38286186833632796,0.08396100617679958,,4.398055440763484,in,,,,
Pell,256,5,0,43,0.9661854563712706,0.0015820293471627833,0.587300891686841,0.1567675846501403,0.3820077120226397,0.0820756124634727,,4.412699108313159,in,,,,
Pell,256,5,0,42,0.9677492826596348,0.0015456232295653072,0.571892102183734,0.15280905698444006,0.3811311042356766,0.08018713523310284,,4.4281078978162665,in,,,,
Pell,256,5,0,41,0.9692766737344807,0.0015091589201265965,0.5556644295131183,0.14885226597657134,0.3802312732904864,0.07829564606215451,,4.444335570486881,in,,,,
Pell,256,5,0,40,0.9707675720903979,0.0014726377917078093,0.5385591339941961,0.14489774024350013,0.37930741557257536,0.07640121668845987,,4.461440866005804,in,,,,
Pell,256,5,0,39,0.9722219215959059,0.0014360612193082822,0.520511905208522,0.1409460276117567,0.37835869434971436,0.07450391901473327,,4.479488094791478,in,,,,
Pell,256,5,0,38,0.973639667495568,0.0013994305800157925,0.5014521818259541,0.1369976963130364,0.37738423863943704,0.07260382511307137,,4.498547818174046,in,,,,
Pell,256,5,0,37,0.9750207564120521,0.0013627472529526008,0.48130236766799805,0.13305333628024785,0.3763831421700143,0.0707010072306304,,4.518697632332002,in,,,,
Pell,256,5,0,36,0.9763651363481414,0.0013260126192259358,0.4599769247720364,0.1291135605552918,0.3753544624850978,0.0687955377967128,,4.540023075227964,in,,,,
Pell,256,5,0,35,0.9776727566886909,0.0012892280618731489,0.43738131993697626,0.12517900682150068,0.3742972202585106,0.06688748943155125,,4.562618680063023,in,,,,
Pell,256,5,0,34,0.978943568202534,0.0012523949658129752,0.4134107959118058,0.12125033907563916,0.37321039890728114,0.06497693495714309,,4.586589204088194,in,,,,
Pell,256,5,0,33,0.9801775230443355,0.0012155147177899117,0.38794893157645916,0.11732824945670443,0.3720929446196405,0.06306394741058005,,4.612051068423541,in,,,,
Pell,256,5,0,32,0.9813745747563929,0.0011785887063248124,0.360865946816171,0.11341346025157201,0.3709437669529496,0.061148600060427674,,4.639134053183829,in,,,,
Pell,256,5,0,31,0.9825346782703858,0.001141618321661042,0.33201669665938877,0.10950672610094847,0.3697617402079109,0.05923096642685349,,4.667983303340611,in,,,,
Pell,256,5,0,30,0.9836577899090726,0.0011046049557127402,0.30123828481837395,0.10560883643322946,0.3685457058547276,0.0573111203063959,,4.698761715181626,in,,,,
Pell,256,5,0,29,0.9847438673879352,0.0010675500020121964,0.2683472079071259,0.10172061815898971,0.3672944763813237,0.055389135802512736,,4.731652792092874,in,,,,
Pell,256,5,0,28,0.98579286981677,0.0010304548556573367,0.23313591674366035,0.09784293866518928,0.36600684106316306,0.053465087363383026,,4.76686408325634,in,,,,
Pell,256,5,0,27,0.9868047577012284,0.0009933209132598764,0.1953686479894758,0.09397670915618685,0.3646815743333394,0.05153904982887173,,4.804631352010524,in,,,,
Pell,256,5,0,26,0.987779492944304,0.0009561495728910296,0.15477633478919983,0.09012288839895134,0.36331744768202756,0.04961109848917917,,4.8452236652108,in,,,,
Pell,256,5,0,25,0.9887170388477653,0.0009189422340315501,0.11105034445898083,0.08628248694326897,0.36191324636844263,0.04768130915851023,,4.888949655541019,in,,,,
Pell,256,5,0,24,0.989617360113539,0.0008817002975159971,0.0638347080387364,0.08245657190566608,0.3604677927355494,0.04574975826822832,,4.936165291961264,in,,,,
Pell,256,5,0,23,0.9904804228450386,0.0008444251654829982,0.012716391464977323,0.07864627243053939,0.35897997865534226,0.04381652298556065,,4.987283608535023,in,,,,
Pell,256,5,0,22,0.9913061945484398,0.0008071182413195155,-0.042787001593858065,0.07485278597705176,0.35744881072287915,0.041881681366165296,,5.042787001593858,in,,,,
Pell,256,5,0,21,0.9920946441339047,0.0007697809296104419,-0.10324292626331734,0.07107738563135953,0.35587347345773157,0.039945312552103804,,5.103242926263317,in,,,,
Pell,256,5,0,20,0.9928457419167522,0.0007324146360845329,-0.16932412593372528,0.06732142871874314,0.35425341828181217,0.03800749703151107,,5.169324125933725,in,,,,
Pell,256,5,0,19,0.9935594596185753,0.0006950207675615605,-0.24183493385945432,0.06358636709838648,0.35258848993630326,0.036068316983276255,,5.2418349338594545,out,,,,
Pell,256,5,0,18,0.9942357703683058,0.0006576007318993549,-0.32174571774412875,0.05987375966978058,0.3508791080829462,0.0341278567406907,,5.321745717744129,out,,,,
Pell,256,5,0,17,0.9948746487032261,0.0006201559379414023,-0.4102382361944468,0.05618528778860689,0.3491265313131529,0.03218620342446039,,5.410238236194447,out,,,,
Pell,256,5,0,16,0.9954760705699284,0.0005826877954629994,-0.5087656904861985,0.052522774410507254,0.3473332453403789,0.030243447821435062,,5.508765690486198,out,,,,
Pell,256,5,0,15,0.996040013325219,0.0005451977151181842,-0.6191331849264428,0.04888820767541992,0.34550353893673463,0.028299685627458576,,5.619133184926443,out,,,,
Pell,256,5,0,14,0.9965664557369718,0.0005076871083876666,-0.7436091373505788,0.04528376902567668,0.34364436321337216,0.026355019242704437,,5.743609137350579,out,,,,
Pell,256,5,0,13,0.9970553779849279,0.00047015738752453906,-0.8850906860060371,0.04171186478820998,0.34176661977212064,0.024409560428120307,,5.885090686006037,out,,,,
Pell,256,5,0,12,0.9975067616614409,0.00043260996550142927,-1.0473718605399565,0.03817516008623385,0.33988712054397163,0.022463434345577144,,6.047371860539957,out,,,,
Pell,256,5,0,11,0.9979205897721704,0.00039504625595754295,-1.2355947737076745,0.03467662001191642,0.3380316993052145,0.020516785900961506,,6.235594773707675,out,,,,
Pell,256,5,0,10,0.9982968467367219,0.000357467673145595,-1.4569766126066999,0.031219578880781848,0.3362405147953121,0.01856979008004845,,6.4569766126067,out,,,,
Pell,256,5,0,9,0.9986355183892336,0.0003198756318776308,-1.7219225593045246,0.027807873776601977,0.3345777126263899,0.016622669548616326,,6.721922559304525,out,,,,
Pell,256,5,0,8,0.9989365919789088,0.00028227154747295646,-2.045760405003193,0.024446079653520296,0.3331498452700702,0.014675726253874088,,7.045760405003193,out,,,,
Pell,256,5,0,7,0.9992000561704975,0.0002446568357041823,-2.451649988882098,0.02113988268475181,0.3321425894543582,0.012729401983335095,,7.451649988882098,out,,,,
Pell,256,5,0,6,0.9994259010447213,0.0002070329127435988,-2.9762358734753933,0.01789664874854642,0.3318986971597308,0.010784404338853679,,7.976235873475393,out,,,,
Pell,256,5,0,5,0.9996141180986486,0.0001694011951111074,-3.6802083634517673,0.014726508319861975,0.3331036207432585,0.008841998346942326,,8.680208363451767,out,,,,
ell,256,8,0,1,0.9999905876413006,1.882471739889091E-05,-18.19777727423875,0.005317783634377821,0.7701003501134769,0.0013810625157083041,515.1989362652342,26.19777727423875,out:alpha+sweep;sweep=87.4,0.6673792903601766,7.999974967424271,5.98,RunDiagnostics { ResidualInf = 2.275291066666796E-12; Kappa1 = 43921.60962952892 }
ell,256,8,0,2,0.9999529385608728,5.64734434566061E-05,-12.981661998472095,0.009331889121237008,0.6043756359062779,0.0030881089729050985,301.3686413148821,20.981661998472095,out:alpha+sweep;sweep=82.3,0.6673792903601766,7.999974967424271,5.98,RunDiagnostics { ResidualInf = 2.275291066666796E-12; Kappa1 = 43921.60962952892 }
ell,256,8,0,3,0.999877641817484,9.41200433210998E-05,-9.545599904807052,0.013849197312510329,0.5562707827227056,0.004979300636544124,268.35843104562855,17.54559990480705,out:alpha+sweep;sweep=77.3,0.6673792903601766,7.999974967424271,5.98,RunDiagnostics { ResidualInf = 2.275291066666796E-12; Kappa1 = 43921.60962952892 }
ell,256,8,0,4,0.9997647002460138,0.00013176309961915322,-7.382660517063077,0.018596055612563604,0.538642378407502,0.006904787427808004,257.3948144921779,15.382660517063076,out:alpha+sweep;sweep=72.5,0.6673792903601766,7.999974967424271,5.98,RunDiagnostics { ResidualInf = 2.275291066666796E-12; Kappa1 = 43921.60962952892 }
Pell,256,8,0,256,0.0030679423245771656,0.0061358846491544545,1.5608023833523241,1.0735652974781318,0.6745441448445629,0.3183083881709525,,6.439197616647676,in,,,,
Pell,256,8,0,255,0.009203711467437108,0.00613565363656543,1.5607986666694946,1.073523141732426,0.6745430534093694,0.31829640415284866,,6.439201333330505,in,,,,
Pell,256,8,0,254,0.01533913409576226,0.006135191620084872,1.5607912319844033,1.073438831825566,0.6745408703318514,0.31827243656784515,,6.439208768015597,in,,,,
Pell,256,8,0,253,0.021473979214358417,0.006134498617107447,1.5607800766546305,1.0733123709266128,0.6745375951976627,0.3182364863183335,,6.4392199233453695,in,,,,
Pell,256,8,0,252,0.0276080158497743,0.006133574653724317,1.5607651967157148,1.073143763789067,0.6745332273850826,0.31818855475785857,,6.439234803284285,in,,,,
Pell,256,8,0,251,0.03374101305899766,0.006132419764722407,1.5607465868753527,1.0729330167507554,0.6745277660647704,0.3181286436910675,,6.439253413124647,in,,,,
Pell,256,8,0,250,0.039872739938149854,0.006131033993581968,1.5607242405138324,1.0726801377336936,0.6745212101994479,0.318056755373642,,6.439275759486168,in,,,,
Pell,256,8,0,249,0.04600296563117942,0.006129417392477174,1.56069814967809,1.0723851362439007,0.6745135585434919,0.3179728925122131,,6.43930185032191,in,,,,
Pell,256,8,0,248,0.05213145933855396,0.006127570022271905,1.5606683050758903,1.0720480233711815,0.6745048096424493,0.31787705826425977,,6.4393316949241095,in,,,,
Pell,256,8,0,247,0.05825799032594922,0.006125491952518616,1.560634696070372,1.071668811788873,0.6744949618324685,0.31776925623798946,,6.439365303929628,in,,,,
Pell,256,8,0,246,0.06438232793293626,0.006123183261455452,1.560597310674264,1.071247515753558,0.6744840132396513,0.31764949049220303,,6.4394026893257355,in,,,,
Pell,256,8,0,245,0.07050424158166566,0.006120644036003348,1.5605561355387663,1.070784151104732,0.6744719617793168,0.31751776553614136,,6.439443864461234,in,,,,
Pell,256,8,0,244,0.07662350078554866,0.0061178743717626854,1.560511155948577,1.070278735264453,0.6744588051551903,0.31737408632931585,,6.439488844051423,in,,,,
Pell,256,8,0,243,0.08273987515793488,0.0061148743730097405,1.56046235581136,1.0697312872369436,0.674444540858504,0.31721845828132195,,6.43953764418864,in,,,,
Pell,256,8,0,242,0.08885313442078616,0.006111644152692816,1.5604097176445604,1.069141827608155,0.67442916616701,0.31705088725163516,,6.439590282355439,in,,,,
Pell,256,8,0,241,0.0949630484133466,0.006108183832428074,1.5603532225675156,1.0685103785453105,0.6744126781439161,0.316871379549391,,6.439646777432484,in,,,,
Pell,256,8,0,240,0.10106938710080762,0.006104493542493955,1.5602928502881495,1.0678369637964051,0.674395073636733,0.316679941933147,,6.43970714971185,in,,,,
Pell,256,8,0,239,0.10717192058296883,0.006100573421828459,1.5602285790874941,1.0671216086896678,0.6743763492760305,0.31647658161062875,,6.439771420912506,in,,,,
Pell,256,8,0,238,0.1132704191028939,0.006096423618021693,1.5601603858089195,1.0663643401330023,0.6743565014741147,0.31626130623845844,,6.43983961419108,in,,,,
Pell,256,8,0,237,0.11936465305556046,0.006092044287311402,1.560088245839814,1.0655651866133808,0.6743355264236094,0.31603412392186664,,6.439911754160186,in,,,,
Pell,256,8,0,236,0.12545439299650463,0.006087435594576959,1.5600121330956966,1.0647241781962142,0.6743134200959529,0.31579504321438745,,6.439987866904303,in,,,,
Pell,256,8,0,235,0.13153940965045963,0.006082597713332999,1.5599320200075422,1.0638413465246965,0.6742901782398105,0.31554407311753624,,6.440067979992458,in,,,,
Pell,256,8,0,234,0.13761947391998763,0.006077530825723015,1.5598478774948474,1.0629167248190885,0.674265796379376,0.3152812230804713,,6.440152122505152,in,,,,
Pell,256,8,0,233,0.14369435689410537,0.006072235122512509,1.55975967495493,1.0619503478760104,0.6742402698126087,0.3150065029996377,,6.44024032504507,in,,,,
Pell,256,8,0,232,0.14976382985690245,0.00606671080308166,1.5596673802365617,1.0609422520676708,0.6742135936093536,0.3147199232183953,,6.4403326197634385,in,,,,
Pell,256,8,0,231,0.1558276642961523,0.006060958075417983,1.5595709596213716,1.0598924753410826,0.6741857626093803,0.31442149452662904,,6.440429040378628,in,,,,
Pell,256,8,0,230,0.16188563191191563,0.006054977156108671,1.5594703778034216,1.0588010572172517,0.674156771420326,0.3141112281603432,,6.440529622196578,in,,,,
Pell,256,8,0,229,0.1679375046251356,0.006048768270331295,1.5593655978563454,1.057668038790307,0.6741266144155228,0.3137891358012382,,6.440634402143655,in,,,,
Pell,256,8,0,228,0.17398305458622498,0.0060423316518475045,1.559256581221577,1.056493462726655,0.67409528573176,0.3134552295762712,,6.440743418778423,in,,,,
Pell,256,8,0,227,0.18002205418364484,0.0060356675429921736,1.5591432876719202,1.0552773732640524,0.6740627792669123,0.3131095220571995,,6.440856712328079,in,,,,
Pell,256,8,0,226,0.18605427605247354,0.006028776194665242,1.5590256752866898,1.054019816210681,0.6740290886774819,0.3127520262601076,,6.44097432471331,in,,,,
Pell,256,8,0,225,0.19207949308296718,0.006021657866322028,1.5589037004274453,1.0527208389442013,0.673994207376044,0.312382755644917,,6.441096299572555,in,,,,
Pell,256,8,0,224,0.19809747842911002,0.006014312825963625,1.5587773177031918,1.0513804904107573,0.6739581285285692,0.31200172411488,,6.441222682296808,in,,,,
Pell,256,8,0,223,0.20410800551715513,0.006006741350126632,1.5586464799393247,1.0499988211239712,0.6739208450516494,0.311608946016056,,6.441353520060675,in,,,,
Pell,256,8,0,222,0.21011084805415486,0.005998943723872802,1.5585111381514931,1.0485758831639271,0.6738823496096218,0.311204436136772,,6.441488861848507,in,,,,
Pell,256,8,0,221,0.21610578003648045,0.005990920240778408,1.5583712415031503,1.0471117301760955,0.6738426346115594,0.3107882097070659,,6.44162875849685,in,,,,
Pell,256,8,0,220,0.22209257575833116,0.005982671202923007,1.5582267372758616,1.0456064173702702,0.6738016922081699,0.31036028239811303,,6.441773262724139,in,,,,
Pell,256,8,0,219,0.2280710098202319,0.005974196920878472,1.5580775708291514,1.044060001519465,0.6737595142885667,0.3099206703216367,,6.441922429170848,in,,,,
Pell,256,8,0,218,0.23404085713751918,0.0059654977136960885,1.557923685568053,1.0424725409588085,0.6737160924769348,0.30946939002930185,,6.442076314431947,in,,,,
Pell,256,8,0,217,0.24000189294881555,0.005956573908896645,1.5577650228947006,1.040844095584389,0.6736714181290548,0.30900645851209174,,6.442234977105299,in,,,,
Pell,256,8,0,216,0.24595389282449198,0.00594742584245625,1.5576015221747241,1.039174726852116,0.6736254823287302,0.3085318931996689,,6.442398477825276,in,,,,
Pell,256,8,0,215,0.2518966326751173,0.005938053858794395,1.557433120689738,1.0374644977765408,0.6735782758840694,0.30804571195971897,,6.442566879310262,in,,,,
Pell,256,8,0,214,0.257829888759895,0.005928458310760942,1.5572597535935582,1.0357134729296729,0.6735297893236525,0.30754793309727824,,6.442740246406442,in,,,,
Pell,256,8,0,213,0.26375343769508686,0.005918639559622851,1.557081353870148,1.0339217184397869,0.6734800128925663,0.30703857535404494,,6.442918646129852,in,,,,
Pell,256,8,0,212,0.2696670564624236,0.005908597975050556,1.5568978522767096,1.0320893019901902,0.673428936548293,0.30651765790767355,,6.44310214772329,in,,,,
Pell,256,8,0,211,0.2755705224175009,0.005898333935104083,1.556709177303436,1.0302162928180159,0.6733765499564831,0.3059852003710534,,6.443290822696564,in,,,,
Pell,256,8,0,210,0.28146361329816233,0.005887847826218762,1.5565152551105317,1.028302761712964,0.6733228424865662,0.30544122279157054,,6.443484744889468,in,,,,
Pell,256,8,0,209,0.2873461072328669,0.005877140043190454,1.5563160094880024,1.0263487810160867,0.6732678032072491,0.3048857456503531,,6.443683990511998,in,,,,
Pell,256,8,0,208,0.293217782749043,0.00586621098916168,1.5561113617880757,1.0243544246185077,0.6732114208818358,0.30431878986150046,,6.4438886382119245,in,,,,
Pell,256,8,0,207,0.29907841878142594,0.00585506107560424,1.5559012308708808,1.0223197679601712,0.6731536839634159,0.30374037677129656,,6.444098769129119,in,,,,
Pell,256,8,0,206,0.30492779468038145,0.0058436907223067824,1.5556855330473487,1.0202448880285868,0.6730945805899047,0.3031505281574061,,6.444314466952651,in,,,,
Pell,256,8,0,205,0.31076569022021316,0.00583210035735654,1.5554641820137705,1.0181298633575544,0.6730340985789132,0.3025492662280554,,6.44453581798623,in,,,,
Pell,256,8,0,204,0.31659188560745355,0.00582029041712423,1.5552370887878082,1.015974774025898,0.6729722254224656,0.3019366136211963,,6.444762911212192,in,,,,
Pell,256,8,0,203,0.32240616148913925,0.005808261346247234,1.5550041616393364,1.0137797016561951,0.6729089482815487,0.30131259340365446,,6.444995838360663,in,,,,
Pell,256,8,0,202,0.3282082989610696,0.0057960135976134475,1.5547653060264008,1.0115447294135245,0.6728442539805034,0.3006772290702613,,6.4452346939736,in,,,,
Pell,256,8,0,201,0.3339980795760481,0.005783547632343622,1.5545204245174207,1.0092699420041944,0.6727781290012285,0.3000305445429697,,6.4454795754825795,in,,,,
Pell,256,8,0,200,0.3397752853521071,0.005770863919774327,1.5542694167206865,1.006955425674496,0.6727105594772186,0.29937256416995384,,6.445730583279314,in,,,,
Pell,256,8,0,199,0.34553969878071433,0.005757962937440131,1.5540121792019956,1.004601268209449,0.6726415311874117,0.2987033127246931,,6.445987820798004,in,,,,
Pell,256,8,0,198,0.3512911028349624,0.005744845171056001,1.5537486054112042,1.0022075589315826,0.6725710295498643,0.29802281540503944,,6.446251394588796,in,,,,
Pell,256,8,0,197,0.3570292809777393,0.005731511114497767,1.5534785855964433,0.9997743886997026,0.6724990396152205,0.2973310978322697,,6.4465214144035565,in,,,,
Pell,256,8,0,196,0.362754017169881,0.005717961269785687,1.5532020067003511,0.9973018499076538,0.6724255460599694,0.2966281860501209,,6.446797993299649,in,,,,
Pell,256,8,0,195,0.36846509587830567,0.005704196147063634,1.5529187523143038,0.9947900364832253,0.6723505331795864,0.2959141065238107,,6.447081247685697,in,,,,
Pell,256,8,0,194,0.3741623020841278,0.005690216264580716,1.552628702538313,0.9922390438868784,0.6722739848813342,0.29518888613904126,,6.447371297461687,in,,,,
Pell,256,8,0,193,0.37984542129075394,0.005676022148671522,1.5523317339116576,0.9896489691106511,0.6721958846769558,0.2944525522009874,,6.447668266088343,in,,,,
Pell,256,8,0,192,0.38551423953195796,0.005661614333736464,1.552027719307155,0.9870199106770269,0.672116215675107,0.2937051324332697,,6.447972280692845,in,,,,
Pell,256,8,0,191,0.3911685433799371,0.005646993362221797,1.5517165278232707,0.984351968637831,0.6720349605735665,0.29294665497691047,,6.44828347217673,in,,,,
Pell,256,8,0,190,0.3968081199533473,0.005632159784598689,1.5513980246871326,0.9816452445731889,0.6719521016512326,0.29217714838927555,,6.448601975312867,in,,,,
Pell,256,8,0,189,0.4024327569253182,0.005617114159343073,1.551072071133067,0.9788998415904753,0.6718676207598582,0.2913966416429995,,6.448927928866933,in,,,,
Pell,256,8,0,188,0.4080422425314468,0.00560185705291405,1.5507385242961185,0.9761158643233367,0.6717814993155625,0.2906051641248954,,6.4492614757038815,in,,,,
Pell,256,8,0,187,0.4136363655777704,0.005586389039733186,1.550397237086508,0.9732934189307278,0.6716937182900785,0.28980274563484903,,6.449602762913492,in,,,,
Pell,256,8,0,186,0.41921491544871836,0.005570710702162696,1.5500480580701244,0.9704326130960076,0.6716042582017495,0.2889894163846979,,6.449951941929876,in,,,,
Pell,256,8,0,185,0.42477768211504074,0.005554822630482181,1.549690831337152,0.9675335560260714,0.6715130991062555,0.2881652069970941,,6.450309168662848,in,,,,
Pell,256,8,0,184,0.4303244561417169,0.005538725422870094,1.5493253963728775,0.9645963584505455,0.6714202205870742,0.28733014850435246,,6.450674603627123,in,,,,
Pell,256,8,0,183,0.4358550286958397,0.005522419685375424,1.548951587915083,0.9616211326210184,0.6713256017456484,0.2864842723472826,,6.451048412084917,in,,,,
Pell,256,8,0,182,0.4413691915544783,0.005505906031901764,1.5485692358185363,0.9586079923103553,0.6712292211912815,0.28562761037400636,,6.451430764181463,in,,,,
Pell,256,8,0,181,0.4468667371125179,0.005489185084177561,1.5481781648969046,0.9555570528120357,0.6711310570307091,0.2847601948387592,,6.451821835103095,in,,,,
Pell,256,8,0,180,0.4523474583904752,0.005472257471737019,1.5477781947755613,0.9524684309395943,0.6710310868573887,0.2838820584006768,,6.452221805224439,in,,,,
Pell,256,8,0,179,0.4578111490422919,0.005455123831896336,1.5473691397319822,0.9493422450261173,0.6709292877404623,0.28299323412256655,,6.452630860268018,in,,,,
Pell,256,8,0,178,0.46325760336310307,0.005437784809725954,1.5469508085259829,0.9461786149238042,0.6708256362133885,0.28209375546966314,,6.453049191474017,in,,,,
Pell,256,8,0,177,0.46868661629698183,0.005420241058031683,1.5465230042321534,0.9429776620036252,0.6707201082622494,0.28118365630837,,6.453476995767847,in,,,,
Pell,256,8,0,176,0.4740979834446598,0.005402493237324224,1.5460855240596794,0.9397395091550513,0.6706126793137029,0.28026297090498486,,6.453914475940321,in,,,,
Pell,256,8,0,175,0.47949150107122235,0.005384542015800853,1.5456381591648123,0.9364642807858701,0.6705033242225772,0.279331733924411,,6.454361840835188,in,,,,
Pell,256,8,0,174,0.4848669661137792,0.005366388069312944,1.5451806944656534,0.9331521028221158,0.6703920172591116,0.2783899804288527,,6.454819305534347,in,,,,
Pell,256,8,0,173,0.49022417618910985,0.005348032081348264,1.5447129084322377,0.9298031027080628,0.6702787320957914,0.27743774587649667,,6.4552870915677625,in,,,,
Pell,256,8,0,172,0.4955629296012828,0.005329474742997609,1.5442345728895128,0.9264174094063665,0.6701634417938238,0.2764750661201777,,6.455765427110487,in,,,,
Pell,256,8,0,171,0.5008830253492496,0.005310716752935873,1.5437454527958425,0.922995153398281,0.670046118789184,0.2755019774060305,,6.456254547204157,in,,,,
Pell,256,8,0,170,0.5061842631344122,0.005291758817389636,1.5432453060225928,0.9195364666840108,0.6699267348782593,0.2745185163721257,,6.456754693977407,in,,,,
Pell,256,8,0,169,0.5114664433681644,0.005272601650114561,1.5427338831195163,0.9160414827831753,0.6698052612030556,0.27352472004709194,,6.457266116880484,in,,,,
Pell,256,8,0,168,0.5167293671794057,0.005253245972367981,1.5422109270762419,0.9125103367354132,0.6696816682359669,0.27252062584872305,,6.457789072923758,in,,,,
Pell,256,8,0,167,0.5219728364220292,0.0052336925128790845,1.5416761730699895,0.9089431651011126,0.6695559257640831,0.27150627158257046,,6.458323826930011,in,,,,
Pell,256,8,0,166,0.5271966536823818,0.005213942007825989,1.541129348204066,0.9053401059622862,0.6694280028730227,0.27048169544052114,,6.458870651795934,in,,,,
Pell,256,8,0,165,0.5324006222866959,0.005193995200802326,1.5405701712412285,0.9017012989236073,0.6692978679302884,0.26944693599936137,,6.459429828758772,in,,,,
Pell,256,8,0,164,0.537584546308495,0.005173852842795812,1.5399983523164404,0.8980268851135824,0.6691654885681022,0.26840203221932557,,6.460001647683559,in,,,,
Pell,256,8,0,163,0.5427482305759695,0.0051535156921533876,1.539413592650084,0.894317007185914,0.6690308316657374,0.267347023442631,,6.460586407349916,in,,,,
Pell,256,8,0,162,0.5478914806793256,0.0051329845145585695,1.5388155842393827,0.8905718093210155,0.6688938633312992,0.2662819493919981,,6.461184415760617,in,,,,
Pell,256,8,0,161,0.5530141029781034,0.005112260082997144,1.5382040095443446,0.8867914372277232,0.6687545488829578,0.2652068501691568,,6.461795990455656,in,,,,
Pell,256,8,0,160,0.5581159046084689,0.005091343177733965,1.537578541156235,0.8829760381451874,0.6686128528296015,0.264121766253338,,6.462421458843765,in,,,,
Pell,256,8,0,159,0.5631966934904746,0.005070234586277422,1.5369388414591463,0.8791257608449782,0.6684687388509046,0.2630267384997516,,6.463061158540854,in,,,,
Pell,256,8,0,158,0.5682562783352902,0.005048935103353802,1.5362845622665815,0.8752407556333804,0.6683221697767684,0.2619218081380501,,6.463715437733418,in,,,,
Pell,256,8,0,157,0.5732944686524062,0.005027445530878194,1.535615344460148,0.8713211743539364,0.6681731075661481,0.26080701677077806,,6.4643846555398525,in,,,,
Pell,256,8,0,156,0.5783110747568049,0.005005766677919077,1.5349308175915908,0.8673671703901819,0.6680215132851962,0.25968240637180784,,6.465069182408409,in,,,,
Pell,256,8,0,155,0.5833059077761016,0.004983899360674449,1.5342305994919336,0.8633788986686638,0.6678673470847594,0.25854801928476134,,6.465769400508067,in,,,,
Pell,256,8,0,154,0.5882787796576565,0.004961844402435189,1.5335142958440844,0.8593565156621736,0.6677105681771441,0.2574038982214179,,6.466485704155915,in,,,,
Pell,256,8,0,153,0.5932295031756537,0.0049396026335593035,1.532781499752457,0.8553001793932705,0.667551134812179,0.25625008626010837,,6.467218500247543,in,,,,
Pell,256,8,0,152,0.598157891938151,0.004917174891435394,1.5320317912833747,0.8512100494380608,0.6673890042525084,0.2550866268440956,,6.467968208716625,in,,,,
Pell,256,8,0,151,0.6030637603940971,0.004894562020456683,1.5312647369964525,0.8470862869302821,0.6672241327481232,0.253913563779941,,6.4687352630035475,in,,,,
Pell,256,8,0,150,0.6079469238403175,0.004871764871984152,1.5304798894459628,0.8429290545656747,0.6670564755100735,0.252730941235858,,6.469520110554037,in,,,,
Pell,256,8,0,149,0.6128071984284682,0.004848784304317233,1.5296767866720287,0.8387385166066842,0.6668859866833623,0.25153880374005144,,6.470323213327971,in,,,,
Pell,256,8,0,148,0.617644401171958,0.004825621182662387,1.528854951656647,0.8345148388874711,0.666712619318958,0.25033719617904393,,6.471145048343353,in,,,,
Pell,256,8,0,147,0.6224583499528378,0.004802276379097026,1.5280138917728876,0.8302581888192938,0.6665363253449355,0.24912616379598862,,6.471986108227112,in,,,,
Pell,256,8,0,146,0.6272488635286566,0.004778750772540863,1.5271530981907442,0.8259687353962193,0.6663570555366671,0.2479057521889687,,6.472846901809255,in,,,,
Pell,256,8,0,145,0.6320157615392863,0.0047550452487182815,1.5262720452801442,0.8216466492012469,0.6661747594860833,0.24667600730928366,,6.473727954719855,in,,,,
Pell,256,8,0,144,0.6367588645137106,0.004731160700130355,1.5253701899653187,0.8172921024127892,0.6659893855699109,0.2454369754597224,,6.474629810034681,in,,,,
Pell,256,8,0,143,0.6414779938767835,0.004707098026015544,1.5244469710651434,0.8129052688115844,0.6658008809168984,0.2441887032928233,,6.475553028934857,in,,,,
Pell,256,8,0,142,0.6461729719559519,0.004682858132321166,1.523501808602814,0.8084863237880401,0.665609191373976,0.2429312378091209,,6.4764981913971855,in,,,,
Pell,256,8,0,141,0.6508436219879445,0.004658441931664092,1.522534103077786,0.8040354443500091,0.6654142614712949,0.24166462635538027,,6.477465896922214,in,,,,
Pell,256,8,0,140,0.6554897681254276,0.004633850343302104,1.5215432347134359,0.7995528091310512,0.665216034386135,0.240388916622818,,6.478456765286564,in,,,,
Pell,256,8,0,139,0.6601112354436253,0.004609084293093257,1.520528562669943,0.7950385983991787,0.6650144519056173,0.23910415664531007,,6.479471437330057,in,,,,
Pell,256,8,0,138,0.6647078499469047,0.004584144713465577,1.5194894242111985,0.7904929940660964,0.6648094543881669,0.23781039479758836,,6.480510575788801,in,,,,
Pell,256,8,0,137,0.669279438575328,0.00455903254338097,1.518425133848409,0.7859161796970028,0.6646009807237213,0.2365076797934227,,6.4815748661515915,in,,,,
Pell,256,8,0,136,0.6738258292111672,0.004533748728297371,1.5173349824415747,0.7813083405209416,0.6643889682926015,0.23519606068379148,,6.482665017558425,in,,,,
Pell,256,8,0,135,0.6783468506853845,0.004508294220137321,1.5162182362490377,0.7766696634417176,0.6641733529229895,0.23387558685503965,,6.4837817637509625,in,,,,
Pell,256,8,0,134,0.6828423327840767,0.004482669977247111,1.5150741359439157,0.7720003370494377,0.6639540688469879,0.232546308027024,,6.484925864056084,in,,,,
Pell,256,8,0,133,0.6873121062548836,0.004456876964366696,1.513901895583077,0.7673005516326887,0.6637310486551958,0.2312082742512462,,6.486098104416923,in,,,,
Pell,256,8,0,132,0.6917560028133605,0.00443091615258695,1.5127007015267795,0.7625704991913744,0.6635042232497361,0.22986153590897362,,6.4872992984732205,in,,,,
Pell,256,8,0,131,0.6961738551493133,0.004404788519318914,1.5114697113064905,0.757810373450245,0.6632735217956797,0.22850614370934813,,6.488530288693509,in,,,,
Pell,256,8,0,130,0.700565496933099,0.004378495048252273,1.5102080524390444,0.753020369873148,0.6630388716708014,0.2271421486874822,,6.489791947560955,in,,,,
Pell,256,8,0,129,0.7049307628218863,0.004352036729322384,1.5089148211888865,0.7482006856780496,0.6628001984136184,0.22576960220254413,,6.4910851788111135,in,,,,
Pell,256,8,0,128,0.709269488465882,0.004325414558669083,1.507589081263347,0.7433515198528289,0.6625574256696146,0.22438855593582988,,6.4924109187366525,in,,,,
Pell,256,8,0,127,0.7135815105145176,0.00429862953860205,1.5062298624584134,0.7384730731719232,0.6623104751356188,0.22299906188882454,,6.493770137541587,in,,,,
Pell,256,8,0,126,0.7178666666226001,0.00427168267756306,1.5048361592196202,0.7335655482138026,0.662059266502209,0.22160117238125085,,6.49516384078038,in,,,,
Pell,256,8,0,125,0.7221247954564243,0.004244574990085126,1.5034069291485928,0.7286291493793723,0.661803717394121,0.22019494004910675,,6.496593070851407,in,,,,
Pell,256,8,0,124,0.726355736699846,0.004217307496758416,1.501941091432648,0.7236640829113153,0.6615437433085516,0.21878041784269134,,6.4980589085673515,in,,,,
Pell,256,8,0,123,0.7305593310603189,0.004189881224187508,1.500437525189771,0.7186705569144065,0.6612792575512658,0.21735765902461907,,6.499562474810229,in,,,,
Pell,256,8,0,122,0.7347354202748912,0.004162297204957088,1.4988950677488362,0.7136487813768844,0.6610101711704548,0.2159267171678227,,6.501104932251164,in,,,,
Pell,256,8,0,121,0.7388838471161643,0.004134556477589091,1.4973125128144176,0.7085989681928528,0.660736392888184,0.21448764615354513,,6.502687487185582,in,,,,
Pell,256,8,0,120,0.7430044553982125,0.0041066600865070635,1.4956886085728938,0.7035213311858582,0.6604578290294245,0.21304050016931975,,6.504311391427106,in,,,,
Pell,256,8,0,119,0.7470970899824625,0.004078609081993201,1.494022055673462,0.6984160861336043,0.6601743834484833,0.21158533370694022,,6.505977944326538,in,,,,
Pell,256,8,0,118,0.7511615967835358,0.004050404520153261,1.4923115051302425,0.693283450793925,0.6598859574527907,0.21012220156041844,,6.5076884948697575,in,,,,
Pell,256,8,0,117,0.7551978227750484,0.004022047462872158,1.4905555560950723,0.6881236449320203,0.6595924497238796,0.20865115882393268,,6.509444443904927,in,,,,
Pell,256,8,0,116,0.7592056159953731,0.0039935389777771,1.48875275353177,0.6829368903490539,0.6592937562354863,0.20717226088976423,,6.51124724646823,in,,,,
Pell,256,8,0,115,0.7631848255533603,0.003964880138197291,1.4869015857551098,0.6777234109121448,0.6589897701686153,0.20568556344622352,,6.51309841424489,in,,,,
Pell,256,8,0,114,0.7671353016340192,0.003936072023120518,1.4850004818678002,0.6724834325858634,0.6586803818234893,0.20419112247556603,,6.5149995181322,in,,,,
Pell,256,8,0,113,0.7710568955041582,0.003907115717157517,1.483047809006295,0.6672171834651862,0.658365478528137,0.20268899425189743,,6.516952190993705,in,,,,
Pell,256,8,0,112,0.7749494595179847,0.003878012310495338,1.4810418695088166,0.661924893810164,0.6580449445436576,0.20117923533906854,,6.518958130491184,in,,,,
Pell,256,8,0,111,0.7788128471226634,0.003848762898862157,1.4789808978806138,0.6566067960822052,0.6577186609658461,0.19966190258856023,,6.521019102119386,in,,,,
Pell,256,8,0,110,0.7826469128638347,0.0038193685834805313,1.476863057618664,0.6512631249821521,0.65738650562312,0.19813705313735833,,6.523136942381336,in,,,,
Pell,256,8,0,109,0.7864515123910907,0.003789830471031208,1.4746864378532296,0.645894117490191,0.6570483529705481,0.19660474440581785,,6.525313562146771,in,,,,
Pell,256,8,0,108,0.7902265024634092,0.003760149673605939,1.4724490498126,0.640500012907708,0.6567040739798291,0.19506503409551898,,6.5275509501874005,in,,,,
Pell,256,8,0,107,0.7939717409545478,0.0037303273086712885,1.47014882308453,0.6350810529011549,0.656353536025022,0.1935179801871118,,6.52985117691547,in,,,,
Pell,256,8,0,106,0.7976870868583943,0.003700364499021669,1.4677836016736363,0.6296374815480461,0.6559966027638588,0.19196364093815244,,6.532216398326364,in,,,,
Pell,256,8,0,105,0.801372400294275,0.0036702623727397077,1.4653511398406882,0.6241695453851808,0.6556331340144402,0.19040207488092983,,6.534648860159312,in,,,,
Pell,256,8,0,104,0.8050275425122221,0.003640022063154502,1.4628490976987232,0.6186774934591782,0.6552629856270862,0.18883334082028283,,6.537150902301277,in,,,,
Pell,256,8,0,103,0.8086523758981969,0.003609644708795323,1.4602750365545394,0.6131615773794493,0.6548860093511338,0.18725749783140871,,6.539724963445461,in,,,,
Pell,256,8,0,102,0.8122467639792715,0.0035791314533537566,1.4576264140004331,0.6076220513737494,0.6545020526964862,0.18567460525766247,,6.542373585999567,in,,,,
Pell,256,8,0,101,0.815810571428766,0.0035484834456351866,1.4549005786978666,0.6020591723463801,0.6541109587896048,0.18408472270834794,,6.545099421302133,in,,,,
Pell,256,8,0,100,0.8193436640713441,0.003517701839521048,1.4520947648709601,0.5964731999392157,0.6537125662237484,0.1824879100564999,,6.54790523512904,in,,,,
Pell,256,8,0,99,0.8228459088880649,0.0034867877939204206,1.4492060864655654,0.5908643965956647,0.6533067089031561,0.18088422743665789,,6.550793913534434,in,,,,
Pell,256,8,0,98,0.8263171740213904,0.0034557424727306163,1.4462315309671425,0.5852330276277322,0.6528932158809182,0.1792737352426322,,6.553768469032858,in,,,,
Pell,256,8,0,97,0.8297573287801505,0.0034245670447896615,1.4431679528408972,0.5795793612863129,0.652471911190214,0.1776564941252618,,6.556832047159103,in,,,,
Pell,256,8,0,96,0.8331662436444627,0.0033932626838346636,1.4400120665838843,0.5739036688348977,0.6520426136686283,0.17603256499016454,,6.5599879334161155,in,,,,
Pell,256,8,0,95,0.836543790270609,0.0033618305684580685,1.4367604393316797,0.5682062246268238,0.6516051367751737,0.17440200899547992,,6.56323956066832,in,,,,
Pell,256,8,0,94,0.8398898414958682,0.003330271882060254,1.4334094830310968,0.5624873061863004,0.6511592883997321,0.17276488754960428,,6.566590516968903,in,,,,
Pell,256,8,0,93,0.8432042713433028,0.003298587812808784,1.4299554461117474,0.5567471942933583,0.6507048706644994,0.17112126230891997,,6.570044553888253,in,,,,
Pell,256,8,0,92,0.8464869550265022,0.0032667795535900046,1.4263944046362995,0.550986173072931,0.6502416797170623,0.16947119517551687,,6.5736055953637,in,,,,
Pell,256,8,0,91,0.8497377689542811,0.003234848301967963,1.422722252884865,0.545204530088276,0.6497695055146946,0.1678147482949078,,6.577277747115135,in,,,,
Pell,256,8,0,90,0.8529565907353327,0.0032027952601353382,1.4189346933447686,0.5394025564389716,0.649288131599457,0.16615198405373802,,6.581065306655232,in,,,,
Pell,256,8,0,89,0.8561432991828362,0.0031706216348715843,1.4150272260344248,0.5335805468636927,0.6487973348636074,0.1644829650774888,,6.584972773965575,in,,,,
Pell,256,8,0,88,0.8592977743190195,0.0031383286374950803,1.4109951371500076,0.5277387998480567,0.6482968853048959,0.16280775422817576,,6.589004862849992,in,,,,
Pell,256,8,0,87,0.8624198973796768,0.003105917483819609,1.4068334869435903,0.5218776177377544,0.647786545771175,0.16112641460204183,,6.59316651305641,in,,,,
Pell,256,8,0,86,0.8655095508186397,0.003073389394105952,1.4025370967953603,0.5159973068572654,0.647266071693815,0.1594390095272457,,6.59746290320464,in,,,,
Pell,256,8,0,85,0.868566618312202,0.003040745593018701,1.3981005354173348,0.5100981776344626,0.646735210809367,0.15774560256154668,,6.601899464582665,in,,,,
Pell,256,8,0,84,0.8715909847635007,0.0030079873095787413,1.3935181041151663,0.5041805447313958,0.6461937028688501,0.15604625748998457,,6.6064818958848335,in,,,,
Pell,256,8,0,83,0.8745825363068482,0.0029751157771163994,1.3887838210235854,0.49824472718158247,0.645641279334017,0.15434103832255736,,6.611216178976415,in,,,,
Pell,256,8,0,82,0.87754116031202,0.002942132233227035,1.3838914042544488,0.49229104853417816,0.6450776630599574,0.15263000929189566,,6.616108595745551,in,,,,
Pell,256,8,0,81,0.8804667453884942,0.0029090379197214133,1.3788342538500462,0.486319837005376,0.6445025679632902,0.15091323485093575,,6.621165746149954,in,,,,
Pell,256,8,0,80,0.8833591813896464,0.002875834082582851,1.3736054324448457,0.4803314256374257,0.6439156986751956,0.14919077967059002,,6.626394567555154,in,,,,
Pell,256,8,0,79,0.8862183594168958,0.0028425219719160344,1.3681976445406574,0.4743261524657138,0.6433167501785007,0.14746270863741784,,6.631802355459342,in,,,,
Pell,256,8,0,78,0.8890441718238058,0.0028091028419040542,1.3626032142607953,0.46830436069431897,0.6427054074279432,0.14572908685129518,,6.637396785739204,in,,,,
Pell,256,8,0,77,0.8918365122201366,0.0027755779507573353,1.3568140614608082,0.46226639888053794,0.6420813449527313,0.14398997962308624,,6.643185938539192,in,,,,
Pell,256,8,0,76,0.8945952754758502,0.0027419485606698935,1.3508216760574259,0.45621262112887756,0.6414442264404413,0.14224545247231635,,6.649178323942574,in,,,,
Pell,256,8,0,75,0.8973203577250695,0.002708215937768821,1.3446170904048333,0.45014338729503683,0.6407937043012285,0.14049557112484692,,6.655382909595167,in,,,,
Pell,256,8,0,74,0.9000116563699879,0.0026743813520679893,1.3381908495596655,0.44405906320047295,0.6401294192113017,0.13874040151055533,,6.661809150440335,in,,,,
Pell,256,8,0,73,0.9026690700847326,0.002640446077421421,1.3315329792315438,0.4379600208581418,0.6394509996345082,0.1369800097610191,,6.668467020768456,in,,,,
Pell,256,8,0,72,0.9052924988191793,0.0026064113914719966,1.3246329512126096,0.4318466387100694,0.6387580613208315,0.13521446220720623,,6.675367048787391,in,,,,
Pell,256,8,0,71,0.9078818438027189,0.0025722785756070454,1.3174796460494884,0.42571930187745083,0.6380502067805239,0.13344382537717428,,6.682520353950512,in,,,,
Pell,256,8,0,70,0.9104370075479761,0.002538048914907387,1.3100613126981953,0.4195784024240213,0.6373270247325366,0.13166816599377795,,6.6899386873018045,in,,,,
Pell,256,8,0,69,0.9129578938544802,0.0025037236981009237,1.3023655248766908,0.4134243396334924,0.6365880895258079,0.12988755097238802,,6.6976344751233094,in,,,,
Pell,256,8,0,68,0.9154444078122866,0.002469304217511903,1.2943791337743735,0.40725752030189694,0.635832960531883,0.12810204741862405,,6.705620866225626,in,,,,
Pell,256,8,0,67,0.9178964558055501,0.0024347917690150656,1.2860882168052563,0.40107835904579303,0.6350611815073305,0.12631172262610207,,6.713911783194744,in,,,,
Pell,256,8,0,66,0.9203139455160497,0.0024001876519841314,1.2774780219387663,0.39488727862725087,0.6342722799241758,0.12451664407420036,,6.722521978061234,in,,,,
Pell,256,8,0,65,0.9226967859266643,0.0023654931692449477,1.2685329072405807,0.3886847102967495,0.633465766266685,0.12271687942584596,,6.731467092759419,in,,,,
Pell,256,8,0,64,0.9250448873247991,0.002330709627024641,1.2592362750499488,0.38247109415505226,0.6326411332925258,0.12091249652532542,,6.740763724950051,in,,,,
Pell,256,8,0,63,0.9273581613057634,0.002295838334904099,1.2495705002937252,0.3762468795353387,0.6317978552564231,0.11910356339612269,,6.750429499706275,in,,,,
Pell,256,8,0,62,0.9296365207760996,0.002260880605768234,1.2395168522690114,0.370012525406881,0.630935387094203,0.11729014823878806,,6.760483147730989,in,,,,
Pell,256,8,0,61,0.9318798799568613,0.0022258377557551334,1.2290554092196655,0.36376850080171785,0.6300531635651068,0.1154723194288438,,6.770944590780335,in,,,,
Pell,256,8,0,60,0.9340881543868432,0.0021907111042087646,1.218164964881489,0.35751528526584636,0.629150598350107,0.11365014551473025,,6.781835035118511,in,,,,
Pell,256,8,0,59,0.9362612609257612,0.0021555019736272385,1.2068229261224548,0.3512533693366235,0.6282270831039345,0.11182369521579884,,6.793177073877545,in,,,,
Pell,256,8,0,58,0.9383991177573824,0.0021202116896150702,1.195005200651067,0.34498325504818533,0.6272819864584154,0.10999303742035813,,6.804994799348933,in,,,,
Pell,256,8,0,57,0.9405016443926053,0.0020848415808307763,1.1826860736330251,0.33870545646684896,0.6263146529746632,0.10815824118378113,,6.817313926366975,in,,,,
Pell,256,8,0,56,0.9425687616724905,0.0020493929789396903,1.1698380719289598,0.33242050025866016,0.6253244020416844,0.10631937572668111,,6.83016192807104,in,,,,
Pell,256,8,0,55,0.9446003917712409,0.002013867218560894,1.1564318144437837,0.32612892629140805,0.6243105267188842,0.10447651043316719,,6.843568185556216,in,,,,
Pell,256,8,0,54,0.9465964581991312,0.0019782656372198115,1.1424358468872369,0.3198312882736667,0.6232722925200452,0.10262971484919026,,6.857564153112763,in,,,,
Pell,256,8,0,53,0.9485568858053889,0.0019425895752955835,1.1278164590207758,0.3135281544336554,0.6222089361364413,0.10077905868099049,,6.872183540979224,in,,,,
Pell,256,8,0,52,0.9504816007810225,0.0019068403759716634,1.1125374821301641,0.30722010824097573,0.6211196640968757,0.09892461179366518,,6.887462517869836,in,,,,
Pell,256,8,0,51,0.952370530661601,0.001871019385185524,1.0965600641860827,0.30090774917458357,0.6200036513627355,0.0970664442098701,,6.903439935813918,in,,,,
Pell,256,8,0,50,0.9542236043299823,0.0018351279515768093,1.079842419714011,0.294591693540681,0.6188600398564735,0.0952046261086765,,6.920157580285989,in,,,,
Pell,256,8,0,49,0.9560407520189897,0.001799167426438153,1.0623395509811948,0.28827257534461775,0.6176879369225267,0.09333922782460759,,6.937660449018805,in,,,,
Pell,256,8,0,48,0.9578219053140402,0.0017631391636626637,1.0440029365090373,0.2819510472212571,0.6164864137203045,0.09147031984687866,,6.955997063490963,in,,,,
Pell,256,8,0,47,0.9595669971557186,0.0017270445196942985,1.0247801823374447,0.2756277814288232,0.61525450355,0.08959797281887713,,6.9752198176625555,in,,,,
Pell,256,8,0,46,0.9612759618423037,0.0016908848534756826,1.0046146306439203,0.2693034709117016,0.6139912001131584,0.08772225753791554,,6.99538536935608,in,,,,
Pell,256,8,0,45,0.9629487350322407,0.001654661526398371,0.9834449194559083,0.26297883043836334,0.6126954557118266,0.08584324495530518,,7.016555080544092,in,,,,
Pell,256,8,0,44,0.9645852537465646,0.001618375902249447,0.9612044860605439,0.2566545978212025,0.6113661793922671,0.08396100617679958,,7.038795513939456,in,,,,
Pell,256,8,0,43,0.9661854563712706,0.0015820293471627833,0.9378210054310256,0.2503315352259543,0.6100022350423836,0.0820756124634727,,7.062178994568974,in,,,,
Pell,256,8,0,42,0.9677492826596348,0.0015456232295653072,0.9132157533887795,0.24401043057922073,0.6086024394558702,0.08018713523310284,,7.08678424661122,in,,,,
Pell,256,8,0,41,0.9692766737344807,0.0015091589201265965,0.8873028822947593,0.23769209908372338,0.6071655603813091,0.07829564606215451,,7.112697117705241,in,,,,
Pell,256,8,0,40,0.9707675720903979,0.0014726377917078093,0.8599885947315613,0.23137738485208234,0.6056903145811579,0.07640121668845987,,7.140011405268439,in,,,,
Pell,256,8,0,39,0.9722219215959059,0.0014360612193082822,0.8311701977488142,0.22506716267136936,0.6041753659344066,0.07450391901473327,,7.168829802251186,in,,,,
Pell,256,8,0,38,0.973639667495568,0.0013994305800157925,0.8007350167386282,0.21876233991228197,0.6026193236281615,0.07260382511307137,,7.199264983261372,in,,,,
Pell,256,8,0,37,0.9750207564120521,0.0013627472529526008,0.7685591436206266,0.21246385859871533,0.601020740498497,0.0707010072306304,,7.231440856379374,in,,,,
Pell,256,8,0,36,0.9763651363481414,0.0013260126192259358,0.7345059886178071,0.2061726976557486,0.5993781116007207,0.0687955377967128,,7.265494011382193,in,,,,
Pell,256,8,0,35,0.9776727566886909,0.0012892280618731489,0.6984245980655843,0.19988987535669345,0.597689873115208,0.06688748943155125,,7.301575401934416,in,,,,
Pell,256,8,0,34,0.978943568202534,0.0012523949658129752,0.6601476922065771,0.19361645199299857,0.5959544017294827,0.06497693495714309,,7.339852307793423,in,,,,
Pell,256,8,0,33,0.9801775230443355,0.0012155147177899117,0.619489366041582,0.1873535327945376,0.5941700146829243,0.06306394741058005,,7.380510633958418,in,,,,
Pell,256,8,0,32,0.9813745747563929,0.0011785887063248124,0.5762423824980605,0.1811022711322887,0.5923349707215588,0.061148600060427674,,7.4237576175019395,in,,,,
Pell,256,8,0,31,0.9825346782703858,0.001141618321661042,0.5301749694038086,0.17486387204087056,0.5904474722924415,0.05923096642685349,,7.4698250305961915,in,,,,
Pell,256,8,0,30,0.9836577899090726,0.0011046049557127402,0.48102700871293164,0.16863959610500595,0.5885056694178279,0.0573111203063959,,7.518972991287068,in,,,,
Pell,256,8,0,29,0.9847438673879352,0.0010675500020121964,0.42850547630042024,0.16243076376217014,0.5865076658401356,0.055389135802512736,,7.57149452369958,in,,,,
Pell,256,8,0,28,0.98579286981677,0.0010304548556573367,0.3722789509389064,0.15623876008383591,0.5844515282353776,0.053465087363383026,,7.627721049061094,in,,,,
Pell,256,8,0,27,0.9868047577012284,0.0009933209132598764,0.3119709581247635,0.15006504011051097,0.5823352995787898,0.05153904982887173,,7.688029041875237,in,,,,
Pell,256,8,0,26,0.987779492944304,0.0009561495728910296,0.2471518432265849,0.1439111348322138,0.580157018146263,0.04961109848917917,,7.752848156773415,in,,,,
Pell,256,8,0,25,0.9887170388477653,0.0009189422340315501,0.17732877161945299,0.13777865792743474,0.5779147442005325,0.04768130915851023,,7.822671228380547,in,,,,
Pell,256,8,0,24,0.989617360113539,0.0008817002975159971,0.10193332058860077,0.13166931340226012,0.5756065972208647,0.04574975826822832,,7.898066679411399,in,,,,
Pell,256,8,0,23,0.9904804228450386,0.0008444251654829982,0.020305944019429843,0.12558490431087943,0.5732308077127198,0.04381652298556065,,7.97969405598057,in,,,,
Pell,256,8,0,22,0.9913061945484398,0.0008071182413195155,-0.0683236641082471,0.11952734279470431,0.5707857893750472,0.041881681366165296,,8.068323664108247,in,,,,
Pell,256,8,0,21,0.9920946441339047,0.0007697809296104419,-0.16486163444049112,0.11349866175876867,0.5682702400223979,0.039945312552103804,,8.164861634440491,in,,,,
Pell,256,8,0,20,0.9928457419167522,0.0007324146360845329,-0.27038222532023004,0.10750102862385671,0.5656832836675895,0.03800749703151107,,8.27038222532023,in,,,,
Pell,256,8,0,19,0.9935594596185753,0.0006950207675615605,-0.386169822029246,0.10153676176553855,0.5630246723883344,0.036068316983276255,,8.386169822029245,out,,,,
Pell,256,8,0,18,0.9942357703683058,0.0006576007318993549,-0.513773939013051,0.09560835048479889,0.5602950763140359,0.0341278567406907,,8.513773939013051,out,,,,
Pell,256,8,0,17,0.9948746487032261,0.0006201559379414023,-0.6550816465287418,0.08971847962461689,0.5574965052040527,0.03218620342446039,,8.655081646528743,out,,,,
Pell,256,8,0,16,0.9954760705699284,0.0005826877954629994,-0.8124134632419586,0.0838700601393553,0.5546329283257999,0.030243447821435062,,8.812413463241958,out,,,,
Pell,256,8,0,15,0.996040013325219,0.0005451977151181842,-0.988651837928476,0.07806626675498882,0.5517111941289043,0.028299685627458576,,8.988651837928476,out,,,,
Pell,256,8,0,14,0.9965664557369718,0.0005076871083876666,-1.1874190533485909,0.07231058286898857,0.5487424023718405,0.026355019242704437,,9.187419053348592,out,,,,
Pell,256,8,0,13,0.9970553779849279,0.00047015738752453906,-1.4133413532941135,0.06660685098180899,0.5457439610840067,0.024409560428120307,,9.413341353294113,out,,,,
Pell,256,8,0,12,0.9975067616614409,0.00043260996550142927,-1.6724771666705678,0.06095932684815355,0.5427427160990271,0.022463434345577144,,9.672477166670568,out,,,,
Pell,256,8,0,11,0.9979205897721704,0.00039504625595754295,-1.973037584968154,0.05537274522282633,0.5397799196240706,0.020516785900961506,,9.973037584968154,out,,,,
Pell,256,8,0,10,0.9982968467367219,0.000357467673145595,-2.3265472453129243,0.049852430448394346,0.5369196984295073,0.01856979008004845,,10.326547245312923,out,,,,
Pell,256,8,0,9,0.9986355183892336,0.0003198756318776308,-2.7496214780173194,0.04440450970397782,0.5342644822975989,0.016622669548616326,,10.74962147801732,out,,,,
Pell,256,8,0,8,0.9989365919789088,0.00028227154747295646,-3.2667361944231206,0.03903628842390421,0.5319844176515549,0.014675726253874088,,11.266736194423121,out,,,,
Pell,256,8,0,7,0.9992000561704975,0.0002446568357041823,-3.914873772682114,0.03375684647295321,0.5303759990790854,0.012729401983335095,,11.914873772682114,out,,,,
Pell,256,8,0,6,0.9994259010447213,0.0002070329127435988,-4.75254943210606,0.028577945923078076,0.529986543997028,0.010784404338853679,,12.752549432106061,out,,,,
Pell,256,8,0,5,0.9996141180986486,0.0001694011951111074,-5.876675408569115,0.023515763443418818,0.531910604836312,0.008841998346942326,,13.876675408569115,out,,,,
rect,16,2,0,1,0.9975923633360984,0.004815273327803182,0.760156906167086,0.038694984952927586,0.030955987962342068,0.25,14.655697687747086,1.239843093832914,in;sweep=0.0,0.16251668292204394,8,0.02,RunDiagnostics { ResidualInf = 3.83026943495679E-15; Kappa1 = 70.92354575065265 }
rect,16,2,0,2,0.9879850035377136,0.014399446268966387,0.7437170225680872,0.06633102494580262,0.0530648199566421,0.25,8.401245507311472,1.2562829774319129,in;sweep=0.0,0.16251668292204394,8,0.02,RunDiagnostics { ResidualInf = 3.83026943495679E-15; Kappa1 = 70.92354575065265 }
rect,16,2,0,3,0.9688628080677196,0.023844944671021606,0.7124351727521624,0.09442946789912494,0.07554357431929995,0.25,7.2224406734687605,1.2875648272478375,in;sweep=0.0,0.16251668292204394,8,0.02,RunDiagnostics { ResidualInf = 3.83026943495679E-15; Kappa1 = 70.92354575065265 }
rect,16,2,0,4,0.9404099341217478,0.033060803220922086,0.6705702422390393,0.12041739875779192,0.09633391900623353,0.25,6.642760590277945,1.3294297577609608,in;sweep=0.0,0.16251668292204394,8,0.02,RunDiagnostics { ResidualInf = 3.83026943495679E-15; Kappa1 = 70.92354575065265 }
Prect,16,2,0,16,0.049008570164780295,0.0980171403295607,0.27233215893725926,0.2329854784587106,0.18638838276696848,0.25,,1.7276678410627406,in,,,,
Prect,16,2,0,15,0.14655373117284443,0.09707318168656755,0.27680884401870814,0.23216698744648404,0.18573358995718722,0.25,,1.7231911559812918,in,,,,
Prect,16,2,0,14,0.24268749963529518,0.09519435523833397,0.28592534565112093,0.23048519320055935,0.1843881545604475,0.25,,1.7140746543488792,in,,,,
Prect,16,2,0,13,0.33648405480977595,0.09239875511062756,0.300001571568574,0.22784810656407564,0.1822784852512605,0.25,,1.699998428431426,in,,,,
Prect,16,2,0,12,0.4270400845955437,0.08871330446090797,0.31949546504882104,0.22411212392789814,0.17928969914231851,0.25,,1.680504534951179,in,,,,
Prect,16,2,0,11,0.5134834849227998,0.08417349619360426,0.3449579186293476,0.21907629298905207,0.17526103439124166,0.25,,1.6550420813706523,in,,,,
Prect,16,2,0,10,0.5949817585916237,0.07882305114404342,0.3769360804686607,0.21247699259071123,0.169981594072569,0.25,,1.6230639195313392,in,,,,
Prect,16,2,0,9,0.6707500326750964,0.07271349702290208,0.4157867229438192,0.20398650137631133,0.16318920110104906,0.25,,1.5842132770561808,in,,,,
Prect,16,2,0,8,0.7400586172746422,0.06590367217618953,0.46136003634319006,0.19322192951419162,0.15457754361135329,0.25,,1.53863996365681,in,,,,
Prect,16,2,0,7,0.8022400328326411,0.05845915893980835,0.5125658092410165,0.17977491404922846,0.14381993123938278,0.25,,1.4874341907589836,in,,,,
Prect,16,2,0,6,0.8566954383254501,0.05045165204580959,0.5669971327143298,0.16327411611171808,0.13061929288937446,0.25,,1.43300286728567,in,,,,
Prect,16,2,0,5,0.9029003984298208,0.0419582681629318,0.6210083617289458,0.14348377960444647,0.11478702368355717,0.25,,1.3789916382710543,in,,,,
rect,16,5,0,1,0.9975923633360984,0.004815273327803182,1.8983666247830635,0.09663434928390183,0.07730747942712146,0.25,36.600190207591076,3.1016333752169363,in;sweep=0.0,0.4058586382978223,8,0.00,RunDiagnostics { ResidualInf = 9.658940314238862E-15; Kappa1 = 70.92354575065265 }
rect,16,5,0,2,0.9879850035377136,0.014399446268966387,1.8573107242361253,0.16565080567338322,0.13252064453870657,0.25,20.9807264109538,3.1426892757638747,in;sweep=0.0,0.4058586382978223,8,0.00,RunDiagnostics { ResidualInf = 9.658940314238862E-15; Kappa1 = 70.92354575065265 }
rect,16,5,0,3,0.9688628080677196,0.023844944671021606,1.779189458520789,0.23582203726807874,0.188657629814463,0.25,18.03685556594162,3.220810541479211,in;sweep=0.0,0.4058586382978223,8,0.00,RunDiagnostics { ResidualInf = 9.658940314238862E-15; Kappa1 = 70.92354575065265 }
rect,16,5,0,4,0.9404099341217478,0.033060803220922086,1.6746386925010397,0.300722612647998,0.2405780901183984,0.25,16.589200070012964,3.3253613074989605,in;sweep=0.0,0.4058586382978223,8,0.00,RunDiagnostics { ResidualInf = 9.658940314238862E-15; Kappa1 = 70.92354575065265 }
Prect,16,5,0,16,0.049008570164780295,0.0980171403295607,0.6801046957376103,0.5818428442560392,0.46547427540483133,0.25,,4.319895304262389,in,,,,
Prect,16,5,0,15,0.14655373117284443,0.09707318168656755,0.6912844791209295,0.579798797812877,0.4638390382503016,0.25,,4.308715520879071,in,,,,
Prect,16,5,0,14,0.24268749963529518,0.09519435523833397,0.7140514398541041,0.5755987937869796,0.4604790350295837,0.25,,4.285948560145896,in,,,,
Prect,16,5,0,13,0.33648405480977595,0.09239875511062756,0.7492044947929019,0.569013104415815,0.455210483532652,0.25,,4.2507955052070985,in,,,,
Prect,16,5,0,12,0.4270400845955437,0.08871330446090797,0.7978872818198264,0.5596831033466287,0.447746482677303,0.25,,4.202112718180174,in,,,,
Prect,16,5,0,11,0.5134834849227998,0.08417349619360426,0.861475564278631,0.5471069453129427,0.43768555625035416,0.25,,4.138524435721369,in,,,,
Prect,16,5,0,10,0.5949817585916237,0.07882305114404342,0.9413357545435085,0.5306262799115105,0.42450102392920835,0.25,,4.058664245456492,in,,,,
Prect,16,5,0,9,0.6707500326750964,0.07271349702290208,1.0383588328420288,0.5094226770518028,0.4075381416414422,0.25,,3.961641167157971,in,,,,
Prect,16,5,0,8,0.7400586172746422,0.06590367217618953,1.1521706741030404,0.48253993246665383,0.3860319459733231,0.25,,3.8478293258969596,in,,,,
Prect,16,5,0,7,0.8022400328326411,0.05845915893980835,1.2800486549209682,0.4489582269601635,0.3591665815681308,0.25,,3.719951345079032,in,,,,
Prect,16,5,0,6,0.8566954383254501,0.05045165204580959,1.415981916838609,0.40775020288944164,0.3262001623115533,0.25,,3.584018083161391,in,,,,
Prect,16,5,0,5,0.9029003984298208,0.0419582681629318,1.550866062063123,0.3583270982463954,0.28666167859711633,0.25,,3.4491339379368773,in,,,,
rect,16,8,0,1,0.9975923633360984,0.004815273327803182,3.031373052434364,0.1543088455804602,0.12344707646436817,0.25,58.44436415012411,4.968626947565636,in;sweep=0.0,0.6480881633569147,8,0.00,RunDiagnostics { ResidualInf = 1.509903313490213E-14; Kappa1 = 70.92354575065265 }
rect,16,8,0,2,0.9879850035377136,0.014399446268966387,2.965813666309119,0.26451654905685945,0.21161323924548756,0.25,33.50270060185613,5.034186333690881,in;sweep=0.0,0.6480881633569147,8,0.00,RunDiagnostics { ResidualInf = 1.509903313490213E-14; Kappa1 = 70.92354575065265 }
rect,16,8,0,3,0.9688628080677196,0.023844944671021606,2.8410671096535465,0.3765682348246696,0.3012545878597357,0.25,28.8018326910347,5.1589328903464535,in;sweep=0.0,0.6480881633569147,8,0.00,RunDiagnostics { ResidualInf = 1.509903313490213E-14; Kappa1 = 70.92354575065265 }
rect,16,8,0,4,0.9404099341217478,0.033060803220922086,2.6741170745096037,0.4802035667599086,0.3841628534079269,0.25,26.490169705457248,5.325882925490396,in;sweep=0.0,0.6480881633569147,8,0.00,RunDiagnostics { ResidualInf = 1.509903313490213E-14; Kappa1 = 70.92354575065265 }
Prect,16,8,0,16,0.049008570164780295,0.0980171403295607,1.0860131128404433,0.9291054192606628,0.7432843354085302,0.25,,6.913986887159557,in,,,,
Prect,16,8,0,15,0.14655373117284443,0.09707318168656755,1.103865351516483,0.925841419975786,0.7406731359806288,0.25,,6.8961346484835175,in,,,,
Prect,16,8,0,14,0.24268749963529518,0.09519435523833397,1.1402203686935493,0.9191347180890117,0.7353077744712093,0.25,,6.85977963130645,in,,,,
Prect,16,8,0,13,0.33648405480977595,0.09239875511062756,1.1963539005735726,0.9086184768999668,0.7268947815199734,0.25,,6.803646099426428,in,,,,
Prect,16,8,0,12,0.4270400845955437,0.08871330446090797,1.2740921450118228,0.8937200302821815,0.7149760242257452,0.25,,6.7259078549881774,in,,,,
Prect,16,8,0,11,0.5134834849227998,0.08417349619360426,1.3756319652866456,0.8736380155286674,0.698910412422934,0.25,,6.6243680347133544,in,,,,
Prect,16,8,0,10,0.5949817585916237,0.07882305114404342,1.5031552927465919,0.847321157482452,0.6778569259859616,0.25,,6.496844707253408,in,,,,
Prect,16,8,0,9,0.6707500326750964,0.07271349702290208,1.6580848733548577,0.8134625605790311,0.6507700484632248,0.25,,6.341915126645143,in,,,,
Prect,16,8,0,8,0.7400586172746422,0.06590367217618953,1.8398232921315756,0.7705353270051643,0.6164282616041314,0.25,,6.160176707868424,in,,,,
Prect,16,8,0,7,0.8022400328326411,0.05845915893980835,2.0440229762128728,0.7169109765777046,0.5735287812621637,0.25,,5.955977023787128,in,,,,
Prect,16,8,0,6,0.8566954383254501,0.05045165204580959,2.2610855929525306,0.6511086747034145,0.5208869397627316,0.25,,5.738914407047469,in,,,,
Prect,16,8,0,5,0.9029003984298208,0.0419582681629318,2.4764729463205803,0.5721882672190626,0.45775061377525006,0.25,,5.52352705367942,in,,,,
rect,32,2,0,1,0.9993977281025862,0.001204543794827595,0.770171255935258,0.02017876164116495,0.01614300931293196,0.25,30.552353852619543,1.229828744064742,in;sweep=0.0,0.16126937986823367,8,0.03,RunDiagnostics { ResidualInf = 7.382983113757291E-15; Kappa1 = 278.4241873146198 }
rect,32,2,0,2,0.9969900914386847,0.0036107295329755873,0.7663572486099498,0.03479276256290356,0.027834210050322848,0.25,17.573841893051238,1.2336427513900503,in;sweep=0.0,0.16126937986823367,8,0.03,RunDiagnostics { ResidualInf = 7.382983113757291E-15; Kappa1 = 278.4241873146198 }
rect,32,2,0,3,0.9921806183184889,0.006008216707415803,0.7585430267266355,0.05027569233330173,0.04022055386664138,0.25,15.261078663905936,1.2414569732733645,in;sweep=0.0,0.16126937986823367,8,0.03,RunDiagnostics { ResidualInf = 7.382983113757291E-15; Kappa1 = 278.4241873146198 }
rect,32,2,0,4,0.9849808951840058,0.008391229561550584,0.7467129517603291,0.0655856168348901,0.05246849346791208,0.25,14.254623952288489,1.2532870482396707,in;sweep=0.0,0.16126937986823367,8,0.03,RunDiagnostics { ResidualInf = 7.382983113757291E-15; Kappa1 = 278.4241873146198 }
Prect,32,2,0,32,0.024533837163708973,0.04906767432741807,0.27383195915230035,0.2327134620081974,0.18617076960655793,0.25,,1.7261680408476996,in,,,,
Prect,32,2,0,31,0.07354240732848932,0.04894946600214264,0.27497215977709427,0.23250412584340147,0.18600330067472118,0.25,,1.7250278402229058,in,,,,
Prect,32,2,0,30,0.12237380739246115,0.04871333412580099,0.27726328287393187,0.23208252385925393,0.18566601908740316,0.25,,1.7227367171260681,in,,,,
Prect,32,2,0,29,0.17091039823574491,0.048359847560766556,0.2807266924775384,0.23144275527075514,0.1851542042166041,0.25,,1.7192733075224615,in,,,,
Prect,32,2,0,28,0.21903525095969603,0.04788985788713568,0.28539421277265603,0.2305758661889142,0.18446069295113138,0.25,,1.714605787227344,in,,,,
Prect,32,2,0,27,0.26663242857886305,0.047304497351198294,0.2913077962281851,0.2294697292879134,0.1835757834303307,0.25,,1.7086922037718149,in,,,,
Prect,32,2,0,26,0.313587265323341,0.046605176137757776,0.2985189656236,0.22810888879200714,0.1824871110336057,0.25,,1.7014810343764,in,,,,
Prect,32,2,0,25,0.3597866428786548,0.045793578972869786,0.30708791862819146,0.22647437661584097,0.18117950129267277,0.25,,1.6929120813718086,in,,,,
Prect,32,2,0,24,0.4051192628976858,0.04487166106519214,0.31708214028024545,0.2245435085490886,0.17963480683927088,0.25,,1.6829178597197545,in,,,,
Prect,32,2,0,23,0.4494759151281398,0.043841643395715835,0.32857431579296087,0.22228967370133781,0.17783173896107024,0.25,,1.6714256842070392,in,,,,
Prect,32,2,0,22,0.4927497405096097,0.042706007367223964,0.3416392741431051,0.21968213647518212,0.1757457091801457,0.25,,1.6583607258568949,in,,,,
Prect,32,2,0,21,0.5348364886064119,0.041467488826380294,0.35634962683999655,0.2166858786656946,0.1733487029325557,0.25,,1.6436503731600034,in,,,,
Prect,32,2,0,20,0.5756347687560177,0.0401290714728314,0.372769709882242,0.21326152048003622,0.17060921638402898,0.25,,1.627230290117758,in,,,,
Prect,32,2,0,19,0.6150462943280394,0.03869397967121202,0.3909474195534641,0.20936537377913814,0.1674922990233105,0.25,,1.6090525804465359,in,,,,
Prect,32,2,0,18,0.6529761195053319,0.037165670683373064,0.4109036078417299,0.20494969856580234,0.16395975885264186,0.25,,1.5890963921582701,in,,,,
Prect,32,2,0,17,0.689332868016783,0.03554782633952902,0.4326189544890242,0.19996325326233536,0.15997060260986828,0.25,,1.5673810455109758,in,,,,
Prect,32,2,0,16,0.7240289532707531,0.03384434416841142,0.4560187664187487,0.1943522466731723,0.15548179733853784,0.25,,1.5439812335812513,in,,,,
Prect,32,2,0,15,0.7569807893588479,0.03205932800777811,0.4809570604704983,0.188061806733534,0.1504494453868272,0.25,,1.5190429395295018,in,,,,
Prect,32,2,0,14,0.7881089924216909,0.03019707811790784,0.5072025386755645,0.1810380653854629,0.14483045230837033,0.25,,1.4927974613244355,in,,,,
Prect,32,2,0,13,0.8173385718915951,0.028262080821900515,0.5344303883018794,0.17323090432463456,0.13858472345970765,0.25,,1.4655696116981205,in,,,,
Prect,32,2,0,12,0.8445991111514086,0.02625899769772666,0.5622245924548135,0.16459730091436645,0.13167784073149316,0.25,,1.4377754075451865,in,,,,
Prect,32,2,0,11,0.8698249371743134,0.02419265434808293,0.590094738088633,0.1551050617903775,0.124084049432302,0.25,,1.409905261911367,in,,,,
Prect,32,2,0,10,0.8929552787358992,0.0220680287750884,0.6175085073443358,0.1447365675109268,0.11578925400874145,0.25,,1.3824914926556642,in,,,,
Prect,32,2,0,9,0.913934412817365,0.0198902393878434,0.643936268966655,0.13349203867793624,0.10679363094234899,0.25,,1.356063731033345,in,,,,
Prect,32,2,0,8,0.9327117988471537,0.017664532671733957,0.668898108520138,0.12139184480371223,0.09711347584296978,0.25,,1.331101891479862,in,,,,
Prect,32,2,0,7,0.9492422004576148,0.015396270549188129,0.691996123927145,0.10847756970443362,0.08678205576354689,0.25,,1.308003876072855,in,,,,
Prect,32,2,0,6,0.9634857944633763,0.01309091746233515,0.7129057448986632,0.09481198354623285,0.07584958683698628,0.25,,1.2870942551013367,in,,,,
Prect,32,2,0,5,0.9754082667988873,0.010754027208686456,0.7312984241250297,0.08047890266949008,0.06438312213559207,0.25,,1.2687015758749705,in,,,,
rect,32,5,0,1,0.9993977281025862,0.001204543794827595,1.9233758133000134,0.050393132415507094,0.040314505932405674,0.25,76.29946974345646,3.076624186699987,in;sweep=0.0,0.40274370443465135,8,0.03,RunDiagnostics { ResidualInf = 1.965094753586527E-14; Kappa1 = 278.4241873146198 }
rect,32,5,0,2,0.9969900914386847,0.0036107295329755873,1.9138509584255867,0.08688919182022091,0.06951135345617673,0.25,43.88777454802176,3.086149041574413,in;sweep=0.0,0.40274370443465135,8,0.03,RunDiagnostics { ResidualInf = 1.965094753586527E-14; Kappa1 = 278.4241873146198 }
rect,32,5,0,3,0.9921806183184889,0.006008216707415803,1.8943362267937365,0.12555525785412383,0.10044420628329906,0.25,38.11202944906202,3.1056637732062633,in;sweep=0.0,0.40274370443465135,8,0.03,RunDiagnostics { ResidualInf = 1.965094753586527E-14; Kappa1 = 278.4241873146198 }
rect,32,5,0,4,0.9849808951840058,0.008391229561550584,1.8647925637650908,0.16378927173464158,0.13103141738771326,0.25,35.5985746367864,3.135207436234909,in;sweep=0.0,0.40274370443465135,8,0.03,RunDiagnostics { ResidualInf = 1.965094753586527E-14; Kappa1 = 278.4241873146198 }
Prect,32,5,0,32,0.024533837163708973,0.04906767432741807,0.6838501996578942,0.5811635279900728,0.4649308223920582,0.25,,4.316149800342106,in,,,,
Prect,32,5,0,31,0.07354240732848932,0.04894946600214264,0.6866976628514834,0.5806407454100758,0.46451259632806063,0.25,,4.313302337148516,in,,,,
Prect,32,5,0,30,0.12237380739246115,0.04871333412580099,0.6924193652855801,0.5795878639205378,0.46367029113643027,0.25,,4.307580634714419,in,,,,
Prect,32,5,0,29,0.17091039823574491,0.048359847560766556,0.7010686601168179,0.5779901472831733,0.46239211782653866,0.25,,4.2989313398831825,in,,,,
Prect,32,5,0,28,0.21903525095969603,0.04788985788713568,0.7127250230030174,0.5758252346355281,0.46066018770842254,0.25,,4.287274976996983,in,,,,
Prect,32,5,0,27,0.26663242857886305,0.047304497351198294,0.7274932233229522,0.57306283997955,0.45845027198363997,0.25,,4.272506776677048,in,,,,
Prect,32,5,0,26,0.313587265323341,0.046605176137757776,0.7455019307290754,0.5696643650619071,0.4557314920495257,0.25,,4.254498069270925,in,,,,
Prect,32,5,0,25,0.3597866428786548,0.045793578972869786,0.7669014789818961,0.5655824402147316,0.45246595217178526,0.25,,4.233098521018104,in,,,,
Prect,32,5,0,24,0.4051192628976858,0.04487166106519214,0.7918604008453204,0.5607604153603314,0.44860833228826513,0.25,,4.20813959915468,in,,,,
Prect,32,5,0,23,0.4494759151281398,0.043841643395715835,0.820560215663139,0.5551318341844829,0.44410546734758627,0.25,,4.179439784336861,in,,,,
Prect,32,5,0,22,0.4927497405096097,0.042706007367223964,0.8531877964755685,0.5486199395968603,0.43889595167748824,0.25,,4.146812203524432,in,,,,
Prect,32,5,0,21,0.5348364886064119,0.041467488826380294,0.8899244785631745,0.5411372794004842,0.4329098235203873,0.25,,4.110075521436825,in,,,,
Prect,32,5,0,20,0.5756347687560177,0.0401290714728314,0.9309309304821015,0.5325855090512092,0.42606840724096734,0.25,,4.069069069517899,in,,,,
Prect,32,5,0,19,0.6150462943280394,0.03869397967121202,0.9763267653089325,0.5228555246200502,0.4182844196960402,0.25,,4.023673234691067,in,,,,
Prect,32,5,0,18,0.6529761195053319,0.037165670683373064,1.026164057448204,0.5118281033299569,0.4094624826639655,0.25,,3.973835942551796,in,,,,
Prect,32,5,0,17,0.689332868016783,0.03554782633952902,1.0803945577388223,0.4993752777835329,0.39950022222682635,0.25,,3.9196054422611777,in,,,,
Prect,32,5,0,16,0.7240289532707531,0.03384434416841142,1.1388317325289283,0.485362713332841,0.3882901706662728,0.25,,3.8611682674710717,in,,,,
Prect,32,5,0,15,0.7569807893588479,0.03205932800777811,1.2011110129285307,0.469653376037171,0.3757227008297368,0.25,,3.7988889870714693,in,,,,
Prect,32,5,0,14,0.7881089924216909,0.03019707811790784,1.2666547703708926,0.4521127392974236,0.3616901914379389,0.25,,3.7333452296291076,in,,,,
Prect,32,5,0,13,0.8173385718915951,0.028262080821900515,1.3346518385759807,0.432615640906365,0.346092512725092,0.25,,3.6653481614240193,in,,,,
Prect,32,5,0,12,0.8445991111514086,0.02625899769772666,1.4040632838950895,0.41105463891756844,0.32884371113405475,0.25,,3.5959367161049105,in,,,,
Prect,32,5,0,11,0.8698249371743134,0.02419265434808293,1.4736643805500473,0.38734933570812824,0.3098794685665026,0.25,,3.5263356194499527,in,,,,
Prect,32,5,0,10,0.8929552787358992,0.0220680287750884,1.5421257523962073,0.36145572962539035,0.2891645837003123,0.25,,3.457874247603793,in,,,,
Prect,32,5,0,9,0.913934412817365,0.0198902393878434,1.6081247326389856,0.3333743715863067,0.26669949726904535,0.25,,3.3918752673610144,in,,,,
Prect,32,5,0,8,0.9327117988471537,0.017664532671733957,1.6704628140496602,0.30315613109164996,0.24252490487331996,0.25,,3.3295371859503398,in,,,,
Prect,32,5,0,7,0.9492422004576148,0.015396270549188129,1.7281463017502077,0.2709048568707081,0.21672388549656646,0.25,,3.2718536982497923,in,,,,
Prect,32,5,0,6,0.9634857944633763,0.01309091746233515,1.7803646349221665,0.23677730707097835,0.1894218456567827,0.25,,3.2196353650778335,in,,,,
Prect,32,5,0,5,0.9754082667988873,0.010754027208686456,1.826297320793206,0.20098279919243775,0.1607862393539502,0.25,,3.173702679206794,in,,,,
rect,32,8,0,1,0.9993977281025862,0.001204543794827595,3.071308531252724,0.08046937911668205,0.06437550329334564,0.25,121.8374540912377,4.928691468747276,in;sweep=0.0,0.6431141365015853,8,0.03,RunDiagnostics { ResidualInf = 2.4202861936828413E-14; Kappa1 = 278.4241873146198 }
rect,32,8,0,2,0.9969900914386847,0.0036107295329755873,3.0560989357943424,0.1387474638423528,0.11099797107388223,0.25,70.08141386355801,4.943901064205658,in;sweep=0.0,0.6431141365015853,8,0.03,RunDiagnostics { ResidualInf = 2.4202861936828413E-14; Kappa1 = 278.4241873146198 }
rect,32,8,0,3,0.9921806183184889,0.006008216707415803,3.024937182936913,0.20049068514040685,0.16039254811232548,0.25,60.858517810632954,4.975062817063087,in;sweep=0.0,0.6431141365015853,8,0.03,RunDiagnostics { ResidualInf = 2.4202861936828413E-14; Kappa1 = 278.4241873146198 }
rect,32,8,0,4,0.9849808951840058,0.008391229561550584,2.9777609089726913,0.26154399162542113,0.2092351933003369,0.25,56.844952102631474,5.022239091027309,in;sweep=0.0,0.6431141365015853,8,0.03,RunDiagnostics { ResidualInf = 2.4202861936828413E-14; Kappa1 = 278.4241873146198 }
Prect,32,8,0,32,0.024533837163708973,0.04906767432741807,1.0919940543000732,0.9280206651379097,0.7424165321103278,0.25,,6.9080059456999265,in,,,,
Prect,32,8,0,31,0.07354240732848932,0.04894946600214264,1.0965409753637652,0.9271858690534251,0.7417486952427401,0.25,,6.903459024636235,in,,,,
Prect,32,8,0,30,0.12237380739246115,0.04871333412580099,1.105677574346459,0.9255045939334742,0.7404036751467793,0.25,,6.894322425653541,in,,,,
Prect,32,8,0,29,0.17091039823574491,0.048359847560766556,1.119489047289377,0.9229533084774907,0.7383626467819926,0.25,,6.8805109527106225,in,,,,
Prect,32,8,0,28,0.21903525095969603,0.04788985788713568,1.1381023034862625,0.9194963061391282,0.7355970449113026,0.25,,6.861897696513737,in,,,,
Prect,32,8,0,27,0.26663242857886305,0.047304497351198294,1.1616846420600278,0.9150852252599126,0.7320681802079301,0.25,,6.8383153579399725,in,,,,
Prect,32,8,0,26,0.313587265323341,0.046605176137757776,1.1904415268616246,0.9096584309040572,0.7277267447232457,0.25,,6.809558473138376,in,,,,
Prect,32,8,0,25,0.3597866428786548,0.045793578972869786,1.2246130156883914,0.9031402816581471,0.7225122253265177,0.25,,6.775386984311608,in,,,,
Prect,32,8,0,24,0.4051192628976858,0.04487166106519214,1.2644682270931964,0.8954403168510494,0.7163522534808395,0.25,,6.735531772906803,in,,,,
Prect,32,8,0,23,0.4494759151281398,0.043841643395715835,1.3102970170186155,0.8864524168968687,0.709161933517495,0.25,,6.689702982981385,in,,,,
Prect,32,8,0,22,0.4927497405096097,0.042706007367223964,1.3623977903622444,0.8760540135982078,0.7008432108785663,0.25,,6.637602209637755,in,,,,
Prect,32,8,0,21,0.5348364886064119,0.041467488826380294,1.4210601091485189,0.8641054604664284,0.6912843683731428,0.25,,6.578939890851482,in,,,,
Prect,32,8,0,20,0.5756347687560177,0.0401290714728314,1.4865405341097016,0.8504497177616374,0.6803597742093099,0.25,,6.513459465890298,in,,,,
Prect,32,8,0,19,0.6150462943280394,0.03869397967121202,1.5590300672643502,0.8349125648112212,0.667930051848977,0.25,,6.4409699327356496,in,,,,
Prect,32,8,0,18,0.6529761195053319,0.037165670683373064,1.6386118627009794,0.8173036228396192,0.6538428982716954,0.25,,6.361388137299021,in,,,,
Prect,32,8,0,17,0.689332868016783,0.03554782633952902,1.7252088746031657,0.7974185493794762,0.637934839503581,0.25,,6.274791125396835,in,,,,
Prect,32,8,0,16,0.7240289532707531,0.03384434416841142,1.818523240019478,0.7750428345324133,0.6200342676259306,0.25,,6.181476759980522,in,,,,
Prect,32,8,0,15,0.7569807893588479,0.03205932800777811,1.9179728035883272,0.7499576580822966,0.5999661264658374,0.25,,6.082027196411673,in,,,,
Prect,32,8,0,14,0.7881089924216909,0.03019707811790784,2.0226351893847543,0.7219482036169421,0.5775585628935537,0.25,,5.977364810615246,in,,,,
Prect,32,8,0,13,0.8173385718915951,0.028262080821900515,2.1312151009310885,0.6908146080871164,0.5526516864696931,0.25,,5.8687848990689115,in,,,,
Prect,32,8,0,12,0.8445991111514086,0.02625899769772666,2.242053535469414,0.6563853047275551,0.525108243782044,0.25,,5.757946464530586,in,,,,
Prect,32,8,0,11,0.8698249371743134,0.02419265434808293,2.353194811377547,0.6185319120210258,0.4948255296168206,0.25,,5.646805188622453,in,,,,
Prect,32,8,0,10,0.8929552787358992,0.0220680287750884,2.462516137952609,0.5771841667094307,0.4617473333675446,0.25,,5.537483862047392,in,,,,
Prect,32,8,0,9,0.913934412817365,0.0198902393878434,2.5679054381985424,0.5323429485147277,0.4258743588117822,0.25,,5.432094561801458,in,,,,
Prect,32,8,0,8,0.9327117988471537,0.017664532671733957,2.6674488971182955,0.4840894874963898,0.38727158999711186,0.25,,5.3325511028817045,in,,,,
Prect,32,8,0,7,0.9492422004576148,0.015396270549188129,2.759559750682153,0.4325896126546657,0.34607169012373257,0.25,,5.240440249317847,in,,,,
Prect,32,8,0,6,0.9634857944633763,0.01309091746233515,2.8429436692329704,0.37809364045523114,0.3024749123641849,0.25,,5.15705633076703,in,,,,
Prect,32,8,0,5,0.9754082667988873,0.010754027208686456,2.9162904634494566,0.3209358158329421,0.2567486526663537,0.25,,5.083709536550543,in,,,,
rect,64,2,0,1,0.9998494093481021,0.00030118130379575003,0.7743538735536727,0.01030502616367057,0.008244020930936456,0.25,62.40133047360727,1.2256461264463274,in;sweep=0.0,0.16062810473607445,8.000000000000004,0.12,RunDiagnostics { ResidualInf = 2.9753977059954195E-14; Kappa1 = 1103.368859559128 }
rect,64,2,0,2,0.9992471374506884,0.000903362491031845,0.7734418584390955,0.017793649855007223,0.014234919884005779,0.25,35.92326035832234,1.2265581415609046,in;sweep=0.0,0.16062810473607445,8.000000000000004,0.12,RunDiagnostics { ResidualInf = 2.9753977059954195E-14; Kappa1 = 1103.368859559128 }
rect,64,2,0,3,0.9980429564419313,0.001504999526482198,0.7715994106687902,0.025808788362415028,0.02064703068993202,0.25,31.275482089088523,1.2284005893312098,in;sweep=0.0,0.16062810473607445,8.000000000000004,0.12,RunDiagnostics { ResidualInf = 2.9753977059954195E-14; Kappa1 = 1103.368859559128 }
rect,64,2,0,4,0.9962375916754436,0.0021057300064933893,0.7687953876068647,0.03387014845709608,0.027096118765676865,0.25,29.335073054085814,1.2312046123931353,in;sweep=0.0,0.16062810473607445,8.000000000000004,0.12,RunDiagnostics { ResidualInf = 2.9753977059954195E-14; Kappa1 = 1103.368859559128 }
Prect,64,2,0,64,0.01227061426145604,0.024541228522912205,0.2747101346162092,0.23255863089495662,0.1860469047159653,0.25,,1.725289865383791,in,,,,
Prect,64,2,0,63,0.03680445142516507,0.024526445804505866,0.2749981733362789,0.23250559995635883,0.18600447996508707,0.25,,1.725001826663721,in,,,,
Prect,64,2,0,62,0.061316118963542665,0.02449688927224932,0.2755749359077684,0.23239935035942888,0.1859194802875431,0.25,,1.7244250640922316,in,,,,
Prect,64,2,0,61,0.08579085196461399,0.024452576729893316,0.27644179140596625,0.23223950598390808,0.18579160478712647,0.25,,1.7235582085940337,in,,,,
Prect,64,2,0,60,0.1102139077643884,0.02439353486965551,0.2776007903852392,0.23202550095114208,0.18562040076091366,0.25,,1.722399209614761,in,,,,
Prect,64,2,0,59,0.1345705748272889,0.024319799256145483,0.2790546609568066,0.23175657759674498,0.185405262077396,0.25,,1.7209453390431935,in,,,,
Prect,64,2,0,58,0.15884618160783143,0.024231414304939608,0.280806803131683,0.23143178378565962,0.1851454270285277,0.25,,1.719193196868317,in,,,,
Prect,64,2,0,57,0.18302610538821473,0.024128433255826948,0.2828612810513125,0.23104996958630858,0.18483997566904686,0.25,,1.7171387189486875,in,,,,
Prect,64,2,0,56,0.20709578108649893,0.024010918140741466,0.28522281261778715,0.23060978332611162,0.1844878266608893,0.25,,1.7147771873822129,in,,,,
Prect,64,2,0,55,0.23104071003006676,0.023878939746394212,0.28789675591444147,0.230109667057215,0.184087733645772,0.25,,1.7121032440855586,in,,,,
Prect,64,2,0,54,0.2548464686890811,0.02373257757163444,0.290889091675912,0.22954785146910492,0.18363828117528394,0.25,,1.709110908324088,in,,,,
Prect,64,2,0,53,0.27849871736468024,0.023571919779563855,0.294206400917023,0.2289223502940881,0.1831378802352705,0.25,,1.705793599082977,in,,,,
Prect,64,2,0,52,0.3019832088266768,0.023397063144429242,0.29785583666559223,0.2282309542627767,0.18258476341022137,0.25,,1.7021441633344079,in,,,,
Prect,64,2,0,51,0.3252857968955557,0.023208112993328534,0.3018450885596782,0.2274712246800292,0.18197697974402335,0.25,,1.6981549114403218,in,,,,
Prect,64,2,0,50,0.34839244496360405,0.023005183142768226,0.30618233886544227,0.2266404867076815,0.1813123893661452,0.25,,1.6938176611345577,in,,,,
Prect,64,2,0,49,0.3712892344500389,0.02278839583010156,0.3108762082453859,0.2257358224592897,0.18058865796743176,0.25,,1.689123791754614,in,,,,
Prect,64,2,0,48,0.39396237318503974,0.022557881639900024,0.31593568936144245,0.22475406403451706,0.17980325122761365,0.25,,1.6840643106385575,in,,,,
Prect,64,2,0,47,0.4163982037176358,0.022313779425292113,0.3213700661332667,0.22369178664726413,0.1789534293178113,0.25,,1.6786299338667332,in,,,,
Prect,64,2,0,46,0.4385832115424443,0.022056236224324843,0.32718881619548873,0.2225453020327742,0.17803624162621937,0.25,,1.6728111838045112,in,,,,
Prect,64,2,0,45,0.4605040332403022,0.02178540717139099,0.3334014938192466,0.2213106523553904,0.17704852188431233,0.25,,1.6665985061807533,in,,,,
Prect,64,2,0,44,0.4821474645278908,0.021501455403786285,0.3400175902976331,0.21998360488103036,0.17598688390482428,0.25,,1.659982409702367,in,,,,
Prect,64,2,0,43,0.5035004682115028,0.02120455196343768,0.34704636856283594,0.21855964772736253,0.17484771818189002,0.25,,1.652953631437164,in,,,,
Prect,64,2,0,42,0.5245501820401594,0.02089487569387538,0.35449666864380247,0.21703398706064453,0.17362718964851562,0.25,,1.6455033313561975,in,,,,
Prect,64,2,0,41,0.5452839264533496,0.020572613132504913,0.36237668052370003,0.21540154617138457,0.17232123693710766,0.25,,1.6376233194763,in,,,,
Prect,64,2,0,40,0.5656892122187236,0.020237958398243383,0.3706936810869929,0.21365696693134134,0.17092557354507307,0.25,,1.629306318913007,in,,,,
Prect,64,2,0,39,0.5857537479551393,0.019891113074588018,0.3794537322272292,0.21179461421105109,0.16943569136884087,0.25,,1.6205462677727707,in,,,,
Prect,64,2,0,38,0.6054654475365301,0.019532286088193462,0.38866133791887497,0.20980858391839752,0.16784686713471803,0.25,,1.611338662081125,in,,,,
Prect,64,2,0,37,0.6248124373721361,0.019161693583018558,0.39831905925249955,0.2076927154017488,0.16615417232139904,0.25,,1.6016809407475003,in,,,,
Prect,64,2,0,36,0.643783063558711,0.018779558790131157,0.4084270882146467,0.2054406090411773,0.16435248723294185,0.25,,1.5915729117853532,in,,,,
Prect,64,2,0,35,0.6623658989003975,0.018386111893241908,0.41898278348892604,0.20304564992142887,0.1624365199371431,0.25,,1.581017216511074,in,,,,
Prect,64,2,0,34,0.6805497497920427,0.0179815898900485,0.42998017486509227,0.20050103853115253,0.160400830824922,0.25,,1.5700198251349078,in,,,,
Prect,64,2,0,33,0.6983236629618073,0.01756623644948052,0.4414094470256282,0.19779982945215197,0.15823986356172157,0.25,,1.5585905529743718,in,,,,
Prect,64,2,0,32,0.7156769320690071,0.01714030176491932,0.45325641850310033,0.1949349789748917,0.15594798317991337,0.25,,1.5467435814968997,in,,,,
Prect,64,2,0,31,0.7325991041532128,0.016704042403492103,0.4655020372971402,0.19189940248466444,0.15351952198773156,0.25,,1.5344979627028599,in,,,,
Prect,64,2,0,30,0.7490799859307218,0.016257721151525684,0.47812192065984743,0.1886860422880932,0.15094883383047455,0.25,,1.5218780793401525,in,,,,
Prect,64,2,0,29,0.7651096499346108,0.015801606856252426,0.4910859723231548,0.18528794627443274,0.14823035701954618,0.25,,1.5089140276768451,in,,,,
Prect,64,2,0,28,0.7806784404946716,0.015335974263869234,0.5043581151465902,0.18169835741724366,0.14535868593379492,0.25,,1.4956418848534097,in,,,,
Prect,64,2,0,27,0.7957769795536256,0.014861103854038604,0.5178961797949717,0.17791081361462244,0.14232865089169794,0.25,,1.4821038202050283,in,,,,
Prect,64,2,0,26,0.8103961723161142,0.014377281670938769,0.5316519895106891,0.17391925674857836,0.13913540539886268,0.25,,1.468348010489311,in,,,,
Prect,64,2,0,25,0.8245272127270644,0.013884799150961746,0.5455716762973196,0.16971814914189273,0.1357745193135142,0.25,,1.4544283237026803,in,,,,
Prect,64,2,0,24,0.8381615887761262,0.01338395294716177,0.5595962541785842,0.16530259484924614,0.1322420758793969,0.25,,1.4404037458214158,in,,,,
Prect,64,2,0,23,0.8512910876249895,0.01287504475056489,0.5736624604684818,0.16066846250300712,0.1285347700024057,0.25,,1.4263375395315183,in,,,,
Prect,64,2,0,22,0.8639078005544917,0.012358381108439342,0.5877038567220978,0.15581250582172515,0.12465000465738012,0.25,,1.4122961432779022,in,,,,
Prect,64,2,0,21,0.8760041277285331,0.011834273239643589,0.6016521583396374,0.15073247746487067,0.12058598197189654,0.25,,1.3983478416603625,in,,,,
Prect,64,2,0,20,0.8875727827719351,0.011303036847160275,0.6154387370095004,0.14542723175773775,0.1163417854061902,0.25,,1.3845612629904998,in,,,,
Prect,64,2,0,19,0.8986067971594793,0.010764991927928125,0.6289962141406052,0.1398968119745136,0.11191744957961088,0.25,,1.3710037858593949,in,,,,
Prect,64,2,0,18,0.909099524413487,0.010220462580087353,0.6422600358178253,0.13414251839076946,0.10731401471261556,0.25,,1.3577399641821746,in,,,,
Prect,64,2,0,17,0.9190446441074087,0.009669776807756048,0.6551698888810378,0.12816695421563715,0.10253356337250971,0.25,,1.3448301111189622,in,,,,
Prect,64,2,0,16,0.9284361656730128,0.009113266323452107,0.66767078144831,0.12197404780122689,0.09757923824098151,0.25,,1.33232921855169,in,,,,
Prect,64,2,0,15,0.9372684320088798,0.00855126634828185,0.6797135703371547,0.11556905122825577,0.09245524098260462,0.25,,1.3202864296628452,in,,,,
Prect,64,2,0,14,0.9455361228880287,0.00798411541001598,0.6912546811757624,0.10895851752644192,0.08716681402115353,0.25,,1.3087453188242377,in,,,,
Prect,64,2,0,13,0.9532342581626227,0.00741215513917215,0.7022547578694025,0.1021502614432668,0.08172020915461345,0.25,,1.2977452421305975,in,,,,
Prect,64,2,0,12,0.9603582007638243,0.006835730063231016,0.7126760410112565,0.09515331179739796,0.07612264943791837,0.25,,1.2873239589887435,in,,,,
Prect,64,2,0,11,0.9669036594949919,0.006255187399104134,0.7224784821266361,0.08797786688448457,0.07038229350758765,0.25,,1.2775215178733639,in,,,,
Prect,64,2,0,10,0.9728666916165363,0.005670876843984485,0.7316150583323504,0.08063526784946674,0.0645082142795734,0.25,,1.2683849416676496,in,,,,
Prect,64,2,0,9,0.9782437052208794,0.005083150364701972,0.7400275809014591,0.07313800817850018,0.05851040654280014,0.25,,1.2599724190985409,in,,,,
Prect,64,2,0,8,0.9830314613960858,0.004492361985710791,0.7476454684846662,0.06549980124670064,0.05239984099736052,0.25,,1.252354531515334,in,,,,
Prect,64,2,0,7,0.9872270761768611,0.003898867575839793,0.7543907886576193,0.05773573750009235,0.04618859000007388,0.25,,1.2456092113423807,in,,,,
Prect,64,2,0,6,0.9908280222817455,0.0033030246339289526,0.7601913545123281,0.0498626015604678,0.03989008124837424,0.25,,1.2398086454876718,in,,,,
Prect,64,2,0,5,0.9938321306354534,0.0027051920734868506,0.7649979433275989,0.041899574322919825,0.03351965945833586,0.25,,1.2350020566724011,in,,,,
rect,64,5,0,1,0.9998494093481021,0.00030118130379575003,1.9338212116468425,0.025735104920994352,0.02058808393679548,0.25,155.83704121095744,3.0661787883531577,in;sweep=0.0,0.4011422254527227,8.000000000000004,0.06,RunDiagnostics { ResidualInf = 7.593925488436071E-14; Kappa1 = 1103.368859559128 }
rect,64,5,0,2,0.9992471374506884,0.000903362491031845,1.9315436041676897,0.0444367087160251,0.03554936697282008,0.25,89.71242379614944,3.0684563958323103,in;sweep=0.0,0.4011422254527227,8.000000000000004,0.06,RunDiagnostics { ResidualInf = 7.593925488436071E-14; Kappa1 = 1103.368859559128 }
rect,64,5,0,3,0.9980429564419313,0.001504999526482198,1.926942394434997,0.0644531965122065,0.0515625572097652,0.25,78.10536336675167,3.073057605565003,in;sweep=0.0,0.4011422254527227,8.000000000000004,0.06,RunDiagnostics { ResidualInf = 7.593925488436071E-14; Kappa1 = 1103.368859559128 }
rect,64,5,0,4,0.9962375916754436,0.0021057300064933893,1.9199398088468251,0.08458511510683511,0.06766809208546809,0.25,73.25951151617731,3.0800601911531746,in;sweep=0.0,0.4011422254527227,8.000000000000004,0.06,RunDiagnostics { ResidualInf = 7.593925488436071E-14; Kappa1 = 1103.368859559128 }
Prect,64,5,0,64,0.01227061426145604,0.024541228522912205,0.6860432981851065,0.5807768627957292,0.46462149023658333,0.25,,4.313956701814893,in,,,,
Prect,64,5,0,63,0.03680445142516507,0.024526445804505866,0.6867626274293617,0.5806444267643015,0.4645155414114412,0.25,,4.313237372570638,in,,,,
Prect,64,5,0,62,0.061316118963542665,0.02449688927224932,0.6882029969205387,0.58037908590234,0.464303268721872,0.25,,4.3117970030794615,in,,,,
Prect,64,5,0,61,0.08579085196461399,0.024452576729893316,0.6903678256985663,0.5799799009114703,0.46398392072917627,0.25,,4.309632174301433,in,,,,
Prect,64,5,0,60,0.1102139077643884,0.02439353486965551,0.6932622346851626,0.5794454586029913,0.4635563668823931,0.25,,4.306737765314837,in,,,,
Prect,64,5,0,59,0.1345705748272889,0.024319799256145483,0.6968930368885348,0.5787738668349363,0.463019093467949,0.25,,4.303106963111465,in,,,,
Prect,64,5,0,58,0.15884618160783143,0.024231414304939608,0.7012687232759703,0.5779627478068795,0.4623701982455036,0.25,,4.2987312767240295,in,,,,
Prect,64,5,0,57,0.18302610538821473,0.024128433255826948,0.7063994433711832,0.5770092297541778,0.4616073838033422,0.25,,4.2936005566288165,in,,,,
Prect,64,5,0,56,0.20709578108649893,0.024010918140741466,0.71229697935722,0.5759099370972716,0.4607279496778173,0.25,,4.28770302064278,in,,,,
Prect,64,5,0,55,0.23104071003006676,0.023878939746394212,0.7189747121644243,0.5746609791180941,0.4597287832944753,0.25,,4.2810252878355755,in,,,,
Prect,64,5,0,54,0.2548464686890811,0.02373257757163444,0.726447577692141,0.5732579372551603,0.45860634980412823,0.25,,4.273552422307859,in,,,,
Prect,64,5,0,53,0.27849871736468024,0.023571919779563855,0.7347320109404922,0.5716958511321757,0.45735668090574055,0.25,,4.265267989059508,in,,,,
Prect,64,5,0,52,0.3019832088266768,0.023397063144429242,0.7438458754178373,0.5699692034628574,0.45597536277028594,0.25,,4.256154124582163,in,,,,
Prect,64,5,0,51,0.3252857968955557,0.023208112993328534,0.7538083747283862,0.5680719040079063,0.45445752320632504,0.25,,4.246191625271614,in,,,,
Prect,64,5,0,50,0.34839244496360405,0.023005183142768226,0.7646399427336547,0.5659972727997306,0.45279781823978443,0.25,,4.2353600572663455,in,,,,
Prect,64,5,0,49,0.3712892344500389,0.02278839583010156,0.7763621081177253,0.5637380228977054,0.4509904183181643,0.25,,4.223637891882275,in,,,,
Prect,64,5,0,48,0.39396237318503974,0.022557881639900024,0.7889973285722732,0.561286242992705,0.449028994394164,0.25,,4.211002671427726,in,,,,
Prect,64,5,0,47,0.4163982037176358,0.022313779425292113,0.8025687891568554,0.5586333802457352,0.4469067041965881,0.25,,4.197431210843145,in,,,,
Prect,64,5,0,46,0.4385832115424443,0.022056236224324843,0.8171001587022827,0.5557702238232677,0.44461617905861417,0.25,,4.182899841297718,in,,,,
Prect,64,5,0,45,0.4605040332403022,0.02178540717139099,0.8326152974267579,0.55268688968287,0.442149511746296,0.25,,4.1673847025732424,in,,,,
Prect,64,5,0,44,0.4821474645278908,0.021501455403786285,0.8491379082705772,0.5493728072685813,0.439498245814865,0.25,,4.150862091729422,in,,,,
Prect,64,5,0,43,0.5035004682115028,0.02120455196343768,0.8666911238810256,0.5458167088976886,0.4366533671181509,0.25,,4.133308876118974,in,,,,
Prect,64,5,0,42,0.5245501820401594,0.02089487569387538,0.8852970207735446,0.5420066227602809,0.4336052982082247,0.25,,4.114702979226456,in,,,,
Prect,64,5,0,41,0.5452839264533496,0.020572613132504913,0.9049760520819148,0.5379298706108755,0.4303438964887004,0.25,,4.095023947918085,in,,,,
Prect,64,5,0,40,0.5656892122187236,0.020237958398243383,0.9257463906258921,0.5335730714070284,0.4268584571256227,0.25,,4.074253609374108,in,,,,
Prect,64,5,0,39,0.5857537479551393,0.019891113074588018,0.9476231749859039,0.5289221523413846,0.4231377218731077,0.25,,4.052376825014096,in,,,,
Prect,64,5,0,38,0.6054654475365301,0.019532286088193462,0.9706176530961461,0.5239623689166811,0.4191698951333449,0.25,,4.029382346903854,in,,,,
Prect,64,5,0,37,0.6248124373721361,0.019161693583018558,0.9947362208582272,0.5186783359205351,0.4149426687364281,0.25,,4.005263779141773,in,,,,
Prect,64,5,0,36,0.643783063558711,0.018779558790131157,1.0199793577269678,0.5130540713566206,0.4104432570852965,0.25,,3.980020642273032,in,,,,
Prect,64,5,0,35,0.6623658989003975,0.018386111893241908,1.0463404674498147,0.507073055564006,0.40565844445120475,0.25,,3.9536595325501853,in,,,,
Prect,64,5,0,34,0.6805497497920427,0.0179815898900485,1.0738046404104777,0.5007183078834244,0.40057464630673956,0.25,,3.9261953595895225,in,,,,
Prect,64,5,0,33,0.6983236629618073,0.01756623644948052,1.1023473644706063,0.4939724832773021,0.39517798662184167,0.25,,3.8976526355293935,in,,,,
Prect,64,5,0,32,0.7156769320690071,0.01714030176491932,1.1319332237519135,0.4868179912416414,0.3894543929933131,0.25,,3.8680667762480865,in,,,,
Prect,64,5,0,31,0.7325991041532128,0.016704042403492103,1.1625146390226015,0.47923713911851756,0.38338971129481403,0.25,,3.8374853609773982,in,,,,
Prect,64,5,0,30,0.7490799859307218,0.016257721151525684,1.1940307183873953,0.47121230148159404,0.3769698411852752,0.25,,3.8059692816126045,in,,,,
Prect,64,5,0,29,0.7651096499346108,0.015801606856252426,1.2264063013754518,0.4627261165797581,0.3701808932638065,0.25,,3.7735936986245484,in,,,,
Prect,64,5,0,28,0.7806784404946716,0.015335974263869234,1.2595512912729288,0.4537617098528096,0.3630093678822477,0.25,,3.7404487087270715,in,,,,
Prect,64,5,0,27,0.7957769795536256,0.014861103854038604,1.2933603771131779,0.4443029432659816,0.3554423546127853,0.25,,3.706639622886822,in,,,,
Prect,64,5,0,26,0.8103961723161142,0.014377281670938769,1.3277132453819567,0.4343346876677667,0.3474677501342133,0.25,,3.6722867546180433,in,,,,
Prect,64,5,0,25,0.8245272127270644,0.013884799150961746,1.3624753696339293,0.42384311362173493,0.33907449089738795,0.25,,3.6375246303660704,in,,,,
Prect,64,5,0,24,0.8381615887761262,0.01338395294716177,1.397499442112186,0.4128159943111389,0.3302527954489111,0.25,,3.602500557887814,in,,,,
Prect,64,5,0,23,0.8512910876249895,0.01287504475056489,1.4326274746821004,0.4012430123260302,0.32099440986082417,0.25,,3.5673725253178996,in,,,,
Prect,64,5,0,22,0.8639078005544917,0.012358381108439342,1.4676935482741742,0.38911606061336385,0.31129284849069105,0.25,,3.532306451725826,in,,,,
Prect,64,5,0,21,0.8760041277285331,0.011834273239643589,1.5025271333516133,0.3764295268104542,0.3011436214483634,0.25,,3.497472866648387,in,,,,
Prect,64,5,0,20,0.8875727827719351,0.011303036847160275,1.5369568420137099,0.36318054978349157,0.29054443982679323,0.25,,3.46304315798629,in,,,,
Prect,64,5,0,19,0.8986067971594793,0.010764991927928125,1.5708144073310009,0.34936923760262845,0.2794953900821028,0.25,,3.429185592668999,in,,,,
Prect,64,5,0,18,0.909099524413487,0.010220462580087353,1.6039386165368046,0.3349988374918623,0.2679990699934899,0.25,,3.3960613834631954,in,,,,
Prect,64,5,0,17,0.9190446441074087,0.009669776807756048,1.6361788474512866,0.3200758505370782,0.25606068042966257,0.25,,3.3638211525487134,in,,,,
Prect,64,5,0,16,0.9284361656730128,0.009113266323452107,1.66739776691011,0.3046100871504107,0.24368806972032858,0.25,,3.33260223308989,in,,,,
Prect,64,5,0,15,0.9372684320088798,0.00855126634828185,1.697472647912178,0.28861466353808396,0.23089173083046716,0.25,,3.302527352087822,in,,,,
Prect,64,5,0,14,0.9455361228880287,0.00798411541001598,1.726294670643584,0.2721059448120997,0.21768475584967978,0.25,,3.273705329356416,in,,,,
Prect,64,5,0,13,0.9532342581626227,0.00741215513917215,1.75376554974213,0.25510344701668397,0.20408275761334718,0.25,,3.24623445025787,in,,,,
Prect,64,5,0,12,0.9603582007638243,0.006835730063231016,1.7797909873108633,0.23762971813881262,0.1901037745110501,0.25,,3.2202090126891365,in,,,,
Prect,64,5,0,11,0.9669036594949919,0.006255187399104134,1.8042709688829286,0.21971022674153257,0.17576818139322606,0.25,,3.1957290311170716,in,,,,
Prect,64,5,0,10,0.9728666916165363,0.005670876843984485,1.8270880625552777,0.20137329546569094,0.16109863637255276,0.25,,3.1729119374447223,in,,,,
Prect,64,5,0,9,0.9782437052208794,0.005083150364701972,1.8480969515699945,0.18265012473445433,0.14612009978756346,0.25,,3.1519030484300057,in,,,,
Prect,64,5,0,8,0.9830314613960858,0.004492361985710791,1.867121370636613,0.1635749614426699,0.13085996915413592,0.25,,3.132878629363387,in,,,,
Prect,64,5,0,7,0.9872270761768611,0.003898867575839793,1.8839666963659991,0.14418549149288354,0.11534839319430683,0.25,,3.116033303634001,in,,,,
Prect,64,5,0,6,0.9908280222817455,0.0033030246339289526,1.8984526538493471,0.12452363171247911,0.09961890536998329,0.25,,3.101547346150653,in,,,,
Prect,64,5,0,5,0.9938321306354534,0.0027051920734868506,1.910456317450838,0.10463728322658274,0.08370982658126619,0.25,,3.089543682549162,in,,,,
rect,64,8,0,1,0.9998494093481021,0.00030118130379575003,3.0879880802171353,0.04109464554455489,0.032875716435643916,0.25,248.84561345044824,4.912011919782865,in;sweep=0.0,0.6405568432124593,8.000000000000004,0.06,RunDiagnostics { ResidualInf = 1.2234657731369225E-13; Kappa1 = 1103.368859559128 }
rect,64,8,0,2,0.9992471374506884,0.000903362491031845,3.0843511231372562,0.07095796964721011,0.05676637571776809,0.25,143.25569171618542,4.915648876862743,in;sweep=0.0,0.6405568432124593,8.000000000000004,0.06,RunDiagnostics { ResidualInf = 1.2234657731369225E-13; Kappa1 = 1103.368859559128 }
rect,64,8,0,3,0.9980429564419313,0.001504999526482198,3.077003763038125,0.10292094293044476,0.0823367543443558,0.25,124.72116327246377,4.922996236961875,in;sweep=0.0,0.6405568432124593,8.000000000000004,0.06,RunDiagnostics { ResidualInf = 1.2234657731369225E-13; Kappa1 = 1103.368859559128 }
rect,64,8,0,4,0.9962375916754436,0.0021057300064933893,3.065821808524136,0.13506823983550562,0.10805459186840449,0.25,116.9831507494092,4.934178191475864,in;sweep=0.0,0.6405568432124593,8.000000000000004,0.06,RunDiagnostics { ResidualInf = 1.2234657731369225E-13; Kappa1 = 1103.368859559128 }
Prect,64,8,0,64,0.01227061426145604,0.024541228522912205,1.0954960647599383,0.9274032256848833,0.7419225805479066,0.25,,6.9045039352400615,in,,,,
Prect,64,8,0,63,0.03680445142516507,0.024526445804505866,1.096644712897027,0.9271917475585837,0.7417533980468669,0.25,,6.903355287102973,in,,,,
Prect,64,8,0,62,0.061316118963542665,0.02449688927224932,1.0989447413551723,0.9267680427124492,0.7414144341699593,0.25,,6.901055258644828,in,,,,
Prect,64,8,0,61,0.08579085196461399,0.024452576729893316,1.1024016097677838,0.9261306112445427,0.7409044889956341,0.25,,6.897598390232217,in,,,,
Prect,64,8,0,60,0.1102139077643884,0.02439353486965551,1.1070234953878237,0.9252771965295689,0.7402217572236551,0.25,,6.892976504612176,in,,,,
Prect,64,8,0,59,0.1345705748272889,0.024319799256145483,1.1128212774465518,0.9242047771342105,0.7393638217073684,0.25,,6.887178722553449,in,,,,
Prect,64,8,0,58,0.15884618160783143,0.024231414304939608,1.1198085145943502,0.9229095561100588,0.738327644888047,0.25,,6.88019148540565,in,,,,
Prect,64,8,0,57,0.18302610538821473,0.024128433255826948,1.128001413918047,0.9213869477307111,0.7371095581845688,0.25,,6.871998586081953,in,,,,
Prect,64,8,0,56,0.20709578108649893,0.024010918140741466,1.137418789587419,0.9196315617618568,0.7357052494094855,0.25,,6.862581210412581,in,,,,
Prect,64,8,0,55,0.23104071003006676,0.023878939746394212,1.1480820087036414,0.9176371853794046,0.7341097483035237,0.25,,6.851917991296359,in,,,,
Prect,64,8,0,54,0.2548464686890811,0.02373257757163444,1.1600149213926836,0.9153967628818694,0.7323174103054956,0.25,,6.839985078607317,in,,,,
Prect,64,8,0,53,0.27849871736468024,0.023571919779563855,1.1732437715925357,0.9129023733804004,0.7303218987043203,0.25,,6.826756228407464,in,,,,
Prect,64,8,0,52,0.3019832088266768,0.023397063144429242,1.1877970843296766,0.9101452066943196,0.7281161653554558,0.25,,6.812202915670324,in,,,,
Prect,64,8,0,51,0.3252857968955557,0.023208112993328534,1.2037055245384884,0.9071155377330906,0.7256924301864724,0.25,,6.7962944754615116,in,,,,
Prect,64,8,0,50,0.34839244496360405,0.023005183142768226,1.2210017216682991,0.9038026997090232,0.7230421597672185,0.25,,6.7789982783317,in,,,,
Prect,64,8,0,49,0.3712892344500389,0.02278839583010156,1.2397200534160586,0.9001950566003084,0.7201560452802467,0.25,,6.760279946583942,in,,,,
Prect,64,8,0,48,0.39396237318503974,0.022557881639900024,1.2598963809479844,0.8962799753733779,0.7170239802987023,0.25,,6.740103619052015,in,,,,
Prect,64,8,0,47,0.4163982037176358,0.022313779425292113,1.2815677269152022,0.8920437985790824,0.713635038863266,0.25,,6.718432273084797,in,,,,
Prect,64,8,0,46,0.4385832115424443,0.022056236224324843,1.3047718864700384,0.8874718180613762,0.709977454449101,0.25,,6.695228113529962,in,,,,
Prect,64,8,0,45,0.4605040332403022,0.02178540717139099,1.3295469603783876,0.8825482506625236,0.7060386005300189,0.25,,6.670453039621613,in,,,,
Prect,64,8,0,44,0.4821474645278908,0.021501455403786285,1.3559307982598623,0.8772562169778456,0.7018049735822764,0.25,,6.6440692017401375,in,,,,
Prect,64,8,0,43,0.5035004682115028,0.02120455196343768,1.383960339071592,0.8715777244081806,0.6972621795265445,0.25,,6.616039660928408,in,,,,
Prect,64,8,0,42,0.5245501820401594,0.02089487569387538,1.4136708353056266,0.8654936559813503,0.6923949247850802,0.25,,6.586329164694373,in,,,,
Prect,64,8,0,41,0.5452839264533496,0.020572613132504913,1.4450949471854893,0.8589837666660693,0.6871870133328555,0.25,,6.554905052814511,in,,,,
Prect,64,8,0,40,0.5656892122187236,0.020237958398243383,1.4782616936559028,0.8520266891821984,0.6816213513457587,0.25,,6.521738306344098,in,,,,
Prect,64,8,0,39,0.5857537479551393,0.019891113074588018,1.5131952484904847,0.8445999516170792,0.6756799612936634,0.25,,6.486804751509515,in,,,,
Prect,64,8,0,38,0.6054654475365301,0.019532286088193462,1.5499135727530369,0.8366800094819418,0.6693440075855535,0.25,,6.450086427246963,in,,,,
Prect,64,8,0,37,0.6248124373721361,0.019161693583018558,1.588426879625854,0.8282422951734524,0.6625938361387619,0.25,,6.411573120374146,in,,,,
Prect,64,8,0,36,0.643783063558711,0.018779558790131157,1.6287359347176555,0.8192612881244268,0.6554090304995415,0.25,,6.371264065282345,in,,,,
Prect,64,8,0,35,0.6623658989003975,0.018386111893241908,1.6708302049196762,0.8097106092074982,0.6477684873659986,0.25,,6.329169795080324,in,,,,
Prect,64,8,0,34,0.6805497497920427,0.0179815898900485,1.7146858820757305,0.7995631431582907,0.6396505145266326,0.25,,6.285314117924269,in,,,,
Prect,64,8,0,33,0.6983236629618073,0.01756623644948052,1.7602638244127546,0.7887911928613954,0.6310329542891163,0.25,,6.239736175587245,in,,,,
Prect,64,8,0,32,0.7156769320690071,0.01714030176491932,1.80750747871413,0.7773666692327016,0.6218933353861613,0.25,,6.19249252128587,in,,,,
Prect,64,8,0,31,0.7325991041532128,0.016704042403492103,1.8563408689279626,0.7652613200654126,0.6122090560523301,0.25,,6.143659131072037,in,,,,
Prect,64,8,0,30,0.7490799859307218,0.016257721151525684,1.906666760911895,0.7524470005102996,0.6019576004082396,0.25,,6.093333239088105,in,,,,
Prect,64,8,0,29,0.7651096499346108,0.015801606856252426,1.9583651360021639,0.7388959867632365,0.5911167894105892,0.25,,6.041634863997836,in,,,,
Prect,64,8,0,28,0.7806784404946716,0.015335974263869234,2.011292124860211,0.7245813329822587,0.579665066385807,0.25,,5.988707875139789,in,,,,
Prect,64,8,0,27,0.7957769795536256,0.014861103854038604,2.0652795635380685,0.7094772694329672,0.5675818155463738,0.25,,5.934720436461932,in,,,,
Prect,64,8,0,26,0.8103961723161142,0.014377281670938769,2.1201353315357987,0.693559637398291,0.5548477099186327,0.25,,5.879864668464201,in,,,,
Prect,64,8,0,25,0.8245272127270644,0.013884799150961746,2.1756446126869013,0.6768063535881137,0.541445082870491,0.25,,5.824355387313099,in,,,,
Prect,64,8,0,24,0.8381615887761262,0.01338395294716177,2.231572181213946,0.6591978938271128,0.5273583150616903,0.25,,5.768427818786054,in,,,,
Prect,64,8,0,23,0.8512910876249895,0.01287504475056489,2.2876657565682645,0.6407177829423273,0.5125742263538619,0.25,,5.7123342434317355,in,,,,
Prect,64,8,0,22,0.8639078005544917,0.012358381108439342,2.343660393828607,0.6213530753299873,0.49708246026398983,0.25,,5.656339606171393,in,,,,
Prect,64,8,0,21,0.8760041277285331,0.011834273239643589,2.399283785930443,0.601094808988346,0.4808758471906768,0.25,,5.600716214069557,in,,,,
Prect,64,8,0,20,0.8875727827719351,0.011303036847160275,2.4542622551465136,0.5799384151666594,0.46395073213332755,0.25,,5.545737744853486,in,,,,
Prect,64,8,0,19,0.8986067971594793,0.010764991927928125,2.5083271074169082,0.5578840664348329,0.44630725314786635,0.25,,5.491672892583091,in,,,,
Prect,64,8,0,18,0.909099524413487,0.010220462580087353,2.561220912996307,0.534936948064874,0.4279495584518992,0.25,,5.438779087003693,in,,,,
Prect,64,8,0,17,0.9190446441074087,0.009669776807756048,2.612703153530071,0.511107441200397,0.4088859529603176,0.25,,5.387296846469929,in,,,,
Prect,64,8,0,16,0.9284361656730128,0.009113266323452107,2.6625545309921854,0.4864112114239028,0.38912896913912226,0.25,,5.337445469007815,in,,,,
Prect,64,8,0,15,0.9372684320088798,0.00855126634828185,2.7105790709491364,0.4608692031165134,0.3686953624932107,0.25,,5.289420929050864,in,,,,
Prect,64,8,0,14,0.9455361228880287,0.00798411541001598,2.7566030064123663,0.4345075486168795,0.3476060388935036,0.25,,5.243396993587634,in,,,,
Prect,64,8,0,13,0.9532342581626227,0.00741215513917215,2.800469392145737,0.4073574117738515,0.3258859294190812,0.25,,5.199530607854263,in,,,,
Prect,64,8,0,12,0.9603582007638243,0.006835730063231016,2.842027650226111,0.3794547979402483,0.30356383835219863,0.25,,5.157972349773889,in,,,,
Prect,64,8,0,11,0.9669036594949919,0.006255187399104134,2.8811180743268165,0.35084037613895264,0.28067230091116213,0.25,,5.1188819256731835,in,,,,
Prect,64,8,0,10,0.9728666916165363,0.005670876843984485,2.9175531453981005,0.32155937287633,0.257247498301064,0.25,,5.0824468546018995,in,,,,
Prect,64,8,0,9,0.9782437052208794,0.005083150364701972,2.9511008169539075,0.2916616099943659,0.23332928799549274,0.25,,5.0488991830460925,in,,,,
Prect,64,8,0,8,0.9830314613960858,0.004492361985710791,2.9814796228936973,0.2612017740392811,0.20896141923142486,0.25,,5.018520377106302,in,,,,
Prect,64,8,0,7,0.9872270761768611,0.003898867575839793,3.008378782312542,0.23024004307570342,0.18419203446056273,0.25,,4.991621217687458,in,,,,
Prect,64,8,0,6,0.9908280222817455,0.0033030246339289526,3.031510426422006,0.19884335124549812,0.1590746809963985,0.25,,4.968489573577994,in,,,,
Prect,64,8,0,5,0.9938321306354534,0.0027051920734868506,3.050678263602148,0.16708818861017,0.133670550888136,0.25,,4.949321736397852,in,,,,
rect,128,2,0,1,0.9999623509195723,7.529816085549701E-05,0.7762583894471297,0.005207399973253692,0.004165919978602954,0.25,126.12736637791647,1.2237416105528705,in;sweep=0.0,0.16030325273053325,8.000000000000002,0.43,RunDiagnostics { ResidualInf = 1.247890679678676E-13; Kappa1 = 4393.00270529365 }
rect,128,2,0,2,0.9998117602676744,0.00022588314294025302,0.7760349048289885,0.008994775744001104,0.007195820595200883,0.25,72.62385159025133,1.2239650951710115,in;sweep=0.0,0.16030325273053325,8.000000000000002,0.43,RunDiagnostics { ResidualInf = 1.247890679678676E-13; Kappa1 = 4393.00270529365 }
rect,128,2,0,3,0.9995106016422769,0.0003764341078547062,0.7755866898120283,0.013058619075267936,0.01044689526021435,0.25,63.26755426509444,1.2244133101879717,in;sweep=0.0,0.16030325273053325,8.000000000000002,0.43,RunDiagnostics { ResidualInf = 1.247890679678676E-13; Kappa1 = 4393.00270529365 }
rect,128,2,0,4,0.999058920396761,0.0005269283831771387,0.7749113298736371,0.017163063341793575,0.01373045067343486,0.25,59.404038704854145,1.2250886701263628,in;sweep=0.0,0.16030325273053325,8.000000000000002,0.43,RunDiagnostics { ResidualInf = 1.247890679678676E-13; Kappa1 = 4393.00270529365 }
Prect,128,2,0,128,0.006135769142859881,0.012271538285719884,0.27518275631510236,0.23247652163345883,0.18598121730676706,0.25,,1.7248172436848976,in,,,,
Prect,128,2,0,127,0.018406383404315982,0.01226969023719232,0.27525516420588586,0.23246316947288365,0.18597053557830692,0.25,,1.7247448357941142,in,,,,
Prect,128,2,0,126,0.030674225732135504,0.012265994418446724,0.2754000232561789,0.232436453264297,0.1859491626114376,0.25,,1.7245999767438212,in,,,,
Prect,128,2,0,125,0.042937448634388434,0.012260451386059142,0.2756174199854502,0.2323963492219444,0.18591707937755553,0.25,,1.7243825800145498,in,,,,
Prect,128,2,0,124,0.05519420531481327,0.012253061974790522,0.2759074841259357,0.23234282163999656,0.18587425731199725,0.25,,1.7240925158740643,in,,,,
Prect,128,2,0,123,0.06744264995093793,0.0122438272974588,0.27627038856608666,0.2322758228599561,0.18582065828796487,0.25,,1.7237296114339133,in,,,,
Prect,128,2,0,122,0.07968093797205354,0.012232748744772426,0.2767063492729256,0.23219529322726654,0.18575623458181323,0.25,,1.7232936507270744,in,,,,
Prect,128,2,0,121,0.0919072263370002,0.01221982798512089,0.277215625192271,0.23210116103718398,0.18568092882974718,0.25,,1.722784374807729,in,,,,
Prect,128,2,0,120,0.10411967381172185,0.012205066964322414,0.27779851812534306,0.23199334246999032,0.18559467397599225,0.25,,1.722201481874657,in,,,,
Prect,128,2,0,119,0.1163164412465496,0.012188467905333095,0.2784553725793334,0.23187174151563913,0.1854973932125113,0.25,,1.7215446274206667,in,,,,
Prect,128,2,0,118,0.12849569185317114,0.012170033307909958,0.2791865755887295,0.2317362498879445,0.1853889999103556,0.25,,1.7208134244112705,in,,,,
Prect,128,2,0,117,0.14065559148124387,0.012149765948235525,0.2799925565060254,0.23158674692845033,0.18526939754276026,0.25,,1.7200074434939747,in,,,,
Prect,128,2,0,116,0.15279430889461146,0.012127668878499642,0.28087378675617825,0.23142309950012402,0.18513847960009922,0.25,,1.7191262132438219,in,,,,
Prect,128,2,0,115,0.16491001604708128,0.012103745426439966,0.28183077955312597,0.2312451618710595,0.1849961294968476,0.25,,1.7181692204468741,in,,,,
Prect,128,2,0,114,0.1770008883577211,0.012077999194839678,0.2828640895724182,0.23105277558838253,0.18484222047070603,0.25,,1.7171359104275818,in,,,,
Prect,128,2,0,113,0.18906510498563456,0.01205043406098727,0.2839743125760205,0.2308457693425908,0.18467661547407263,0.25,,1.7160256874239794,in,,,,
Prect,128,2,0,112,0.2011008491041733,0.012021054176090257,0.2851620849834138,0.23062395882258294,0.18449916705806635,0.25,,1.7148379150165862,in,,,,
Prect,128,2,0,111,0.21310630817454407,0.01198986396465121,0.2864280833836135,0.2303871465616694,0.1843097172493355,0.25,,1.7135719166163865,in,,,,
Prect,128,2,0,110,0.2250796742187704,0.011956868123801478,0.28777302398151494,0.2301351217748887,0.18410809741991097,0.25,,1.712226976018485,in,,,,
Prect,128,2,0,109,0.2370191440919675,0.011922071622592734,0.2891976619709578,0.229867660187991,0.1838941281503928,0.25,,1.7108023380290422,in,,,,
Prect,128,2,0,108,0.2489229197538892,0.011885479701250645,0.29070279082750905,0.22958452385849726,0.1836676190867978,0.25,,1.709297209172491,in,,,,
Prect,128,2,0,107,0.26078920853970644,0.011847097870383794,0.29228924151237795,0.22928546098928693,0.18342836879142954,0.25,,1.707710758487622,in,,,,
Prect,128,2,0,106,0.2726162234299756,0.011806931910154639,0.2939578815783106,0.2289702057352158,0.18317616458817262,0.25,,1.7060421184216894,in,,,,
Prect,128,2,0,105,0.28440218331975753,0.011764987869409216,0.2957096141674226,0.22863847800332157,0.18291078240265726,0.25,,1.7042903858325773,in,,,,
Prect,128,2,0,104,0.2961453132868451,0.01172127206476592,0.2975453768910946,0.22828998324723954,0.18263198659779162,0.25,,1.7024546231089053,in,,,,
Prect,128,2,0,103,0.30784384485905975,0.011675791079663322,0.2994661405790111,0.2279244122565068,0.18233952980520546,0.25,,1.700533859420989,in,,,,
Prect,128,2,0,102,0.3194960162805771,0.011628551763371464,0.30147290788693293,0.2275414409415206,0.18203315275321647,0.25,,1.698527092113067,in,,,,
Prect,128,2,0,101,0.3311000727772414,0.01157956122995707,0.30356671174839,0.22714073011497937,0.1817125840919835,0.25,,1.69643328825161,in,,,,
Prect,128,2,0,100,0.34265426682082717,0.011528826857214458,0.30574861365644435,0.22672192527072907,0.18137754021658326,0.25,,1.6942513863435558,in,,,,
Prect,128,2,0,99,0.3541568583922113,0.011476356285553768,0.3080197017608646,0.22628465636103176,0.18102772508882542,0.25,,1.6919802982391354,in,,,,
Prect,128,2,0,98,0.3656061152434128,0.011422157416849321,0.3103810887637081,0.22582853757336893,0.18066283005869516,0.25,,1.6896189112362918,in,,,,
Prect,128,2,0,97,0.3770003131584636,0.011366238413252239,0.3128339095965674,0.22535316710800718,0.18028253368640573,0.25,,1.6871660904034327,in,,,,
Prect,128,2,0,96,0.3883377362130689,0.011308607695958262,0.31537931886023574,0.22485812695766855,0.17988650156613484,0.25,,1.6846206811397644,in,,,,
Prect,128,2,0,95,0.39961667703301884,0.011249273943941762,0.3180184880087234,0.2243429826907855,0.1794743861526284,0.25,,1.6819815119912767,in,,,,
Prect,128,2,0,94,0.41083543705131337,0.011188246092647236,0.3207526022550236,0.22380728323994678,0.17904582659195742,0.25,,1.6792473977449764,in,,,,
Prect,128,2,0,93,0.4219923267639594,0.011125533332644877,0.3235828571779928,0.22325056069730545,0.17860044855784435,0.25,,1.6764171428220072,in,,,,
Prect,128,2,0,92,0.4330856659844046,0.011061145108245518,0.32651045500853443,0.2226723301188816,0.1781378640951053,0.25,,1.6734895449914655,in,,,,
Prect,128,2,0,91,0.44411378409656704,0.010995091116079325,0.3295366005678284,0.22207208933985165,0.17765767147188133,0.25,,1.6704633994321716,in,,,,
Prect,128,2,0,90,0.4550750203064234,0.010927381303633354,0.33266249683669935,0.22144931880313332,0.17715945504250666,0.25,,1.6673375031633006,in,,,,
Prect,128,2,0,89,0.4659677238921189,0.010858025867757637,0.3358893401273298,0.2208034814037524,0.1766427851230019,0.25,,1.6641106598726703,in,,,,
Prect,128,2,0,88,0.47679025445256024,0.010787035253125077,0.33921831483230114,0.22013402235170954,0.17610721788136763,0.25,,1.6607816851676989,in,,,,
Prect,128,2,0,87,0.4875409821544534,0.010714420150661208,0.3426505877234481,0.2194403690562913,0.17555229524503305,0.25,,1.657349412276552,in,,,,
Prect,128,2,0,86,0.4982182879777507,0.010640191495933482,0.3461873017728206,0.2187219310350153,0.17497754482801225,0.25,,1.6538126982271795,in,,,,
Prect,128,2,0,85,0.5088205639594696,0.010564360467504197,0.34982956946870664,0.21797809985066358,0.17438247988053085,0.25,,1.6501704305312934,in,,,,
Prect,128,2,0,84,0.5193462134358452,0.010486938485247066,0.3535784655988861,0.21720824908012915,0.17376659926410332,0.25,,1.646421534401114,in,,,,
Prect,128,2,0,83,0.5297936512827829,0.010407937208628315,0.35743501947530676,0.2164117343190961,0.1731293874552769,0.25,,1.6425649805246931,in,,,,
Prect,128,2,0,82,0.5401613041545716,0.0103273685349492,0.3614002065740449,0.2155878932268675,0.172470314581494,0.25,,1.638599793425955,in,,,,
Prect,128,2,0,81,0.550447610720824,0.010245244597555714,0.3654749395670599,0.21473604561597576,0.1717888364927806,0.25,,1.63452506043294,in,,,,
Prect,128,2,0,80,0.5606510219016076,0.010161577764011387,0.36966005872562196,0.213855493591535,0.171084394873228,0.25,,1.630339941274378,in,,,,
Prect,128,2,0,79,0.5707700011007293,0.010076380634231996,0.37395632167661574,0.2129455217456181,0.17035641739649449,0.25,,1.6260436783233843,in,,,,
Prect,128,2,0,78,0.580803024437142,0.009989666038593525,0.378364392497623,0.21200539741227759,0.16960431792982206,0.25,,1.621635607502377,in,,,,
Prect,128,2,0,77,0.5907485809744362,0.009901447035994493,0.3828848301448367,0.21103437098917582,0.16882749679134065,0.25,,1.6171151698551633,in,,,,
Prect,128,2,0,76,0.6006051729483795,0.009811736911892077,0.38751807620957407,0.21003167633209796,0.16802534106567837,0.25,,1.612481923790426,in,,,,
Prect,128,2,0,75,0.6103713159924762,0.009720549176301385,0.3922644420098164,0.20899653122895034,0.16719722498316028,0.25,,1.6077355579901835,in,,,,
Prect,128,2,0,74,0.6200455393615065,0.009627897561759413,0.39712409503344004,0.20792813796014908,0.16634251036811926,0.25,,1.60287590496656,in,,,,
Prect,128,2,0,73,0.6296263861530158,0.009533796021259144,0.4020970447570284,0.2068256839525571,0.16546054716204567,0.25,,1.5979029552429715,in,,,,
Prect,128,2,0,72,0.6391124135267183,0.009438258726145898,0.4071831278797637,0.2056883425343733,0.16455067402749862,0.25,,1.5928168721202363,in,,,,
Prect,128,2,0,71,0.6485021929217839,0.009341300063985258,0.4123819930246772,0.2045152737985517,0.16361221903884135,0.25,,1.5876180069753227,in,,,,
Prect,128,2,0,70,0.6577943102719742,0.009242934636395361,0.41769308497536956,0.20330562558244655,0.16264450046595724,0.25,,1.5823069150246305,in,,,,
Prect,128,2,0,69,0.6669873662185952,0.009143177256846546,0.4231156285344385,0.20205853457142042,0.16164682765713634,0.25,,1.5768843714655616,in,,,,
Prect,128,2,0,68,0.6760799763212357,0.009042042948434692,0.42864861211006694,0.2007731275340999,0.16061850202727992,0.25,,1.571351387889933,in,,,,
Prect,128,2,0,67,0.68507077126626,0.008939546941613807,0.43429077115513415,0.19944852269678665,0.1595588181574293,0.25,,1.5657092288448657,in,,,,
Prect,128,2,0,66,0.6939583970730199,0.008835704671905864,0.44004057161177523,0.1980838312642574,0.15846706501140592,0.25,,1.5599594283882248,in,,,,
Prect,128,2,0,65,0.7027415152977601,0.008730531777574657,0.44589619353038934,0.1966781590937132,0.15734252727497056,0.25,,1.5541038064696107,in,,,,
Prect,128,2,0,64,0.711418803235183,0.008624044097271133,0.4518555150626209,0.19523060852804605,0.15618448682243685,0.25,,1.548144484937379,in,,,,
Prect,128,2,0,63,0.7199889541176427,0.008516257667648186,0.45791609704895847,0.19374028039378113,0.1549922243150249,0.25,,1.5420839029510416,in,,,,
Prect,128,2,0,62,0.7284506773119397,0.008407188720945924,0.4640751684477238,0.19220627616804928,0.15376502093443942,0.25,,1.5359248315522762,in,,,,
Prect,128,2,0,61,0.7368026985136857,0.00829685368254618,0.47032961287270025,0.1906277003177133,0.15250216025417065,0.25,,1.5296703871272999,in,,,,
Prect,128,2,0,60,0.745043759939209,0.008185269168500264,0.4766759565294731,0.1890036628123189,0.15120293024985512,0.25,,1.5233240434705269,in,,,,
Prect,128,2,0,59,0.7531726205149718,0.00807245198302542,0.48311035785892115,0.1873332818108406,0.1498666254486725,0.25,,1.516889642141079,in,,,,
Prect,128,2,0,58,0.7611880560644717,0.007958419115974391,0.4896285992054337,0.18561568652023766,0.14849254921619012,0.25,,1.5103714007945663,in,,,,
Prect,128,2,0,57,0.769088859492598,0.007843187740278035,0.4962260808413578,0.18385002022166771,0.14708001617733418,0.25,,1.5037739191586423,in,,,,
Prect,128,2,0,56,0.7768738409674157,0.007726775209357495,0.5028978176756627,0.1820354434577806,0.1456283547662245,0.25,,1.4971021823243373,in,,,,
Prect,128,2,0,55,0.7845418280993504,0.007609199054511739,0.5096384389734231,0.18017113737190976,0.1441369098975278,0.25,,1.4903615610265768,in,,,,
Prect,128,2,0,54,0.7920916661177448,0.007490476982277228,0.5164421913935423,0.17825630718717125,0.142605045749737,0.25,,1.4835578086064576,in,,,,
Prect,128,2,0,53,0.7995222180447641,0.0073706268717613765,0.523302945631197,0.17629018581056186,0.14103214864844948,0.25,,1.476697054368803,in,,,,
Prect,128,2,0,52,0.8068323648666198,0.007249666771949825,0.5302142069144666,0.17427203754412973,0.13941763003530377,0.25,,1.4697857930855334,in,,,,
Prect,128,2,0,51,0.8140210057020891,0.007127614898988943,0.5371691295638141,0.1722011618822715,0.1377609295058172,0.25,,1.4628308704361859,in,,,,
Prect,128,2,0,50,0.8210870579683043,0.007004489633441469,0.5441605357610372,0.1700768973712083,0.13606151789696663,0.25,,1.455839464238963,in,,,,
Prect,128,2,0,49,0.8280294575437852,0.006880309517520278,0.5511809386140705,0.16789862550386056,0.13431890040308844,0.25,,1.4488190613859295,in,,,,
Prect,128,2,0,48,0.8348471589286917,0.006755093252292732,0.5582225695285514,0.1656657746207005,0.1325326196965604,0.25,,1.4417774304714486,in,,,,
Prect,128,2,0,47,0.8415391354022725,0.006628859694869038,0.5652774098080969,0.1633778237848111,0.13070225902784888,0.25,,1.4347225901919032,in,,,,
Prect,128,2,0,46,0.848104379177486,0.006501627855557968,0.5723372263218968,0.16103430659745274,0.1288274452779622,0.25,,1.4276627736781031,in,,,,
Prect,128,2,0,45,0.8545419015527685,0.0063734168950069225,0.5793936109791745,0.15863481491895162,0.1269078519351613,0.25,,1.4206063890208256,in,,,,
Prect,128,2,0,44,0.8608507330609294,0.006244246121314689,0.5864380236478162,0.15617900245878763,0.1249432019670301,0.25,,1.4135619763521838,in,,,,
Prect,128,2,0,43,0.8670299236151491,0.006114134987124653,0.5934618380589388,0.15366658819845486,0.12293327055876388,0.25,,1.4065381619410613,in,,,,
Prect,128,2,0,42,0.8730785426520589,0.005983103086695141,0.6004563901283336,0.15109735961099552,0.12087788768879641,0.25,,1.3995436098716665,in,,,,
Prect,128,2,0,41,0.8789956792718807,0.005851170152948448,0.6074130280247728,0.14847117564216253,0.11877694051373003,0.25,,1.392586971975227,in,,,,
Prect,128,2,0,40,0.8847804423756044,0.005718356054498885,0.6143231632066476,0.14578796941993516,0.11663037553594813,0.25,,1.3856768367933525,in,,,,
Prect,128,2,0,39,0.8904319607991845,0.0055846807926613895,0.6211783215373768,0.14304775066161912,0.11443820052929529,0.25,,1.3788216784626233,in,,,,
Prect,128,2,0,38,0.8959493834447345,0.005450164498438714,0.6279701934732436,0.14025060775101622,0.11220048620081298,0.25,,1.3720298065267564,in,,,,
Prect,128,2,0,37,0.9013318794086986,0.0053148274294894104,0.6346906821942087,0.1373967094621431,0.10991736756971449,0.25,,1.3653093178057913,in,,,,
Prect,128,2,0,36,0.9065786381069829,0.005178689967079042,0.6413319484110941,0.13448630631071135,0.10758904504856907,0.25,,1.3586680515889058,in,,,,
Prect,128,2,0,35,0.9116888693970265,0.005041772613008311,0.6478864504360492,0.13151973152006233,0.10521578521604986,0.25,,1.352113549563951,in,,,,
Prect,128,2,0,34,0.9166618036967942,0.004904095986526968,0.6543469779485162,0.12849740159449852,0.10279792127559881,0.25,,1.3456530220514837,in,,,,
Prect,128,2,0,33,0.9214966921006722,0.004765680821229079,0.6607066777188619,0.12541981649996023,0.10033585319996818,0.25,,1.339293322281138,in,,,,
Prect,128,2,0,32,0.9261928064922511,0.00462654796192874,0.6669590694042047,0.12228755945983552,0.09783004756786842,0.25,,1.3330409305957953,in,,,,
Prect,128,2,0,31,0.9307494396539772,0.0044867183615233674,0.6730980493839975,0.11910129638230586,0.0952810371058447,0.25,,1.3269019506160025,in,,,,
Prect,128,2,0,30,0.9351659053736568,0.004346213077836003,0.6791178805327256,0.11586177494508368,0.09268941995606694,0.25,,1.3208821194672744,in,,,,
Prect,128,2,0,29,0.9394415385477978,0.0042050532704458465,0.6850131658156884,0.1125698233735322,0.09005585869882576,0.25,,1.3149868341843116,in,,,,
Prect,128,2,0,28,0.943575695281771,0.004063260197500584,0.6907788037494815,0.10922634895891588,0.0873810791671327,0.25,,1.3092211962505185,in,,,,
Prect,128,2,0,27,0.947567752986779,0.003920855212515395,0.6964099240977772,0.10583233637455604,0.08466586909964482,0.25,,1.3035900759022228,in,,,,
Prect,128,2,0,26,0.9514171104736153,0.0037778597611571874,0.7019018028002976,0.10238884585862053,0.08191107668689643,0.25,,1.2980981971997023,in,,,,
Prect,128,2,0,25,0.9551231880432014,0.0036342953780149623,0.7072497561152024,0.09889701134251634,0.07911760907401308,0.25,,1.2927502438847975,in,,,,
Prect,128,2,0,24,0.9586854275738873,0.003490183683356962,0.7124490154289312,0.09535803861262118,0.07628643089009694,0.25,,1.2875509845710686,in,,,,
Prect,128,2,0,23,0.9621032926055029,0.0033455463798740537,0.7174945862689273,0.09177320359936528,0.07341856287949222,0.25,,1.2825054137310727,in,,,,
Prect,128,2,0,22,0.9653762684201459,0.0032004052494122304,0.7223810978858429,0.08814385089021753,0.07051508071217402,0.25,,1.277618902114157,in,,,,
Prect,128,2,0,21,0.968503862119698,0.0030547821496919036,0.7271026534808267,0.08447139256049842,0.06757711404839874,0.25,,1.2728973465191733,in,,,,
Prect,128,2,0,20,0.971485602700052,0.0029086990110160915,0.7316526957535817,0.08075730740653074,0.06460584592522459,0.25,,1.2683473042464182,in,,,,
Prect,128,2,0,19,0.9743210411220442,0.0027621778329683933,0.7360239077416283,0.07700314064790002,0.06160251251832002,0.25,,1.2639760922583716,in,,,,
Prect,128,2,0,18,0.977009750379078,0.0026152406810990847,0.7402081741826572,0.07321050413866427,0.05856840331093142,0.25,,1.2597918258173428,in,,,,
Prect,128,2,0,17,0.979551325561429,0.002467909683602887,0.7441966323155684,0.06938107709228149,0.05550486167382519,0.25,,1.2558033676844316,in,,,,
Prect,128,2,0,16,0.9819453839172234,0.0023202070279858544,0.747979840451363,0.0655166072873511,0.05241328582988088,0.25,,1.2520201595486369,in,,,,
Prect,128,2,0,15,0.9841915649100788,0.0021721549577249366,0.7515480841425591,0.06161891269541249,0.04929513015632999,0.25,,1.2484519158574408,in,,,,
Prect,128,2,0,14,0.9862895302733998,0.002023775768917213,0.7548918199552509,0.05768988348753556,0.046151906790028445,0.25,,1.245108180044749,in,,,,
Prect,128,2,0,13,0.9882389640613197,0.0018750918069225797,0.7580022251941063,0.05373148448622987,0.0429851875889839,0.25,,1.2419977748058937,in,,,,
Prect,128,2,0,12,0.9900395726962805,0.0017261254629989953,0.7608717842211852,0.049745758420118955,0.03979660673609516,0.25,,1.2391282157788148,in,,,,
Prect,128,2,0,11,0.991691085013245,0.0015768991709299574,0.7634948116524398,0.045734830952004965,0.03658786476160397,0.25,,1.2365051883475602,in,,,,
Prect,128,2,0,10,0.993193252300533,0.0014274354036460934,0.7658678064987963,0.04170091963958241,0.03336073571166593,0.25,,1.2341321935012037,in,,,,
Prect,128,2,0,9,0.9945458483372764,0.0012777566698407572,0.7679895593152638,0.03764635129487626,0.030117081035901005,0.25,,1.232010440684736,in,,,,
Prect,128,2,0,8,0.9957486694274874,0.0011278855105811836,0.7698609904985371,0.033573596988299155,0.026858877590639325,0.25,,1.230139009501463,in,,,,
Prect,128,2,0,7,0.9968015344307342,0.0009778444959122057,0.7714847602361155,0.029485344932056904,0.023588275945645523,0.25,,1.2285152397638845,in,,,,
Prect,128,2,0,6,0.9977042847894197,0.0008276562214589722,0.7728647343930479,0.025384659973230948,0.02030772797858476,0.25,,1.227135265606952,in,,,,
Prect,128,2,0,5,0.9984567845526608,0.0006773433050232258,0.7740054027234932,0.021275363114507763,0.01702029049160621,0.25,,1.225994597276507,in,,,,
rect,128,5,0,1,0.9999623509195723,7.529816085549701E-05,1.9385774262905562,0.013004623428295363,0.01040369874263629,0.25,314.9823159680569,3.061422573709444,in;sweep=0.0,0.400330961093602,8.000000000000002,0.41,RunDiagnostics { ResidualInf = 2.871036741680655E-13; Kappa1 = 4393.00270529365 }
rect,128,5,0,2,0.9998117602676744,0.00022588314294025302,1.9380193102793637,0.02246297038320488,0.017970376306563902,0.25,181.3661033710683,3.0619806897206363,in;sweep=0.0,0.400330961093602,8.000000000000002,0.41,RunDiagnostics { ResidualInf = 2.871036741680655E-13; Kappa1 = 4393.00270529365 }
rect,128,5,0,3,0.9995106016422769,0.0003764341078547062,1.936899967125376,0.03261174951792795,0.02608939961434236,0.25,158.00029240556128,3.0631000328746243,in;sweep=0.0,0.400330961093602,8.000000000000002,0.41,RunDiagnostics { ResidualInf = 2.871036741680655E-13; Kappa1 = 4393.00270529365 }
rect,128,5,0,4,0.999058920396761,0.0005269283831771387,1.9352133669559066,0.042861922798787144,0.034289538239029714,0.25,148.3517988716775,3.0647866330440934,in;sweep=0.0,0.400330961093602,8.000000000000002,0.41,RunDiagnostics { ResidualInf = 2.871036741680655E-13; Kappa1 = 4393.00270529365 }
Prect,128,5,0,128,0.006135769142859881,0.012271538285719884,0.6872235930060594,0.5805718084439931,0.4644574467551945,0.25,,4.31277640699394,in,,,,
Prect,128,5,0,127,0.018406383404315982,0.01226969023719232,0.687404419782747,0.5805384636229441,0.4644307708983553,0.25,,4.312595580217253,in,,,,
Prect,128,5,0,126,0.030674225732135504,0.012265994418446724,0.6877661813929289,0.5804717442939339,0.4643773954351471,0.25,,4.312233818607071,in,,,,
Prect,128,5,0,125,0.042937448634388434,0.012260451386059142,0.6883090939045459,0.5803715910559594,0.4642972728447675,0.25,,4.311690906095454,in,,,,
Prect,128,5,0,124,0.05519420531481327,0.012253061974790522,0.6890334813026049,0.5802379147395953,0.46419033179167624,0.25,,4.310966518697395,in,,,,
Prect,128,5,0,123,0.06744264995093793,0.0122438272974588,0.6899397753473825,0.5800705963255967,0.4640564770604773,0.25,,4.310060224652617,in,,,,
Prect,128,5,0,122,0.07968093797205354,0.012232748744772426,0.6910285153809773,0.5798694868365376,0.4638955894692301,0.25,,4.308971484619023,in,,,,
Prect,128,5,0,121,0.0919072263370002,0.01221982798512089,0.6923003480780682,0.5796344072016358,0.4637075257613087,0.25,,4.307699651921932,in,,,,
Prect,128,5,0,120,0.10411967381172185,0.012205066964322414,0.6937560271371982,0.5793651480949543,0.46349211847596344,0.25,,4.306243972862802,in,,,,
Prect,128,5,0,119,0.1163164412465496,0.012188467905333095,0.6953964129083781,0.5790614697472216,0.4632491757977773,0.25,,4.304603587091622,in,,,,
Prect,128,5,0,118,0.12849569185317114,0.012170033307909958,0.6972224719466312,0.5787231017315312,0.46297848138522496,0.25,,4.302777528053369,in,,,,
Prect,128,5,0,117,0.14065559148124387,0.012149765948235525,0.6992352764888479,0.5783497427232687,0.46267979417861493,0.25,,4.300764723511152,in,,,,
Prect,128,5,0,116,0.15279430889461146,0.012127668878499642,0.7014360038414996,0.5779410602346333,0.46235284818770667,0.25,,4.2985639961585,in,,,,
Prect,128,5,0,115,0.16491001604708128,0.012103745426439966,0.7038259356716794,0.5774966903242003,0.4619973522593602,0.25,,4.296174064328321,in,,,,
Prect,128,5,0,114,0.1770008883577211,0.012077999194839678,0.7064064571898141,0.577016237282022,0.4616129898256176,0.25,,4.293593542810186,in,,,,
Prect,128,5,0,113,0.18906510498563456,0.01205043406098727,0.7091790562138702,0.5764992732908456,0.4611994186326765,0.25,,4.29082094378613,in,,,,
Prect,128,5,0,112,0.2011008491041733,0.012021054176090257,0.7121453220961815,0.5759453380640619,0.4607562704512495,0.25,,4.287854677903819,in,,,,
Prect,128,5,0,111,0.21310630817454407,0.01198986396465121,0.7153069445067672,0.5753539384611513,0.46028315076892107,0.25,,4.284693055493233,in,,,,
Prect,128,5,0,110,0.2250796742187704,0.011956868123801478,0.7186657120487987,0.5747245480814005,0.4597796384651204,0.25,,4.281334287951202,in,,,,
Prect,128,5,0,109,0.2370191440919675,0.011922071622592734,0.7222235106949163,0.5740566068368251,0.4592452854694601,0.25,,4.277776489305084,in,,,,
Prect,128,5,0,108,0.2489229197538892,0.011885479701250645,0.7259823220194007,0.5733495205052879,0.4586796164042303,0.25,,4.274017677980599,in,,,,
Prect,128,5,0,107,0.26078920853970644,0.011847097870383794,0.7299442212109655,0.572602660264968,0.45808212821197436,0.25,,4.270055778789034,in,,,,
Prect,128,5,0,106,0.2726162234299756,0.011806931910154639,0.7341113748397209,0.5718153622114204,0.4574522897691363,0.25,,4.2658886251602794,in,,,,
Prect,128,5,0,105,0.28440218331975753,0.011764987869409216,0.7384860383542413,0.5709869268586214,0.4567895414868971,0.25,,4.2615139616457585,in,,,,
Prect,128,5,0,104,0.2961453132868451,0.01172127206476592,0.7430705532843633,0.5701166186255562,0.4560932949004449,0.25,,4.2569294467156364,in,,,,
Prect,128,5,0,103,0.30784384485905975,0.011675791079663322,0.7478673441175822,0.5692036653100427,0.4553629322480342,0.25,,4.252132655882418,in,,,,
Prect,128,5,0,102,0.3194960162805771,0.011628551763371464,0.7528789148210543,0.5682472575516954,0.4545978060413563,0.25,,4.247121085178946,in,,,,
Prect,128,5,0,101,0.3311000727772414,0.01157956122995707,0.7581078449764211,0.5672465482861168,0.45379723862889343,0.25,,4.241892155023579,in,,,,
Prect,128,5,0,100,0.34265426682082717,0.011528826857214458,0.7635567854875212,0.566200652192597,0.4529605217540776,0.25,,4.236443214512478,in,,,,
Prect,128,5,0,99,0.3541568583922113,0.011476356285553768,0.7692284538291496,0.5651086451378823,0.4520869161103058,0.25,,4.230771546170851,in,,,,
Prect,128,5,0,98,0.3656061152434128,0.011422157416849321,0.7751256287913421,0.5639695636187764,0.4511756508950211,0.25,,4.224874371208658,in,,,,
Prect,128,5,0,97,0.3770003131584636,0.011366238413252239,0.7812511446788176,0.5627824042066486,0.45022592336531886,0.25,,4.2187488553211825,in,,,,
Prect,128,5,0,96,0.3883377362130689,0.011308607695958262,0.7876078849167102,0.5615461229971952,0.44923689839775616,0.25,,4.21239211508329,in,,,,
Prect,128,5,0,95,0.39961667703301884,0.011249273943941762,0.7941987750185588,0.5602596350691567,0.44820770805532534,0.25,,4.205801224981441,in,,,,
Prect,128,5,0,94,0.41083543705131337,0.011188246092647236,0.8010267748580764,0.5589218139559926,0.4471374511647941,0.25,,4.198973225141923,in,,,,
Prect,128,5,0,93,0.4219923267639594,0.011125533332644877,0.8080948701973096,0.5575314911349543,0.4460251929079634,0.25,,4.191905129802691,in,,,,
Prect,128,5,0,92,0.4330856659844046,0.011061145108245518,0.8154060634090562,0.5560874555383513,0.444869964430681,0.25,,4.184593936590944,in,,,,
Prect,128,5,0,91,0.44411378409656704,0.010995091116079325,0.8229633633360794,0.5545884530922777,0.44367076247382214,0.25,,4.177036636663921,in,,,,
Prect,128,5,0,90,0.4550750203064234,0.010927381303633354,0.8307697742247371,0.5530331862885262,0.4424265490308209,0.25,,4.169230225775263,in,,,,
Prect,128,5,0,89,0.4659677238921189,0.010858025867757637,0.8388282836674951,0.55142031379592,0.44113625103673604,0.25,,4.161171716332505,in,,,,
Prect,128,5,0,88,0.47679025445256024,0.010787035253125077,0.8471418494896892,0.5497484501178469,0.43979876009427754,0.25,,4.152858150510311,in,,,,
Prect,128,5,0,87,0.4875409821544534,0.010714420150661208,0.8557133855119823,0.5480161653033446,0.4384129322426757,0.25,,4.144286614488018,in,,,,
Prect,128,5,0,86,0.4982182879777507,0.010640191495933482,0.8645457461182658,0.5462219847197033,0.4369775877757626,0.25,,4.1354542538817345,in,,,,
Prect,128,5,0,85,0.5088205639594696,0.010564360467504197,0.8736417095652315,0.5443643888952229,0.4354915111161783,0.25,,4.126358290434768,in,,,,
Prect,128,5,0,84,0.5193462134358452,0.010486938485247066,0.8830039599580161,0.5424418134414066,0.4339534507531253,0.25,,4.116996040041984,in,,,,
Prect,128,5,0,83,0.5297936512827829,0.010407937208628315,0.8926350678336032,0.5404526490646511,0.43236211925172086,0.25,,4.107364932166397,in,,,,
Prect,128,5,0,82,0.5401613041545716,0.0103273685349492,0.9025374692828133,0.5383952416781976,0.4307161933425581,0.25,,4.097462530717187,in,,,,
Prect,128,5,0,81,0.550447610720824,0.010245244597555714,0.912713443553409,0.5362678926259179,0.4290143141007343,0.25,,4.087286556446591,in,,,,
Prect,128,5,0,80,0.5606510219016076,0.010161577764011387,0.9231650890846675,0.5340688590303251,0.4272550872242601,0.25,,4.076834910915332,in,,,,
Prect,128,5,0,79,0.5707700011007293,0.010076380634231996,0.9338942979247383,0.5317963542779959,0.4254370834223967,0.25,,4.066105702075261,in,,,,
Prect,128,5,0,78,0.580803024437142,0.009989666038593525,0.9449027284979918,0.5294485486564449,0.4235588389251559,0.25,,4.055097271502008,in,,,,
Prect,128,5,0,77,0.5907485809744362,0.009901447035994493,0.9561917767051925,0.5270235701573424,0.4216188561258739,0.25,,4.043808223294808,in,,,,
Prect,128,5,0,76,0.6006051729483795,0.009811736911892077,0.9677625453483764,0.5245195054617485,0.4196156043693988,0.25,,4.032237454651623,in,,,,
Prect,128,5,0,75,0.6103713159924762,0.009720549176301385,0.9796158118924816,0.5219344011238407,0.41754752089907254,0.25,,4.020384188107519,in,,,,
Prect,128,5,0,74,0.6200455393615065,0.009627897561759413,0.9917519946111941,0.5192662649703963,0.415413011976317,0.25,,4.008248005388806,in,,,,
Prect,128,5,0,73,0.6296263861530158,0.009533796021259144,1.0041711171704863,0.5165130677338895,0.4132104541871116,0.25,,3.995828882829514,in,,,,
Prect,128,5,0,72,0.6391124135267183,0.009438258726145898,1.0168727717535737,0.5136727449377049,0.4109381959501639,0.25,,3.9831272282464263,in,,,,
Prect,128,5,0,71,0.6485021929217839,0.009341300063985258,1.0298560808543609,0.5107431990523837,0.408594559241907,0.25,,3.970143919145639,in,,,,
Prect,128,5,0,70,0.6577943102719742,0.009242934636395361,1.0431196579112134,0.5077223019421258,0.4061778415537006,0.25,,3.9568803420887866,in,,,,
Prect,128,5,0,69,0.6669873662185952,0.009143177256846546,1.056661566996823,0.5046078976208709,0.4036863180966967,0.25,,3.943338433003177,in,,,,
Prect,128,5,0,68,0.6760799763212357,0.009042042948434692,1.070479281826662,0.5013978053371408,0.40111824426971265,0.25,,3.929520718173338,in,,,,
Prect,128,5,0,67,0.68507077126626,0.008939546941613807,1.0845696444030195,0.49808982300641225,0.3984718584051298,0.25,,3.9154303555969805,in,,,,
Prect,128,5,0,66,0.6939583970730199,0.008835704671905864,1.0989288236691752,0.4946817310090591,0.3957453848072473,0.25,,3.9010711763308246,in,,,,
Prect,128,5,0,65,0.7027415152977601,0.008730531777574657,1.1135522746010051,0.49117129637076556,0.39293703709661243,0.25,,3.8864477253989946,in,,,,
Prect,128,5,0,64,0.711418803235183,0.008624044097271133,1.1284346982311486,0.48755627734080637,0.3900450218726451,0.25,,3.871565301768851,in,,,,
Prect,128,5,0,63,0.7199889541176427,0.008516257667648186,1.1435700031614118,0.483834428381584,0.3870675427052672,0.25,,3.856429996838588,in,,,,
Prect,128,5,0,62,0.7284506773119397,0.008407188720945924,1.158951269171405,0.48000350558027827,0.38400280446422264,0.25,,3.8410487308285948,in,,,,
Prect,128,5,0,61,0.7368026985136857,0.00829685368254618,1.1745707135999663,0.47606127249043256,0.38084901799234605,0.25,,3.8254292864000337,in,,,,
Prect,128,5,0,60,0.745043759939209,0.008185269168500264,1.190419661218154,0.4720055064076351,0.3776044051261081,0.25,,3.809580338781846,in,,,,
Prect,128,5,0,59,0.7531726205149718,0.00807245198302542,1.2064885183648504,0.46783400507922246,0.374267204063378,0.25,,3.7935114816351496,in,,,,
Prect,128,5,0,58,0.7611880560644717,0.007958419115974391,1.2227667521402263,0.463544593843053,0.37083567507444243,0.25,,3.7772332478597734,in,,,,
Prect,128,5,0,57,0.769088859492598,0.007843187740278035,1.2392428754822047,0.45913513318497584,0.3673081065479807,0.25,,3.760757124517795,in,,,,
Prect,128,5,0,56,0.7768738409674157,0.007726775209357495,1.2559044389472833,0.45460352669857357,0.3636828213588589,0.25,,3.744095561052717,in,,,,
Prect,128,5,0,55,0.7845418280993504,0.007609199054511739,1.2727380300101232,0.44994772942424194,0.3599581835393936,0.25,,3.727261969989877,in,,,,
Prect,128,5,0,54,0.7920916661177448,0.007490476982277228,1.289729280649173,0.4451657565376658,0.3561326052301327,0.25,,3.7102707193508273,in,,,,
Prect,128,5,0,53,0.7995222180447641,0.0073706268717613765,1.306862883935268,0.4402556923504599,0.3522045538803679,0.25,,3.693137116064732,in,,,,
Prect,128,5,0,52,0.8068323648666198,0.007249666771949825,1.324122620246262,0.4352156995782096,0.34817255966256766,0.25,,3.675877379753738,in,,,,
Prect,128,5,0,51,0.8140210057020891,0.007127614898988943,1.3414913936250066,0.43004402882358933,0.34403522305887146,0.25,,3.658508606374993,in,,,,
Prect,128,5,0,50,0.8210870579683043,0.007004489633441469,1.3589512786531268,0.4247390282147713,0.33979122257181704,0.25,,3.6410487213468734,in,,,,
Prect,128,5,0,49,0.8280294575437852,0.006880309517520278,1.376483578051789,0.4192991531322348,0.33543932250578784,0.25,,3.623516421948211,in,,,,
Prect,128,5,0,48,0.8348471589286917,0.006755093252292732,1.394068891035951,0.41372297595049795,0.33097838076039837,0.25,,3.605931108964049,in,,,,
Prect,128,5,0,47,0.8415391354022725,0.006628859694869038,1.4116871922329053,0.40800919571544403,0.3264073565723552,0.25,,3.5883128077670947,in,,,,
Prect,128,5,0,46,0.848104379177486,0.006501627855557968,1.4293179207551128,0.4021566476730684,0.32172531813845473,0.25,,3.5706820792448872,in,,,,
Prect,128,5,0,45,0.8545419015527685,0.0063734168950069225,1.4469400787811435,0.396164312561783,0.3169314500494264,0.25,,3.5530599212188565,in,,,,
Prect,128,5,0,44,0.8608507330609294,0.006244246121314689,1.4645323387380371,0.39003132557807074,0.3120250604624566,0.25,,3.535467661261963,in,,,,
Prect,128,5,0,43,0.8670299236151491,0.006114134987124653,1.4820731579407367,0.3837569849245157,0.3070055879396126,0.25,,3.5179268420592633,in,,,,
Prect,128,5,0,42,0.8730785426520589,0.005983103086695141,1.4995408992663941,0.3773407598500581,0.3018726078800465,0.25,,3.5004591007336057,in,,,,
Prect,128,5,0,41,0.8789956792718807,0.005851170152948448,1.5169139561919653,0.3707822980949566,0.2966258384759653,0.25,,3.4830860438080347,in,,,,
Prect,128,5,0,40,0.8847804423756044,0.005718356054498885,1.5341708802502925,0.3640814326573587,0.29126514612588694,0.25,,3.4658291197497073,in,,,,
Prect,128,5,0,39,0.8904319607991845,0.0055846807926613895,1.5512905086809752,0.3572381878046331,0.2857905502437065,0.25,,3.4487094913190246,in,,,,
Prect,128,5,0,38,0.8959493834447345,0.005450164498438714,1.5682520897680365,0.3502527842607628,0.2802022274086102,0.25,,3.4317479102319632,in,,,,
Prect,128,5,0,37,0.9013318794086986,0.0053148274294894104,1.585035403037534,0.343125643511046,0.2745005148088368,0.25,,3.414964596962466,in,,,,
Prect,128,5,0,36,0.9065786381069829,0.005178689967079042,1.6016208711562125,0.33585739117719554,0.2686859129417564,0.25,,3.3983791288437875,in,,,,
Prect,128,5,0,35,0.9116888693970265,0.005041772613008311,1.6179896600013541,0.3284488594296026,0.2627590875436821,0.25,,3.382010339998646,in,,,,
Prect,128,5,0,34,0.9166618036967942,0.004904095986526968,1.634123762985474,0.3209010884191367,0.25672087073530936,0.25,,3.3658762370145263,in,,,,
Prect,128,5,0,33,0.9214966921006722,0.004765680821229079,1.6500060652965434,0.31321532672835595,0.25057226138268474,0.25,,3.3499939347034564,in,,,,
Prect,128,5,0,32,0.9261928064922511,0.00462654796192874,1.6656203833462602,0.30539303086157676,0.2443144246892614,0.25,,3.33437961665374,in,,,,
Prect,128,5,0,31,0.9307494396539772,0.0044867183615233674,1.6809514743476668,0.29743586381476267,0.23794869105181013,0.25,,3.319048525652333,in,,,,
Prect,128,5,0,30,0.9351659053736568,0.004346213077836003,1.6959850107753844,0.2893456927898085,0.2314765542318468,0.25,,3.3040149892246156,in,,,,
Prect,128,5,0,29,0.9394415385477978,0.0042050532704458465,1.7107075144241612,0.2811245861430947,0.22489966891447577,0.25,,3.2892924855758388,in,,,,
Prect,128,5,0,28,0.943575695281771,0.004063260197500584,1.725106245180047,0.2727748096850636,0.2182198477480509,0.25,,3.274893754819953,in,,,,
Prect,128,5,0,27,0.947567752986779,0.003920855212515395,1.7391690404301199,0.2642988224750939,0.21143905798007512,0.25,,3.26083095956988,in,,,,
Prect,128,5,0,26,0.9514171104736153,0.0037778597611571874,1.7528841026121649,0.2556992722833179,0.20455941782665432,0.25,,3.247115897387835,in,,,,
Prect,128,5,0,25,0.9551231880432014,0.0036342953780149623,1.766239734852724,0.24697899091659084,0.19758319273327268,0.25,,3.233760265147276,in,,,,
Prect,128,5,0,24,0.9586854275738873,0.003490183683356962,1.7792240283253151,0.2381409896277181,0.19051279170217447,0.25,,3.220775971674685,in,,,,
Prect,128,5,0,23,0.9621032926055029,0.0033455463798740537,1.7918245101571624,0.229188454842718,0.1833507638741744,0.25,,3.2081754898428376,in,,,,
Prect,128,5,0,22,0.9653762684201459,0.0032004052494122304,1.804027767787148,0.2201247444472518,0.17609979555780145,0.25,,3.195972232212852,in,,,,
Prect,128,5,0,21,0.968503862119698,0.0030547821496919036,1.815819074931636,0.2109533848667696,0.1687627078934157,0.25,,3.1841809250683637,in,,,,
Prect,128,5,0,20,0.971485602700052,0.0029086990110160915,1.827182055813466,0.20167806915143136,0.16134245532114508,0.25,,3.172817944186534,in,,,,
Prect,128,5,0,19,0.9743210411220442,0.0027621778329683933,1.838098437524375,0.19230265623255152,0.15384212498604122,0.25,,3.161901562475625,in,,,,
Prect,128,5,0,18,0.977009750379078,0.0026152406810990847,1.8485479535340823,0.18283117145006073,0.14626493716004857,0.25,,3.1514520464659177,in,,,,
Prect,128,5,0,17,0.979551325561429,0.002467909683602887,1.8585084705567951,0.17326780836289202,0.1386142466903136,0.25,,3.141491529443205,in,,,,
Prect,128,5,0,16,0.9819453839172234,0.0023202070279858544,1.8679564095302452,0.16361693176012249,0.130893545408098,0.25,,3.132043590469755,in,,,,
Prect,128,5,0,15,0.9841915649100788,0.0021721549577249366,1.8768675102220411,0.15388308172613052,0.12310646538090442,0.25,,3.1231324897779587,in,,,,
Prect,128,5,0,14,0.9862895302733998,0.002023775768917213,1.8852179394786432,0.1440709786517266,0.11525678292138128,0.25,,3.1147820605213568,in,,,,
Prect,128,5,0,13,0.9882389640613197,0.0018750918069225797,1.8929856640722507,0.13418552935739161,0.1073484234859133,0.25,,3.107014335927749,in,,,,
Prect,128,5,0,12,0.9900395726962805,0.0017261254629989953,1.9001519149351873,0.12423183522128949,0.09938546817703159,0.25,,3.0998480850648127,in,,,,
Prect,128,5,0,11,0.991691085013245,0.0015768991709299574,1.9067024937578856,0.11421520473603079,0.09137216378882464,0.25,,3.0932975062421146,in,,,,
Prect,128,5,0,10,0.993193252300533,0.0014274354036460934,1.912628657396664,0.10414117588657824,0.0833129407092626,0.25,,3.087371342603336,in,,,,
Prect,128,5,0,9,0.9945458483372764,0.0012777566698407572,1.9179273854619274,0.0940155595025836,0.07521244760206688,0.25,,3.0820726145380726,in,,,,
Prect,128,5,0,8,0.9957486694274874,0.0011278855105811836,1.922600976493166,0.08384452667525312,0.0670756213402025,0.25,,3.077399023506834,in,,,,
Prect,128,5,0,7,0.9968015344307342,0.0009778444959122057,1.9266560738699805,0.07363479077164341,0.05890783261731473,0.25,,3.0733439261300193,in,,,,
Prect,128,5,0,6,0.9977042847894197,0.0008276562214589722,1.9301023319534205,0.0633940057423563,0.050715204593885045,0.25,,3.0698976680465795,in,,,,
Prect,128,5,0,5,0.9984567845526608,0.0006773433050232258,1.9329509631647424,0.0531317139120282,0.04250537112962256,0.25,,3.0670490368352574,in,,,,
rect,128,8,0,1,0.9999623509195723,7.529816085549701E-05,3.095582957157324,0.020766202114460362,0.01661296169156829,0.25,502.97392092428106,4.904417042842676,in;sweep=0.0,0.6392613901189768,8.000000000000002,0.43,RunDiagnostics { ResidualInf = 4.920508445138694E-13; Kappa1 = 4393.00270529365 }
rect,128,8,0,2,0.9998117602676744,0.00022588314294025302,3.094691739510281,0.03586959558197022,0.028695676465576175,0.25,289.61124326914853,4.9053082604897185,in;sweep=0.0,0.6392613901189768,8.000000000000002,0.43,RunDiagnostics { ResidualInf = 4.920508445138694E-13; Kappa1 = 4393.00270529365 }
rect,128,8,0,3,0.9995106016422769,0.0003764341078547062,3.092904336261135,0.052075493421974255,0.041660394737579404,0.25,252.2999627270102,4.907095663738865,in;sweep=0.0,0.6392613901189768,8.000000000000002,0.43,RunDiagnostics { ResidualInf = 4.920508445138694E-13; Kappa1 = 4393.00270529365 }
rect,128,8,0,4,0.999058920396761,0.0005269283831771387,3.0902111187143353,0.06844330070468496,0.05475464056374797,0.25,236.89293706960066,4.909788881285665,in;sweep=0.0,0.6392613901189768,8.000000000000002,0.43,RunDiagnostics { ResidualInf = 4.920508445138694E-13; Kappa1 = 4393.00270529365 }
Prect,128,8,0,128,0.006135769142859881,0.012271538285719884,1.0973807975967942,0.927075788282633,0.7416606306261064,0.25,,6.902619202403206,in,,,,
Prect,128,8,0,127,0.018406383404315982,0.01226969023719232,1.09766954762577,0.9270225421969471,0.7416180337575577,0.25,,6.90233045237423,in,,,,
Prect,128,8,0,126,0.030674225732135504,0.012265994418446724,1.0982472202325642,0.9269160026205576,0.7415328020964461,0.25,,6.901752779767436,in,,,,
Prect,128,8,0,125,0.042937448634388434,0.012260451386059142,1.0991141604409722,0.926756074700025,0.74140485976002,0.25,,6.900885839559027,in,,,,
Prect,128,8,0,124,0.05519420531481327,0.012253061974790522,1.1002708856012426,0.9265426160467374,0.74123409283739,0.25,,6.899729114398758,in,,,,
Prect,128,8,0,123,0.06744264995093793,0.0122438272974588,1.1017180851616504,0.9262754366069234,0.7410203492855387,0.25,,6.89828191483835,in,,,,
Prect,128,8,0,122,0.07968093797205354,0.012232748744772426,1.1034566203613227,0.9259542984886258,0.7407634387909006,0.25,,6.896543379638677,in,,,,
Prect,128,8,0,121,0.0919072263370002,0.01221982798512089,1.1054875238309467,0.9255789157458426,0.7404631325966741,0.25,,6.894512476169053,in,,,,
Prect,128,8,0,120,0.10411967381172185,0.012205066964322414,1.1078119991009874,0.9251489541201683,0.7401191632961346,0.25,,6.892188000899012,in,,,,
Prect,128,8,0,119,0.1163164412465496,0.012188467905333095,1.110431420006137,0.9246640307402977,0.7397312245922382,0.25,,6.889568579993863,in,,,,
Prect,128,8,0,118,0.12849569185317114,0.012170033307909958,1.11334732997219,0.9241237137798222,0.7392989710238578,0.25,,6.88665267002781,in,,,,
Prect,128,8,0,117,0.14065559148124387,0.012149765948235525,1.1165614411822096,0.9235275220738821,0.7388220176591057,0.25,,6.88343855881779,in,,,,
Prect,128,8,0,116,0.15279430889461146,0.012127668878499642,1.1200756335964581,0.922874924695231,0.7382999397561848,0.25,,6.879924366403542,in,,,,
Prect,128,8,0,115,0.16491001604708128,0.012103745426439966,1.1238919538228314,0.922165340490466,0.7377322723923727,0.25,,6.876108046177169,in,,,,
Prect,128,8,0,114,0.1770008883577211,0.012077999194839678,1.128012613810026,0.9213981375771806,0.7371185100617444,0.25,,6.871987386189974,in,,,,
Prect,128,8,0,113,0.18906510498563456,0.01205043406098727,1.132439989352965,0.9205726328029836,0.736458106242387,0.25,,6.8675600106470345,in,,,,
Prect,128,8,0,112,0.2011008491041733,0.012021054176090257,1.137176618381718,0.9196880911673773,0.7357504729339018,0.25,,6.862823381618282,in,,,,
Prect,128,8,0,111,0.21310630817454407,0.01198986396465121,1.1422251990153809,0.9187437252076733,0.7349949801661386,0.25,,6.857774800984619,in,,,,
Prect,128,8,0,110,0.2250796742187704,0.011956868123801478,1.1475885873533562,0.9177386943502356,0.7341909554801884,0.25,,6.852411412646644,in,,,,
Prect,128,8,0,109,0.2370191440919675,0.011922071622592734,1.1532697949770514,0.9166721042285041,0.7333376833828033,0.25,,6.846730205022949,in,,,,
Prect,128,8,0,108,0.2489229197538892,0.011885479701250645,1.1592719861290721,0.9155430059694096,0.7324344047755277,0.25,,6.840728013870928,in,,,,
Prect,128,8,0,107,0.26078920853970644,0.011847097870383794,1.165598474536967,0.9143503954499848,0.7314803163599878,0.25,,6.834401525463033,in,,,,
Prect,128,8,0,106,0.2726162234299756,0.011806931910154639,1.172252719850053,0.9130932125262006,0.7304745700209605,0.25,,6.827747280149947,in,,,,
Prect,128,8,0,105,0.28440218331975753,0.011764987869409216,1.1792383236413917,0.9117703402362156,0.7294162721889725,0.25,,6.820761676358608,in,,,,
Prect,128,8,0,104,0.2961453132868451,0.01172127206476592,1.18655902494138,0.9103806039805405,0.7283044831844324,0.25,,6.8134409750586205,in,,,,
Prect,128,8,0,103,0.30784384485905975,0.011675791079663322,1.1942186952493932,0.9089227706818247,0.7271382165454597,0.25,,6.805781304750607,in,,,,
Prect,128,8,0,102,0.3194960162805771,0.011628551763371464,1.2022213329816764,0.9073955479273041,0.7259164383418433,0.25,,6.797778667018323,in,,,,
Prect,128,8,0,101,0.3311000727772414,0.01157956122995707,1.2105710572969854,0.9057975830972274,0.7246380664777818,0.25,,6.789428942703014,in,,,,
Prect,128,8,0,100,0.34265426682082717,0.011528826857214458,1.2192721012437455,0.9041274624829302,0.7233019699863441,0.25,,6.780727898756254,in,,,,
Prect,128,8,0,99,0.3541568583922113,0.011476356285553768,1.2283288041738691,0.9023837103986304,0.7219069683189043,0.25,,6.771671195826131,in,,,,
Prect,128,8,0,98,0.3656061152434128,0.011422157416849321,1.2377456033489336,0.9005647882913492,0.7204518306330794,0.25,,6.762254396651066,in,,,,
Prect,128,8,0,97,0.3770003131584636,0.011366238413252239,1.2475270246774326,0.898669093853884,0.7189352750831073,0.25,,6.752472975322568,in,,,,
Prect,128,8,0,96,0.3883377362130689,0.011308607695958262,1.2576776725066423,0.8966949601461791,0.7173559681169432,0.25,,6.7423223274933575,in,,,,
Prect,128,8,0,95,0.39961667703301884,0.011249273943941762,1.2682022183901378,0.894640654730973,0.7157125237847783,0.25,,6.731797781609862,in,,,,
Prect,128,8,0,94,0.41083543705131337,0.011188246092647236,1.2791053887499733,0.892504378830164,0.7140035030641312,0.25,,6.720894611250027,in,,,,
Prect,128,8,0,93,0.4219923267639594,0.011125533332644877,1.2903919513473556,0.8902842665089407,0.7122274132071525,0.25,,6.709608048652644,in,,,,
Prect,128,8,0,92,0.4330856659844046,0.011061145108245518,1.3020667004679773,0.8879783838953553,0.7103827071162843,0.25,,6.697933299532023,in,,,,
Prect,128,8,0,91,0.44411378409656704,0.010995091116079325,1.3141344407289466,0.8855847284437486,0.7084677827549989,0.25,,6.685865559271053,in,,,,
Prect,128,8,0,90,0.4550750203064234,0.010927381303633354,1.3265999694078454,0.8831012282511679,0.7064809826009343,0.25,,6.673400030592155,in,,,,
Prect,128,8,0,89,0.4659677238921189,0.010858025867757637,1.3394680571881996,0.8805257414367279,0.7044205931493823,0.25,,6.660531942811801,in,,,,
Prect,128,8,0,88,0.47679025445256024,0.010787035253125077,1.3527434272217578,0.8778560555947569,0.7022848444758055,0.25,,6.647256572778242,in,,,,
Prect,128,8,0,87,0.4875409821544534,0.010714420150661208,1.3664307323906868,0.8750898873334373,0.7000719098667498,0.25,,6.633569267609313,in,,,,
Prect,128,8,0,86,0.4982182879777507,0.010640191495933482,1.3805345306674435,0.8722248819116988,0.697779905529359,0.25,,6.619465469332557,in,,,,
Prect,128,8,0,85,0.5088205639594696,0.010564360467504197,1.3950592584620762,0.8692586129881252,0.6954068903905002,0.25,,6.6049407415379235,in,,,,
Prect,128,8,0,84,0.5193462134358452,0.010486938485247066,1.4100092018397647,0.8661885824967085,0.6929508659973668,0.25,,6.589990798160235,in,,,,
Prect,128,8,0,83,0.5297936512827829,0.010407937208628315,1.4253884655170916,0.8630122206655209,0.6904097765324166,0.25,,6.574611534482909,in,,,,
Prect,128,8,0,82,0.5401613041545716,0.0103273685349492,1.4412009395226633,0.8597268861954801,0.6877815089563841,0.25,,6.5587990604773365,in,,,,
Prect,128,8,0,81,0.550447610720824,0.010245244597555714,1.4574502634330815,0.8563298666176963,0.6850638932941571,0.25,,6.542549736566919,in,,,,
Prect,128,8,0,80,0.5606510219016076,0.010161577764011387,1.47413978810294,0.8528183788491835,0.6822547030793469,0.25,,6.52586021189706,in,,,,
Prect,128,8,0,79,0.5707700011007293,0.010076380634231996,1.4912725348164735,0.8491895699680079,0.6793516559744063,0.25,,6.508727465183527,in,,,,
Prect,128,8,0,78,0.580803024437142,0.009989666038593525,1.5088511517986578,0.84544051823026,0.676352414584208,0.25,,6.491148848201342,in,,,,
Prect,128,8,0,77,0.5907485809744362,0.009901447035994493,1.526877868069889,0.8415682343526667,0.6732545874821334,0.25,,6.473122131930111,in,,,,
Prect,128,8,0,76,0.6006051729483795,0.009811736911892077,1.545354444618715,0.8375696630858317,0.6700557304686654,0.25,,6.454645555381285,in,,,,
Prect,128,8,0,75,0.6103713159924762,0.009720549176301385,1.5642821229270494,0.8334416851044655,0.6667533480835723,0.25,,6.435717877072951,in,,,,
Prect,128,8,0,74,0.6200455393615065,0.009627897561759413,1.5836615709074362,0.8291811192421138,0.663344895393691,0.25,,6.416338429092564,in,,,,
Prect,128,8,0,73,0.6296263861530158,0.009533796021259144,1.603492826350853,0.8247847250989453,0.6598277800791562,0.25,,6.396507173649147,in,,,,
Prect,128,8,0,72,0.6391124135267183,0.009438258726145898,1.6237752380419401,0.8202492060521159,0.6561993648416927,0.25,,6.37622476195806,in,,,,
Prect,128,8,0,71,0.6485021929217839,0.009341300063985258,1.6445074047507757,0.8155712126989368,0.6524569701591495,0.25,,6.355492595249224,in,,,,
Prect,128,8,0,70,0.6577943102719742,0.009242934636395361,1.665687112371237,0.8107473467635259,0.6485978774108208,0.25,,6.334312887628763,in,,,,
Prect,128,8,0,69,0.6669873662185952,0.009143177256846546,1.687311269551625,0.8057741654978064,0.6446193323982452,0.25,,6.312688730448375,in,,,,
Prect,128,8,0,68,0.6760799763212357,0.009042042948434692,1.7093758422398764,0.8006481866074859,0.6405185492859887,0.25,,6.290624157760123,in,,,,
Prect,128,8,0,67,0.68507077126626,0.008939546941613807,1.7318757876430912,0.7953658937329755,0.6362927149863804,0.25,,6.268124212356909,in,,,,
Prect,128,8,0,66,0.6939583970730199,0.008835704671905864,1.7548049882064773,0.7899237425140695,0.6319389940112556,0.25,,6.245195011793522,in,,,,
Prect,128,8,0,65,0.7027415152977601,0.008730531777574657,1.7781561862888349,0.7843181672653627,0.6274545338122902,0.25,,6.221843813711165,in,,,,
Prect,128,8,0,64,0.711418803235183,0.008624044097271133,1.801920920328462,0.7785455882869969,0.6228364706295976,0.25,,6.198079079671538,in,,,,
Prect,128,8,0,63,0.7199889541176427,0.008516257667648186,1.8260894633837128,0.7726024198321118,0.6180819358656894,0.25,,6.173910536616287,in,,,,
Prect,128,8,0,62,0.7284506773119397,0.008407188720945924,1.85065076502406,0.7664850787483469,0.6131880629986776,0.25,,6.14934923497594,in,,,,
Prect,128,8,0,61,0.7368026985136857,0.00829685368254618,1.8755923976447793,0.7601899938058699,0.608151995044696,0.25,,6.1244076023552205,in,,,,
Prect,128,8,0,60,0.745043759939209,0.008185269168500264,1.9009005083604564,0.7537136157185892,0.6029708925748714,0.25,,6.099099491639544,in,,,,
Prect,128,8,0,59,0.7531726205149718,0.00807245198302542,1.9265597777040766,0.7470524278584263,0.5976419422867411,0.25,,6.073440222295924,in,,,,
Prect,128,8,0,58,0.7611880560644717,0.007958419115974391,1.952553386400851,0.7402029576547348,0.5921623661237878,0.25,,6.047446613599149,in,,,,
Prect,128,8,0,57,0.769088859492598,0.007843187740278035,1.978862991540181,0.7331617886623166,0.5865294309298533,0.25,,6.021137008459819,in,,,,
Prect,128,8,0,56,0.7768738409674157,0.007726775209357495,2.0054687134485554,0.7259255732717895,0.5807404586174316,0.25,,5.994531286551444,in,,,,
Prect,128,8,0,55,0.7845418280993504,0.007609199054511739,2.032349134573492,0.7184910460257056,0.5747928368205645,0.25,,5.967650865426508,in,,,,
Prect,128,8,0,54,0.7920916661177448,0.007490476982277228,2.0594813115943333,0.7108550374925825,0.568684029994066,0.25,,5.940518688405667,in,,,,
Prect,128,8,0,53,0.7995222180447641,0.0073706268717613765,2.0868408019136844,0.7030144886394241,0.5624115909115392,0.25,,5.913159198086316,in,,,,
Prect,128,8,0,52,0.8068323648666198,0.007249666771949825,2.1144017055143984,0.6949664656312173,0.5559731725049739,0.25,,5.885598294485602,in,,,,
Prect,128,8,0,51,0.8140210057020891,0.007127614898988943,2.1421367230221446,0.6867081749738951,0.5493665399791161,0.25,,5.857863276977856,in,,,,
Prect,128,8,0,50,0.8210870579683043,0.007004489633441469,2.17001723055002,0.6782369789052453,0.5425895831241963,0.25,,5.82998276944998,in,,,,
Prect,128,8,0,49,0.8280294575437852,0.006880309517520278,2.1980133716800943,0.6695504109269996,0.5356403287415997,0.25,,5.801986628319906,in,,,,
Prect,128,8,0,48,0.8348471589286917,0.006755093252292732,2.2260941666135916,0.6606461913607463,0.528516953088597,0.25,,5.773905833386408,in,,,,
Prect,128,8,0,47,0.8415391354022725,0.006628859694869038,2.2542276381889126,0.6515222428009922,0.5212177942407938,0.25,,5.745772361811087,in,,,,
Prect,128,8,0,46,0.848104379177486,0.006501627855557968,2.282380954118301,0.6421767053309783,0.5137413642647826,0.25,,5.717619045881699,in,,,,
Prect,128,8,0,45,0.8545419015527685,0.0063734168950069225,2.3105205844026147,0.6326079513609263,0.506086361088741,0.25,,5.689479415597385,in,,,,
Prect,128,8,0,44,0.8608507330609294,0.006244246121314689,2.3386124724861435,0.6228145999446898,0.4982516799557518,0.25,,5.661387527513856,in,,,,
Prect,128,8,0,43,0.8670299236151491,0.006114134987124653,2.366622218314437,0.6127955304295206,0.4902364243436165,0.25,,5.633377781685563,in,,,,
Prect,128,8,0,42,0.8730785426520589,0.005983103086695141,2.3945152710314908,0.6025498952950075,0.48203991623600595,0.25,,5.605484728968509,in,,,,
Prect,128,8,0,41,0.8789956792718807,0.005851170152948448,2.422257128644653,0.5920771320414349,0.4736617056331479,0.25,,5.577742871355348,in,,,,
Prect,128,8,0,40,0.8847804423756044,0.005718356054498885,2.4498135415501126,0.5813769739948592,0.46510157919588735,0.25,,5.550186458449888,in,,,,
Prect,128,8,0,39,0.8904319607991845,0.0055846807926613895,2.477150716369222,0.5704494599061972,0.4563595679249578,0.25,,5.522849283630778,in,,,,
Prect,128,8,0,38,0.8959493834447345,0.005450164498438714,2.504235516092666,0.5592949422346236,0.4474359537876989,0.25,,5.495764483907334,in,,,,
Prect,128,8,0,37,0.9013318794086986,0.0053148274294894104,2.5310356520155146,0.5479140940214564,0.43833127521716514,0.25,,5.468964347984485,in,,,,
Prect,128,8,0,36,0.9065786381069829,0.005178689967079042,2.557519862420796,0.5363079142796244,0.4290463314236995,0.25,,5.442480137579204,in,,,,
Prect,128,8,0,35,0.9116888693970265,0.005041772613008311,2.5836580723736304,0.5244777318456468,0.4195821854765175,0.25,,5.41634192762637,in,,,,
Prect,128,8,0,34,0.9166618036967942,0.004904095986526968,2.609421528374526,0.5124252076659794,0.40994016613278356,0.25,,5.390578471625474,in,,,,
Prect,128,8,0,33,0.9214966921006722,0.004765680821229079,2.6347829009399035,0.5001523355175201,0.4001218684140161,0.25,,5.3652170990600965,in,,,,
Prect,128,8,0,32,0.9261928064922511,0.00462654796192874,2.6597163475933967,0.487661441193336,0.39012915295466877,0.25,,5.340283652406603,in,,,,
Prect,128,8,0,31,0.9307494396539772,0.0044867183615233674,2.684197528161747,0.4749551802190168,0.3799641441752134,0.25,,5.3158024718382535,in,,,,
Prect,128,8,0,30,0.9351659053736568,0.004346213077836003,2.708203563989794,0.4620365342027688,0.36962922736221504,0.25,,5.291796436010205,in,,,,
Prect,128,8,0,29,0.9394415385477978,0.0042050532704458465,2.7317129326455856,0.4489088059627699,0.3591270447702159,0.25,,5.268287067354414,in,,,,
Prect,128,8,0,28,0.943575695281771,0.004063260197500584,2.7547052903031686,0.43557561361820935,0.3484604908945675,0.25,,5.245294709696831,in,,,,
Prect,128,8,0,27,0.947567752986779,0.003920855212515395,2.7771612153107914,0.4220408838744135,0.3376327070995308,0.25,,5.222838784689209,in,,,,
Prect,128,8,0,26,0.9514171104736153,0.0037778597611571874,2.7990618689402322,0.4083088447761253,0.32664707582090025,0.25,,5.200938131059768,in,,,,
Prect,128,8,0,25,0.9551231880432014,0.0036342953780149623,2.8203885732469214,0.39438401824386243,0.31550721459508996,0.25,,5.179611426753079,in,,,,
Prect,128,8,0,24,0.9586854275738873,0.003490183683356962,2.841122311832334,0.38027121274322273,0.30421697019457816,0.25,,5.1588776881676655,in,,,,
Prect,128,8,0,23,0.9621032926055029,0.0033455463798740537,2.8612431676112817,0.3659755164620412,0.29278041316963294,0.25,,5.138756832388719,in,,,,
Prect,128,8,0,22,0.9653762684201459,0.0032004052494122304,2.880729722973391,0.35150229138043965,0.2812018331043517,0.25,,5.119270277026609,in,,,,
Prect,128,8,0,21,0.968503862119698,0.0030547821496919036,2.8995584625140514,0.3368571686083109,0.26948573488664873,0.25,,5.100441537485949,in,,,,
Prect,128,8,0,20,0.971485602700052,0.0029086990110160915,2.9177032368640705,0.32204604532725845,0.2576368362618068,0.25,,5.082296763135929,in,,,,
Prect,128,8,0,19,0.9743210411220442,0.0027621778329683933,2.9351348672545954,0.30707508360326347,0.24566006688261077,0.25,,5.064865132745405,in,,,,
Prect,128,8,0,18,0.977009750379078,0.0026152406810990847,2.951820991435917,0.2919507112289516,0.2335605689831613,0.25,,5.048179008564083,in,,,,
Prect,128,8,0,17,0.979551325561429,0.002467909683602887,2.967726266263603,0.27667962461447765,0.22134369969158213,0.25,,5.032273733736397,in,,,,
Prect,128,8,0,16,0.9819453839172234,0.0023202070279858544,2.982813039930589,0.26126879359581273,0.20901503487665019,0.25,,5.017186960069411,in,,,,
Prect,128,8,0,15,0.9841915649100788,0.0021721549577249366,2.997042572915409,0.245725467926119,0.1965803743408952,0.25,,5.002957427084591,in,,,,
Prect,128,8,0,14,0.9862895302733998,0.002023775768917213,3.0103768076698465,0.23005718527768423,0.1840457482221474,0.25,,4.9896231923301535,in,,,,
Prect,128,8,0,13,0.9882389640613197,0.0018750918069225797,3.0227805608249194,0.2142717810197065,0.17141742481576522,0.25,,4.97721943917508,in,,,,
Prect,128,8,0,12,0.9900395726962805,0.0017261254629989953,3.0342238613283827,0.1983774011973675,0.15870192095789398,0.25,,4.965776138671617,in,,,,
Prect,128,8,0,11,0.991691085013245,0.0015768991709299574,3.044684036861104,0.18238252258287665,0.14590601806630132,0.25,,4.955315963138895,in,,,,
Prect,128,8,0,10,0.993193252300533,0.0014274354036460934,3.0541471260898723,0.16629598840923343,0.13303679072738675,0.25,,4.945852873910128,in,,,,
Prect,128,8,0,9,0.9945458483372764,0.0012777566698407572,3.0626083059587192,0.1501270775966359,0.12010166207730873,0.25,,4.937391694041281,in,,,,
Prect,128,8,0,8,0.9957486694274874,0.0011278855105811836,3.070071246849519,0.13388564434255182,0.10710851547404146,0.25,,4.929928753150481,in,,,,
Prect,128,8,0,7,0.9968015344307342,0.0009778444959122057,3.0765465571254995,0.11758240876801636,0.09406592701441309,0.25,,4.9234534428745,in,,,,
Prect,128,8,0,6,0.9977042847894197,0.0008276562214589722,3.0820496531816293,0.10122959294820516,0.08098367435856413,0.25,,4.917950346818371,in,,,,
Prect,128,8,0,5,0.9984567845526608,0.0006773433050232258,3.0865984393738604,0.08484243437485596,0.06787394749988476,0.25,,4.91340156062614,in,,,,
rect,256,2,0,1,0.9999905876413006,1.882471739889091E-05,0.7771661102622814,0.0026175437484021913,0.002094034998721753,0.25,253.59357347420615,1.2228338897377187,in;sweep=0.0,0.16013980727402227,7.9999999999999964,3.20,RunDiagnostics { ResidualInf = 8.490430580820885E-13; Kappa1 = 17531.47978561132 }
rect,256,2,0,2,0.9999529385608728,5.64734434566061E-05,0.7771107486290476,0.004521697048202041,0.003617357638561633,0.25,146.02592017011955,1.2228892513709524,in;sweep=0.0,0.16013980727402227,7.9999999999999964,3.20,RunDiagnostics { ResidualInf = 8.490430580820885E-13; Kappa1 = 17531.47978561132 }
rect,256,2,0,3,0.999877641817484,9.41200433210998E-05,0.77699994600116,0.006566119708562342,0.005252895766849874,0.25,127.23290334349159,1.22300005399884,in;sweep=0.0,0.16013980727402227,7.9999999999999964,3.20,RunDiagnostics { ResidualInf = 8.490430580820885E-13; Kappa1 = 17531.47978561132 }
rect,256,2,0,4,0.9997647002460138,0.00013176309961915322,0.7768335447896989,0.008633111862609016,0.006906489490087213,0.25,119.49406221743023,1.223166455210301,in;sweep=0.0,0.16013980727402227,7.9999999999999964,3.20,RunDiagnostics { ResidualInf = 8.490430580820885E-13; Kappa1 = 17531.47978561132 }
Prect,256,2,0,256,0.0030679423245771656,0.0061358846491544545,0.27542765084363796,0.2324343064570384,0.18594744516563072,0.25,,1.724572349156362,in,,,,
Prect,256,2,0,255,0.009203711467437108,0.00613565363656543,0.2754458042001933,0.23243095613671003,0.185944764909368,0.25,,1.7245541957998067,in,,,,
Prect,256,2,0,254,0.01533913409576226,0.006135191620084872,0.27548211363121633,0.23242425474806647,0.18593940379845317,0.25,,1.7245178863687838,in,,,,
Prect,256,2,0,253,0.021473979214358417,0.006134498617107447,0.2755365845722969,0.23241420079496175,0.1859313606359694,0.25,,1.724463415427703,in,,,,
Prect,256,2,0,252,0.0276080158497743,0.006133574653724317,0.2756092251761938,0.23240079203274777,0.1859206336261982,0.25,,1.724390774823806,in,,,,
Prect,256,2,0,251,0.03374101305899766,0.006132419764722407,0.275700046311984,0.23238402546775838,0.1859072203742067,0.25,,1.724299953688016,in,,,,
Prect,256,2,0,250,0.039872739938149854,0.006131033993581968,0.2758090615636822,0.2323638973566215,0.1858911178852972,0.25,,1.7241909384363179,in,,,,
Prect,256,2,0,249,0.04600296563117942,0.006129417392477174,0.27593628722893754,0.2323404032054007,0.18587232256432057,0.25,,1.7240637127710625,in,,,,
Prect,256,2,0,248,0.05213145933855396,0.006127570022271905,0.27608174231677013,0.2323135377685646,0.18585083021485166,0.25,,1.72391825768323,in,,,,
Prect,256,2,0,247,0.05825799032594922,0.006125491952518616,0.2762454485463331,0.2322832950477886,0.18582663603823088,0.25,,1.723754551453667,in,,,,
Prect,256,2,0,246,0.06438232793293626,0.006123183261455452,0.2764274303439375,0.23224966829058272,0.18579973463246618,0.25,,1.7235725696560624,in,,,,
Prect,256,2,0,245,0.07050424158166566,0.006120644036003348,0.27662771484036264,0.23221264998875105,0.18577011999100085,0.25,,1.7233722851596374,in,,,,
Prect,256,2,0,244,0.07662350078554866,0.0061178743717626854,0.2768463318677757,0.23217223187668107,0.18573778550134484,0.25,,1.7231536681322244,in,,,,
Prect,256,2,0,243,0.08273987515793488,0.0061148743730097405,0.2770833139554268,0.23212840492946352,0.18570272394357082,0.25,,1.7229166860445733,in,,,,
Prect,256,2,0,242,0.08885313442078616,0.006111644152692816,0.2773386963274427,0.23208115936084936,0.1856649274886795,0.25,,1.7226613036725573,in,,,,
Prect,256,2,0,241,0.0949630484133466,0.006108183832428074,0.27761251689668937,0.23203048462103168,0.18562438769682535,0.25,,1.7223874831033106,in,,,,
Prect,256,2,0,240,0.10106938710080762,0.006104493542493955,0.27790481626216756,0.23197636939426933,0.18558109551541546,0.25,,1.7220951837378324,in,,,,
Prect,256,2,0,239,0.10717192058296883,0.006100573421828459,0.27821563770141905,0.23191880159633474,0.1855350412770678,0.25,,1.721784362298581,in,,,,
Prect,256,2,0,238,0.1132704191028939,0.006096423618021693,0.27854502716671303,0.2318577683718069,0.18548621469744553,0.25,,1.7214549728332869,in,,,,
Prect,256,2,0,237,0.11936465305556046,0.006092044287311402,0.2788930332784838,0.23179325609119603,0.18543460487295682,0.25,,1.7211069667215162,in,,,,
Prect,256,2,0,236,0.12545439299650463,0.006087435594576959,0.2792597073185332,0.23172525034790487,0.1853802002783239,0.25,,1.7207402926814668,in,,,,
Prect,256,2,0,235,0.13153940965045963,0.006082597713332999,0.2796451032225986,0.23165373595503017,0.18532298876402414,0.25,,1.7203548967774014,in,,,,
Prect,256,2,0,234,0.13761947391998763,0.006077530825723015,0.2800492775735559,0.2315786969420056,0.1852629575536045,0.25,,1.719950722426444,in,,,,
Prect,256,2,0,233,0.14369435689410537,0.006072235122512509,0.2804722895926673,0.23150011655108366,0.18520009324086692,0.25,,1.7195277104073328,in,,,,
Prect,256,2,0,232,0.14976382985690245,0.00606671080308166,0.2809142011301963,0.23141797723365942,0.18513438178692754,0.25,,1.7190857988698038,in,,,,
Prect,256,2,0,231,0.1558276642961523,0.006060958075417983,0.2813750766559494,0.2313322606464406,0.18506580851715249,0.25,,1.7186249233440507,in,,,,
Prect,256,2,0,230,0.16188563191191563,0.006054977156108671,0.2818549832502655,0.23124294764746706,0.18499435811797366,0.25,,1.7181450167497345,in,,,,
Prect,256,2,0,229,0.1679375046251356,0.006048768270331295,0.2823539905906673,0.23115001829196802,0.1849200146335744,0.25,,1.7176460094093327,in,,,,
Prect,256,2,0,228,0.17398305458622498,0.0060423316518475045,0.28287217094189343,0.23105345182808026,0.1848427614624642,0.25,,1.7171278290581067,in,,,,
Prect,256,2,0,227,0.18002205418364484,0.0060356675429921736,0.28340959914258257,0.23095322669241206,0.18476258135392964,0.25,,1.7165904008574175,in,,,,
Prect,256,2,0,226,0.18605427605247354,0.006028776194665242,0.283966352591927,0.23084932050546264,0.1846794564043701,0.25,,1.716033647408073,in,,,,
Prect,256,2,0,225,0.19207949308296718,0.006021657866322028,0.28454251123545904,0.23074171006689742,0.18459336805351795,0.25,,1.715457488764541,in,,,,
Prect,256,2,0,224,0.19809747842911002,0.006014312825963625,0.2851381575488884,0.2306303713506805,0.18450429708054442,0.25,,1.7148618424511115,in,,,,
Prect,256,2,0,223,0.20410800551715513,0.006006741350126632,0.28575337652243316,0.2305152795000712,0.18441222360005696,0.25,,1.7142466234775668,in,,,,
Prect,256,2,0,222,0.21011084805415486,0.005998943723872802,0.286388255643515,0.23039640882248358,0.18431712705798686,0.25,,1.7136117443564851,in,,,,
Prect,256,2,0,221,0.21610578003648045,0.005990920240778408,0.2870428848775024,0.23027373278421068,0.18421898622736854,0.25,,1.7129571151224976,in,,,,
Prect,256,2,0,220,0.22209257575833116,0.005982671202923007,0.2877173566482374,0.23014722400502083,0.18411777920401667,0.25,,1.7122826433517626,in,,,,
Prect,256,2,0,219,0.2280710098202319,0.005974196920878472,0.2884117658179013,0.23001685425262827,0.1840134834021026,0.25,,1.7115882341820987,in,,,,
Prect,256,2,0,218,0.23404085713751918,0.0059654977136960885,0.2891262096634965,0.22988259443703524,0.18390607554962818,0.25,,1.7108737903365034,in,,,,
Prect,256,2,0,217,0.24000189294881555,0.005956573908896645,0.28986078785381786,0.22974441460475792,0.18379553168380633,0.25,,1.7101392121461823,in,,,,
Prect,256,2,0,216,0.24595389282449198,0.00594742584245625,0.2906156024241287,0.22960228393293478,0.18368182714634781,0.25,,1.7093843975758714,in,,,,
Prect,256,2,0,215,0.2518966326751173,0.005938053858794395,0.2913907577499931,0.2294561707233242,0.18356493657865935,0.25,,1.7086092422500068,in,,,,
Prect,256,2,0,214,0.257829888759895,0.005928458310760942,0.29218636051918756,0.22930604239619218,0.18344483391695374,0.25,,1.7078136394808126,in,,,,
Prect,256,2,0,213,0.26375343769508686,0.005918639559622851,0.2930025197005988,0.22915186548409425,0.1833214923872754,0.25,,1.7069974802994012,in,,,,
Prect,256,2,0,212,0.2696670564624236,0.005908597975050556,0.29383934651442734,0.2289936056255644,0.18319488450045152,0.25,,1.7061606534855727,in,,,,
Prect,256,2,0,211,0.2755705224175009,0.005898333935104083,0.2946969543977799,0.2288312275587044,0.1830649820469635,0.25,,1.70530304560222,in,,,,
Prect,256,2,0,210,0.28146361329816233,0.005887847826218762,0.2955754589696153,0.2286646951146857,0.18293175609174855,0.25,,1.7044245410303847,in,,,,
Prect,256,2,0,209,0.2873461072328669,0.005877140043190454,0.2964749779931878,0.22849397121116738,0.1827951769689339,0.25,,1.7035250220068123,in,,,,
Prect,256,2,0,208,0.293217782749043,0.00586621098916168,0.2973956313371465,0.22831901784563713,0.18265521427650971,0.25,,1.7026043686628536,in,,,,
Prect,256,2,0,207,0.29907841878142594,0.00585506107560424,0.2983375409334241,0.22813979608867885,0.18251183687094308,0.25,,1.7016624590665759,in,,,,
Prect,256,2,0,206,0.30492779468038145,0.0058436907223067824,0.2993008307339914,0.22795626607717606,0.18236501286174084,0.25,,1.7006991692660085,in,,,,
Prect,256,2,0,205,0.31076569022021316,0.00583210035735654,0.30028562666415726,0.22776838700745394,0.18221470960596314,0.25,,1.6997143733358429,in,,,,
Prect,256,2,0,204,0.31659188560745355,0.00582029041712423,0.30129205657297986,0.22757611712836862,0.1820608937026949,0.25,,1.6987079434270203,in,,,,
Prect,256,2,0,203,0.32240616148913925,0.005808261346247234,0.3023202501839929,0.22737941373435833,0.18190353098748666,0.25,,1.697679749816007,in,,,,
Prect,256,2,0,202,0.3282082989610696,0.0057960135976134475,0.3033703390393449,0.2271782331584477,0.18174258652675818,0.25,,1.696629660960655,in,,,,
Prect,256,2,0,201,0.3339980795760481,0.005783547632343622,0.304442456442555,0.2269725307652262,0.18157802461218095,0.25,,1.695557543557445,in,,,,
Prect,256,2,0,200,0.3397752853521071,0.005770863919774327,0.3055367374004826,0.22676226094381122,0.18140980875504897,0.25,,1.6944632625995175,in,,,,
Prect,256,2,0,199,0.34553969878071433,0.005757962937440131,0.30665331855795197,0.22654737710078873,0.18123790168063098,0.25,,1.6933466814420481,in,,,,
Prect,256,2,0,198,0.3512911028349624,0.005744845171056001,0.30779233813319096,0.22632783165316067,0.18106226532252853,0.25,,1.6922076618668092,in,,,,
Prect,256,2,0,197,0.3570292809777393,0.005731511114497767,0.30895393584744274,0.22610357602129308,0.18088286081703447,0.25,,1.6910460641525573,in,,,,
Prect,256,2,0,196,0.362754017169881,0.005717961269785687,0.31013825285139346,0.2258745606218819,0.18069964849750553,0.25,,1.6898617471486066,in,,,,
Prect,256,2,0,195,0.36846509587830567,0.005704196147063634,0.3113454316486678,0.22564073486094866,0.18051258788875893,0.25,,1.6886545683513323,in,,,,
Prect,256,2,0,194,0.3741623020841278,0.005690216264580716,0.3125756160161082,0.22540204712687528,0.18032163770150023,0.25,,1.6874243839838918,in,,,,
Prect,256,2,0,193,0.37984542129075394,0.005676022148671522,0.31382895091691354,0.22515844478348263,0.1801267558267861,0.25,,1.6861710490830863,in,,,,
Prect,256,2,0,192,0.38551423953195796,0.005661614333736464,0.3151055824142408,0.22490987416318114,0.17992789933054493,0.25,,1.6848944175857592,in,,,,
Prect,256,2,0,191,0.3911685433799371,0.005646993362221797,0.3164056575764712,0.22465628056018855,0.17972502444815083,0.25,,1.683594342423529,in,,,,
Prect,256,2,0,190,0.3968081199533473,0.005632159784598689,0.3177293243803656,0.22439760822384022,0.17951808657907217,0.25,,1.6822706756196344,in,,,,
Prect,256,2,0,189,0.4024327569253182,0.005617114159343073,0.3190767316090773,0.22413380035200217,0.17930704028160174,0.25,,1.6809232683909228,in,,,,
Prect,256,2,0,188,0.4080422425314468,0.00560185705291405,0.32044802874478845,0.223864799084599,0.1790918392676792,0.25,,1.6795519712552116,in,,,,
Prect,256,2,0,187,0.4136363655777704,0.005586389039733186,0.3218433658570356,0.22359054549727586,0.1788724363978207,0.25,,1.6781566341429643,in,,,,
Prect,256,2,0,186,0.41921491544871836,0.005570710702162696,0.32326289348584336,0.22331097959520876,0.17864878367616702,0.25,,1.6767371065141567,in,,,,
Prect,256,2,0,185,0.42477768211504074,0.005554822630482181,0.32470676251880787,0.2230260403070779,0.17842083224566233,0.25,,1.6752932374811922,in,,,,
Prect,256,2,0,184,0.4303244561417169,0.005538725422870094,0.32617512406290083,0.2227356654792242,0.17818853238337934,0.25,,1.673824875937099,in,,,,
Prect,256,2,0,183,0.4358550286958397,0.005522419685375424,0.3276681293120078,0.222439791870009,0.1779518334960072,0.25,,1.6723318706879922,in,,,,
Prect,256,2,0,182,0.4413691915544783,0.005505906031901764,0.3291859294051558,0.22213835514438685,0.17771068411550947,0.25,,1.6708140705948442,in,,,,
Prect,256,2,0,181,0.4468667371125179,0.005489185084177561,0.3307286752833159,0.22183128986872594,0.17746503189498075,0.25,,1.6692713247166842,in,,,,
Prect,256,2,0,180,0.4523474583904752,0.005472257471737019,0.33229651753450345,0.22151852950587816,0.17721482360470253,0.25,,1.6677034824654966,in,,,,
Prect,256,2,0,179,0.4578111490422919,0.005455123831896336,0.333889606237079,0.22120000641053889,0.1769600051284311,0.25,,1.6661103937629211,in,,,,
Prect,256,2,0,178,0.46325760336310307,0.005437784809725954,0.33550809079281324,0.22087565182490446,0.17670052145992357,0.25,,1.6644919092071868,in,,,,
Prect,256,2,0,177,0.46868661629698183,0.005420241058031683,0.33715211975553055,0.22054539587466057,0.17643631669972845,0.25,,1.6628478802444695,in,,,,
Prect,256,2,0,176,0.4740979834446598,0.005402493237324224,0.3388218406507591,0.22020916756531833,0.17616733405225465,0.25,,1.661178159349241,in,,,,
Prect,256,2,0,175,0.47949150107122235,0.005384542015800853,0.3405173997877803,0.21986689477892601,0.1758935158231408,0.25,,1.6594826002122196,in,,,,
Prect,256,2,0,174,0.4848669661137792,0.005366388069312944,0.3422389420671068,0.2195185042711894,0.17561480341695151,0.25,,1.6577610579328932,in,,,,
Prect,256,2,0,173,0.49022417618910985,0.005348032081348264,0.343986610774991,0.21916392166901202,0.1753311373352096,0.25,,1.656013389225009,in,,,,
Prect,256,2,0,172,0.4955629296012828,0.005329474742997609,0.34576054737500794,0.2188030714685031,0.1750424571748025,0.25,,1.6542394526249922,in,,,,
Prect,256,2,0,171,0.5008830253492496,0.005310716752935873,0.3475608912880391,0.21843587703346723,0.17474870162677378,0.25,,1.652439108711961,in,,,,
Prect,256,2,0,170,0.5061842631344122,0.005291758817389636,0.34938777966472656,0.21806226059441292,0.17444980847553032,0.25,,1.6506122203352733,in,,,,
Prect,256,2,0,169,0.5114664433681644,0.005272601650114561,0.35124134714930527,0.21768214324811255,0.17414571459849004,0.25,,1.6487586528506948,in,,,,
Prect,256,2,0,168,0.5167293671794057,0.005253245972367981,0.3531217256348365,0.21729544495774492,0.17383635596619593,0.25,,1.6468782743651635,in,,,,
Prect,256,2,0,167,0.5219728364220292,0.0052336925128790845,0.35502904400835866,0.21690208455365362,0.1735216676429229,0.25,,1.6449709559916412,in,,,,
Prect,256,2,0,166,0.5271966536823818,0.005213942007825989,0.35696342788777213,0.21650197973475954,0.17320158378780764,0.25,,1.6430365721122278,in,,,,
Prect,256,2,0,165,0.5324006222866959,0.005193995200802326,0.3589249993487593,0.2160950470706615,0.1728760376565292,0.25,,1.6410750006512407,in,,,,
Prect,256,2,0,164,0.537584546308495,0.005173852842795812,0.3609138766419014,0.21568120200446392,0.17254496160357113,0.25,,1.6390861233580987,in,,,,
Prect,256,2,0,163,0.5427482305759695,0.0051535156921533876,0.3629301739006747,0.21526035885637113,0.1722082870850969,0.25,,1.6370698260993253,in,,,,
Prect,256,2,0,162,0.5478914806793256,0.0051329845145585695,0.36497400083678444,0.2148324308280843,0.17186594466246743,0.25,,1.6350259991632154,in,,,,
Prect,256,2,0,161,0.5530141029781034,0.005112260082997144,0.36704546243074704,0.21439733000805705,0.17151786400644564,0.25,,1.632954537569253,in,,,,
Prect,256,2,0,160,0.5581159046084689,0.005091343177733965,0.3691446586070403,0.2139549673776328,0.17116397390210625,0.25,,1.6308553413929596,in,,,,
Prect,256,2,0,159,0.5631966934904746,0.005070234586277422,0.3712716839005145,0.21350525281812038,0.1708042022544963,0.25,,1.6287283160994854,in,,,,
Prect,256,2,0,158,0.5682562783352902,0.005048935103353802,0.37342662711313634,0.21304809511885411,0.17043847609508328,0.25,,1.6265733728868637,in,,,,
Prect,256,2,0,157,0.5732944686524062,0.005027445530878194,0.37560957096054537,0.21258340198628356,0.17006672158902686,0.25,,1.6243904290394546,in,,,,
Prect,256,2,0,156,0.5783110747568049,0.005005766677919077,0.3778205917058958,0.21211108005413593,0.16968886404330874,0.25,,1.6221794082941041,in,,,,
Prect,256,2,0,155,0.5833059077761016,0.004983899360674449,0.38005975878496245,0.21163103489470958,0.16930482791576767,0.25,,1.6199402412150374,in,,,,
Prect,256,2,0,154,0.5882787796576565,0.004961844402435189,0.3823271344207829,0.2111431710313459,0.1689145368250767,0.25,,1.617672865579217,in,,,,
Prect,256,2,0,153,0.5932295031756537,0.0049396026335593035,0.3846227732268673,0.21064739195212923,0.16851791356170337,0.25,,1.6153772267731328,in,,,,
Prect,256,2,0,152,0.598157891938151,0.004917174891435394,0.3869467217991538,0.21014360012486982,0.16811488009989586,0.25,,1.6130532782008462,in,,,,
Prect,256,2,0,151,0.6030637603940971,0.004894562020456683,0.3892990183012615,0.2096316970134315,0.1677053576107452,0.25,,1.6107009816987385,in,,,,
Prect,256,2,0,150,0.6079469238403175,0.004871764871984152,0.3916796920361521,0.20911158309544653,0.16728926647635722,0.25,,1.608320307963848,in,,,,
Prect,256,2,0,149,0.6128071984284682,0.004848784304317233,0.394088763007361,0.20858315788147988,0.1668665263051839,0.25,,1.605911236992639,in,,,,
Prect,256,2,0,148,0.617644401171958,0.004825621182662387,0.3965262414744424,0.20804631993571007,0.16643705594856806,0.25,,1.6034737585255576,in,,,,
Prect,256,2,0,147,0.6224583499528378,0.004802276379097026,0.3989921274953609,0.2075009668981695,0.1660007735185356,0.25,,1.601007872504639,in,,,,
Prect,256,2,0,146,0.6272488635286566,0.004778750772540863,0.40148641046187894,0.20694699550861487,0.16555759640689188,0.25,,1.598513589538121,in,,,,
Prect,256,2,0,145,0.6320157615392863,0.0047550452487182815,0.40400906862542624,0.20638430163208152,0.1651074413056652,0.25,,1.5959909313745737,in,,,,
Prect,256,2,0,144,0.6367588645137106,0.004731160700130355,0.4065600686154658,0.20581278028618563,0.1646502242289485,0.25,,1.5934399313845342,in,,,,
Prect,256,2,0,143,0.6414779938767835,0.004707098026015544,0.40913936494903963,0.205232325670231,0.1641858605361848,0.25,,1.5908606350509604,in,,,,
Prect,256,2,0,142,0.6461729719559519,0.004682858132321166,0.4117468995356555,0.204642831196189,0.1637142649569512,0.25,,1.5882531004643445,in,,,,
Prect,256,2,0,141,0.6508436219879445,0.004658441931664092,0.41438260117295994,0.20404418952160283,0.16323535161728225,0.25,,1.5856173988270401,in,,,,
Prect,256,2,0,140,0.6554897681254276,0.004633850343302104,0.41704638503998936,0.2034362925844875,0.16274903406759,0.25,,1.5829536149600107,in,,,,
Prect,256,2,0,139,0.6601112354436253,0.004609084293093257,0.4197381521834405,0.20281903164027718,0.16225522531222175,0.25,,1.5802618478165595,in,,,,
Prect,256,2,0,138,0.6647078499469047,0.004584144713465577,0.4224577890004692,0.20219229730088437,0.1617538378407075,0.25,,1.5775422109995307,in,,,,
Prect,256,2,0,137,0.669279438575328,0.00455903254338097,0.42520516672009256,0.20155597957593252,0.16124478366074602,0.25,,1.5747948332799075,in,,,,
Prect,256,2,0,136,0.6738258292111672,0.004533748728297371,0.4279801408820646,0.20090996791621568,0.16072797433297253,0.25,,1.5720198591179355,in,,,,
Prect,256,2,0,135,0.6783468506853845,0.004508294220137321,0.43078255081402256,0.2002541512594427,0.16020332100755416,0.25,,1.5692174491859774,in,,,,
Prect,256,2,0,134,0.6828423327840767,0.004482669977247111,0.4336122191125645,0.19958841807832753,0.15967073446266203,0.25,,1.5663877808874356,in,,,,
Prect,256,2,0,133,0.6873121062548836,0.004456876964366696,0.436468951122948,0.1989126564310688,0.15913012514485506,0.25,,1.563531048877052,in,,,,
Prect,256,2,0,132,0.6917560028133605,0.00443091615258695,0.4393525344258834,0.1982267540142803,0.15858140321142425,0.25,,1.5606474655741165,in,,,,
Prect,256,2,0,131,0.6961738551493133,0.004404788519318914,0.4422627383242525,0.1975305982184078,0.15802447857472623,0.25,,1.5577372616757474,in,,,,
Prect,256,2,0,130,0.700565496933099,0.004378495048252273,0.4451993133455347,0.19682407618570041,0.15745926094856033,0.25,,1.5548006866544652,in,,,,
Prect,256,2,0,129,0.7049307628218863,0.004352036729322384,0.448161990742656,0.19610707487074716,0.15688565989659772,0.25,,1.551838009257344,in,,,,
Prect,256,2,0,128,0.709269488465882,0.004325414558669083,0.4511504820121161,0.19537948110364414,0.15630358488291532,0.25,,1.5488495179878838,in,,,,
Prect,256,2,0,127,0.7135815105145176,0.00429862953860205,0.45416447842356217,0.1946411816558157,0.15571294532465257,0.25,,1.5458355215764379,in,,,,
Prect,256,2,0,126,0.7178666666226001,0.00427168267756306,0.45720365056077483,0.19389206330851366,0.15511365064681093,0.25,,1.5427963494392252,in,,,,
Prect,256,2,0,125,0.7221247954564243,0.004244574990085126,0.46026764788239577,0.19313201292403,0.154505610339224,0.25,,1.5397323521176043,in,,,,
Prect,256,2,0,124,0.726355736699846,0.004217307496758416,0.46335609830168994,0.1923609175196365,0.15388873401570918,0.25,,1.53664390169831,in,,,,
Prect,256,2,0,123,0.7305593310603189,0.004189881224187508,0.46646860778212207,0.1915786643442554,0.15326293147540432,0.25,,1.533531392217878,in,,,,
Prect,256,2,0,122,0.7347354202748912,0.004162297204957088,0.4696047599658266,0.19078514095789098,0.15262811276631277,0.25,,1.5303952400341734,in,,,,
Prect,256,2,0,121,0.7388838471161643,0.004134556477589091,0.47276411581860867,0.18998023531379038,0.1519841882510323,0.25,,1.5272358841813913,in,,,,
Prect,256,2,0,120,0.7430044553982125,0.0041066600865070635,0.4759462133067559,0.18916383584334623,0.151331068674677,0.25,,1.5240537866932442,in,,,,
Prect,256,2,0,119,0.7470970899824625,0.004078609081993201,0.4791505671097537,0.18833583154372813,0.1506686652349825,0.25,,1.5208494328902464,in,,,,
Prect,256,2,0,118,0.7511615967835358,0.004050404520153261,0.48237666835754367,0.18749611206819355,0.14999688965455485,0.25,,1.5176233316424563,in,,,,
Prect,256,2,0,117,0.7551978227750484,0.004022047462872158,0.4856239844104536,0.18664456781907116,0.14931565425525692,0.25,,1.5143760155895465,in,,,,
Prect,256,2,0,116,0.7592056159953731,0.0039935389777771,0.48889195867503166,0.18578109004335777,0.14862487203468622,0.25,,1.5111080413249685,in,,,,
Prect,256,2,0,115,0.7631848255533603,0.003964880138197291,0.4921800104636269,0.18490557093088442,0.14792445674470753,0.25,,1.507819989536373,in,,,,
Prect,256,2,0,114,0.7671353016340192,0.003936072023120518,0.49548753489331215,0.18401790371497737,0.1472143229719819,0.25,,1.504512465106688,in,,,,
Prect,256,2,0,113,0.7710568955041582,0.003907115717157517,0.49881390283759147,0.1831179827755563,0.14649438622044503,0.25,,1.5011860971624085,in,,,,
Prect,256,2,0,112,0.7749494595179847,0.003878012310495338,0.5021584609202212,0.18220570374456696,0.14576456299565357,0.25,,1.4978415390797788,in,,,,
Prect,256,2,0,111,0.7788128471226634,0.003848762898862157,0.5055205315679728,0.18128096361367135,0.14502477089093707,0.25,,1.494479468432027,in,,,,
Prect,256,2,0,110,0.7826469128638347,0.0038193685834805313,0.5088994131094875,0.18034366084406728,0.14427492867525382,0.25,,1.4911005868905125,in,,,,
Prect,256,2,0,109,0.7864515123910907,0.003789830471031208,0.5122943799367943,0.17939369547833753,0.14351495638267003,0.25,,1.4877056200632057,in,,,,
Prect,256,2,0,108,0.7902265024634092,0.003760149673605939,0.515704682720263,0.17843096925418261,0.1427447754033461,0.25,,1.484295317279737,in,,,,
Prect,256,2,0,107,0.7939717409545478,0.0037303273086712885,0.5191295486868078,0.17745538571990335,0.14196430857592268,0.25,,1.480870451313192,in,,,,
Prect,256,2,0,106,0.7976870868583943,0.003700364499021669,0.5225681819578605,0.17646685035147214,0.1411734802811777,0.25,,1.4774318180421395,in,,,,
Prect,256,2,0,105,0.801372400294275,0.0036702623727397077,0.5260197639524872,0.17546527067103038,0.1403722165368243,0.25,,1.4739802360475127,in,,,,
Prect,256,2,0,104,0.8050275425122221,0.003640022063154502,0.5294834538555679,0.17445055636663007,0.13956044509330406,0.25,,1.470516546144432,in,,,,
Prect,256,2,0,103,0.8086523758981969,0.003609644708795323,0.5329583891484887,0.17342261941302453,0.13873809553041963,0.25,,1.4670416108515112,in,,,,
Prect,256,2,0,102,0.8122467639792715,0.0035791314533537566,0.5364436862134436,0.1723813741933198,0.13790509935465584,0.25,,1.4635563137865564,in,,,,
Prect,256,2,0,101,0.815810571428766,0.0035484834456351866,0.5399384409996439,0.17132673762125603,0.13706139009700483,0.25,,1.460061559000356,in,,,,
Prect,256,2,0,100,0.8193436640713441,0.003517701839521048,0.5434417297586066,0.17025862926390375,0.13620690341112301,0.25,,1.4565582702413935,in,,,,
Prect,256,2,0,99,0.8228459088880649,0.0034867877939204206,0.5469526098516398,0.1691769714645454,0.13534157717163633,0.25,,1.45304739014836,in,,,,
Prect,256,2,0,98,0.8263171740213904,0.0034557424727306163,0.5504701206186853,0.1680816894654843,0.13446535157238743,0.25,,1.4495298793813147,in,,,,
Prect,256,2,0,97,0.8297573287801505,0.0034245670447896615,0.553993284319402,0.16697271153054224,0.1335781692244338,0.25,,1.446006715680598,in,,,,
Prect,256,2,0,96,0.8331662436444627,0.0033932626838346636,0.5575211071387537,0.16584996906697758,0.13267997525358205,0.25,,1.4424788928612462,in,,,,
Prect,256,2,0,95,0.836543790270609,0.0033618305684580685,0.5610525802544598,0.16471339674655341,0.13177071739724272,0.25,,1.4389474197455403,in,,,,
Prect,256,2,0,94,0.8398898414958682,0.003330271882060254,0.564586680975202,0.1635629326254951,0.1308503461003961,0.25,,1.435413319024798,in,,,,
Prect,256,2,0,93,0.8432042713433028,0.003298587812808784,0.568122373929973,0.1623985182630356,0.12991881461042848,0.25,,1.431877626070027,in,,,,
Prect,256,2,0,92,0.8464869550265022,0.0032667795535900046,0.5716586123234869,0.1612200988382859,0.12897607907062872,0.25,,1.4283413876765132,in,,,,
Prect,256,2,0,91,0.8497377689542811,0.003234848301967963,0.5751943392440579,0.160027623265132,0.12802209861210562,0.25,,1.424805660755942,in,,,,
Prect,256,2,0,90,0.8529565907353327,0.0032027952601353382,0.5787284890233213,0.15882104430487198,0.1270568354438976,0.25,,1.4212715109766787,in,,,,
Prect,256,2,0,89,0.8561432991828362,0.0031706216348715843,0.5822599886460355,0.15760031867630717,0.12608025494104574,0.25,,1.4177400113539647,in,,,,
Prect,256,2,0,88,0.8592977743190195,0.0031383286374950803,0.5857877592033733,0.15636540716299627,0.12509232573039702,0.25,,1.4142122407966267,in,,,,
Prect,256,2,0,87,0.8624198973796768,0.003105917483819609,0.5893107173861841,0.155116274717387,0.1240930197739096,0.25,,1.410689282613816,in,,,,
Prect,256,2,0,86,0.8655095508186397,0.003073389394105952,0.5928277770126809,0.15385289056154233,0.12308231244923387,0.25,,1.4071722229873191,in,,,,
Prect,256,2,0,85,0.868566618312202,0.003040745593018701,0.5963378505866475,0.1525752282841873,0.12206018262734983,0.25,,1.4036621494133525,in,,,,
Prect,256,2,0,84,0.8715909847635007,0.0030079873095787413,0.5998398508792292,0.1512832659338011,0.12102661274704088,0.25,,1.400160149120771,in,,,,
Prect,256,2,0,83,0.8745825363068482,0.0029751157771163994,0.603332692526411,0.1499769861074922,0.11998158888599375,0.25,,1.3966673074735891,in,,,,
Prect,256,2,0,82,0.87754116031202,0.002942132233227035,0.6068152936410883,0.14865637603540768,0.11892510082832615,0.25,,1.3931847063589116,in,,,,
Prect,256,2,0,81,0.8804667453884942,0.0029090379197214133,0.610286577423526,0.1473214276604252,0.11785714212834016,0.25,,1.389713422576474,in,,,,
Prect,256,2,0,80,0.8833591813896464,0.002875834082582851,0.6137454737741636,0.14597213771290762,0.1167777101703261,0.25,,1.3862545262258363,in,,,,
Prect,256,2,0,79,0.8862183594168958,0.0028425219719160344,0.6171909208897728,0.14460850778029438,0.11568680622423551,0.25,,1.3828090791102272,in,,,,
Prect,256,2,0,78,0.8890441718238058,0.0028091028419040542,0.6206218668410033,0.1432305443713322,0.11458443549706576,0.25,,1.3793781331589967,in,,,,
Prect,256,2,0,77,0.8918365122201366,0.0027755779507573353,0.6240372711225161,0.14183825897476418,0.11347060717981135,0.25,,1.375962728877484,in,,,,
Prect,256,2,0,76,0.8945952754758502,0.0027419485606698935,0.6274361061598304,0.14043166811230065,0.11234533448984052,0.25,,1.3725638938401696,in,,,,
Prect,256,2,0,75,0.8973203577250695,0.002708215937768821,0.630817358772906,0.13901079338573696,0.11120863470858958,0.25,,1.369182641227094,in,,,,
Prect,256,2,0,74,0.9000116563699879,0.0026743813520679893,0.634180031575505,0.13757566151808212,0.1100605292144657,0.25,,1.365819968424495,in,,,,
Prect,256,2,0,73,0.9026690700847326,0.002640446077421421,0.6375231443076836,0.13612630438860254,0.10890104351088203,0.25,,1.3624768556923164,in,,,,
Prect,256,2,0,72,0.9052924988191793,0.0026064113914719966,0.6408457350831569,0.13466275906169528,0.10773020724935622,0.25,,1.359154264916843,in,,,,
Prect,256,2,0,71,0.9078818438027189,0.0025722785756070454,0.6441468615431396,0.13318506780954112,0.10654805424763289,0.25,,1.3558531384568604,in,,,,
Prect,256,2,0,70,0.9104370075479761,0.002538048914907387,0.6474256019032874,0.13169327812851092,0.10535462250280873,0.25,,1.3525743980967126,in,,,,
Prect,256,2,0,69,0.9129578938544802,0.0025037236981009237,0.6506810558771553,0.1301874427493221,0.10414995419945768,0.25,,1.3493189441228446,in,,,,
Prect,256,2,0,68,0.9154444078122866,0.002469304217511903,0.6539123454655821,0.1286676196409825,0.102934095712786,0.25,,1.346087654534418,in,,,,
Prect,256,2,0,67,0.9178964558055501,0.0024347917690150656,0.6571186155947302,0.12713387200858142,0.10170709760686514,0.25,,1.3428813844052698,in,,,,
Prect,256,2,0,66,0.9203139455160497,0.0024001876519841314,0.660299034588916,0.1255862682850254,0.10046901462802031,0.25,,1.339700965411084,in,,,,
Prect,256,2,0,65,0.9226967859266643,0.0023654931692449477,0.6634527944600218,0.124024882116848,0.09921990569347841,0.25,,1.3365472055399783,in,,,,
Prect,256,2,0,64,0.9250448873247991,0.002330709627024641,0.6665791110004247,0.12244979234426331,0.09795983387541066,0.25,,1.3334208889995753,in,,,,
Prect,256,2,0,63,0.9273581613057634,0.002295838334904099,0.6696772236605913,0.12086108297566464,0.09668886638053172,0.25,,1.3303227763394085,in,,,,
Prect,256,2,0,62,0.9296365207760996,0.002260880605768234,0.6727463951949234,0.11925884315681268,0.09540707452545014,0.25,,1.3272536048050765,in,,,,
Prect,256,2,0,61,0.9318798799568613,0.0022258377557551334,0.6757859110616473,0.117643167134997,0.0941145337079976,0.25,,1.3242140889383527,in,,,,
Prect,256,2,0,60,0.9340881543868432,0.0021907111042087646,0.6787950785567577,0.11601415421849233,0.09281132337479386,0.25,,1.3212049214432424,in,,,,
Prect,256,2,0,59,0.9362612609257612,0.0021555019736272385,0.6817732256713234,0.11437190873167732,0.09149752698534186,0.25,,1.3182267743286766,in,,,,
Prect,256,2,0,58,0.9383991177573824,0.0021202116896150702,0.6847196996565527,0.11271653996622254,0.09017323197297802,0.25,,1.3152803003434475,in,,,,
Prect,256,2,0,57,0.9405016443926053,0.0020848415808307763,0.6876338652784054,0.11104816212879143,0.08883852970303315,0.25,,1.3123661347215947,in,,,,
Prect,256,2,0,56,0.9425687616724905,0.0020493929789396903,0.6905151027642559,0.10936689428575497,0.08749351542860398,0.25,,1.3094848972357442,in,,,,
Prect,256,2,0,55,0.9446003917712409,0.002013867218560894,0.6933628054215961,0.10767286030543931,0.08613828824435145,0.25,,1.3066371945784039,in,,,,
Prect,256,2,0,54,0.9465964581991312,0.0019782656372198115,0.6961763769303346,0.10596618879848073,0.08477295103878459,0.25,,1.3038236230696654,in,,,,
Prect,256,2,0,53,0.9485568858053889,0.0019425895752955835,0.6989552283123536,0.10424701305688884,0.08339761044551107,0.25,,1.3010447716876463,in,,,,
Prect,256,2,0,52,0.9504816007810225,0.0019068403759716634,0.7016987745738309,0.102515470992452,0.0820123767939616,0.25,,1.2983012254261692,in,,,,
Prect,256,2,0,51,0.952370530661601,0.001871019385185524,0.704406431045705,0.10077170507515143,0.08061736406012114,0.25,,1.295593568954295,in,,,,
Prect,256,2,0,50,0.9542236043299823,0.0018351279515768093,0.7070776094299615,0.09901586227226068,0.07921268981780855,0.25,,1.2929223905700384,in,,,,
Prect,256,2,0,49,0.9560407520189897,0.001799167426438153,0.7097117135899478,0.09724809398883509,0.07779847519106807,0.25,,1.2902882864100522,in,,,,
Prect,256,2,0,48,0.9578219053140402,0.0017631391636626637,0.7123081351154213,0.09546855601028187,0.0763748448082255,0.25,,1.2876918648845788,in,,,,
Prect,256,2,0,47,0.9595669971557186,0.0017270445196942985,0.7148662487191413,0.0936774084477181,0.07494192675817449,0.25,,1.2851337512808587,in,,,,
Prect,256,2,0,46,0.9612759618423037,0.0016908848534756826,0.7173854075264338,0.09187481568678454,0.07349985254942763,0.25,,1.2826145924735664,in,,,,
Prect,256,2,0,45,0.9629487350322407,0.001654661526398371,0.7198649383392659,0.09006094634056976,0.07204875707245581,0.25,,1.280135061660734,in,,,,
Prect,256,2,0,44,0.9645852537465646,0.001618375902249447,0.7223041369696808,0.088235973207231,0.0705887785657848,0.25,,1.2776958630303192,in,,,,
Prect,256,2,0,43,0.9661854563712706,0.0015820293471627833,0.724702263762814,0.08640007323285176,0.06912005858628141,0.25,,1.275297736237186,in,,,,
Prect,256,2,0,42,0.9677492826596348,0.0015456232295653072,0.7270585394417174,0.08455342747996734,0.06764274198397388,0.25,,1.2729414605582825,in,,,,
Prect,256,2,0,41,0.9692766737344807,0.0015091589201265965,0.7293721414340701,0.08269622110209368,0.06615697688167495,0.25,,1.2706278585659299,in,,,,
Prect,256,2,0,40,0.9707675720903979,0.0014726377917078093,0.7316422008617772,0.08082864332444337,0.06466291465955469,0.25,,1.2683577991382227,in,,,,
Prect,256,2,0,39,0.9722219215959059,0.0014360612193082822,0.733867800391397,0.07895088743086154,0.06316070994468923,0.25,,1.266132199608603,in,,,,
Prect,256,2,0,38,0.973639667495568,0.0013994305800157925,0.7360479731604731,0.07706315075680635,0.06165052060544508,0.25,,1.2639520268395268,in,,,,
Prect,256,2,0,37,0.9750207564120521,0.0013627472529526008,0.7381817030184697,0.07516563468799323,0.06013250775039458,0.25,,1.2618182969815304,in,,,,
Prect,256,2,0,36,0.9763651363481414,0.0013260126192259358,0.7402679263093999,0.07325854466406309,0.05860683573125047,0.25,,1.2597320736906001,in,,,,
Prect,256,2,0,35,0.9776727566886909,0.0012892280618731489,0.7423055354253685,0.0713420901863773,0.05707367214910184,0.25,,1.2576944645746315,in,,,,
Prect,256,2,0,34,0.978943568202534,0.0012523949658129752,0.7442933843381923,0.06941648482876206,0.05553318786300965,0.25,,1.2557066156618077,in,,,,
Prect,256,2,0,33,0.9801775230443355,0.0012155147177899117,0.7462302962669798,0.0674819462497556,0.053985556999804486,0.25,,1.2537697037330202,in,,,,
Prect,256,2,0,32,0.9813745747563929,0.0011785887063248124,0.7481150735813171,0.0655386962046612,0.05243095696372896,0.25,,1.2518849264186829,in,,,,
Prect,256,2,0,31,0.9825346782703858,0.001141618321661042,0.7499465099353292,0.06358696055551363,0.05086956844441091,0.25,,1.250053490064671,in,,,,
Prect,256,2,0,30,0.9836577899090726,0.0011046049557127402,0.7517234045254659,0.06162696927695487,0.049301575421563895,0.25,,1.248276595474534,in,,,,
Prect,256,2,0,29,0.9847438673879352,0.0010675500020121964,0.7534445782107735,0.059658956456033654,0.047727165164826925,0.25,,1.2465554217892265,in,,,,
Prect,256,2,0,28,0.98579286981677,0.0010304548556573367,0.7551088910804151,0.057683160284126685,0.04614652822730135,0.25,,1.2448911089195849,in,,,,
Prect,256,2,0,27,0.9868047577012284,0.0009933209132598764,0.7567152609051202,0.05569982303959294,0.04455985843167436,0.25,,1.2432847390948798,in,,,,
Prect,256,2,0,26,0.987779492944304,0.0009561495728910296,0.7582626817483241,0.05370919106046643,0.04296735284837314,0.25,,1.2417373182516758,in,,,,
Prect,256,2,0,25,0.9887170388477653,0.0009189422340315501,0.7597502419215993,0.05171151470751166,0.04136921176600933,0.25,,1.2402497580784007,in,,,,
Prect,256,2,0,24,0.989617360113539,0.0008817002975159971,0.7611771403866754,0.04970704831934733,0.039765638655477865,0.25,,1.2388228596133246,in,,,,
Prect,256,2,0,23,0.9904804228450386,0.0008444251654829982,0.7625427007395972,0.04769605016322495,0.03815684013057996,0.25,,1.2374572992604027,in,,,,
Prect,256,2,0,22,0.9913061945484398,0.0008071182413195155,0.7638463819841825,0.045678782387423754,0.036543025909939006,0.25,,1.2361536180158175,in,,,,
Prect,256,2,0,21,0.9920946441339047,0.0007697809296104419,0.765087785466847,0.04365551098428993,0.03492440878743194,0.25,,1.234912214533153,in,,,,
Prect,256,2,0,20,0.9928457419167522,0.0007324146360845329,0.7662666575708389,0.04162650577699471,0.03330120462159577,0.25,,1.233733342429161,in,,,,
Prect,256,2,0,19,0.9935594596185753,0.0006950207675615605,0.7673828880288116,0.039592040448499295,0.031673632358799435,0.25,,1.2326171119711884,in,,,,
Prect,256,2,0,18,0.9942357703683058,0.0006576007318993549,0.7684365039887662,0.03755239263882323,0.030041914111058582,0.25,,1.2315634960112338,in,,,,
Prect,256,2,0,17,0.9948746487032261,0.0006201559379414023,0.7694276602129618,0.03550784414795211,0.02840627531836169,0.25,,1.230572339787038,in,,,,
Prect,256,2,0,16,0.9954760705699284,0.0005826877954629994,0.7703566260086946,0.03345868129895296,0.026766945039162365,0.25,,1.2296433739913053,in,,,,
Prect,256,2,0,15,0.996040013325219,0.0005451977151181842,0.7712237696099027,0.031405195543521995,0.025124156434817597,0.25,,1.2287762303900973,in,,,,
Prect,256,2,0,14,0.9965664557369718,0.0005076871083876666,0.7720295408224466,0.029347684438036165,0.023478147550428933,0.25,,1.2279704591775533,in,,,,
Prect,256,2,0,13,0.9970553779849279,0.00047015738752453906,0.7727744527135206,0.02728645319715667,0.021829162557725337,0.25,,1.2272255472864795,in,,,,
Prect,256,2,0,12,0.9975067616614409,0.00043260996550142927,0.7734590630972046,0.02522181717287418,0.020177453738299343,0.25,,1.2265409369027953,in,,,,
Prect,256,2,0,11,0.9979205897721704,0.00039504625595754295,0.7740839564282941,0.02315410586856891,0.018523284694855126,0.25,,1.225916043571706,in,,,,
Prect,256,2,0,10,0.9982968467367219,0.000357467673145595,0.7746497266257796,0.02108366960711788,0.016866935685694303,0.25,,1.2253502733742203,in,,,,
Prect,256,2,0,9,0.9986355183892336,0.0003198756318776308,0.7751569611863227,0.019010891019329373,0.015208712815463498,0.25,,1.2248430388136773,in,,,,
Prect,256,2,0,8,0.9989365919789088,0.00028227154747295646,0.7756062268341056,0.016936205817223562,0.01354896465377885,0.25,,1.2243937731658945,in,,,,
Prect,256,2,0,7,0.9992000561704975,0.0002446568357041823,0.7759980568350253,0.01486014277689553,0.011888114221516425,0.25,,1.2240019431649747,in,,,,
Prect,256,2,0,6,0.9994259010447213,0.0002070329127435988,0.7763329400155929,0.012783407174351615,0.010226725739481291,0.25,,1.223667059984407,in,,,,
Prect,256,2,0,5,0.9996141180986486,0.0001694011951111074,0.7766113114560839,0.010707074534886651,0.008565659627909322,0.25,,1.223388688543916,in,,,,
rect,256,5,0,1,0.9999905876413006,1.882471739889091E-05,1.9408443094642864,0.006536884228193863,0.0052295073825550905,0.25,633.3081660341933,3.0591556905357136,in;sweep=0.0,0.3999227829962956,7.9999999999999964,5.01,RunDiagnostics { ResidualInf = 2.1531665339580286E-12; Kappa1 = 17531.47978561132 }
rect,256,5,0,2,0.9999529385608728,5.64734434566061E-05,1.9407060529071065,0.011292193353828538,0.00903375468306283,0.25,364.6756754496395,3.0592939470928933,in;sweep=0.0,0.3999227829962956,7.9999999999999964,5.01,RunDiagnostics { ResidualInf = 2.1531665339580286E-12; Kappa1 = 17531.47978561132 }
rect,256,5,0,3,0.999877641817484,9.41200433210998E-05,1.940429341600614,0.01639780209577571,0.013118241676620568,0.25,317.74321238415877,3.059570658399386,in;sweep=0.0,0.3999227829962956,7.9999999999999964,5.01,RunDiagnostics { ResidualInf = 2.1531665339580286E-12; Kappa1 = 17531.47978561132 }
rect,256,5,0,4,0.9997647002460138,0.00013176309961915322,1.9400137819921466,0.021559774429508804,0.017247819543607042,0.25,298.416731773346,3.0599862180078534,in;sweep=0.0,0.3999227829962956,7.9999999999999964,5.01,RunDiagnostics { ResidualInf = 2.1531665339580286E-12; Kappa1 = 17531.47978561132 }
Prect,256,5,0,256,0.0030679423245771656,0.0061358846491544545,0.68783517674078,0.580466382996528,0.4643731063972224,0.25,,4.31216482325922,in,,,,
Prect,256,5,0,255,0.009203711467437108,0.00613565363656543,0.6878805117571538,0.5804580161235267,0.4643664128988213,0.25,,4.312119488242846,in,,,,
Prect,256,5,0,254,0.01533913409576226,0.006135191620084872,0.6879711885786051,0.5804412805095535,0.46435302440764276,0.25,,4.312028811421395,in,,,,
Prect,256,5,0,253,0.021473979214358417,0.006134498617107447,0.6881072207794221,0.5804161724182302,0.46433293793458413,0.25,,4.311892779220578,in,,,,
Prect,256,5,0,252,0.0276080158497743,0.006133574653724317,0.6882886287184777,0.5803826862439144,0.46430614899513156,0.25,,4.311711371281522,in,,,,
Prect,256,5,0,251,0.03374101305899766,0.006132419764722407,0.6885154395412296,0.5803408145104223,0.46427265160833786,0.25,,4.31148456045877,in,,,,
Prect,256,5,0,250,0.039872739938149854,0.006131033993581968,0.6887876871704368,0.5802905478692961,0.4642324382954369,0.25,,4.311212312829563,in,,,,
Prect,256,5,0,249,0.04600296563117942,0.006129417392477174,0.6891054123064257,0.580231875097669,0.46418550007813525,0.25,,4.310894587693574,in,,,,
Prect,256,5,0,248,0.05213145933855396,0.006127570022271905,0.6894686624220753,0.5801647830956936,0.46413182647655493,0.25,,4.310531337577925,in,,,,
Prect,256,5,0,247,0.05825799032594922,0.006125491952518616,0.6898774917573418,0.5800892568835428,0.4640714055068343,0.25,,4.310122508242658,in,,,,
Prect,256,5,0,246,0.06438232793293626,0.006123183261455452,0.6903319613126554,0.5800052795979844,0.46400422367838756,0.25,,4.309668038687344,in,,,,
Prect,256,5,0,245,0.07050424158166566,0.006120644036003348,0.6908321388423244,0.5799128324885346,0.4639302659908277,0.25,,4.309167861157675,in,,,,
Prect,256,5,0,244,0.07662350078554866,0.0061178743717626854,0.6913780988472329,0.5798118949131883,0.4638495159305506,0.25,,4.308621901152767,in,,,,
Prect,256,5,0,243,0.08273987515793488,0.0061148743730097405,0.6919699225644207,0.5797024443337231,0.46376195546697846,0.25,,4.308030077435579,in,,,,
Prect,256,5,0,242,0.08885313442078616,0.006111644152692816,0.6926076979596852,0.5795844563105935,0.46366756504847484,0.25,,4.307392302040315,in,,,,
Prect,256,5,0,241,0.0949630484133466,0.006108183832428074,0.6932915197153783,0.5794579044973979,0.4635663235979183,0.25,,4.306708480284621,in,,,,
Prect,256,5,0,240,0.10106938710080762,0.006104493542493955,0.6940214892194705,0.5793227606349337,0.46345820850794694,0.25,,4.3059785107805295,in,,,,
Prect,256,5,0,239,0.10717192058296883,0.006100573421828459,0.6947977145509912,0.5791789945448347,0.46334319563586773,0.25,,4.305202285449009,in,,,,
Prect,256,5,0,238,0.1132704191028939,0.006096423618021693,0.6956203104681792,0.5790265741228056,0.4632212592982444,0.25,,4.304379689531821,in,,,,
Prect,256,5,0,237,0.11936465305556046,0.006092044287311402,0.696489398392968,0.5788654653314415,0.46309237226515315,0.25,,4.303510601607032,in,,,,
Prect,256,5,0,236,0.12545439299650463,0.006087435594576959,0.6974051063918304,0.5786956321926371,0.4629565057541097,0.25,,4.30259489360817,in,,,,
Prect,256,5,0,235,0.13153940965045963,0.006082597713332999,0.6983675691623753,0.5785170367796078,0.4628136294236862,0.25,,4.301632430837625,in,,,,
Prect,256,5,0,234,0.13761947391998763,0.006077530825723015,0.6993769280093904,0.5783296392084922,0.4626637113667938,0.25,,4.30062307199061,in,,,,
Prect,256,5,0,233,0.14369435689410537,0.006072235122512509,0.7004333308291469,0.5781333976295788,0.46250671810366306,0.25,,4.299566669170853,in,,,,
Prect,256,5,0,232,0.14976382985690245,0.00606671080308166,0.70153693208169,0.5779282682181164,0.4623426145744931,0.25,,4.29846306791831,in,,,,
Prect,256,5,0,231,0.1558276642961523,0.006060958075417983,0.7026878927704907,0.5777142051647569,0.46217136413180554,0.25,,4.2973121072295095,in,,,,
Prect,256,5,0,230,0.16188563191191563,0.006054977156108671,0.703886380417183,0.5774911606656075,0.46199292853248597,0.25,,4.296113619582817,in,,,,
Prect,256,5,0,229,0.1679375046251356,0.006048768270331295,0.7051325690302499,0.5772590849118902,0.4618072679295121,0.25,,4.2948674309697505,in,,,,
Prect,256,5,0,228,0.17398305458622498,0.0060423316518475045,0.7064266390783563,0.5770179260792446,0.4616143408633957,0.25,,4.293573360921644,in,,,,
Prect,256,5,0,227,0.18002205418364484,0.0060356675429921736,0.7077687774593447,0.5767676303166549,0.4614141042533239,0.25,,4.292231222540655,in,,,,
Prect,256,5,0,226,0.18605427605247354,0.006028776194665242,0.7091591774652752,0.5765081417350056,0.4612065133880045,0.25,,4.290840822534725,in,,,,
Prect,256,5,0,225,0.19207949308296718,0.006021657866322028,0.7105980387458946,0.5762394023952814,0.4609915219162251,0.25,,4.2894019612541054,in,,,,
Prect,256,5,0,224,0.19809747842911002,0.006014312825963625,0.7120855672708963,0.5759613522964162,0.46076908183713294,0.25,,4.287914432729104,in,,,,
Prect,256,5,0,223,0.20410800551715513,0.006006741350126632,0.7136219752896771,0.5756739293627968,0.46053914349023745,0.25,,4.286378024710323,in,,,,
Prect,256,5,0,222,0.21011084805415486,0.005998943723872802,0.7152074812882568,0.575377069431425,0.46030165554513996,0.25,,4.284792518711743,in,,,,
Prect,256,5,0,221,0.21610578003648045,0.005990920240778408,0.7168423099387686,0.5750707062387355,0.46005656499098835,0.25,,4.283157690061231,in,,,,
Prect,256,5,0,220,0.22209257575833116,0.005982671202923007,0.7185266920563346,0.5747547714071151,0.45980381712569207,0.25,,4.281473307943665,in,,,,
Prect,256,5,0,219,0.2280710098202319,0.005974196920878472,0.7202608645419967,0.5744291944310783,0.45954335554486264,0.25,,4.279739135458003,in,,,,
Prect,256,5,0,218,0.23404085713751918,0.0059654977136960885,0.7220450703300465,0.5740939026631506,0.4592751221305205,0.25,,4.277954929669954,in,,,,
Prect,256,5,0,217,0.24000189294881555,0.005956573908896645,0.7238795583264237,0.5737488212994408,0.4589990570395527,0.25,,4.2761204416735765,in,,,,
Prect,256,5,0,216,0.24595389282449198,0.00594742584245625,0.7257645833477161,0.5733938733649316,0.4587150986919453,0.25,,4.274235416652284,in,,,,
Prect,256,5,0,215,0.2518966326751173,0.005938053858794395,0.7277004060544444,0.5730289796984867,0.4584231837587893,0.25,,4.272299593945555,in,,,,
Prect,256,5,0,214,0.257829888759895,0.005928458310760942,0.72968729288176,0.5726540589375885,0.4581232471500708,0.25,,4.27031270711824,in,,,,
Prect,256,5,0,213,0.26375343769508686,0.005918639559622851,0.7317255159616588,0.5722690275028091,0.4578152220022472,0.25,,4.268274484038341,in,,,,
Prect,256,5,0,212,0.2696670564624236,0.005908597975050556,0.73381535304813,0.5718737995820485,0.4574990396656388,0.25,,4.26618464695187,in,,,,
Prect,256,5,0,211,0.2755705224175009,0.005898333935104083,0.7359570874317425,0.5714682871145266,0.45717462969162126,0.25,,4.264042912568257,in,,,,
Prect,256,5,0,210,0.28146361329816233,0.005887847826218762,0.7381510078522159,0.5710523997745539,0.4568419198196431,0.25,,4.261848992147784,in,,,,
Prect,256,5,0,209,0.2873461072328669,0.005877140043190454,0.7403974084028326,0.5706260449550913,0.45650083596407304,0.25,,4.259602591597167,in,,,,
Prect,256,5,0,208,0.293217782749043,0.00586621098916168,0.7426965884364931,0.5701891277511275,0.456151302200902,0.25,,4.257303411563507,in,,,,
Prect,256,5,0,207,0.29907841878142594,0.00585506107560424,0.7450488524581549,0.5697415509428602,0.4557932407542881,0.25,,4.254951147541846,in,,,,
Prect,256,5,0,206,0.30492779468038145,0.0058436907223067824,0.7474545100170373,0.5692832149787233,0.4554265719829786,0.25,,4.252545489982962,in,,,,
Prect,256,5,0,205,0.31076569022021316,0.00583210035735654,0.7499138755912967,0.568814017958263,0.45505121436661045,0.25,,4.250086124408703,in,,,,
Prect,256,5,0,204,0.31659188560745355,0.00582029041712423,0.7524272684626795,0.5683338556148767,0.45466708449190135,0.25,,4.24757273153732,in,,,,
Prect,256,5,0,203,0.32240616148913925,0.005808261346247234,0.7549950125945694,0.5678426212984603,0.45427409703876825,0.25,,4.245004987405431,in,,,,
Prect,256,5,0,202,0.3282082989610696,0.0057960135976134475,0.7576174364913542,0.5673402059579362,0.45387216476634895,0.25,,4.242382563508646,in,,,,
Prect,256,5,0,201,0.3339980795760481,0.005783547632343622,0.7602948730563213,0.5668264981237212,0.453461198498977,0.25,,4.2397051269436785,in,,,,
Prect,256,5,0,200,0.3397752853521071,0.005770863919774327,0.7630276594484592,0.5663013838901546,0.4530411071121237,0.25,,4.2369723405515405,in,,,,
Prect,256,5,0,199,0.34553969878071433,0.005757962937440131,0.7658161369141179,0.5657647468978586,0.4526117975182869,0.25,,4.234183863085882,in,,,,
Prect,256,5,0,198,0.3512911028349624,0.005744845171056001,0.7686606506312522,0.5652164683161361,0.4521731746529089,0.25,,4.2313393493687474,in,,,,
Prect,256,5,0,197,0.3570292809777393,0.005731511114497767,0.7715615495297101,0.5646564268253541,0.4517251414602833,0.25,,4.22843845047029,in,,,,
Prect,256,5,0,196,0.362754017169881,0.005717961269785687,0.7745191861115361,0.5640844985993838,0.45126759887950707,0.25,,4.225480813888463,in,,,,
Prect,256,5,0,195,0.36846509587830567,0.005704196147063634,0.7775339162554757,0.5635005572880988,0.450800445830479,0.25,,4.222466083744524,in,,,,
Prect,256,5,0,194,0.3741623020841278,0.005690216264580716,0.7806060990195712,0.5629044739999846,0.45032357919998767,0.25,,4.219393900980429,in,,,,
Prect,256,5,0,193,0.37984542129075394,0.005676022148671522,0.7837360964270256,0.5622961172848597,0.4498368938278878,0.25,,4.216263903572974,in,,,,
Prect,256,5,0,192,0.38551423953195796,0.005661614333736464,0.7869242732455035,0.5616753531167601,0.44934028249340807,0.25,,4.2130757267544965,in,,,,
Prect,256,5,0,191,0.3911685433799371,0.005646993362221797,0.7901709967540895,0.5610420448770077,0.4488336359016062,0.25,,4.20982900324591,in,,,,
Prect,256,5,0,190,0.3968081199533473,0.005632159784598689,0.7934766365014565,0.5603960533375063,0.44831684267000504,0.25,,4.206523363498544,in,,,,
Prect,256,5,0,189,0.4024327569253182,0.005617114159343073,0.7968415640471677,0.559737236644281,0.4477897893154248,0.25,,4.203158435952832,in,,,,
Prect,256,5,0,188,0.4080422425314468,0.00560185705291405,0.8002661526997508,0.55906545030133,0.447252360241064,0.25,,4.19973384730025,in,,,,
Prect,256,5,0,187,0.4136363655777704,0.005586389039733186,0.8037507772328354,0.5583805471547859,0.44670443772382873,0.25,,4.196249222767165,in,,,,
Prect,256,5,0,186,0.41921491544871836,0.005570710702162696,0.8072958135958269,0.5576823773774615,0.44614590190196923,0.25,,4.192704186404173,in,,,,
Prect,256,5,0,185,0.42477768211504074,0.005554822630482181,0.8109016386040634,0.5569707884537942,0.4455766307630354,0.25,,4.189098361395937,in,,,,
Prect,256,5,0,184,0.4303244561417169,0.005538725422870094,0.8145686296237991,0.5562456251652643,0.4449965001322115,0.25,,4.185431370376201,in,,,,
Prect,256,5,0,183,0.4358550286958397,0.005522419685375424,0.8182971642357977,0.5555067295762979,0.4444053836610383,0.25,,4.181702835764202,in,,,,
Prect,256,5,0,182,0.4413691915544783,0.005505906031901764,0.82208761988612,0.5547539410207216,0.4438031528165773,0.25,,4.17791238011388,in,,,,
Prect,256,5,0,181,0.4468667371125179,0.005489185084177561,0.8259403735241039,0.55398709608882,0.44318967687105604,0.25,,4.174059626475896,in,,,,
Prect,256,5,0,180,0.4523474583904752,0.005472257471737019,0.8298558012183854,0.5532060286150279,0.4425648228920223,0.25,,4.170144198781615,in,,,,
Prect,256,5,0,179,0.4578111490422919,0.005455123831896336,0.8338342777658332,0.5524105696663447,0.44192845573307576,0.25,,4.166165722234167,in,,,,
Prect,256,5,0,178,0.46325760336310307,0.005437784809725954,0.8378761762718201,0.5516005475314826,0.4412804380251861,0.25,,4.16212382372818,in,,,,
Prect,256,5,0,177,0.46868661629698183,0.005420241058031683,0.8419818677251896,0.5507757877108547,0.44062063016868375,0.25,,4.15801813227481,in,,,,
Prect,256,5,0,176,0.4740979834446598,0.005402493237324224,0.8461517205467061,0.5499361129074228,0.43994889032593826,0.25,,4.153848279453294,in,,,,
Prect,256,5,0,175,0.47949150107122235,0.005384542015800853,0.8503861001204998,0.5490813430184871,0.4392650744147897,0.25,,4.1496138998795,in,,,,
Prect,256,5,0,174,0.4848669661137792,0.005366388069312944,0.8546853683106407,0.5482112951284887,0.4385690361027909,0.25,,4.145314631689359,in,,,,
Prect,256,5,0,173,0.49022417618910985,0.005348032081348264,0.8590498829512255,0.5473257835028735,0.4378606268022988,0.25,,4.140950117048774,in,,,,
Prect,256,5,0,172,0.4955629296012828,0.005329474742997609,0.8634799973245393,0.546424619583116,0.43713969566649274,0.25,,4.136520002675461,in,,,,
Prect,256,5,0,171,0.5008830253492496,0.005310716752935873,0.8679760596109016,0.5455076119829442,0.43640608958635535,0.25,,4.132023940389098,in,,,,
Prect,256,5,0,170,0.5061842631344122,0.005291758817389636,0.8725384123221407,0.5445745664858685,0.4356596531886948,0.25,,4.1274615876778595,in,,,,
Prect,256,5,0,169,0.5114664433681644,0.005272601650114561,0.8771673917091903,0.5436252860440765,0.43490022883526114,0.25,,4.1228326082908096,in,,,,
Prect,256,5,0,168,0.5167293671794057,0.005253245972367981,0.8818633271530194,0.5426595707787939,0.4341276566230351,0.25,,4.118136672846981,in,,,,
Prect,256,5,0,167,0.5219728364220292,0.0052336925128790845,0.8866265405287558,0.5416772179821805,0.4333417743857444,0.25,,4.113373459471244,in,,,,
Prect,256,5,0,166,0.5271966536823818,0.005213942007825989,0.8914573455462088,0.5406780221208511,0.4325424176966809,0.25,,4.1085426544537915,in,,,,
Prect,256,5,0,165,0.5324006222866959,0.005193995200802326,0.8963560470689012,0.5396617748411247,0.4317294198728997,0.25,,4.103643952931099,in,,,,
Prect,256,5,0,164,0.537584546308495,0.005173852842795812,0.9013229404082437,0.5386282649760862,0.43090261198086893,0.25,,4.098677059591756,in,,,,
Prect,256,5,0,163,0.5427482305759695,0.0051535156921533876,0.9063583105933178,0.5375772785545626,0.4300618228436501,0.25,,4.093641689406682,in,,,,
Prect,256,5,0,162,0.5478914806793256,0.0051329845145585695,0.9114624316126458,0.5365085988121073,0.42920687904968585,0.25,,4.088537568387354,in,,,,
Prect,256,5,0,161,0.5530141029781034,0.005112260082997144,0.9166355656361035,0.5354220062041151,0.42833760496329204,0.25,,4.083364434363896,in,,,,
Prect,256,5,0,160,0.5581159046084689,0.005091343177733965,0.9218779622089273,0.5343172784211584,0.4274538227369267,0.25,,4.078122037791073,in,,,,
Prect,256,5,0,159,0.5631966934904746,0.005070234586277422,0.9271898574171306,0.5331941904066565,0.4265553523253252,0.25,,4.0728101425828696,in,,,,
Prect,256,5,0,158,0.5682562783352902,0.005048935103353802,0.9325714730282881,0.5320525143769991,0.42564201150159925,0.25,,4.067428526971712,in,,,,
Prect,256,5,0,157,0.5732944686524062,0.005027445530878194,0.9380230156114723,0.5308920198442512,0.4247136158754009,0.25,,4.061976984388528,in,,,,
Prect,256,5,0,156,0.5783110747568049,0.005005766677919077,0.9435446756205688,0.5297124736415286,0.4237699789132229,0.25,,4.0564553243794315,in,,,,
Prect,256,5,0,155,0.5833059077761016,0.004983899360674449,0.9491366264606911,0.5285136399512068,0.42281091196096543,0.25,,4.050863373539309,in,,,,
Prect,256,5,0,154,0.5882787796576565,0.004961844402435189,0.9547990235240055,0.5272952803360628,0.4218362242688502,0.25,,4.045200976475995,in,,,,
Prect,256,5,0,153,0.5932295031756537,0.0049396026335593035,0.9605320031979121,0.5260571537734879,0.42084572301879036,0.25,,4.039467996802088,in,,,,
Prect,256,5,0,152,0.598157891938151,0.004917174891435394,0.9663356818485743,0.5247990166929087,0.419839213354327,0.25,,4.033664318151426,in,,,,
Prect,256,5,0,151,0.6030637603940971,0.004894562020456683,0.9722101547828722,0.5235206230165594,0.41881649841324753,0.25,,4.027789845217128,in,,,,
Prect,256,5,0,150,0.6079469238403175,0.004871764871984152,0.978155495180452,0.5222217242037255,0.4177773793629804,0.25,,4.021844504819548,in,,,,
Prect,256,5,0,149,0.6128071984284682,0.004848784304317233,0.9841717529973089,0.520902069298601,0.41672165543888073,0.25,,4.015828247002691,in,,,,
Prect,256,5,0,148,0.617644401171958,0.004825621182662387,0.9902589538534196,0.519561404981932,0.41564912398554565,0.25,,4.009741046146581,in,,,,
Prect,256,5,0,147,0.6224583499528378,0.004802276379097026,0.9964170978957463,0.5181994756265693,0.41455958050125546,0.25,,4.003582902104254,in,,,,
Prect,256,5,0,146,0.6272488635286566,0.004778750772540863,1.002646158630139,0.516816023357066,0.4134528186856528,0.25,,3.9973538413698613,in,,,,
Prect,256,5,0,145,0.6320157615392863,0.0047550452487182815,1.008946081744322,0.5154107881135079,0.41232863049080637,0.25,,3.9910539182556777,in,,,,
Prect,256,5,0,144,0.6367588645137106,0.004731160700130355,1.0153167839004973,0.5139835077196879,0.4111868061757503,0.25,,3.9846832160995027,in,,,,
Prect,256,5,0,143,0.6414779938767835,0.004707098026015544,1.021758151511913,0.5125339179557986,0.4100271343646389,0.25,,3.978241848488087,in,,,,
Prect,256,5,0,142,0.6461729719559519,0.004682858132321166,1.0282700395076108,0.5110617526358016,0.40884940210864124,0.25,,3.9717299604923895,in,,,,
Prect,256,5,0,141,0.6508436219879445,0.004658441931664092,1.0348522700714977,0.5095667436895973,0.40765339495167785,0.25,,3.9651477299285025,in,,,,
Prect,256,5,0,140,0.6554897681254276,0.004633850343302104,1.04150463137739,0.5080486212501839,0.4064388970001471,0.25,,3.95849536862261,in,,,,
Prect,256,5,0,139,0.6601112354436253,0.004609084293093257,1.048226876304807,0.506507113745924,0.40520569099673925,0.25,,3.951773123695193,in,,,,
Prect,256,5,0,138,0.6647078499469047,0.004584144713465577,1.055018721150721,0.504941947998095,0.403953558398476,0.25,,3.944981278849279,in,,,,
Prect,256,5,0,137,0.669279438575328,0.00455903254338097,1.0618798443295348,0.5033528493238516,0.4026822794590813,0.25,,3.9381201556704655,in,,,,
Prect,256,5,0,136,0.6738258292111672,0.004533748728297371,1.06880988507628,0.5017395416447685,0.40139163331581484,0.25,,3.9311901149237203,in,,,,
Prect,256,5,0,135,0.6783468506853845,0.004508294220137321,1.0758084421380891,0.5001017476010724,0.4000813980808579,0.25,,3.924191557861911,in,,,,
Prect,256,5,0,134,0.6828423327840767,0.004482669977247111,1.082875072479329,0.49843918867174297,0.3987513509373944,0.25,,3.917124927520671,in,,,,
Prect,256,5,0,133,0.6873121062548836,0.004456876964366696,1.090009289981826,0.49675158530057517,0.3974012682404601,0.25,,3.909990710018174,in,,,,
Prect,256,5,0,132,0.6917560028133605,0.00443091615258695,1.0972105641627277,0.49503865702836447,0.3960309256226916,0.25,,3.9027894358372723,in,,,,
Prect,256,5,0,131,0.6961738551493133,0.004404788519318914,1.1044783188950582,0.49330012263130557,0.39464009810504447,0.25,,3.895521681104942,in,,,,
Prect,256,5,0,130,0.700565496933099,0.004378495048252273,1.1118119311616108,0.4915357002657598,0.3932285602126079,0.25,,3.888188068838389,in,,,,
Prect,256,5,0,129,0.7049307628218863,0.004352036729322384,1.1192107298114455,0.48974510761943973,0.3917960860955518,0.25,,3.8807892701885542,in,,,,
Prect,256,5,0,128,0.709269488465882,0.004325414558669083,1.126673994353269,0.48792806206915484,0.3903424496553239,0.25,,3.8733260056467307,in,,,,
Prect,256,5,0,127,0.7135815105145176,0.00429862953860205,1.1342009537855537,0.48608428084519656,0.38886742467615726,0.25,,3.8657990462144465,in,,,,
Prect,256,5,0,126,0.7178666666226001,0.00427168267756306,1.1417907854442169,0.484213481202394,0.3873707849619152,0.25,,3.8582092145557834,in,,,,
Prect,256,5,0,125,0.7221247954564243,0.004244574990085126,1.1494426139112361,0.48231538059796447,0.3858523044783716,0.25,,3.850557386088764,in,,,,
Prect,256,5,0,124,0.726355736699846,0.004217307496758416,1.157155509959997,0.48038969687615846,0.3843117575009268,0.25,,3.8428444900400027,in,,,,
Prect,256,5,0,123,0.7305593310603189,0.004189881224187508,1.1649284895509266,0.47843614845973914,0.3827489187677913,0.25,,3.8350715104490734,in,,,,
Prect,256,5,0,122,0.7347354202748912,0.004162297204957088,1.1727605128967786,0.4764544545483401,0.3811635636386721,0.25,,3.8272394871032214,in,,,,
Prect,256,5,0,121,0.7388838471161643,0.004134556477589091,1.1806504835829041,0.4744443353236589,0.3795554682589271,0.25,,3.8193495164170956,in,,,,
Prect,256,5,0,120,0.7430044553982125,0.0041066600865070635,1.188597247756661,0.4724055121614826,0.37792440972918606,0.25,,3.811402752243339,in,,,,
Prect,256,5,0,119,0.7470970899824625,0.004078609081993201,1.196599593409725,0.47033770785053114,0.3762701662804249,0.25,,3.803400406590275,in,,,,
Prect,256,5,0,118,0.7511615967835358,0.004050404520153261,1.2046562497224964,0.4682406468179957,0.3745925174543966,0.25,,3.7953437502775036,in,,,,
Prect,256,5,0,117,0.7551978227750484,0.004022047462872158,1.2127658865158024,0.46611405536175143,0.3728912442894011,0.25,,3.787234113484198,in,,,,
Prect,256,5,0,116,0.7592056159953731,0.0039935389777771,1.220927113789205,0.4639576618890917,0.37116612951127337,0.25,,3.7790728862107947,in,,,,
Prect,256,5,0,115,0.7631848255533603,0.003964880138197291,1.2291384813705801,0.46177119716188236,0.3694169577295059,0.25,,3.77086151862942,in,,,,
Prect,256,5,0,114,0.7671353016340192,0.003936072023120518,1.2373984786647072,0.45955439454794744,0.36764351563835795,0.25,,3.762601521335293,in,,,,
Prect,256,5,0,113,0.7710568955041582,0.003907115717157517,1.2457055345314199,0.4573069902785384,0.3658455922228307,0.25,,3.75429446546858,in,,,,
Prect,256,5,0,112,0.7749494595179847,0.003878012310495338,1.254058017271568,0.4550287237116368,0.3640229789693094,0.25,,3.745941982728432,in,,,,
Prect,256,5,0,111,0.7788128471226634,0.003848762898862157,1.2624542347582008,0.45271933760089156,0.36217547008071327,0.25,,3.737545765241799,in,,,,
Prect,256,5,0,110,0.7826469128638347,0.0038193685834805313,1.2708924346815318,0.45037857836987294,0.36030286269589834,0.25,,3.7291075653184684,in,,,,
Prect,256,5,0,109,0.7864515123910907,0.003789830471031208,1.2793708049563117,0.44800619639140216,0.3584049571131217,0.25,,3.7206291950436885,in,,,,
Prect,256,5,0,108,0.7902265024634092,0.003760149673605939,1.2878874742543152,0.4456019462715756,0.3564815570172605,0.25,,3.7121125257456846,in,,,,
Prect,256,5,0,107,0.7939717409545478,0.0037303273086712885,1.296440512702758,0.4431655871381672,0.35453246971053376,0.25,,3.703559487297242,in,,,,
Prect,256,5,0,106,0.7976870868583943,0.003700364499021669,1.3050279327256122,0.440696882932992,0.3525575063463936,0.25,,3.6949720672743878,in,,,,
Prect,256,5,0,105,0.801372400294275,0.0036702623727397077,1.3136476900524094,0.438195602707836,0.3505564821662688,0.25,,3.6863523099475906,in,,,,
Prect,256,5,0,104,0.8050275425122221,0.003640022063154502,1.32229768488508,0.4356615209234885,0.3485292167387908,0.25,,3.67770231511492,in,,,,
Prect,256,5,0,103,0.8086523758981969,0.003609644708795323,1.3309757632264843,0.4330944177514008,0.34647553420112065,0.25,,3.6690242367735157,in,,,,
Prect,256,5,0,102,0.8122467639792715,0.0035791314533537566,1.3396797183861693,0.43049407937748624,0.344395263501989,0.25,,3.6603202816138305,in,,,,
Prect,256,5,0,101,0.815810571428766,0.0035484834456351866,1.3484072926459827,0.4278602983075003,0.3422882386460002,0.25,,3.651592707354017,in,,,,
Prect,256,5,0,100,0.8193436640713441,0.003517701839521048,1.3571561790971949,0.42519287367345576,0.3401542989387646,0.25,,3.6428438209028053,in,,,,
Prect,256,5,0,99,0.8228459088880649,0.0034867877939204206,1.3659240236543335,0.4224916115404948,0.33799328923239585,0.25,,3.6340759763456667,in,,,,
Prect,256,5,0,98,0.8263171740213904,0.0034557424727306163,1.3747084272269945,0.4197563252135869,0.33580506017086953,0.25,,3.6252915727730057,in,,,,
Prect,256,5,0,97,0.8297573287801505,0.0034245670447896615,1.383506948070554,0.416986835543448,0.3335894684347584,0.25,,3.616493051929446,in,,,,
Prect,256,5,0,96,0.8331662436444627,0.0033932626838346636,1.3923171042947275,0.41418297123100634,0.33134637698480507,0.25,,3.6076828957052722,in,,,,
Prect,256,5,0,95,0.836543790270609,0.0033618305684580685,1.4011363765331788,0.4113445691297554,0.32907565530380434,0.25,,3.598863623466821,in,,,,
Prect,256,5,0,94,0.8398898414958682,0.003330271882060254,1.4099622107817718,0.40847147454532295,0.32677717963625835,0.25,,3.5900377892182282,in,,,,
Prect,256,5,0,93,0.8432042713433028,0.003298587812808784,1.4187920213724476,0.40556354153152296,0.3244508332252184,0.25,,3.5812079786275524,in,,,,
Prect,256,5,0,92,0.8464869550265022,0.0032667795535900046,1.4276231941071051,0.40262063318221875,0.322096506545775,0.25,,3.572376805892895,in,,,,
Prect,256,5,0,91,0.8497377689542811,0.003234848301967963,1.436453089521902,0.39964262191825645,0.31971409753460517,0.25,,3.563546910478098,in,,,,
Prect,256,5,0,90,0.8529565907353327,0.0032027952601353382,1.4452790462862293,0.3966293897687618,0.31730351181500943,0.25,,3.5547209537137707,in,,,,
Prect,256,5,0,89,0.8561432991828362,0.0031706216348715843,1.45409838472136,0.3935808286460725,0.314864662916858,0.25,,3.5459016152786402,in,,,,
Prect,256,5,0,88,0.8592977743190195,0.0031383286374950803,1.4629084104296015,0.3904968406135875,0.31239747249087,0.25,,3.5370915895703985,in,,,,
Prect,256,5,0,87,0.8624198973796768,0.003105917483819609,1.4717064180261712,0.38737733814582104,0.30990187051665685,0.25,,3.528293581973829,in,,,,
Prect,256,5,0,86,0.8655095508186397,0.003073389394105952,1.4804896949497193,0.38422224437994507,0.30737779550395605,0.25,,3.5195103050502805,in,,,,
Prect,256,5,0,85,0.868566618312202,0.003040745593018701,1.489255525358429,0.38103149335815273,0.3048251946865222,0.25,,3.5107444746415712,in,,,,
Prect,256,5,0,84,0.8715909847635007,0.0030079873095787413,1.4980011940766786,0.3778050302601372,0.30224402420810975,0.25,,3.5019988059233214,in,,,,
Prect,256,5,0,83,0.8745825363068482,0.0029751157771163994,1.506723990587299,0.3745428116250449,0.2996342493000359,0.25,,3.493276009412701,in,,,,
Prect,256,5,0,82,0.87754116031202,0.002942132233227035,1.5154212130553577,0.3712448055622722,0.29699584444981775,0.25,,3.4845787869446423,in,,,,
Prect,256,5,0,81,0.8804667453884942,0.0029090379197214133,1.5240901723507954,0.3679109919504834,0.2943287935603867,0.25,,3.475909827649205,in,,,,
Prect,256,5,0,80,0.8833591813896464,0.002875834082582851,1.5327281960765613,0.36454136262429876,0.291633090099439,0.25,,3.4672718039234387,in,,,,
Prect,256,5,0,79,0.8862183594168958,0.0028425219719160344,1.5413326325533225,0.3611359215480857,0.28890873723846855,0.25,,3.4586673674466777,in,,,,
Prect,256,5,0,78,0.8890441718238058,0.0028091028419040542,1.5499008547620012,0.3576946849763683,0.28615574798109467,0.25,,3.4500991452379988,in,,,,
Prect,256,5,0,77,0.8918365122201366,0.0027755779507573353,1.558430264210881,0.35421768160038813,0.2833741452803105,0.25,,3.441569735789119,in,,,,
Prect,256,5,0,76,0.8945952754758502,0.0027419485606698935,1.5669182947027247,0.3507049526803953,0.2805639621443162,0.25,,3.4330817052972753,in,,,,
Prect,256,5,0,75,0.8973203577250695,0.002708215937768821,1.575362415986676,0.34715655216331365,0.27772524173065094,0.25,,3.424637584013324,in,,,,
Prect,256,5,0,74,0.9000116563699879,0.0026743813520679893,1.5837601372551255,0.34357254678545546,0.27485803742836434,0.25,,3.4162398627448747,in,,,,
Prect,256,5,0,73,0.9026690700847326,0.002640446077421421,1.5921090104713824,0.33995301616003715,0.2719624129280297,0.25,,3.4078909895286174,in,,,,
Prect,256,5,0,72,0.9052924988191793,0.0026064113914719966,1.6004066334811717,0.3362980528492813,0.2690384422794251,0.25,,3.399593366518828,in,,,,
Prect,256,5,0,71,0.9078818438027189,0.0025722785756070454,1.6086506529002713,0.3326077624209962,0.266086209936797,0.25,,3.3913493470997285,in,,,,
Prect,256,5,0,70,0.9104370075479761,0.002538048914907387,1.6168387667229382,0.3288822634895409,0.26310581079163275,0.25,,3.383161233277062,in,,,,
Prect,256,5,0,69,0.9129578938544802,0.0025037236981009237,1.6249687266333124,0.3251216877411952,0.26009735019295616,0.25,,3.3750312733666874,in,,,,
Prect,256,5,0,68,0.9154444078122866,0.002469304217511903,1.6330383399720925,0.3213261799440038,0.25706094395520307,0.25,,3.3669616600279078,in,,,,
Prect,256,5,0,67,0.9178964558055501,0.0024347917690150656,1.6410454713337557,0.31749589794226357,0.2539967183538109,0.25,,3.3589545286662443,in,,,,
Prect,256,5,0,66,0.9203139455160497,0.0024001876519841314,1.648988043745532,0.31363101263588333,0.2509048101087067,0.25,,3.3510119562544682,in,,,,
Prect,256,5,0,65,0.9226967859266643,0.0023654931692449477,1.656864039389706,0.30973170794494587,0.2477853663559567,0.25,,3.3431359606102937,in,,,,
Prect,256,5,0,64,0.9250448873247991,0.002330709627024641,1.6646714998372432,0.3057981807598956,0.2446385446079165,0.25,,3.335328500162757,in,,,,
Prect,256,5,0,63,0.9273581613057634,0.002295838334904099,1.6724085257408643,0.3018306408778531,0.24146451270228247,0.25,,3.327591474259136,in,,,,
Prect,256,5,0,62,0.9296365207760996,0.002260880605768234,1.6800732759512225,0.29782931092566745,0.23826344874053396,0.25,,3.3199267240487775,in,,,,
Prect,256,5,0,61,0.9318798799568613,0.0022258377557551334,1.6876639660180155,0.2937944262704158,0.23503554101633264,0.25,,3.3123360339819845,in,,,,
Prect,256,5,0,60,0.9340881543868432,0.0021907111042087646,1.6951788660273306,0.2897262349181516,0.23178098793452126,0.25,,3.3048211339726694,in,,,,
Prect,256,5,0,59,0.9362612609257612,0.0021555019736272385,1.7026162977471129,0.285624997401821,0.2284999979214568,0.25,,3.297383702252887,in,,,,
Prect,256,5,0,58,0.9383991177573824,0.0021202116896150702,1.7099746310452155,0.28149098665936395,0.22519278932749115,0.25,,3.2900253689547845,in,,,,
Prect,256,5,0,57,0.9405016443926053,0.0020848415808307763,1.7172522795288558,0.27732448790310466,0.22185959032248373,0.25,,3.282747720471144,in,,,,
Prect,256,5,0,56,0.9425687616724905,0.0020493929789396903,1.724447695418392,0.2731257984816868,0.21850063878534942,0.25,,3.275552304581608,in,,,,
Prect,256,5,0,55,0.9446003917712409,0.002013867218560894,1.7315593635991908,0.2688952277358457,0.21511618218867654,0.25,,3.2684406364008094,in,,,,
Prect,256,5,0,54,0.9465964581991312,0.0019782656372198115,1.7385857948603018,0.2646330968494547,0.21170647747956375,0.25,,3.2614142051396984,in,,,,
Prect,256,5,0,53,0.9485568858053889,0.0019425895752955835,1.7455255183251952,0.2603397386973452,0.20827179095787618,0.25,,3.254474481674805,in,,,,
Prect,256,5,0,52,0.9504816007810225,0.0019068403759716634,1.752377073068855,0.256015497691486,0.2048123981531888,0.25,,3.247622926931145,in,,,,
Prect,256,5,0,51,0.952370530661601,0.001871019385185524,1.759138998976434,0.25166072962718067,0.20132858370174453,0.25,,3.240861001023566,in,,,,
Prect,256,5,0,50,0.9542236043299823,0.0018351279515768093,1.7658098268703082,0.24727580153097944,0.19782064122478354,0.25,,3.234190173129692,in,,,,
Prect,256,5,0,49,0.9560407520189897,0.001799167426438153,1.772388067997878,0.24286109151206187,0.1942888732096495,0.25,,3.227611932002122,in,,,,
Prect,256,5,0,48,0.9578219053140402,0.0017631391636626637,1.7788722029543835,0.23841698861881416,0.19073359089505132,0.25,,3.2211277970456162,in,,,,
Prect,256,5,0,47,0.9595669971557186,0.0017270445196942985,1.7852606701885623,0.2339438927023705,0.1871551141618964,0.25,,3.2147393298114375,in,,,,
Prect,256,5,0,46,0.9612759618423037,0.0016908848534756826,1.7915518542369933,0.22944221428878314,0.18355377143102652,0.25,,3.2084481457630067,in,,,,
Prect,256,5,0,45,0.9629487350322407,0.001654661526398371,1.7977440738984793,0.2249123744614589,0.1799298995691671,0.25,,3.202255926101521,in,,,,
Prect,256,5,0,44,0.9645852537465646,0.001618375902249447,1.8038355705795475,0.22035480475532412,0.1762838438042593,0.25,,3.1961644294204525,in,,,,
Prect,256,5,0,43,0.9661854563712706,0.0015820293471627833,1.8098244971145616,0.21576994706406796,0.17261595765125437,0.25,,3.190175502885438,in,,,,
Prect,256,5,0,42,0.9677492826596348,0.0015456232295653072,1.8157089073873964,0.21115825356153914,0.1689266028492313,0.25,,3.184291092612604,in,,,,
Prect,256,5,0,41,0.9692766737344807,0.0015091589201265965,1.8214867471592668,0.2065201866381366,0.16521614931050926,0.25,,3.178513252840733,in,,,,
Prect,256,5,0,40,0.9707675720903979,0.0014726377917078093,1.827155846550395,0.2018562188526509,0.16148497508212073,0.25,,3.172844153449605,in,,,,
Prect,256,5,0,39,0.9722219215959059,0.0014360612193082822,1.832713914671611,0.19716683289963846,0.15773346631971077,0.25,,3.167286085328389,in,,,,
Prect,256,5,0,38,0.973639667495568,0.0013994305800157925,1.838158536942808,0.1924525215918915,0.1539620172735132,0.25,,3.161841463057192,in,,,,
Prect,256,5,0,37,0.9750207564120521,0.0013627472529526008,1.8434871756960944,0.1877137878570531,0.15017103028564247,0.25,,3.1565128243039053,in,,,,
Prect,256,5,0,36,0.9763651363481414,0.0013260126192259358,1.8486971746253176,0.18295114474677654,0.14636091579742122,0.25,,3.1513028253746826,in,,,,
Prect,256,5,0,35,0.9776727566886909,0.0012892280618731489,1.853785767663031,0.17816511545619348,0.1425320923649548,0.25,,3.146214232336969,in,,,,
Prect,256,5,0,34,0.978943568202534,0.0012523949658129752,1.8587500927918743,0.17335623335074468,0.13868498668059576,0.25,,3.1412499072081257,in,,,,
Prect,256,5,0,33,0.9801775230443355,0.0012155147177899117,1.8635872111960818,0.16852504199676668,0.13482003359741335,0.25,,3.136412788803918,in,,,,
Prect,256,5,0,32,0.9813745747563929,0.0011785887063248124,1.8682941319901256,0.16367209519159132,0.13093767615327306,0.25,,3.1317058680098744,in,,,,
Prect,256,5,0,31,0.9825346782703858,0.001141618321661042,1.872867842525234,0.1587979569884365,0.12703836559074919,0.25,,3.127132157474766,in,,,,
Prect,256,5,0,30,0.9836577899090726,0.0011046049557127402,1.8773053439912775,0.15390320171107802,0.12312256136886242,0.25,,3.1226946560087225,in,,,,
Prect,256,5,0,29,0.9847438673879352,0.0010675500020121964,1.8816036916788537,0.1489884139533506,0.11919073116268049,0.25,,3.118396308321146,in,,,,
Prect,256,5,0,28,0.98579286981677,0.0010304548556573367,1.8857600388475892,0.1440541885589714,0.11524335084717711,0.25,,3.1142399611524105,in,,,,
Prect,256,5,0,27,0.9868047577012284,0.0009933209132598764,1.8897716828092228,0.13910113057822288,0.1112809044625783,0.25,,3.110228317190777,in,,,,
Prect,256,5,0,26,0.987779492944304,0.0009561495728910296,1.8936361114016698,0.1341298551997564,0.10730388415980512,0.25,,3.10636388859833,in,,,,
Prect,256,5,0,25,0.9887170388477653,0.0009189422340315501,1.8973510478346516,0.1291409876583306,0.10331279012666447,0.25,,3.1026489521653486,in,,,,
Prect,256,5,0,24,0.989617360113539,0.0008817002975159971,1.9009144916460627,0.12413516312273898,0.09930813049819118,0.25,,3.0990855083539373,in,,,,
Prect,256,5,0,23,0.9904804228450386,0.0008444251654829982,1.9043247536288417,0.11911302657288843,0.09529042125831075,0.25,,3.095675246371158,in,,,,
Prect,256,5,0,22,0.9913061945484398,0.0008071182413195155,1.9075804827343403,0.11407523268091323,0.09126018614473058,0.25,,3.0924195172656597,in,,,,
Prect,256,5,0,21,0.9920946441339047,0.0007697809296104419,1.9106806833907595,0.10902244571887128,0.08721795657509702,0.25,,3.0893193166092408,in,,,,
Prect,256,5,0,20,0.9928457419167522,0.0007324146360845329,1.9136247222318175,0.10395533952567482,0.08316427162053985,0.25,,3.0863752777681825,in,,,,
Prect,256,5,0,19,0.9935594596185753,0.0006950207675615605,1.9164123238829942,0.09887459757942571,0.07909967806354057,0.25,,3.0835876761170056,in,,,,
Prect,256,5,0,18,0.9942357703683058,0.0006576007318993549,1.9190435561426873,0.0937809132403272,0.07502473059226175,0.25,,3.0809564438573127,in,,,,
Prect,256,5,0,17,0.9948746487032261,0.0006201559379414023,1.9215188055031962,0.08867499025741193,0.07093999220592954,0.25,,3.0784811944968036,in,,,,
Prect,256,5,0,16,0.9954760705699284,0.0005826877954629994,1.9238387445156964,0.08355754367536339,0.0668460349402907,0.25,,3.076161255484304,in,,,,
Prect,256,5,0,15,0.996040013325219,0.0005451977151181842,1.926004292783577,0.07842930134677142,0.06274344107741714,0.25,,3.0739957072164232,in,,,,
Prect,256,5,0,14,0.9965664557369718,0.0005076871083876666,1.9280165736227468,0.07329100636966011,0.05863280509572809,0.25,,3.071983426377253,in,,,,
Prect,256,5,0,13,0.9970553779849279,0.00047015738752453906,1.929876868334189,0.0681434209673567,0.05451473677388537,0.25,,3.0701231316658113,in,,,,
Prect,256,5,0,12,0.9975067616614409,0.00043260996550142927,1.9315865699664838,0.06298733267949844,0.05038986614359875,0.25,,3.068413430033516,in,,,,
Prect,256,5,0,11,0.9979205897721704,0.00039504625595754295,1.9331471380996141,0.057823564386486365,0.04625885150918909,0.25,,3.0668528619003856,in,,,,
Prect,256,5,0,10,0.9982968467367219,0.000357467673145595,1.9345600559477185,0.05265299096198429,0.04212239276958743,0.25,,3.0654399440522813,in,,,,
Prect,256,5,0,9,0.9986355183892336,0.0003198756318776308,1.9358267906875597,0.04747656796339123,0.03798125437071299,0.25,,3.0641732093124405,in,,,,
Prect,256,5,0,8,0.9989365919789088,0.00028227154747295646,1.9369487576189648,0.0422953835096868,0.03383630680774944,0.25,,3.063051242381035,in,,,,
Prect,256,5,0,7,0.9992000561704975,0.0002446568357041823,1.9379272884856817,0.03711075813204389,0.029688606505635113,0.25,,3.0620727115143183,in,,,,
Prect,256,5,0,6,0.9994259010447213,0.0002070329127435988,1.938763604051715,0.03192445314108253,0.025539562512866026,0.25,,3.061236395948285,in,,,,
Prect,256,5,0,5,0.9996141180986486,0.0001694011951111074,1.9394587908580174,0.02673915448401605,0.02139132358721284,0.25,,3.0605412091419826,in,,,,
rect,256,8,0,1,0.9999905876413006,1.882471739889091E-05,3.0992027893208918,0.010438307562689306,0.008350646050151445,0.25,1011.2869049317916,4.900797210679109,in;sweep=0.0,0.6386095981686678,7.9999999999999964,5.89,RunDiagnostics { ResidualInf = 3.3919533848347783E-12; Kappa1 = 17531.47978561132 }
rect,256,8,0,2,0.9999529385608728,5.64734434566061E-05,3.0989820167909325,0.018031738542382925,0.01442539083390634,0.25,582.3258800510474,4.9010179832090675,in;sweep=0.0,0.6386095981686678,7.9999999999999964,5.89,RunDiagnostics { ResidualInf = 3.3919533848347783E-12; Kappa1 = 17531.47978561132 }
rect,256,8,0,3,0.999877641817484,9.41200433210998E-05,3.098540155251945,0.026184539247241793,0.020947631397793435,0.25,507.38260936574056,4.9014598447480555,in;sweep=0.0,0.6386095981686678,7.9999999999999964,5.89,RunDiagnostics { ResidualInf = 3.3919533848347783E-12; Kappa1 = 17531.47978561132 }
rect,256,8,0,4,0.9997647002460138,0.00013176309961915322,3.0978765762668012,0.03442734315329886,0.027541874522639086,0.25,476.5214618101638,4.902123423733199,in;sweep=0.0,0.6386095981686678,7.9999999999999964,5.89,RunDiagnostics { ResidualInf = 3.3919533848347783E-12; Kappa1 = 17531.47978561132 }
Prect,256,8,0,256,0.0030679423245771656,0.0061358846491544545,1.0983573942286917,0.9269074415279471,0.7415259532223577,0.25,,6.9016426057713085,in,,,,
Prect,256,8,0,255,0.009203711467437108,0.00613565363656543,1.098429786646348,0.9268940810352944,0.7415152648282355,0.25,,6.9015702133536525,in,,,,
Prect,256,8,0,254,0.01533913409576226,0.006135191620084872,1.0985745823185222,0.9268673570671442,0.7414938856537153,0.25,,6.9014254176814775,in,,,,
Prect,256,8,0,253,0.021473979214358417,0.006134498617107447,1.0987918029237551,0.9268272636571335,0.7414618109257068,0.25,,6.901208197076245,in,,,,
Prect,256,8,0,252,0.0276080158497743,0.006133574653724317,1.0990814809723353,0.9267737918539937,0.7414190334831949,0.25,,6.900918519027664,in,,,,
Prect,256,8,0,251,0.03374101305899766,0.006132419764722407,1.0994436598084696,0.9267069297195073,0.7413655437756058,0.25,,6.90055634019153,in,,,,
Prect,256,8,0,250,0.039872739938149854,0.006131033993581968,1.0998783936035263,0.9266266623257607,0.7413013298606086,0.25,,6.900121606396474,in,,,,
Prect,256,8,0,249,0.04600296563117942,0.006129417392477174,1.1003857473475849,0.9265329717517158,0.7412263774013726,0.25,,6.899614252652415,in,,,,
Prect,256,8,0,248,0.05213145933855396,0.006127570022271905,1.1009657968482498,0.9264258370791165,0.7411406696632932,0.25,,6.89903420315175,in,,,,
Prect,256,8,0,247,0.05825799032594922,0.006125491952518616,1.1016186287162013,0.9263052343876881,0.7410441875101504,0.25,,6.898381371283799,in,,,,
Prect,256,8,0,246,0.06438232793293626,0.006123183261455452,1.102344340359725,0.9261711367496793,0.7409369093997434,0.25,,6.897655659640275,in,,,,
Prect,256,8,0,245,0.07050424158166566,0.006120644036003348,1.1031430399703812,0.9260235142237118,0.7408188113789694,0.25,,6.896856960029619,in,,,,
Prect,256,8,0,244,0.07662350078554866,0.0061178743717626854,1.104014846515047,0.925862333847969,0.7406898670783753,0.25,,6.895985153484953,in,,,,
Prect,256,8,0,243,0.08273987515793488,0.0061148743730097405,1.1049598897138244,0.925687559632687,0.7405500477061496,0.25,,6.895040110286176,in,,,,
Prect,256,8,0,242,0.08885313442078616,0.006111644152692816,1.1059783100347544,0.9254991525520135,0.7403993220416109,0.25,,6.894021689965245,in,,,,
Prect,256,8,0,241,0.0949630484133466,0.006108183832428074,1.1070702586688284,0.925297070535163,0.7402376564281303,0.25,,6.892929741331171,in,,,,
Prect,256,8,0,240,0.10106938710080762,0.006104493542493955,1.1082358975151714,0.9250812684569288,0.7400650147655431,0.25,,6.891764102484829,in,,,,
Prect,256,8,0,239,0.10717192058296883,0.006100573421828459,1.1094753991600996,0.9248516981275277,0.7398813585020221,0.25,,6.890524600839901,in,,,,
Prect,256,8,0,238,0.1132704191028939,0.006096423618021693,1.1107889468513037,0.9246083082817802,0.7396866466254242,0.25,,6.8892110531486965,in,,,,
Prect,256,8,0,237,0.11936465305556046,0.006092044287311402,1.1121767344783784,0.9243510445676584,0.7394808356541267,0.25,,6.887823265521622,in,,,,
Prect,256,8,0,236,0.12545439299650463,0.006087435594576959,1.1136389665449797,0.9240798495341704,0.7392638796273363,0.25,,6.88636103345502,in,,,,
Prect,256,8,0,235,0.13153940965045963,0.006082597713332999,1.1151758581377273,0.9237946626185976,0.739035730094878,0.25,,6.884824141862273,in,,,,
Prect,256,8,0,234,0.13761947391998763,0.006077530825723015,1.1167876348986678,0.9234954201331078,0.7387963361064862,0.25,,6.883212365101333,in,,,,
Prect,256,8,0,233,0.14369435689410537,0.006072235122512509,1.1184745329919907,0.9231820552507292,0.7385456442005833,0.25,,6.881525467008009,in,,,,
Prect,256,8,0,232,0.14976382985690245,0.00606671080308166,1.1202367990656756,0.9228544979906881,0.7382835983925504,0.25,,6.879763200934324,in,,,,
Prect,256,8,0,231,0.1558276642961523,0.006060958075417983,1.1220746902142156,0.9225126752031377,0.7380101401625102,0.25,,6.877925309785784,in,,,,
Prect,256,8,0,230,0.16188563191191563,0.006054977156108671,1.1239884739416774,0.9221565105532803,0.7377252084426242,0.25,,6.876011526058322,in,,,,
Prect,256,8,0,229,0.1679375046251356,0.006048768270331295,1.1259784281112064,0.9217859245048551,0.7374287396038841,0.25,,6.874021571888793,in,,,,
Prect,256,8,0,228,0.17398305458622498,0.0060423316518475045,1.128044840900314,0.9214008343030505,0.7371206674424404,0.25,,6.871955159099686,in,,,,
Prect,256,8,0,227,0.18002205418364484,0.0060356675429921736,1.1301880107541669,0.9210011539568281,0.7368009231654625,0.25,,6.869811989245833,in,,,,
Prect,256,8,0,226,0.18605427605247354,0.006028776194665242,1.132408246325954,0.920586794220642,0.7364694353765137,0.25,,6.867591753674046,in,,,,
Prect,256,8,0,225,0.19207949308296718,0.006021657866322028,1.1347058664249015,0.9201576625756088,0.7361261300604871,0.25,,6.865294133575098,in,,,,
Prect,256,8,0,224,0.19809747842911002,0.006014312825963625,1.1370811999497095,0.9197136632100906,0.7357709305680725,0.25,,6.8629188000502905,in,,,,
Prect,256,8,0,223,0.20410800551715513,0.006006741350126632,1.1395345858263937,0.9192546969997444,0.7354037575997955,0.25,,6.860465414173606,in,,,,
Prect,256,8,0,222,0.21011084805415486,0.005998943723872802,1.142066372939957,0.9187806614870234,0.7350245291896187,0.25,,6.857933627060043,in,,,,
Prect,256,8,0,221,0.21610578003648045,0.005990920240778408,1.1446769200558646,0.9182914508601341,0.7346331606881072,0.25,,6.855323079944135,in,,,,
Prect,256,8,0,220,0.22209257575833116,0.005982671202923007,1.1473665957452064,0.9177869559314943,0.7342295647451954,0.25,,6.852633404254794,in,,,,
Prect,256,8,0,219,0.2280710098202319,0.005974196920878472,1.1501357783010773,0.9172670641156746,0.7338136512925397,0.25,,6.8498642216989225,in,,,,
Prect,256,8,0,218,0.23404085713751918,0.0059654977136960885,1.1529848556476332,0.9167316594068426,0.7333853275254741,0.25,,6.847015144352367,in,,,,
Prect,256,8,0,217,0.24000189294881555,0.005956573908896645,1.1559142252460108,0.9161806223557319,0.7329444978845856,0.25,,6.844085774753989,in,,,,
Prect,256,8,0,216,0.24595389282449198,0.00594742584245625,1.1589242939950646,0.9156138300461514,0.7324910640369211,0.25,,6.841075706004935,in,,,,
Prect,256,8,0,215,0.2518966326751173,0.005938053858794395,1.1620154781282404,0.9150311560710506,0.7320249248568405,0.25,,6.83798452187176,in,,,,
Prect,256,8,0,214,0.257829888759895,0.005928458310760942,1.1651882030940584,0.9144324705081297,0.7315459764065038,0.25,,6.834811796905941,in,,,,
Prect,256,8,0,213,0.26375343769508686,0.005918639559622851,1.1684429034452122,0.9138176398950696,0.7310541119160556,0.25,,6.831557096554787,in,,,,
Prect,256,8,0,212,0.2696670564624236,0.005908597975050556,1.1717800227061577,0.9131865272043377,0.7305492217634701,0.25,,6.828219977293842,in,,,,
Prect,256,8,0,211,0.2755705224175009,0.005898333935104083,1.1752000132447908,0.91253899181764,0.7300311934541119,0.25,,6.82479998675521,in,,,,
Prect,256,8,0,210,0.28146361329816233,0.005887847826218762,1.1787033361304295,0.911874889500004,0.7294999116000032,0.25,,6.82129666386957,in,,,,
Prect,256,8,0,209,0.2873461072328669,0.005877140043190454,1.1822904609804894,0.9111940723735221,0.7289552578988177,0.25,,6.817709539019511,in,,,,
Prect,256,8,0,208,0.293217782749043,0.00586621098916168,1.1859618658111302,0.9104963888908106,0.7283971111126485,0.25,,6.81403813418887,in,,,,
Prect,256,8,0,207,0.29907841878142594,0.00585506107560424,1.1897180368657962,0.9097816838081547,0.7278253470465238,0.25,,6.810281963134203,in,,,,
Prect,256,8,0,206,0.30492779468038145,0.0058436907223067824,1.193559468443182,0.9090497981584038,0.727239838526723,0.25,,6.806440531556818,in,,,,
Prect,256,8,0,205,0.31076569022021316,0.00583210035735654,1.197486662711608,0.9083005692236257,0.7266404553789005,0.25,,6.802513337288392,in,,,,
Prect,256,8,0,204,0.31659188560745355,0.00582029041712423,1.2015001295100427,0.9075338305075447,0.7260270644060357,0.25,,6.798499870489957,in,,,,
Prect,256,8,0,203,0.32240616148913925,0.005808261346247234,1.2056003861544828,0.9067494117078375,0.7253995293662701,0.25,,6.794399613845517,in,,,,
Prect,256,8,0,202,0.3282082989610696,0.0057960135976134475,1.2097879572109593,0.9059471386882261,0.7247577109505808,0.25,,6.79021204278904,in,,,,
Prect,256,8,0,201,0.3339980795760481,0.005783547632343622,1.2140633742711242,0.9051268334504862,0.7241014667603889,0.25,,6.785936625728876,in,,,,
Prect,256,8,0,200,0.3397752853521071,0.005770863919774327,1.218427175719153,0.9042883141063802,0.7234306512851042,0.25,,6.781572824280847,in,,,,
Prect,256,8,0,199,0.34553969878071433,0.005757962937440131,1.2228799064701907,0.903431394849505,0.722745115879604,0.25,,6.77712009352981,in,,,,
Prect,256,8,0,198,0.3512911028349624,0.005744845171056001,1.2274221177144817,0.9025558859271698,0.7220447087417359,0.25,,6.7725778822855185,in,,,,
Prect,256,8,0,197,0.3570292809777393,0.005731511114497767,1.232054366635947,0.9016615936122738,0.721329274889819,0.25,,6.767945633364053,in,,,,
Prect,256,8,0,196,0.362754017169881,0.005717961269785687,1.2367772161185728,0.9007483201752555,0.7205986561402045,0.25,,6.763222783881427,in,,,,
Prect,256,8,0,195,0.36846509587830567,0.005704196147063634,1.241591234443178,0.8998158638561623,0.7198526910849299,0.25,,6.758408765556822,in,,,,
Prect,256,8,0,194,0.3741623020841278,0.005690216264580716,1.2464969949647453,0.8988640188368674,0.7190912150694939,0.25,,6.753503005035254,in,,,,
Prect,256,8,0,193,0.37984542129075394,0.005676022148671522,1.2514950757739838,0.8978925752134813,0.718314060170785,0.25,,6.748504924226016,in,,,,
Prect,256,8,0,192,0.38551423953195796,0.005661614333736464,1.2565860593419527,0.8969013189690181,0.7175210551752145,0.25,,6.743413940658048,in,,,,
Prect,256,8,0,191,0.3911685433799371,0.005646993362221797,1.261770532154095,0.8958900319463714,0.7167120255570971,0.25,,6.738229467845905,in,,,,
Prect,256,8,0,190,0.3968081199533473,0.005632159784598689,1.2670490843149018,0.8948584918216215,0.7158867934572972,0.25,,6.732950915685098,in,,,,
Prect,256,8,0,189,0.4024327569253182,0.005617114159343073,1.2724223091458888,0.8938064720777734,0.7150451776622188,0.25,,6.727577690854111,in,,,,
Prect,256,8,0,188,0.4080422425314468,0.00560185705291405,1.2778908027562825,0.8927337419789472,0.7141869935831577,0.25,,6.722109197243718,in,,,,
Prect,256,8,0,187,0.4136363655777704,0.005586389039733186,1.2834551635966673,0.8916400665451,0.7133120532360799,0.25,,6.716544836403333,in,,,,
Prect,256,8,0,186,0.41921491544871836,0.005570710702162696,1.2891159919946542,0.8905252065273463,0.7124201652218771,0.25,,6.710884008005346,in,,,,
Prect,256,8,0,185,0.42477768211504074,0.005554822630482181,1.294873889662937,0.8893889183839215,0.7115111347071372,0.25,,6.705126110337063,in,,,,
Prect,256,8,0,184,0.4303244561417169,0.005538725422870094,1.300729459190502,0.888230954256884,0.7105847634055072,0.25,,6.699270540809498,in,,,,
Prect,256,8,0,183,0.4358550286958397,0.005522419685375424,1.3066833035118828,0.8870510619496182,0.7096408495596946,0.25,,6.693316696488117,in,,,,
Prect,256,8,0,182,0.4413691915544783,0.005505906031901764,1.3127360253442415,0.8858489849051945,0.7086791879241556,0.25,,6.6872639746557585,in,,,,
Prect,256,8,0,181,0.4468667371125179,0.005489185084177561,1.3188882266114261,0.884624462185706,0.7076995697485648,0.25,,6.681111773388574,in,,,,
Prect,256,8,0,180,0.4523474583904752,0.005472257471737019,1.3251405078340008,0.883377228452624,0.7067017827620992,0.25,,6.674859492165999,in,,,,
Prect,256,8,0,179,0.4578111490422919,0.005455123831896336,1.3314934674979535,0.8821070139482814,0.7056856111586252,0.25,,6.668506532502047,in,,,,
Prect,256,8,0,178,0.46325760336310307,0.005437784809725954,1.3379477013911296,0.8808135444785588,0.704650835582847,0.25,,6.66205229860887,in,,,,
Prect,256,8,0,177,0.46868661629698183,0.005420241058031683,1.3445038019213227,0.8794965413968896,0.7035972331175117,0.25,,6.655496198078677,in,,,,
Prect,256,8,0,176,0.4740979834446598,0.005402493237324224,1.3511623573922178,0.8781557215896394,0.7025245772717115,0.25,,6.648837642607782,in,,,,
Prect,256,8,0,175,0.47949150107122235,0.005384542015800853,1.3579239512623935,0.8767907974630107,0.7014326379704086,0.25,,6.642076048737606,in,,,,
Prect,256,8,0,174,0.4848669661137792,0.005366388069312944,1.3647891613678085,0.8754014769315398,0.7003211815452318,0.25,,6.635210838632192,in,,,,
Prect,256,8,0,173,0.49022417618910985,0.005348032081348264,1.3717585591099177,0.8739874634083018,0.6991899707266415,0.25,,6.628241440890083,in,,,,
Prect,256,8,0,172,0.4955629296012828,0.005329474742997609,1.3788327086216075,0.8725484557969623,0.6980387646375699,0.25,,6.621167291378392,in,,,,
Prect,256,8,0,171,0.5008830253492496,0.005310716752935873,1.3860121658868447,0.8710841484857458,0.6968673187885966,0.25,,6.613987834113155,in,,,,
Prect,256,8,0,170,0.5061842631344122,0.005291758817389636,1.393297477840794,0.8695942313435002,0.6956753850748002,0.25,,6.606702522159206,in,,,,
Prect,256,8,0,169,0.5114664433681644,0.005272601650114561,1.400689181418937,0.8680783897179223,0.6944627117743378,0.25,,6.599310818581063,in,,,,
Prect,256,8,0,168,0.5167293671794057,0.005253245972367981,1.408187802589484,0.866536304436143,0.6932290435489145,0.25,,6.5918121974105155,in,,,,
Prect,256,8,0,167,0.5219728364220292,0.0052336925128790845,1.41579385533013,0.8649676518077395,0.6919741214461916,0.25,,6.58420614466987,in,,,,
Prect,256,8,0,166,0.5271966536823818,0.005213942007825989,1.4235078405846917,0.8633721036303773,0.6906976829043019,0.25,,6.5764921594153085,in,,,,
Prect,256,8,0,165,0.5324006222866959,0.005193995200802326,1.4313302451689638,0.8617493271981785,0.6893994617585428,0.25,,6.568669754831037,in,,,,
Prect,256,8,0,164,0.537584546308495,0.005173852842795812,1.4392615406453373,0.8600989853130018,0.6880791882504014,0.25,,6.5607384593546625,in,,,,
Prect,256,8,0,163,0.5427482305759695,0.0051535156921533876,1.447302182157116,0.8584207362987758,0.6867365890390207,0.25,,6.552697817842884,in,,,,
Prect,256,8,0,162,0.5478914806793256,0.0051329845145585695,1.4554526072181313,0.8567142340190417,0.6853713872152334,0.25,,6.544547392781869,in,,,,
Prect,256,8,0,161,0.5530141029781034,0.005112260082997144,1.463713234470576,0.8549791278978952,0.6839833023183162,0.25,,6.5362867655294234,in,,,,
Prect,256,8,0,160,0.5581159046084689,0.005091343177733965,1.472084462395478,0.8532150629444709,0.6825720503555768,0.25,,6.527915537604522,in,,,,
Prect,256,8,0,159,0.5631966934904746,0.005070234586277422,1.480566667982946,0.8514216797811626,0.6811373438249301,0.25,,6.519433332017054,in,,,,
Prect,256,8,0,158,0.5682562783352902,0.005048935103353802,1.489160205358048,0.8495986146757537,0.6796788917406029,0.25,,6.510839794641952,in,,,,
Prect,256,8,0,157,0.5732944686524062,0.005027445530878194,1.4978654043776387,0.8477454995776774,0.678196399662142,0.25,,6.502134595622361,in,,,,
Prect,256,8,0,156,0.5783110747568049,0.005005766677919077,1.5066825691643742,0.8458619621585328,0.6766895697268263,0.25,,6.493317430835626,in,,,,
Prect,256,8,0,155,0.5833059077761016,0.004983899360674449,1.5156119766169007,0.8439476258571307,0.6751581006857046,0.25,,6.484388023383099,in,,,,
Prect,256,8,0,154,0.5882787796576565,0.004961844402435189,1.524653874871364,0.8420021099292254,0.6736016879433804,0.25,,6.475346125128636,in,,,,
Prect,256,8,0,153,0.5932295031756537,0.0049396026335593035,1.53380848171422,0.8400250295021388,0.672020023601711,0.25,,6.46619151828578,in,,,,
Prect,256,8,0,152,0.598157891938151,0.004917174891435394,1.5430759829627898,0.8380159956345237,0.670412796507619,0.25,,6.45692401703721,in,,,,
Prect,256,8,0,151,0.6030637603940971,0.004894562020456683,1.5524565308077518,0.8359746153814711,0.6687796923051769,0.25,,6.447543469192248,in,,,,
Prect,256,8,0,150,0.6079469238403175,0.004871764871984152,1.5619502421033793,0.8339004918651488,0.667120393492119,0.25,,6.4380497578966205,in,,,,
Prect,256,8,0,149,0.6128071984284682,0.004848784304317233,1.571557196620709,0.8317932243512319,0.6654345794809855,0.25,,6.428442803379291,in,,,,
Prect,256,8,0,148,0.617644401171958,0.004825621182662387,1.5812774352722265,0.829652408331369,0.6637219266650952,0.25,,6.418722564727774,in,,,,
Prect,256,8,0,147,0.6224583499528378,0.004802276379097026,1.5911109582905836,0.8274776356118796,0.6619821084895037,0.25,,6.408889041709417,in,,,,
Prect,256,8,0,146,0.6272488635286566,0.004778750772540863,1.6010577233708283,0.8252684944089369,0.6602147955271496,0.25,,6.398942276629172,in,,,,
Prect,256,8,0,145,0.6320157615392863,0.0047550452487182815,1.6111176437843657,0.8230245694504801,0.6584196555603841,0.25,,6.3888823562156345,in,,,,
Prect,256,8,0,144,0.6367588645137106,0.004731160700130355,1.6212905864545941,0.8207454420850858,0.6565963536680687,0.25,,6.378709413545406,in,,,,
Prect,256,8,0,143,0.6414779938767835,0.004707098026015544,1.6315763700027448,0.8184306903980444,0.6547445523184355,0.25,,6.368423629997255,in,,,,
Prect,256,8,0,142,0.6461729719559519,0.004682858132321166,1.6419747627756307,0.816079889334906,0.6528639114679249,0.25,,6.3580252372243695,in,,,,
Prect,256,8,0,141,0.6508436219879445,0.004658441931664092,1.6524854808295395,0.8136926108326884,0.6509540886661507,0.25,,6.347514519170461,in,,,,
Prect,256,8,0,140,0.6554897681254276,0.004633850343302104,1.663108185913866,0.8112684239590593,0.6490147391672474,0.25,,6.336891814086134,in,,,,
Prect,256,8,0,139,0.6601112354436253,0.004609084293093257,1.6738424834199659,0.8088068950596715,0.6470455160477372,0.25,,6.326157516580034,in,,,,
Prect,256,8,0,138,0.6647078499469047,0.004584144713465577,1.684687920319312,0.8063075879139266,0.6450460703311414,0.25,,6.315312079680688,in,,,,
Prect,256,8,0,137,0.669279438575328,0.00455903254338097,1.6956439830963659,0.8037700638994028,0.6430160511195222,0.25,,6.304356016903634,in,,,,
Prect,256,8,0,136,0.6738258292111672,0.004533748728297371,1.7067100956677232,0.801193882165162,0.6409551057321295,0.25,,6.293289904332276,in,,,,
Prect,256,8,0,135,0.6783468506853845,0.004508294220137321,1.717885617300994,0.798578599814175,0.63886287985134,0.25,,6.282114382699006,in,,,,
Prect,256,8,0,134,0.6828423327840767,0.004482669977247111,1.7291698405422302,0.7959237720950931,0.6367390176760745,0.25,,6.27083015945777,in,,,,
Prect,256,8,0,133,0.6873121062548836,0.004456876964366696,1.7405619891421615,0.793228952603552,0.6345831620828416,0.25,,6.2594380108578385,in,,,,
Prect,256,8,0,132,0.6917560028133605,0.00443091615258695,1.7520612160096298,0.7904936934932498,0.6323949547945998,0.25,,6.24793878399037,in,,,,
Prect,256,8,0,131,0.6961738551493133,0.004404788519318914,1.7636666011652014,0.7877175456969426,0.6301740365575541,0.25,,6.236333398834798,in,,,,
Prect,256,8,0,130,0.700565496933099,0.004378495048252273,1.7753771497555977,0.7849000591576184,0.6279200473260947,0.25,,6.224622850244402,in,,,,
Prect,256,8,0,129,0.7049307628218863,0.004352036729322384,1.7871917900644692,0.782040783069911,0.6256326264559288,0.25,,6.212808209935531,in,,,,
Prect,256,8,0,128,0.709269488465882,0.004325414558669083,1.7991093715905013,0.7791392661319985,0.6233114129055988,0.25,,6.200890628409499,in,,,,
Prect,256,8,0,127,0.7135815105145176,0.00429862953860205,1.8111286631703374,0.7761950568080845,0.6209560454464677,0.25,,6.188871336829663,in,,,,
Prect,256,8,0,126,0.7178666666226001,0.00427168267756306,1.8232483511499487,0.7732077036015654,0.6185661628812523,0.25,,6.176751648850051,in,,,,
Prect,256,8,0,125,0.7221247954564243,0.004244574990085126,1.83546703763193,0.770176755339011,0.6161414042712088,0.25,,6.16453296236807,in,,,,
Prect,256,8,0,124,0.726355736699846,0.004217307496758416,1.8477832387987512,0.7671017614650217,0.6136814091720174,0.25,,6.152216761201249,in,,,,
Prect,256,8,0,123,0.7305593310603189,0.004189881224187508,1.8601953833027183,0.763982272347983,0.6111858178783864,0.25,,6.1398046166972815,in,,,,
Prect,256,8,0,122,0.7347354202748912,0.004162297204957088,1.872701810779514,0.7608178395968151,0.6086542716774521,0.25,,6.127298189220486,in,,,,
Prect,256,8,0,121,0.7388838471161643,0.004134556477589091,1.8853007704376215,0.7576080163886263,0.6060864131109011,0.25,,6.114699229562379,in,,,,
Prect,256,8,0,120,0.7430044553982125,0.0041066600865070635,1.8979904197686732,0.7543523578072883,0.6034818862458307,0.25,,6.102009580231327,in,,,,
Prect,256,8,0,119,0.7470970899824625,0.004078609081993201,1.9107688233987312,0.7510504211928889,0.6008403369543112,0.25,,6.089231176601269,in,,,,
Prect,256,8,0,118,0.7511615967835358,0.004050404520153261,1.9236339520417103,0.7477017665018785,0.5981614132015027,0.25,,6.07636604795829,in,,,,
Prect,256,8,0,117,0.7551978227750484,0.004022047462872158,1.9365836816246729,0.7443059566778764,0.5954447653423011,0.25,,6.063416318375327,in,,,,
Prect,256,8,0,116,0.7592056159953731,0.0039935389777771,1.9496157925500999,0.7408625580328896,0.5926900464263116,0.25,,6.0503842074499,in,,,,
Prect,256,8,0,115,0.7631848255533603,0.003964880138197291,1.9627279691364046,0.7373711406387821,0.5898969125110256,0.25,,6.037272030863596,in,,,,
Prect,256,8,0,114,0.7671353016340192,0.003936072023120518,1.975917799216586,0.733831278728696,0.5870650229829568,0.25,,6.024082200783414,in,,,,
Prect,256,8,0,113,0.7710568955041582,0.003907115717157517,1.9891827739429866,0.7302425511081861,0.5841940408865489,0.25,,6.010817226057013,in,,,,
Prect,256,8,0,112,0.7749494595179847,0.003878012310495338,2.0025202877664814,0.7266045415756723,0.5812836332605379,0.25,,5.997479712233519,in,,,,
Prect,256,8,0,111,0.7788128471226634,0.003848762898862157,2.0159276386427414,0.7229168393518826,0.578333471481506,0.25,,5.984072361357258,in,,,,
Prect,256,8,0,110,0.7826469128638347,0.0038193685834805313,2.029402028428788,0.7191790395177976,0.5753432316142381,0.25,,5.9705979715712125,in,,,,
Prect,256,8,0,109,0.7864515123910907,0.003789830471031208,2.0429405635273654,0.7153907434606867,0.5723125947685493,0.25,,5.957059436472635,in,,,,
Prect,256,8,0,108,0.7902265024634092,0.003760149673605939,2.0565402557414116,0.7115515593276495,0.5692412474621196,0.25,,5.943459744258588,in,,,,
Prect,256,8,0,107,0.7939717409545478,0.0037303273086712885,2.070198023387684,0.7076611024861471,0.5661288819889176,0.25,,5.929801976612316,in,,,,
Prect,256,8,0,106,0.7976870868583943,0.003700364499021669,2.0839106926412176,0.7037189959908573,0.5629751967926858,0.25,,5.916089307358782,in,,,,
Prect,256,8,0,105,0.801372400294275,0.0036702623727397077,2.097674999144787,0.6997248710562229,0.5597798968449783,0.25,,5.902325000855213,in,,,,
Prect,256,8,0,104,0.8050275425122221,0.003640022063154502,2.111487589872138,0.6956783675339565,0.5565426940271652,0.25,,5.888512410127862,in,,,,
Prect,256,8,0,103,0.8086523758981969,0.003609644708795323,2.125345025251968,0.6915791343947433,0.5532633075157947,0.25,,5.874654974748032,in,,,,
Prect,256,8,0,102,0.8122467639792715,0.0035791314533537566,2.139243781570831,0.6874268302133555,0.5499414641706843,0.25,,5.860756218429168,in,,,,
Prect,256,8,0,101,0.815810571428766,0.0035484834456351866,2.1531802536299898,0.6832211236562892,0.5465768989250314,0.25,,5.84681974637001,in,,,,
Prect,256,8,0,100,0.8193436640713441,0.003517701839521048,2.1671507576840727,0.6789616939710643,0.5431693551768515,0.25,,5.832849242315927,in,,,,
Prect,256,8,0,99,0.8228459088880649,0.0034867877939204206,2.1811515346523107,0.6746482314762439,0.5397185851809951,0.25,,5.818848465347689,in,,,,
Prect,256,8,0,98,0.8263171740213904,0.0034557424727306163,2.1951787535911884,0.670280438051184,0.5362243504409472,0.25,,5.804821246408812,in,,,,
Prect,256,8,0,97,0.8297573287801505,0.0034245670447896615,2.2092285154435256,0.665858027624529,0.5326864220996231,0.25,,5.790771484556474,in,,,,
Prect,256,8,0,96,0.8331662436444627,0.0033932626838346636,2.2232968570464964,0.6613807266603959,0.5291045813283167,0.25,,5.776703142953504,in,,,,
Prect,256,8,0,95,0.836543790270609,0.0033618305684580685,2.2373797553957173,0.656848274641183,0.5254786197129464,0.25,,5.762620244604283,in,,,,
Prect,256,8,0,94,0.8398898414958682,0.003330271882060254,2.251473132173748,0.6522604245459256,0.5218083396367404,0.25,,5.748526867826252,in,,,,
Prect,256,8,0,93,0.8432042713433028,0.003298587812808784,2.265572858503366,0.647616943323048,0.5180935546584384,0.25,,5.734427141496634,in,,,,
Prect,256,8,0,92,0.8464869550265022,0.0032667795535900046,2.2796747599484894,0.6429176123564153,0.5143340898851323,0.25,,5.72032524005151,in,,,,
Prect,256,8,0,91,0.8497377689542811,0.003234848301967963,2.29377462172768,0.6381622279235196,0.5105297823388157,0.25,,5.70622537827232,in,,,,
Prect,256,8,0,90,0.8529565907353327,0.0032027952601353382,2.307868194143312,0.6333506016446654,0.5066804813157323,0.25,,5.692131805856688,in,,,,
Prect,256,8,0,89,0.8561432991828362,0.0031706216348715843,2.3219511981972256,0.6284825609219864,0.5027860487375891,0.25,,5.678048801802774,in,,,,
Prect,256,8,0,88,0.8592977743190195,0.0031383286374950803,2.3360193313888953,0.6235579493671597,0.49884635949372774,0.25,,5.663980668611105,in,,,,
Prect,256,8,0,87,0.8624198973796768,0.003105917483819609,2.3500682736713467,0.6185766272166653,0.4948613017733322,0.25,,5.649931726328653,in,,,,
Prect,256,8,0,86,0.8655095508186397,0.003073389394105952,2.364093693540291,0.613538471733462,0.4908307773867696,0.25,,5.6359063064597095,in,,,,
Prect,256,8,0,85,0.868566618312202,0.003040745593018701,2.3780912542516273,0.6084433775939965,0.48675470207519717,0.25,,5.621908745748373,in,,,,
Prect,256,8,0,84,0.8715909847635007,0.0030079873095787413,2.392056620125996,0.6032912572594353,0.48263300580754825,0.25,,5.607943379874004,in,,,,
Prect,256,8,0,83,0.8745825363068482,0.0029751157771163994,2.4059854629215796,0.598082041330085,0.47846563306406803,0.25,,5.5940145370784204,in,,,,
Prect,256,8,0,82,0.87754116031202,0.002942132233227035,2.4198734682599383,0.5928156788819997,0.4742525431055998,0.25,,5.580126531740062,in,,,,
Prect,256,8,0,81,0.8804667453884942,0.0029090379197214133,2.433716342053926,0.5874921377847843,0.46999371022782743,0.25,,5.566283657946074,in,,,,
Prect,256,8,0,80,0.8833591813896464,0.002875834082582851,2.4475098169321257,0.5821114049996955,0.46568912399975637,0.25,,5.552490183067874,in,,,,
Prect,256,8,0,79,0.8862183594168958,0.0028425219719160344,2.4612496586079686,0.5766734868571634,0.4613387894857307,0.25,,5.538750341392031,in,,,,
Prect,256,8,0,78,0.8890441718238058,0.0028091028419040542,2.474931672172271,0.5711784093129358,0.4569427274503487,0.25,,5.525068327827729,in,,,,
Prect,256,8,0,77,0.8918365122201366,0.0027755779507573353,2.488551708270043,0.5656262181821134,0.45250097454569077,0.25,,5.511448291729957,in,,,,
Prect,256,8,0,76,0.8945952754758502,0.0027419485606698935,2.502105669115065,0.5600169793503945,0.4480135834803156,0.25,,5.497894330884935,in,,,,
Prect,256,8,0,75,0.8973203577250695,0.002708215937768821,2.515589514319935,0.5543507789619655,0.4434806231695724,0.25,,5.4844104856800655,in,,,,
Prect,256,8,0,74,0.9000116563699879,0.0026743813520679893,2.528999266484518,0.5486277235835242,0.43890217886681937,0.25,,5.471000733515482,in,,,,
Prect,256,8,0,73,0.9026690700847326,0.002640446077421421,2.5423310165032946,0.5428479403440205,0.4342783522752164,0.25,,5.457668983496705,in,,,,
Prect,256,8,0,72,0.9052924988191793,0.0026064113914719966,2.5555809285396984,0.537011577049798,0.42960926163983837,0.25,,5.444419071460302,in,,,,
Prect,256,8,0,71,0.9078818438027189,0.0025722785756070454,2.5687452446337704,0.5311188022749369,0.4248950418199495,0.25,,5.431254755366229,in,,,,
Prect,256,8,0,70,0.9104370075479761,0.002538048914907387,2.5818202888681805,0.5251698054266717,0.42013584434133733,0.25,,5.4181797111318195,in,,,,
Prect,256,8,0,69,0.9129578938544802,0.0025037236981009237,2.5948024710598836,0.5191647967859008,0.4153318374287206,0.25,,5.405197528940116,in,,,,
Prect,256,8,0,68,0.9154444078122866,0.002469304217511903,2.6076882898998113,0.5131040075229074,0.41048320601832594,0.25,,5.392311710100189,in,,,,
Prect,256,8,0,67,0.9178964558055501,0.0024347917690150656,2.6204743355039586,0.5069876896885557,0.40559015175084456,0.25,,5.379525664496041,in,,,,
Prect,256,8,0,66,0.9203139455160497,0.0024001876519841314,2.6331572912938994,0.5008161161813309,0.40065289294506473,0.25,,5.3668427087061,in,,,,
Prect,256,8,0,65,0.9226967859266643,0.0023654931692449477,2.6457339351549916,0.49458958069075415,0.39567166455260333,0.25,,5.354266064845008,in,,,,
Prect,256,8,0,64,0.9250448873247991,0.002330709627024641,2.6582011398027365,0.48830839761783584,0.39064671809426865,0.25,,5.3417988601972635,in,,,,
Prect,256,8,0,63,0.9273581613057634,0.002295838334904099,2.6705558722997864,0.4819729019733858,0.38557832157870864,0.25,,5.329444127700214,in,,,,
Prect,256,8,0,62,0.9296365207760996,0.002260880605768234,2.6827951926384843,0.4755834492551362,0.38046675940410896,0.25,,5.317204807361516,in,,,,
Prect,256,8,0,61,0.9318798799568613,0.0022258377557551334,2.6949162513518385,0.4691404153048275,0.37531233224386196,0.25,,5.305083748648162,in,,,,
Prect,256,8,0,60,0.9340881543868432,0.0021907111042087646,2.706916286056373,0.46264419614652336,0.3701153569172187,0.25,,5.293083713943627,in,,,,
Prect,256,8,0,59,0.9362612609257612,0.0021555019736272385,2.718792616897994,0.45609520780763596,0.36487616624610875,0.25,,5.281207383102005,in,,,,
Prect,256,8,0,58,0.9383991177573824,0.0021202116896150702,2.7305426408289195,0.4494938861242704,0.3595951088994163,0.25,,5.2694573591710805,in,,,,
Prect,256,8,0,57,0.9405016443926053,0.0020848415808307763,2.742163824646114,0.44284068653266456,0.35427254922613166,0.25,,5.257836175353885,in,,,,
Prect,256,8,0,56,0.9425687616724905,0.0020493929789396903,2.753653696804569,0.4361360838487221,0.34890886707897767,0.25,,5.2463463031954305,in,,,,
Prect,256,8,0,55,0.9446003917712409,0.002013867218560894,2.7650098379205454,0.4293805720377063,0.343504457630165,0.25,,5.234990162079455,in,,,,
Prect,256,8,0,54,0.9465964581991312,0.0019782656372198115,2.776229869974066,0.42257466397638505,0.33805973118110805,0.25,,5.223770130025934,in,,,,
Prect,256,8,0,53,0.9485568858053889,0.0019425895752955835,2.787311444222135,0.4157188912100252,0.33257511296802017,0.25,,5.212688555777865,in,,,,
Prect,256,8,0,52,0.9504816007810225,0.0019068403759716634,2.798252227812918,0.4088138037067665,0.3270510429654132,0.25,,5.2017477721870815,in,,,,
Prect,256,8,0,51,0.952370530661601,0.001871019385185524,2.8090498891870497,0.4018599696120242,0.32148797568961934,0.25,,5.190950110812951,in,,,,
Prect,256,8,0,50,0.9542236043299823,0.0018351279515768093,2.8197020823151377,0.39485797500563175,0.3158863800045054,0.25,,5.180297917684863,in,,,,
Prect,256,8,0,49,0.9560407520189897,0.001799167426438153,2.830206429908579,0.38780842366452134,0.3102467389316171,0.25,,5.1697935700914215,in,,,,
Prect,256,8,0,48,0.9578219053140402,0.0017631391636626637,2.8405605057332965,0.380711936833704,0.30456954946696324,0.25,,5.159439494266703,in,,,,
Prect,256,8,0,47,0.9595669971557186,0.0017270445196942985,2.8507618162529584,0.37356915300836613,0.2988553224066929,0.25,,5.149238183747041,in,,,,
Prect,256,8,0,46,0.9612759618423037,0.0016908848534756826,2.8608077818440703,0.3663807277297485,0.2931045821837988,0.25,,5.13919221815593,in,,,,
Prect,256,8,0,45,0.9629487350322407,0.001654661526398371,2.87069571791045,0.3591473333974161,0.2873178667179329,0.25,,5.129304282089549,in,,,,
Prect,256,8,0,44,0.9645852537465646,0.001618375902249447,2.880422816273804,0.3518696591002576,0.28149572728020605,0.25,,5.1195771837261965,in,,,,
Prect,256,8,0,43,0.9661854563712706,0.0015820293471627833,2.8899861273191423,0.34454841046836676,0.2756387283746934,0.25,,5.110013872680858,in,,,,
Prect,256,8,0,42,0.9677492826596348,0.0015456232295653072,2.899382543426444,0.33718430954752915,0.26974744763802333,0.25,,5.100617456573556,in,,,,
Prect,256,8,0,41,0.9692766737344807,0.0015091589201265965,2.908608784320654,0.32977809469764674,0.2638224757581174,0.25,,5.091391215679346,in,,,,
Prect,256,8,0,40,0.9707675720903979,0.0014726377917078093,2.9176613850677127,0.3223305205158371,0.25786441641266966,0.25,,5.082338614932287,in,,,,
Prect,256,8,0,39,0.9722219215959059,0.0014360612193082822,2.92653668750208,0.31484235778433584,0.25187388622746865,0.25,,5.073463312497919,in,,,,
Prect,256,8,0,38,0.973639667495568,0.0013994305800157925,2.9352308359436017,0.3073143934425035,0.2458515147540028,0.25,,5.064769164056399,in,,,,
Prect,256,8,0,37,0.9750207564120521,0.0013627472529526008,2.94373977816449,0.2997474305814221,0.2397979444651377,0.25,,5.05626022183551,in,,,,
Prect,256,8,0,36,0.9763651363481414,0.0013260126192259358,2.9520592724872095,0.29214228845851736,0.2337138307668139,0.25,,5.04794072751279,in,,,,
Prect,256,8,0,35,0.9776727566886909,0.0012892280618731489,2.960184901966606,0.28449980252864954,0.22759984202291964,0.25,,5.039815098033394,in,,,,
Prect,256,8,0,34,0.978943568202534,0.0012523949658129752,2.9681120964411845,0.2768208244869568,0.22145665958956542,0.25,,5.0318879035588155,in,,,,
Prect,256,8,0,33,0.9801775230443355,0.0012155147177899117,2.9758361631152663,0.26910622231769643,0.21528497785415715,0.25,,5.024163836884734,in,,,,
Prect,256,8,0,32,0.9813745747563929,0.0011785887063248124,2.9833523260469534,0.26135688034230925,0.2090855042738474,0.25,,5.016647673953047,in,,,,
Prect,256,8,0,31,0.9825346782703858,0.001141618321661042,2.9906557745402664,0.25357369925916484,0.20285895940733187,0.25,,5.009344225459733,in,,,,
Prect,256,8,0,30,0.9836577899090726,0.0011046049557127402,2.9977417199992513,0.2457575961669916,0.19660607693359328,0.25,,5.002258280000749,in,,,,
Prect,256,8,0,29,0.9847438673879352,0.0010675500020121964,3.004605460216512,0.23790950456407908,0.19032760365126328,0.25,,4.995394539783488,in,,,,
Prect,256,8,0,28,0.98579286981677,0.0010304548556573367,3.011242449426104,0.23003037431605997,0.18402429945284798,0.25,,4.9887575505738955,in,,,,
Prect,256,8,0,27,0.9868047577012284,0.0009933209132598764,3.0176483718869367,0.22212117158673886,0.1776969372693911,0.25,,4.982351628113063,in,,,,
Prect,256,8,0,26,0.987779492944304,0.0009561495728910296,3.0238192160989046,0.2141828787291958,0.17134630298335665,0.25,,4.976180783901095,in,,,,
Prect,256,8,0,25,0.9887170388477653,0.0009189422340315501,3.02975134640892,0.20621649413845808,0.16497319531076646,0.25,,4.97024865359108,in,,,,
Prect,256,8,0,24,0.989617360113539,0.0008817002975159971,3.0354415684146616,0.19822303207254055,0.15857842565803243,0.25,,4.964558431585338,in,,,,
Prect,256,8,0,23,0.9904804228450386,0.0008444251654829982,3.040887184736678,0.19020352245616073,0.1521628179649286,0.25,,4.959112815263322,in,,,,
Prect,256,8,0,22,0.9913061945484398,0.0008071182413195155,3.0460860379756745,0.18215901069089657,0.14572720855271726,0.25,,4.953913962024325,in,,,,
Prect,256,8,0,21,0.9920946441339047,0.0007697809296104419,3.0510365383711773,0.17409055750779448,0.1392724460062356,0.25,,4.948963461628823,in,,,,
Prect,256,8,0,20,0.9928457419167522,0.0007324146360845329,3.0557376745434577,0.16599923891456211,0.13279939113164968,0.25,,4.944262325456542,in,,,,
Prect,256,8,0,19,0.9935594596185753,0.0006950207675615605,3.0601890067659574,0.15788614631107611,0.12630891704886088,0.25,,4.939810993234042,in,,,,
Prect,256,8,0,18,0.9942357703683058,0.0006576007318993549,3.064390643300329,0.14975238687727088,0.11980190950181671,0.25,,4.935609356699671,in,,,,
Prect,256,8,0,17,0.9948746487032261,0.0006201559379414023,3.0683432013105505,0.1415990843822992,0.11327926750583936,0.25,,4.931656798689449,in,,,,
Prect,256,8,0,16,0.9954760705699284,0.0005826877954629994,3.0720477547482608,0.1334273806325733,0.10674190450605865,0.25,,4.927952245251739,in,,,,
Prect,256,8,0,15,0.996040013325219,0.0005451977151181842,3.0755057720656134,0.1252384378865833,0.10019075030926664,0.25,,4.924494227934387,in,,,,
Prect,256,8,0,14,0.9965664557369718,0.0005076871083876666,3.078719047009745,0.1170334427472203,0.09362675419777625,0.25,,4.921280952990255,in,,,,
Prect,256,8,0,13,0.9970553779849279,0.00047015738752453906,3.081689625602704,0.10881361235727637,0.08705088988582109,0.25,,4.918310374397295,in,,,,
Prect,256,8,0,12,0.9975067616614409,0.00043260996550142927,3.084419732310587,0.1005802042854441,0.08046416342835529,0.25,,4.915580267689413,in,,,,
Prect,256,8,0,11,0.9979205897721704,0.00039504625595754295,3.0869116978367805,0.0923345325336872,0.07386762602694977,0.25,,4.913088302163219,in,,,,
Prect,256,8,0,10,0.9982968467367219,0.000357467673145595,3.0891678906258435,0.08407799412848845,0.06726239530279075,0.25,,4.910832109374157,in,,,,
Prect,256,8,0,9,0.9986355183892336,0.0003198756318776308,3.0911906535131015,0.07581211493472123,0.06064969194777699,0.25,,4.9088093464868985,in,,,,
Prect,256,8,0,8,0.9989365919789088,0.00028227154747295646,3.0929822464949632,0.06753863249586609,0.05403090599669287,0.25,,4.907017753505037,in,,,,
Prect,256,8,0,7,0.9992000561704975,0.0002446568357041823,3.0945447961424413,0.05925965547868953,0.04740772438295162,0.25,,4.905455203857558,in,,,,
Prect,256,8,0,6,0.9994259010447213,0.0002070329127435988,3.0958802518108843,0.050977996400795304,0.04078239712063624,0.25,,4.904119748189116,in,,,,
Prect,256,8,0,5,0.9996141180986486,0.0001694011951111074,3.096990348524492,0.04269794426932063,0.034158355415456504,0.25,,4.903009651475508,in,,,,
tap,16,2,0,1,0.9975923633360984,0.004815273327803182,0.6668047437671045,0.03493369988114093,0.0418197530865626,0.1670679394439836,13.23111367520386,1.3331952562328955,in;sweep=2.0,0.16732277366480908,8.000000000000004,0.03,RunDiagnostics { ResidualInf = 1.887379141862766E-15; Kappa1 = 71.20738889043567 }
tap,16,2,0,2,0.9879850035377136,0.014399446268966387,0.6392390238413348,0.059805201710639015,0.07091420809339878,0.16866916607704774,7.574708556002138,1.3607609761586652,in;sweep=2.0,0.16732277366480908,8.000000000000004,0.03,RunDiagnostics { ResidualInf = 1.887379141862766E-15; Kappa1 = 71.20738889043567 }
tap,16,2,0,3,0.9688628080677196,0.023844944671021606,0.5927126987090005,0.08494778487063666,0.09885914565232624,0.17185619865538007,6.497233863757119,1.4072873012909994,in;sweep=2.0,0.16732277366480908,8.000000000000004,0.03,RunDiagnostics { ResidualInf = 1.887379141862766E-15; Kappa1 = 71.20738889043567 }
tap,16,2,0,4,0.9404099341217478,0.033060803220922086,0.5366408841674642,0.10818240960608547,0.12251803382065576,0.17659834431304203,5.967824039598014,1.4633591158325356,in;sweep=2.0,0.16732277366480908,8.000000000000004,0.03,RunDiagnostics { ResidualInf = 1.887379141862766E-15; Kappa1 = 71.20738889043567 }
Ptap,16,2,0,16,0.049008570164780295,0.0980171403295607,0.4210610938825109,0.26670760656152886,0.1640443535422736,0.32516523830586996,,1.578938906117489,in,,,,
Ptap,16,2,0,15,0.14655373117284443,0.09707318168656755,0.3860877388984298,0.26155877441016506,0.16934428290214887,0.30890771147119256,,1.6139122611015702,in,,,,
Ptap,16,2,0,14,0.24268749963529518,0.09519435523833397,0.3604409275921087,0.25377846369777934,0.17329539075954536,0.2928854167274508,,1.6395590724078912,in,,,,
Ptap,16,2,0,13,0.33648405480977595,0.09239875511062756,0.34105206267246174,0.244156457199528,0.17612560281526501,0.277252657531704,,1.6589479373275382,in,,,,
Ptap,16,2,0,12,0.4270400845955437,0.08871330446090797,0.3277557813305549,0.23318297540902558,0.17789364353819564,0.2621599859007427,,1.672244218669445,in,,,,
Ptap,16,2,0,11,0.5134834849227998,0.08417349619360426,0.32105597942995123,0.22118127412430524,0.17855000348609124,0.2477527525128667,,1.6789440205700488,in,,,,
Ptap,16,2,0,10,0.5949817585916237,0.07882305114404342,0.32184349684759433,0.2083408830399367,0.1779400809752601,0.23416970690139605,,1.6781565031524057,in,,,,
Ptap,16,2,0,9,0.6707500326750964,0.07271349702290208,0.3313516619188199,0.1947244801459893,0.1757903945225919,0.22154166122081725,,1.66864833808118,in,,,,
Ptap,16,2,0,8,0.7400586172746422,0.06590367217618953,0.3510400179161182,0.18026262866763518,0.1716866811162711,0.2099902304542263,,1.6489599820838818,in,,,,
Ptap,16,2,0,7,0.8022400328326411,0.05845915893980835,0.3822289742041161,0.16474641308879773,0.1650545193742762,0.1996266611945598,,1.617771025795884,in,,,,
Ptap,16,2,0,6,0.8566954383254501,0.05045165204580959,0.42529397318749934,0.14783467951058585,0.15516566745161095,0.19055076027909162,,1.5747060268125006,in,,,,
Ptap,16,2,0,5,0.9029003984298208,0.0419582681629318,0.4784173660311071,0.12910501838268293,0.14121418131725505,0.18284993359502982,,1.521582633968893,in,,,,
tap,16,5,0,1,0.9975923633360984,0.004815273327803182,1.665234980495288,0.08724115955077452,0.10443794284064384,0.1670679394439836,33.042526359941796,3.334765019504712,in;sweep=2.0,0.4178610580452777,8.000000000000004,0.01,RunDiagnostics { ResidualInf = 6.328271240363392E-15; Kappa1 = 71.20738889043567 }
tap,16,5,0,2,0.9879850035377136,0.014399446268966387,1.5963941368869858,0.14935363738041332,0.1770965504296012,0.16866916607704774,18.916586560633636,3.403605863113014,in;sweep=2.0,0.4178610580452777,8.000000000000004,0.01,RunDiagnostics { ResidualInf = 6.328271240363392E-15; Kappa1 = 71.20738889043567 }
tap,16,5,0,3,0.9688628080677196,0.023844944671021606,1.4802023058472995,0.21214309616786126,0.24688442759433743,0.17185619865538007,16.22577104845207,3.5197976941527003,in;sweep=2.0,0.4178610580452777,8.000000000000004,0.01,RunDiagnostics { ResidualInf = 6.328271240363392E-15; Kappa1 = 71.20738889043567 }
tap,16,5,0,4,0.9404099341217478,0.033060803220922086,1.3401721877846846,0.2701677431575707,0.3059686026032787,0.17659834431304203,14.903657241602026,3.6598278122153154,in;sweep=2.0,0.4178610580452777,8.000000000000004,0.01,RunDiagnostics { ResidualInf = 6.328271240363392E-15; Kappa1 = 71.20738889043567 }
Ptap,16,5,0,16,0.049008570164780295,0.0980171403295607,1.0515307052219391,0.6660583029168567,0.40967374396295236,0.32516523830586996,,3.948469294778061,in,,,,
Ptap,16,5,0,15,0.14655373117284443,0.09707318168656755,0.9641905135854054,0.6531999429737184,0.42290944428859495,0.30890771147119256,,4.035809486414594,in,,,,
Ptap,16,5,0,14,0.24268749963529518,0.09519435523833397,0.9001418280824125,0.6337698989038584,0.432776685152353,0.2928854167274508,,4.099858171917587,in,,,,
Ptap,16,5,0,13,0.33648405480977595,0.09239875511062756,0.8517213325803963,0.6097405230585096,0.43984467343746586,0.277252657531704,,4.1482786674196035,in,,,,
Ptap,16,5,0,12,0.4270400845955437,0.08871330446090797,0.8185160607103031,0.5823360603485757,0.4442600638291581,0.2621599859007427,,4.181483939289697,in,,,,
Ptap,16,5,0,11,0.5134834849227998,0.08417349619360426,0.8017844093662596,0.5523637888679285,0.4458992146529167,0.2477527525128667,,4.19821559063374,in,,,,
Ptap,16,5,0,10,0.5949817585916237,0.07882305114404342,0.8037511043603484,0.5202970278006162,0.4443760336768942,0.23416970690139605,,4.196248895639652,in,,,,
Ptap,16,5,0,9,0.6707500326750964,0.07271349702290208,0.8274961799989556,0.4862923050996066,0.43900754595760155,0.22154166122081725,,4.172503820001045,in,,,,
Ptap,16,5,0,8,0.7400586172746422,0.06590367217618953,0.8766646051213086,0.45017621386061885,0.4287591978796826,0.2099902304542263,,4.1233353948786915,in,,,,
Ptap,16,5,0,7,0.8022400328326411,0.05845915893980835,0.9545538845563931,0.4114270220045241,0.4121964666869219,0.1996266611945598,,4.045446115443607,in,,,,
Ptap,16,5,0,6,0.8566954383254501,0.05045165204580959,1.0621016238495784,0.3691927538795645,0.38750068836127816,0.19055076027909162,,3.9378983761504216,in,,,,
Ptap,16,5,0,5,0.9029003984298208,0.0419582681629318,1.1947685445226275,0.3224185112327546,0.3526591504778304,0.18284993359502982,,3.8052314554773723,in,,,,
tap,16,8,0,1,0.9975923633360984,0.004815273327803182,2.6591009238909855,0.1393094972661381,0.16676987545279126,0.1670679394439836,52.76337177668498,5.3408990761090145,in;sweep=2.0,0.6672540143108099,8.000000000000004,0.00,RunDiagnostics { ResidualInf = 7.327471962526033E-15; Kappa1 = 71.20738889043567 }
tap,16,8,0,2,0.9879850035377136,0.014399446268966387,2.549173644567438,0.238492705111572,0.2827934834309064,0.16866916607704774,30.206615516378246,5.450826355432563,in;sweep=2.0,0.6672540143108099,8.000000000000004,0.00,RunDiagnostics { ResidualInf = 7.327471962526033E-15; Kappa1 = 71.20738889043567 }
tap,16,8,0,3,0.9688628080677196,0.023844944671021606,2.3636347813528635,0.33875693798437545,0.3942330164810386,0.17185619865538007,25.909834522542727,5.6363652186471365,in;sweep=2.0,0.6672540143108099,8.000000000000004,0.00,RunDiagnostics { ResidualInf = 7.327471962526033E-15; Kappa1 = 71.20738889043567 }
tap,16,8,0,4,0.9404099341217478,0.033060803220922086,2.1400301725894177,0.43141256570419056,0.4885805327137828,0.17659834431304203,23.798640555047317,5.859969827410582,in;sweep=2.0,0.6672540143108099,8.000000000000004,0.00,RunDiagnostics { ResidualInf = 7.327471962526033E-15; Kappa1 = 71.20738889043567 }
Ptap,16,8,0,16,0.049008570164780295,0.0980171403295607,1.6791181439893585,1.0635833797610346,0.6541802471275014,0.32516523830586996,,6.320881856010642,in,,,,
Ptap,16,8,0,15,0.14655373117284443,0.09707318168656755,1.5396505090946992,1.043050735896952,0.675315440284321,0.30890771147119256,,6.460349490905301,in,,,,
Ptap,16,8,0,14,0.24268749963529518,0.09519435523833397,1.437375502390036,1.0120242148698475,0.6910717687330966,0.2928854167274508,,6.5626244976099635,in,,,,
Ptap,16,8,0,13,0.33648405480977595,0.09239875511062756,1.3600560935181556,0.9736533325263323,0.7023581603830034,0.277252657531704,,6.639943906481845,in,,,,
Ptap,16,8,0,12,0.4270400845955437,0.08871330446090797,1.3070328444619987,0.9298930026243939,0.7094087981653036,0.2621599859007427,,6.6929671555380015,in,,,,
Ptap,16,8,0,11,0.5134834849227998,0.08417349619360426,1.2803152039678403,0.8820323128606009,0.7120262470664529,0.2477527525128667,,6.71968479603216,in,,,,
Ptap,16,8,0,10,0.5949817585916237,0.07882305114404342,1.2834556859641053,0.8308270745734972,0.7095939825584195,0.23416970690139605,,6.716544314035895,in,,,,
Ptap,16,8,0,9,0.6707500326750964,0.07271349702290208,1.3213725885682739,0.7765272366467099,0.7010214082241821,0.22154166122081725,,6.678627411431727,in,,,,
Ptap,16,8,0,8,0.7400586172746422,0.06590367217618953,1.3998863155800767,0.7188558973427758,0.6846565154843925,0.2099902304542263,,6.600113684419924,in,,,,
Ptap,16,8,0,7,0.8022400328326411,0.05845915893980835,1.524262429061307,0.6569799380508772,0.6582086121358033,0.1996266611945598,,6.475737570938693,in,,,,
Ptap,16,8,0,6,0.8566954383254501,0.05045165204580959,1.6959981277864602,0.5895388965724329,0.6187735968189896,0.19055076027909162,,6.30400187221354,in,,,,
Ptap,16,8,0,5,0.9029003984298208,0.0419582681629318,1.9078449454809627,0.5148482773545733,0.5631375054199831,0.18284993359502982,,6.092155054519037,in,,,,
tap,32,2,0,1,0.9993977281025862,0.001204543794827595,0.6838406815414314,0.01829195205067347,0.02193713034369226,0.1667670453162356,27.6955643584807,1.3161593184585687,in;sweep=2.0,0.1661705353224759,8.000000000000002,0.02,RunDiagnostics { ResidualInf = 9.825473767932635E-15; Kappa1 = 280.0163988741864 }
tap,32,2,0,2,0.9969900914386847,0.0036107295329755873,0.6770994441687722,0.0315278752103133,0.03771991675201198,0.16716831809355254,15.924745646976792,1.322900555831228,in;sweep=2.0,0.1661705353224759,8.000000000000002,0.02,RunDiagnostics { ResidualInf = 9.825473767932635E-15; Kappa1 = 280.0163988741864 }
tap,32,2,0,3,0.9921806183184889,0.006008216707415803,0.6636814558918853,0.04551661436018208,0.05419615679655521,0.1679698969469185,13.81647074415914,1.3363185441081147,in;sweep=2.0,0.1661705353224759,8.000000000000002,0.02,RunDiagnostics { ResidualInf = 9.825473767932635E-15; Kappa1 = 280.0163988741864 }
tap,32,2,0,4,0.9849808951840058,0.008391229561550584,0.6445128736508301,0.059302621706922694,0.07011015429232528,0.1691698508026657,12.889054225793348,1.35548712634917,in;sweep=2.0,0.1661705353224759,8.000000000000002,0.02,RunDiagnostics { ResidualInf = 9.825473767932635E-15; Kappa1 = 280.0163988741864 }
Ptap,32,2,0,32,0.024533837163708973,0.04906767432741807,0.43541310223473234,0.2670657379246267,0.16222949880823165,0.32924436047271516,,1.5645868977652677,in,,,,
Ptap,32,2,0,31,0.07354240732848932,0.04894946600214264,0.4123094759532135,0.265346261251874,0.16528550366929534,0.32107626544525175,,1.5876905240467865,in,,,,
Ptap,32,2,0,30,0.12237380739246115,0.04871333412580099,0.39517855780014177,0.26270945415457353,0.16789888542600986,0.3129376987679231,,1.6048214421998583,in,,,,
Ptap,32,2,0,29,0.17091039823574491,0.048359847560766556,0.38065813524992925,0.2593570361468265,0.17015483718019897,0.30484826696070916,,1.6193418647500708,in,,,,
Ptap,32,2,0,28,0.21903525095969603,0.04788985788713568,0.36802235598011923,0.25541358449027096,0.17209565857689474,0.29682745817338396,,1.6319776440198808,in,,,,
Ptap,32,2,0,27,0.26663242857886305,0.047304497351198294,0.3570062237927539,0.25097064678339365,0.1737454773618248,0.2888945952368561,,1.6429937762072462,in,,,,
Ptap,32,2,0,26,0.313587265323341,0.046605176137757776,0.3475248148153846,0.2461009153550313,0.17511792478408938,0.28106878911277644,,1.6524751851846153,in,,,,
Ptap,32,2,0,25,0.3597866428786548,0.045793578972869786,0.3395754169865502,0.24086375520993067,0.17621884677197736,0.2733688928535575,,1.6604245830134499,in,,,,
Ptap,32,2,0,24,0.4051192628976858,0.04487166106519214,0.33319876160474116,0.23530776686209937,0.17704729492660795,0.265813456183719,,1.6668012383952588,in,,,,
Ptap,32,2,0,23,0.4494759151281398,0.043841643395715835,0.3284645868856416,0.22947215533951734,0.17759581363109103,0.25842068081197667,,1.6715354131143583,in,,,,
Ptap,32,2,0,22,0.4927497405096097,0.042706007367223964,0.32546699888975145,0.22338749617342948,0.1778503561172049,0.2512083765817317,,1.6745330011102486,in,,,,
Ptap,32,2,0,21,0.5348364886064119,0.041467488826380294,0.3243233627502039,0.2170761210011135,0.17778994847719778,0.24419391856559802,,1.6756766372497962,in,,,,
Ptap,32,2,0,20,0.5756347687560177,0.0401290714728314,0.3251739011902426,0.21055222682628977,0.1773861553548892,0.23739420520733037,,1.6748260988097574,in,,,,
Ptap,32,2,0,19,0.6150462943280394,0.03869397967121202,0.32818047381887266,0.20382177522419917,0.17660238697319428,0.23082561761199344,,1.6718195261811273,in,,,,
Ptap,32,2,0,18,0.6529761195053319,0.037165670683373064,0.33352334519250054,0.19688224041581343,0.17539309578699877,0.22450398008244468,,1.6664766548074994,in,,,,
Ptap,32,2,0,17,0.689332868016783,0.03554782633952902,0.3413946422747273,0.18972227424359653,0.17370293611301996,0.21844452199720282,,1.6586053577252726,in,,,,
Ptap,32,2,0,16,0.7240289532707531,0.03384434416841142,0.3519869066401268,0.1823213793439191,0.1714660029109014,0.21266184112154113,,1.6480130933598733,in,,,,
Ptap,32,2,0,15,0.7569807893588479,0.03205932800777811,0.3654748676075737,0.174649720362102,0.1686053301834497,0.20716986844019197,,1.6345251323924264,in,,,,
Ptap,32,2,0,14,0.7881089924216909,0.03019707811790784,0.3819885992170953,0.1666682574758289,0.1650329177461704,0.20198183459638486,,1.6180114007829047,in,,,,
Ptap,32,2,0,13,0.8173385718915951,0.028262080821900515,0.4015770781661301,0.15832945230824327,0.16065066320272062,0.19711023801806749,,1.59842292183387,in,,,,
Ptap,32,2,0,12,0.8445991111514086,0.02625899769772666,0.4241635325353213,0.14957885704079904,0.15535268336848285,0.19256681480809856,,1.5758364674646788,in,,,,
Ptap,32,2,0,11,0.8698249371743134,0.02419265434808293,0.4494984523468724,0.1403579162488683,0.14902956633774161,0.18836251047094776,,1.5505015476531276,in,,,,
Ptap,32,2,0,10,0.8929552787358992,0.0220680287750884,0.4771223437203524,0.13060822771549924,0.14157501521676016,0.1845074535440168,,1.5228776562796476,in,,,,
Ptap,32,2,0,9,0.913934412817365,0.0198902393878434,0.5063556572088019,0.1202772598072708,0.13289502353457194,0.18101093119710582,,1.493644342791198,in,,,,
Ptap,32,2,0,8,0.9327117988471537,0.017664532671733957,0.5363325866069075,0.10932509970575736,0.12291911360511808,0.17788136685880773,,1.4636674133930925,in,,,,
Ptap,32,2,0,7,0.9492422004576148,0.015396270549188129,0.5660827939327763,0.09773133439376457,0.11161240137698047,0.17512629992373085,,1.4339172060672238,in,,,,
Ptap,32,2,0,6,0.9634857944633763,0.01309091746233515,0.5946372205182318,0.08550094515848335,0.0989867130060812,0.17275236758943727,,1.4053627794817682,in,,,,
Ptap,32,2,0,5,0.9754082667988873,0.010754027208686456,0.621090726661874,0.07266858591357533,0.08510931746818404,0.1707652888668521,,1.378909273338126,in,,,,
tap,32,5,0,1,0.9993977281025862,0.001204543794827595,1.707779428135343,0.045681136346208344,0.05478436852986693,0.1667670453162356,69.16510868496206,3.2922205718646573,in;sweep=2.0,0.4149835326355436,8.000000000000002,0.03,RunDiagnostics { ResidualInf = 3.275157922644212E-14; Kappa1 = 280.0163988741864 }
tap,32,5,0,2,0.9969900914386847,0.0036107295329755873,1.690944298527001,0.0787356736010872,0.09419927711065955,0.16716831809355254,39.76942838921619,3.309055701472999,in;sweep=2.0,0.4149835326355436,8.000000000000002,0.03,RunDiagnostics { ResidualInf = 3.275157922644212E-14; Kappa1 = 280.0163988741864 }
tap,32,5,0,3,0.9921806183184889,0.006008216707415803,1.65743508364002,0.11367024475273041,0.1353459718900134,0.1679698969469185,34.5043591924403,3.34256491635998,in;sweep=2.0,0.4149835326355436,8.000000000000002,0.03,RunDiagnostics { ResidualInf = 3.275157922644212E-14; Kappa1 = 280.0163988741864 }
tap,32,5,0,4,0.9849808951840058,0.008391229561550584,1.6095647078326054,0.1480985266294644,0.17508855854252578,0.1691698508026657,32.18828924496667,3.3904352921673944,in;sweep=2.0,0.4149835326355436,8.000000000000002,0.03,RunDiagnostics { ResidualInf = 3.275157922644212E-14; Kappa1 = 280.0163988741864 }
Ptap,32,5,0,32,0.024533837163708973,0.04906767432741807,1.0873724813518797,0.6669526769881534,0.40514144329188867,0.32924436047271516,,3.9126275186481205,in,,,,
Ptap,32,5,0,31,0.07354240732848932,0.04894946600214264,1.0296749814167077,0.6626585673100533,0.41277331190526534,0.32107626544525175,,3.970325018583292,in,,,,
Ptap,32,5,0,30,0.12237380739246115,0.04871333412580099,0.9868933359302918,0.6560735760419398,0.4192998022449758,0.3129376987679231,,4.013106664069708,in,,,,
Ptap,32,5,0,29,0.17091039823574491,0.048359847560766556,0.9506309730899071,0.6477014644336694,0.42493367004585886,0.30484826696070916,,4.049369026910093,in,,,,
Ptap,32,5,0,28,0.21903525095969603,0.04788985788713568,0.9190751963162703,0.6378533436700264,0.42978055170181806,0.29682745817338396,,4.08092480368373,in,,,,
Ptap,32,5,0,27,0.26663242857886305,0.047304497351198294,0.8915642212675474,0.6267578387942582,0.4339007022823656,0.2888945952368561,,4.108435778732453,in,,,,
Ptap,32,5,0,26,0.313587265323341,0.046605176137757776,0.8678859645648279,0.6145964869203747,0.43732816358615556,0.28106878911277644,,4.132114035435172,in,,,,
Ptap,32,5,0,25,0.3597866428786548,0.045793578972869786,0.8480336532815191,0.60151754236637,0.44007753485587725,0.2733688928535575,,4.151966346718481,in,,,,
Ptap,32,5,0,24,0.4051192628976858,0.04487166106519214,0.8321090071244419,0.5876423769082426,0.44214644762159006,0.265813456183719,,4.167890992875558,in,,,,
Ptap,32,5,0,23,0.4494759151281398,0.043841643395715835,0.8202861857967418,0.5730688986436985,0.4435162827085465,0.25842068081197667,,4.179713814203258,in,,,,
Ptap,32,5,0,22,0.4927497405096097,0.042706007367223964,0.8128002036789986,0.5578734649241994,0.44415196062754936,0.2512083765817317,,4.187199796321002,in,,,,
Ptap,32,5,0,21,0.5348364886064119,0.041467488826380294,0.8099441608533896,0.5421118453343419,0.4440011024997856,0.24419391856559802,,4.19005583914661,in,,,,
Ptap,32,5,0,20,0.5756347687560177,0.0401290714728314,0.8120682404671523,0.5258194945517259,0.44299269570838656,0.23739420520733037,,4.187931759532848,in,,,,
Ptap,32,5,0,19,0.6150462943280394,0.03869397967121202,0.8195766602248078,0.5090113006282493,0.4410353633138523,0.23082561761199344,,4.180423339775192,in,,,,
Ptap,32,5,0,18,0.6529761195053319,0.037165670683373064,0.8329196011543727,0.4916809558469516,0.43801535782696716,0.22450398008244468,,4.167080398845627,in,,,,
Ptap,32,5,0,17,0.689332868016783,0.03554782633952902,0.8525768686914238,0.47380012005418376,0.43379446252284665,0.21844452199720282,,4.147423131308576,in,,,,
Ptap,32,5,0,16,0.7240289532707531,0.03384434416841142,0.879029303694009,0.45531760446155867,0.4282080904221404,0.21266184112154113,,4.120970696305991,in,,,,
Ptap,32,5,0,15,0.7569807893588479,0.03205932800777811,0.9127132638465124,0.43615890018663156,0.4210640316282738,0.20716986844019197,,4.087286736153487,in,,,,
Ptap,32,5,0,14,0.7881089924216909,0.03019707811790784,0.9539535876320335,0.4162265117056207,0.41214252017995134,0.20198183459638486,,4.046046412367966,in,,,,
Ptap,32,5,0,13,0.8173385718915951,0.028262080821900515,1.0028725862827628,0.39540171975505817,0.4011985615062927,0.19711023801806749,,3.9971274137172372,in,,,,
Ptap,32,5,0,12,0.8445991111514086,0.02625899769772666,1.0592785345794664,0.37354854987929903,0.3879677297997133,0.19256681480809856,,3.9407214654205336,in,,,,
Ptap,32,5,0,11,0.8698249371743134,0.02419265434808293,1.1225483224635375,0.3505207695533061,0.3721767868531025,0.18836251047094776,,3.8774516775364622,in,,,,
Ptap,32,5,0,10,0.8929552787358992,0.0220680287750884,1.1915344396777752,0.3261725288629695,0.35356027368851695,0.1845074535440168,,3.808465560322225,in,,,,
Ptap,32,5,0,9,0.913934412817365,0.0198902393878434,1.2645398234453396,0.3003726387092715,0.33188342463383136,0.18101093119710582,,3.7354601765546604,in,,,,
Ptap,32,5,0,8,0.9327117988471537,0.017664532671733957,1.3394022654242985,0.27302142340448843,0.30697023328047346,0.17788136685880773,,3.6605977345757017,in,,,,
Ptap,32,5,0,7,0.9492422004576148,0.015396270549188129,1.4136985063840442,0.24406790480155816,0.2787335824577485,0.17512629992373085,,3.586301493615956,in,,,,
Ptap,32,5,0,6,0.9634857944633763,0.01309091746233515,1.4850084819691918,0.21352452284449092,0.2472030060415179,0.17275236758943727,,3.5149915180308082,in,,,,
Ptap,32,5,0,5,0.9754082667988873,0.010754027208686456,1.551071754912132,0.18147781997285356,0.21254649721508,0.1707652888668521,,3.4489282450878678,in,,,,
tap,32,8,0,1,0.9993977281025862,0.001204543794827595,2.727037270023034,0.0729451118222751,0.08748144656991598,0.1667670453162356,110.44507625614565,5.272962729976966,in;sweep=2.0,0.6626590889308089,8.000000000000002,0.03,RunDiagnostics { ResidualInf = 4.1300296516055823E-14; Kappa1 = 280.0163988741864 }
tap,32,8,0,2,0.9969900914386847,0.0036107295329755873,2.700154392099043,0.12572766298337004,0.15042044379845823,0.16716831809355254,63.50510589257977,5.2998456079009575,in;sweep=2.0,0.6626590889308089,8.000000000000002,0.03,RunDiagnostics { ResidualInf = 4.1300296516055823E-14; Kappa1 = 280.0163988741864 }
tap,32,8,0,3,0.9921806183184889,0.006008216707415803,2.646645797030789,0.1815123129055333,0.2161248130823042,0.1679698969469185,55.09767359054356,5.353354202969211,in;sweep=2.0,0.6626590889308089,8.000000000000002,0.03,RunDiagnostics { ResidualInf = 4.1300296516055823E-14; Kappa1 = 280.0163988741864 }
tap,32,8,0,4,0.9849808951840058,0.008391229561550584,2.5702048370296904,0.23648850378471706,0.2795870572240176,0.1691698508026657,51.399298400700076,5.42979516297031,in;sweep=2.0,0.6626590889308089,8.000000000000002,0.03,RunDiagnostics { ResidualInf = 4.1300296516055823E-14; Kappa1 = 280.0163988741864 }
Ptap,32,8,0,32,0.024533837163708973,0.04906767432741807,1.7363514480799362,1.0650115451233675,0.6469429232405189,0.32924436047271516,,6.263648551920063,in,,,,
Ptap,32,8,0,31,0.07354240732848932,0.04894946600214264,1.644218219327997,1.058154572296069,0.6591297371848247,0.32107626544525175,,6.355781780672003,in,,,,
Ptap,32,8,0,30,0.12237380739246115,0.04871333412580099,1.5759031080247634,1.0476394458604905,0.6695514474511604,0.3129376987679231,,6.424096891975236,in,,,,
Ptap,32,8,0,29,0.17091039823574491,0.048359847560766556,1.517998197510198,1.0342705880276766,0.6785477892587004,0.30484826696070916,,6.482001802489802,in,,,,
Ptap,32,8,0,28,0.21903525095969603,0.04788985788713568,1.4676089154234533,1.0185447911714247,0.6862874462082066,0.29682745817338396,,6.532391084576547,in,,,,
Ptap,32,8,0,27,0.26663242857886305,0.047304497351198294,1.4236785031837036,1.0008271311343906,0.6928666355380183,0.2888945952368561,,6.576321496816297,in,,,,
Ptap,32,8,0,26,0.313587265323341,0.046605176137757776,1.3858682992114202,0.9814074922351478,0.6983397162901402,0.28106878911277644,,6.61413170078858,in,,,,
Ptap,32,8,0,25,0.3597866428786548,0.045793578972869786,1.3541674882789387,0.9605226117501547,0.7027300010061515,0.2733688928535575,,6.6458325117210615,in,,,,
Ptap,32,8,0,24,0.4051192628976858,0.04487166106519214,1.328738499694796,0.9383663000458009,0.7060337076368639,0.265813456183719,,6.671261500305204,in,,,,
Ptap,32,8,0,23,0.4494759151281398,0.043841643395715835,1.3098594372899783,0.9150948999302281,0.7082211044835367,0.25842068081197667,,6.690140562710022,in,,,,
Ptap,32,8,0,22,0.4927497405096097,0.042706007367223964,1.2979055796070107,0.8908303412849214,0.7092361754864381,0.2512083765817317,,6.7020944203929895,in,,,,
Ptap,32,8,0,21,0.5348364886064119,0.041467488826380294,1.2933449583102083,0.8656616787812412,0.7089952803625598,0.24419391856559802,,6.706655041689792,in,,,,
Ptap,32,8,0,20,0.5756347687560177,0.0401290714728314,1.2967367571431248,0.8396455275918612,0.7073850238749924,0.23739420520733037,,6.703263242856876,in,,,,
Ptap,32,8,0,19,0.6150462943280394,0.03869397967121202,1.3087264439731217,0.812805661438219,0.7042594923796591,0.23082561761199344,,6.691273556026879,in,,,,
Ptap,32,8,0,18,0.6529761195053319,0.037165670683373064,1.3300328823850385,0.7851320079544384,0.6994370502172068,0.22450398008244468,,6.669967117614961,in,,,,
Ptap,32,8,0,17,0.689332868016783,0.03554782633952902,1.3614222411729489,0.7565793126691458,0.6926969884635823,0.21844452199720282,,6.638577758827051,in,,,,
Ptap,32,8,0,16,0.7240289532707531,0.03384434416841142,1.403662342527028,0.7270658356741079,0.6837764893219118,0.21266184112154113,,6.596337657472972,in,,,,
Ptap,32,8,0,15,0.7569807893588479,0.03205932800777811,1.4574499764711613,0.6964725987827831,0.672368625830207,0.20716986844019197,,6.542550023528839,in,,,,
Ptap,32,8,0,14,0.7881089924216909,0.03019707811790784,1.523303855571783,0.6646439179983779,0.6581224686135947,0.20198183459638486,,6.476696144428217,in,,,,
Ptap,32,8,0,13,0.8173385718915951,0.028262080821900515,1.6014192903492055,0.6313902185720611,0.6406468024397461,0.19711023801806749,,6.398580709650794,in,,,,
Ptap,32,8,0,12,0.8445991111514086,0.02625899769772666,1.6914901277898753,0.5964943721076212,0.619519383650869,0.19256681480809856,,6.3085098722101245,in,,,,
Ptap,32,8,0,11,0.8698249371743134,0.02419265434808293,1.7925213656557153,0.5597228697927985,0.5943038966653906,0.18836251047094776,,6.207478634344285,in,,,,
Ptap,32,8,0,10,0.8929552787358992,0.0220680287750884,1.9026806225585842,0.520842813780801,0.5645764480257669,0.1845074535440168,,6.097319377441416,in,,,,
Ptap,32,8,0,9,0.913934412817365,0.0198902393878434,2.0192579739228957,0.47964471708721634,0.5299621563351036,0.18101093119710582,,5.980742026077104,in,,,,
Ptap,32,8,0,8,0.9327117988471537,0.017664532671733957,2.1388007357328633,0.43596941435915426,0.49017996888364634,0.17788136685880773,,5.861199264267137,in,,,,
Ptap,32,8,0,7,0.9492422004576148,0.015396270549188129,2.2574393694942856,0.38973550204724267,0.44509077416353354,0.17512629992373085,,5.742560630505714,in,,,,
Ptap,32,8,0,6,0.9634857944633763,0.01309091746233515,2.3713094383927427,0.3409628446552893,0.3947417328202651,0.17275236758943727,,5.628690561607257,in,,,,
Ptap,32,8,0,5,0.9754082667988873,0.010754027208686456,2.4768014032958297,0.28978963594195467,0.3394011017870352,0.1707652888668521,,5.52319859670417,in,,,,
tap,64,2,0,1,0.9998494093481021,0.00030118130379575003,0.6908353937810113,0.009361934522254022,0.011232629897646012,0.16669176510864964,56.69050817696898,1.3091646062189888,in;sweep=2.0,0.16557412636344054,8.000000000000002,0.12,RunDiagnostics { ResidualInf = 2.936539900133539E-14; Kappa1 = 1110.9077497007372 }
tap,64,2,0,2,0.9992471374506884,0.000903362491031845,0.6892204215624741,0.016163700015487944,0.019381848150976218,0.1667921437582186,32.63258571128922,1.310779578437526,in;sweep=2.0,0.16557412636344054,8.000000000000002,0.12,RunDiagnostics { ResidualInf = 2.936539900133539E-14; Kappa1 = 1110.9077497007372 }
tap,64,2,0,3,0.9980429564419313,0.001504999526482198,0.6859668018066789,0.023438880321191288,0.028071718808970532,0.16699284059301145,28.40359149681183,1.314033198193321,in;sweep=2.0,0.16557412636344054,8.000000000000002,0.12,RunDiagnostics { ResidualInf = 2.936539900133539E-14; Kappa1 = 1110.9077497007372 }
tap,64,2,0,4,0.9962375916754436,0.0021057300064933893,0.6810523118600048,0.030748195002304326,0.03675952964243173,0.1672937347207594,26.631136495207684,1.3189476881399953,in;sweep=2.0,0.16557412636344054,8.000000000000002,0.12,RunDiagnostics { ResidualInf = 2.936539900133539E-14; Kappa1 = 1110.9077497007372 }
Ptap,64,2,0,64,0.01227061426145604,0.024541228522912205,0.4450044793126032,0.26712743418098844,0.16126587618871682,0.33128823095642396,,1.5549955206873969,in,,,,
Ptap,64,2,0,63,0.03680445142516507,0.024526445804505866,0.42913389481869973,0.26655026085136935,0.16292840173453077,0.3271992580958058,,1.5708661051813002,in,,,,
Ptap,64,2,0,62,0.061316118963542665,0.02449688927224932,0.41794836373692923,0.26567381121264827,0.16444587824433599,0.32311398017274284,,1.5820516362630708,in,,,,
Ptap,64,2,0,61,0.08579085196461399,0.024452576729893316,0.40847123960465326,0.2645545718865974,0.1658468128154867,0.31903485800589765,,1.5915287603953467,in,,,,
Ptap,64,2,0,60,0.1102139077643884,0.02439353486965551,0.39997088778170775,0.26322455927246347,0.16714562162603466,0.31496434870593526,,1.6000291122182921,in,,,,
Ptap,64,2,0,59,0.1345705748272889,0.024319799256145483,0.3921818561927461,0.2617069708729161,0.16835178045849855,0.3109049041954518,,1.6078181438072539,in,,,,
Ptap,64,2,0,58,0.15884618160783143,0.024231414304939608,0.38496858715354776,0.26001999931076847,0.16947198873660896,0.3068589697320281,,1.6150314128464522,in,,,,
Ptap,64,2,0,57,0.18302610538821473,0.024128433255826948,0.37825062079507193,0.25817863713452904,0.1705111809697353,0.30282898243529754,,1.621749379204928,in,,,,
Ptap,64,2,0,56,0.20709578108649893,0.024010918140741466,0.3719782993642841,0.2561956911706141,0.1714730916250742,0.2988173698189168,,1.6280217006357158,in,,,,
Ptap,64,2,0,55,0.23104071003006676,0.023878939746394212,0.36612128301560565,0.2540823775209065,0.1723605821535159,0.29482654832832217,,1.6338787169843942,in,,,,
Ptap,64,2,0,54,0.2548464686890811,0.02373257757163444,0.3606618418471616,0.2518486804995094,0.17317583305830508,0.29085892188515317,,1.6393381581528383,in,,,,
Ptap,64,2,0,53,0.27849871736468024,0.023571919779563855,0.3555906358948532,0.24950357667012296,0.17392045827918964,0.2869168804392199,,1.644409364105147,in,,,,
Ptap,64,2,0,52,0.3019832088266768,0.023397063144429242,0.35090402129263365,0.2470551805602273,0.1745955742094963,0.2830027985288872,,1.6490959787073662,in,,,,
Ptap,64,2,0,51,0.3252857968955557,0.023208112993328534,0.3466023415252584,0.24451084372969223,0.175201841563012,0.27911903385074066,,1.6533976584747416,in,,,,
Ptap,64,2,0,50,0.34839244496360405,0.023005183142768226,0.3426888596265713,0.2418772250060849,0.17573949036634537,0.2752679258393993,,1.6573111403734286,in,,,,
Ptap,64,2,0,49,0.3712892344500389,0.02278839583010156,0.339169105110603,0.23916034199676398,0.1762083338960488,0.27145179425832683,,1.660830894889397,in,,,,
Ptap,64,2,0,48,0.39396237318503974,0.022557881639900024,0.3360504864887956,0.23636560970499523,0.1766077748804037,0.26767293780249335,,1.6639495135112043,in,,,,
Ptap,64,2,0,47,0.4163982037176358,0.022313779425292113,0.33334207142081695,0.23349786968748076,0.17693680588312258,0.2639336327137274,,1.6666579285791832,in,,,,
Ptap,64,2,0,46,0.4385832115424443,0.022056236224324843,0.33105447035750935,0.2305614118501913,0.1771940049994861,0.26023613140959256,,1.6689455296424907,in,,,,
Ptap,64,2,0,45,0.4605040332403022,0.02178540717139099,0.32919978159275093,0.2275599902227563,0.17737752755667455,0.25658266112661626,,1.670800218407249,in,,,,
Ptap,64,2,0,44,0.4821474645278908,0.021501455403786285,0.3277915697949532,0.2244968336220108,0.1774850942701233,0.2529754225786849,,1.6722084302050468,in,,,,
Ptap,64,2,0,43,0.5035004682115028,0.02120455196343768,0.32684485896306803,0.2213746518710515,0.17751397618399423,0.2494165886314162,,1.6731551410369319,in,,,,
Ptap,64,2,0,42,0.5245501820401594,0.02089487569387538,0.32637612610863775,0.21819563810361567,0.17746097667109242,0.24590830299330674,,1.6736238738913622,in,,,,
Ptap,64,2,0,41,0.5452839264533496,0.020572613132504913,0.3264032849756055,0.21496146761257792,0.17732241076170482,0.24245267892444172,,1.6735967150243944,in,,,,
Ptap,64,2,0,40,0.5656892122187236,0.020237958398243383,0.32694565054019264,0.21167329367350082,0.1770940820999637,0.23905179796354606,,1.6730543494598074,in,,,,
Ptap,64,2,0,39,0.5857537479551393,0.019891113074588018,0.3280238753865747,0.20833174077826658,0.17677125788556788,0.23570770867414342,,1.6719761246134253,in,,,,
Ptap,64,2,0,38,0.6054654475365301,0.019532286088193462,0.3296598486604113,0.20493689574495275,0.1763486422473461,0.23242242541057828,,1.6703401513395888,in,,,,
Ptap,64,2,0,37,0.6248124373721361,0.019161693583018558,0.33187654738912087,0.20148829722703648,0.1758203486151459,0.22919792710464396,,1.668123452610879,in,,,,
Ptap,64,2,0,36,0.643783063558711,0.018779558790131157,0.3346978286986013,0.19798492422854008,0.17517987181140993,0.22603615607354816,,1.6653021713013987,in,,,,
Ptap,64,2,0,35,0.6623658989003975,0.018386111893241908,0.33814815001244247,0.19442518434383696,0.17442006077806455,0.22293901684993372,,1.6618518499875576,in,,,,
Ptap,64,2,0,34,0.6805497497920427,0.0179815898900485,0.34225220287141567,0.19080690258390254,0.17353309309282072,0.21990837503465954,,1.6577477971285843,in,,,,
Ptap,64,2,0,33,0.6983236629618073,0.01756623644948052,0.3470344447982636,0.1871273118269632,0.17251045271614798,0.21694605617303211,,1.6529655552017364,in,,,,
Ptap,64,2,0,32,0.7156769320690071,0.01714030176491932,0.352518512971824,0.183383046141709,0.17134291274901767,0.21405384465516547,,1.647481487028176,in,,,,
Ptap,64,2,0,31,0.7325991041532128,0.016704042403492103,0.3587265038132729,0.1795701384742212,0.17002052537219822,0.2112334826411312,,1.641273496186727,in,,,,
Ptap,64,2,0,30,0.7490799859307218,0.016257721151525684,0.36567810449714216,0.17568402446024406,0.16853262157544888,0.20848666901154636,,1.6343218955028578,in,,,,
Ptap,64,2,0,29,0.7651096499346108,0.015801606856252426,0.37338956661833056,0.1717195544112544,0.16686782375665493,0.20581505834423153,,1.6266104333816696,in,,,,
Ptap,64,2,0,28,0.7806784404946716,0.015335974263869234,0.3818725196132851,0.16767101580616983,0.16501407475238244,0.2032202599175547,,1.618127480386715,in,,,,
Ptap,64,2,0,27,0.7957769795536256,0.014861103854038604,0.39113263294068923,0.16353216886945346,0.16295868731242452,0.2007038367410624,,1.6088673670593108,in,,,,
Ptap,64,2,0,26,0.8103961723161142,0.014377281670938769,0.40116815222387675,0.15929629798587214,0.16068841839154074,0.19826730461398095,,1.5988318477761232,in,,,,
Ptap,64,2,0,25,0.8245272127270644,0.013884799150961746,0.411968355890268,0.15495628173211334,0.15818957281855003,0.19591213121215592,,1.588031644109732,in,,,,
Ptap,64,2,0,24,0.8381615887761262,0.01338395294716177,0.42351200486989005,0.15050468412184573,0.15544814080984462,0.19363973520397895,,1.57648799513011,in,,,,
Ptap,64,2,0,23,0.8512910876249895,0.01287504475056489,0.4357658869274923,0.14593386918133225,0.15244997329700213,0.19145148539583506,,1.5642341130725077,in,,,,
Ptap,64,2,0,22,0.8639078005544917,0.012358381108439342,0.44868358582565004,0.1412361401189643,0.14918099800832785,0.18934869990758468,,1.5513164141743498,in,,,,
Ptap,64,2,0,21,0.8760041277285331,0.011834273239643589,0.4622046284684751,0.13640390306863878,0.14562747757389763,0.1873326453785778,,1.537795371531525,in,,,,
Ptap,64,2,0,20,0.8875727827719351,0.011303036847160275,0.47625417352479354,0.13142985366693216,0.14177630856004525,0.18540453620467748,,1.5237458264752064,in,,,,
Ptap,64,2,0,19,0.8986067971594793,0.010764991927928125,0.49074339506934717,0.12630718263698323,0.1376153573251411,0.18356553380675344,,1.5092566049306528,in,,,,
Ptap,64,2,0,18,0.909099524413487,0.010220462580087353,0.5055706775049571,0.12102979426525992,0.1331338251000644,0.1818167459310855,,1.494429322495043,in,,,,
Ptap,64,2,0,17,0.9190446441074087,0.009669776807756048,0.5206236687523234,0.1155925294420547,0.12832263106363534,0.18015922598209855,,1.4793763312476766,in,,,,
Ptap,64,2,0,16,0.9284361656730128,0.009113266323452107,0.5357821359394798,0.1099913831493825,0.1231747988790208,0.1785939723878312,,1.4642178640605201,in,,,,
Ptap,64,2,0,15,0.9372684320088798,0.00855126634828185,0.5509214324300573,0.10422370532243297,0.11768582975599028,0.17712192799852003,,1.4490785675699427,in,,,,
Ptap,64,2,0,14,0.9455361228880287,0.00798411541001598,0.565916217884001,0.09828837428156842,0.11185404421905833,0.17574397951866186,,1.4340837821159989,in,,,,
Ptap,64,2,0,13,0.9532342581626227,0.00741215513917215,0.5806438741243642,0.09218593379811833,0.10568087599386503,0.1744609569728962,,1.4193561258756358,in,,,,
Ptap,64,2,0,12,0.9603582007638243,0.006835730063231016,0.5949868354670661,0.08591868866437305,0.099171105348974,0.1732736332060293,,1.4050131645329338,in,,,,
Ptap,64,2,0,11,0.9669036594949919,0.006255187399104134,0.6088328405887031,0.07949075974179015,0.0923330264082818,0.17218272341750135,,1.3911671594112969,in,,,,
Ptap,64,2,0,10,0.9728666916165363,0.005670876843984485,0.6220720305992796,0.0729081082283437,0.08517855390329682,0.17118888473057728,,1.3779279694007203,in,,,,
Ptap,64,2,0,9,0.9782437052208794,0.005083150364701972,0.6345901303502482,0.06617855065988289,0.07772328998376951,0.17029271579652008,,1.3654098696497519,in,,,,
Ptap,64,2,0,8,0.9830314613960858,0.004492361985710791,0.6462581567223491,0.05931180149318987,0.06998659161033155,0.1694947564339857,,1.353741843277651,in,,,,
Ptap,64,2,0,7,0.9872270761768611,0.003898867575839793,0.6569219399635562,0.052319601533799734,0.06199170649582217,0.16879548730385646,,1.3430780600364438,in,,,,
Ptap,64,2,0,6,0.9908280222817455,0.0033030246339289526,0.6663995096849491,0.045216030744271524,0.05376609546353672,0.1681953296197091,,1.333600490315051,in,,,,
Ptap,64,2,0,5,0.9938321306354534,0.0027051920734868506,0.6744978553312327,0.038018223771717964,0.04534220373671286,0.16769464489409108,,1.3255021446687674,in,,,,
tap,64,5,0,1,0.9998494093481021,0.00030118130379575003,1.7252475694596234,0.023379888936436128,0.028051642408606234,0.16669176510864964,141.57520347712767,3.2747524305403766,in;sweep=2.0,0.41349409952855093,8.000000000000002,0.06,RunDiagnostics { ResidualInf = 7.849276784099857E-14; Kappa1 = 1110.9077497007372 }
tap,64,5,0,2,0.9992471374506884,0.000903362491031845,1.7212144424371352,0.040366177552905266,0.048402972278382556,0.1667921437582186,81.49450605802616,3.278785557562865,in;sweep=2.0,0.41349409952855093,8.000000000000002,0.06,RunDiagnostics { ResidualInf = 7.849276784099857E-14; Kappa1 = 1110.9077497007372 }
tap,64,5,0,3,0.9980429564419313,0.001504999526482198,1.7130890631844575,0.0585347416606298,0.07010449244741987,0.16699284059301145,70.93328980381261,3.2869109368155423,in;sweep=2.0,0.41349409952855093,8.000000000000002,0.06,RunDiagnostics { ResidualInf = 7.849276784099857E-14; Kappa1 = 1110.9077497007372 }
tap,64,5,0,4,0.9962375916754436,0.0021057300064933893,1.7008159342858065,0.07678855074673956,0.09180086854407574,0.1672937347207594,66.50687547845816,3.2991840657141935,in;sweep=2.0,0.41349409952855093,8.000000000000002,0.06,RunDiagnostics { ResidualInf = 7.849276784099857E-14; Kappa1 = 1110.9077497007372 }
Ptap,64,5,0,64,0.01227061426145604,0.024541228522912205,1.1113253652665334,0.6671067532229421,0.4027349545723464,0.33128823095642396,,3.8886746347334666,in,,,,
Ptap,64,5,0,63,0.03680445142516507,0.024526445804505866,1.071691195433097,0.6656653579310292,0.40688683819455274,0.3271992580958058,,3.9283088045669032,in,,,,
Ptap,64,5,0,62,0.061316118963542665,0.02449688927224932,1.0437571745569125,0.6634765693678363,0.4106764857485456,0.32311398017274284,,3.9562428254430877,in,,,,
Ptap,64,5,0,61,0.08579085196461399,0.024452576729893316,1.0200896185488721,0.6606814535641364,0.41417508901295236,0.31903485800589765,,3.979910381451128,in,,,,
Ptap,64,5,0,60,0.1102139077643884,0.02439353486965551,0.998861390443951,0.6573599662018184,0.4174186500171541,0.31496434870593526,,4.001138609556049,in,,,,
Ptap,64,5,0,59,0.1345705748272889,0.024319799256145483,0.9794095674217838,0.6535700392216309,0.4204308329667011,0.3109049041954518,,4.020590432578216,in,,,,
Ptap,64,5,0,58,0.15884618160783143,0.024231414304939608,0.9613956165012267,0.6493571057015141,0.42322836856851903,0.3068589697320281,,4.0386043834987735,in,,,,
Ptap,64,5,0,57,0.18302610538821473,0.024128433255826948,0.9446186024165195,0.6447586070610999,0.4258235799467173,0.30282898243529754,,4.0553813975834805,in,,,,
Ptap,64,5,0,56,0.20709578108649893,0.024010918140741466,0.9289545131114667,0.6398065262392276,0.4282257933178048,0.2988173698189168,,4.071045486888533,in,,,,
Ptap,64,5,0,55,0.23104071003006676,0.023878939746394212,0.9143275798204632,0.6345288736023099,0.43044215468390684,0.29482654832832217,,4.085672420179537,in,,,,
Ptap,64,5,0,54,0.2548464686890811,0.02373257757163444,0.9006935250350777,0.628950583329741,0.43247810949260457,0.29085892188515317,,4.099306474964922,in,,,,
Ptap,64,5,0,53,0.27849871736468024,0.023571919779563855,0.88802902373393,0.6230940729103261,0.4343376882924959,0.2869168804392199,,4.11197097626607,in,,,,
Ptap,64,5,0,52,0.3019832088266768,0.023397063144429242,0.8763249759619035,0.6169796070394442,0.4360236790919696,0.2830027985288872,,4.123675024038096,in,,,,
Ptap,64,5,0,51,0.3252857968955557,0.023208112993328534,0.8655822395153964,0.6106255450265775,0.4375377319148436,0.27911903385074066,,4.134417760484603,in,,,,
Ptap,64,5,0,50,0.34839244496360405,0.023005183142768226,0.8558089632840564,0.604048516196426,0.43888042121467397,0.2752679258393993,,4.144191036715943,in,,,,
Ptap,64,5,0,49,0.3712892344500389,0.02278839583010156,0.8470189563179062,0.5972635485318664,0.4400512806804151,0.27145179425832683,,4.152981043682094,in,,,,
Ptap,64,5,0,48,0.39396237318503974,0.022557881639900024,0.8392307201537266,0.5902841651113452,0.44104881872436097,0.26767293780249335,,4.160769279846273,in,,,,
Ptap,64,5,0,47,0.4163982037176358,0.022313779425292113,0.8324668997774479,0.5831224569249993,0.441870519440375,0.2639336327137274,,4.167533100222552,in,,,,
Ptap,64,5,0,46,0.4385832115424443,0.022056236224324843,0.8267539930417735,0.5757891373061577,0.4425128318557025,0.26023613140959256,,4.173246006958227,in,,,,
Ptap,64,5,0,45,0.4605040332403022,0.02178540717139099,0.8221222134423225,0.5682935813252823,0.4429711492039172,0.25658266112661626,,4.177877786557677,in,,,,
Ptap,64,5,0,44,0.4821474645278908,0.021501455403786285,0.8186054365034006,0.5606438524204173,0.44323977934736797,0.2529754225786849,,4.1813945634966,in,,,,
Ptap,64,5,0,43,0.5035004682115028,0.02120455196343768,0.8162411821869817,0.5528467179282588,0.4433119071684897,0.2494165886314162,,4.183758817813018,in,,,,
Ptap,64,5,0,42,0.5245501820401594,0.02089487569387538,0.815070599114517,0.544907654838961,0.4431795496175602,0.24590830299330674,,4.184929400885483,in,,,,
Ptap,64,5,0,41,0.5452839264533496,0.020572613132504913,0.8151384239098755,0.5368308469204457,0.4428335040898801,0.24245267892444172,,4.184861576090125,in,,,,
Ptap,64,5,0,40,0.5656892122187236,0.020237958398243383,0.8164928925437299,0.5286191742884094,0.44226329087808874,0.23905179796354606,,4.18350710745627,in,,,,
Ptap,64,5,0,39,0.5857537479551393,0.019891113074588018,0.8191855814423494,0.5202741965084338,0.4414570905932417,0.23570770867414342,,4.180814418557651,in,,,,
Ptap,64,5,0,38,0.6054654475365301,0.019532286088193462,0.82327115514019,0.5117961303943608,0.4404016776696689,0.23242242541057828,,4.17672884485981,in,,,,
Ptap,64,5,0,37,0.6248124373721361,0.019161693583018558,0.8288069949774604,0.5031838238092649,0.4390823513683248,0.22919792710464396,,4.171193005022539,in,,,,
Ptap,64,5,0,36,0.643783063558711,0.018779558790131157,0.8358526801954081,0.4944347269839188,0.43748286608009607,0.22603615607354816,,4.1641473198045915,in,,,,
Ptap,64,5,0,35,0.6623658989003975,0.018386111893241908,0.8444692891794116,0.48554486314764345,0.43558536321569663,0.22293901684993372,,4.155530710820589,in,,,,
Ptap,64,5,0,34,0.6805497497920427,0.0179815898900485,0.854718484984436,0.4765088006237166,0.43337030756433403,0.21990837503465954,,4.145281515015564,in,,,,
Ptap,64,5,0,33,0.6983236629618073,0.01756623644948052,0.8666613462436008,0.46731962898143636,0.4308164317204374,0.21694605617303211,,4.133338653756399,in,,,,
Ptap,64,5,0,32,0.7156769320690071,0.01714030176491932,0.8803569029165397,0.4579689423619497,0.42790069302396727,0.21405384465516547,,4.11964309708346,in,,,,
Ptap,64,5,0,31,0.7325991041532128,0.016704042403492103,0.8958603371742857,0.44844683370173133,0.4245982484354591,0.2112334826411312,,4.104139662825714,in,,,,
Ptap,64,5,0,30,0.7490799859307218,0.016257721151525684,0.9132208144915918,0.4387419042531074,0.42088245385973244,0.20848666901154636,,4.086779185508409,in,,,,
Ptap,64,5,0,29,0.7651096499346108,0.015801606856252426,0.9324789205488556,0.4288412935174867,0.4167248956101525,0.20581505834423153,,4.0675210794511445,in,,,,
Ptap,64,5,0,28,0.7806784404946716,0.015335974263869234,0.9536636979475692,0.41873073541469824,0.41209546290765975,0.2032202599175547,,4.046336302052431,in,,,,
Ptap,64,5,0,27,0.7957769795536256,0.014861103854038604,0.9767893052265696,0.40839464713344414,0.4069624714352955,0.2007038367410624,,4.0232106947734305,in,,,,
Ptap,64,5,0,26,0.8103961723161142,0.014377281670938769,1.0018513611192705,0.39781625753118804,0.4012928488695819,0.19826730461398095,,3.9981486388807292,in,,,,
Ptap,64,5,0,25,0.8245272127270644,0.013884799150961746,1.0288230902646278,0.3869777820265784,0.3950523937769988,0.19591213121215592,,3.971176909735372,in,,,,
Ptap,64,5,0,24,0.8381615887761262,0.01338395294716177,1.0576514515849695,0.3758606504689544,0.388206119031329,0.19363973520397895,,3.9423485484150307,in,,,,
Ptap,64,5,0,23,0.8512910876249895,0.01287504475056489,1.0882535029949694,0.3644457932720598,0.38071868966547917,0.19145148539583506,,3.911746497005031,in,,,,
Ptap,64,5,0,22,0.8639078005544917,0.012358381108439342,1.1205133275894765,0.3527139889670252,0.3725549624995304,0.18934869990758468,,3.8794866724105237,in,,,,
Ptap,64,5,0,21,0.8760041277285331,0.011834273239643589,1.1542799037755151,0.34064627312447304,0.36368063071555523,0.1873326453785778,,3.845720096224485,in,,,,
Ptap,64,5,0,20,0.8875727827719351,0.011303036847160275,1.1893663276596769,0.3282244043002665,0.35406297064697806,0.18540453620467748,,3.810633672340323,in,,,,
Ptap,64,5,0,19,0.8986067971594793,0.010764991927928125,1.2255507711293532,0.3154313774473861,0.34367168052304736,0.18356553380675344,,3.7744492288706466,in,,,,
Ptap,64,5,0,18,0.909099524413487,0.010220462580087353,1.2625794659733227,0.30225196952565414,0.3324797921971583,0.1818167459310855,,3.7374205340266773,in,,,,
Ptap,64,5,0,17,0.9190446441074087,0.009669776807756048,1.3001718313854034,0.28867329650862444,0.3204646278146292,0.18015922598209855,,3.6998281686145966,in,,,,
Ptap,64,5,0,16,0.9284361656730128,0.009113266323452107,1.3380276055782245,0.274685356523772,0.30760876512368585,0.1785939723878312,,3.6619723944217757,in,,,,
Ptap,64,5,0,15,0.9372684320088798,0.00855126634828185,1.3758355041149815,0.2602815314708747,0.2939009691369772,0.17712192799852003,,3.6241644958850188,in,,,,
Ptap,64,5,0,14,0.9455361228880287,0.00798411541001598,1.4132825101483586,0.2454590201398529,0.2793370456412001,0.17574397951866186,,3.586717489851641,in,,,,
Ptap,64,5,0,13,0.9532342581626227,0.00741215513917215,1.4500624049847763,0.23021918051000648,0.26392057512991024,0.1744609569728962,,3.5499375950152237,in,,,,
Ptap,64,5,0,12,0.9603582007638243,0.006835730063231016,1.4858815876990823,0.21456776842032813,0.24766349553621753,0.1732736332060293,,3.5141184123009177,in,,,,
Ptap,64,5,0,11,0.9669036594949919,0.006255187399104134,1.5204597041330143,0.19851507504332827,0.23058652006795985,0.17218272341750135,,3.4795402958669857,in,,,,
Ptap,64,5,0,10,0.9728666916165363,0.005670876843984485,1.5535223998098229,0.1820759874887416,0.2127194038039313,0.17118888473057728,,3.4464776001901773,in,,,,
Ptap,64,5,0,9,0.9782437052208794,0.005083150364701972,1.5847842913747836,0.1652700262669485,0.1941011105424226,0.17029271579652008,,3.415215708625216,in,,,,
Ptap,64,5,0,8,0.9830314613960858,0.004492361985710791,1.6139232647395683,0.14812145163314563,0.17477998110323315,0.1694947564339857,,3.3860767352604317,in,,,,
Ptap,64,5,0,7,0.9872270761768611,0.003898867575839793,1.6405543063506103,0.13065958431466596,0.15481407281873558,0.16879548730385646,,3.3594456936493895,in,,,,
Ptap,64,5,0,6,0.9908280222817455,0.0033030246339289526,1.6642229751440791,0.11291958669809483,0.13427196457048704,0.1681953296197091,,3.335777024855921,in,,,,
Ptap,64,5,0,5,0.9938321306354534,0.0027051920734868506,1.6844472590598674,0.094944249741381,0.11323468295763867,0.16769464489409108,,3.3155527409401326,in,,,,
tap,64,8,0,1,0.9998494093481021,0.00030118130379575003,2.7549309614708357,0.03733376070015962,0.044793767317570225,0.16669176510864964,226.07185098532727,5.245069038529165,in;sweep=2.0,0.6602807141084758,8.000000000000002,0.06,RunDiagnostics { ResidualInf = 1.1612932837579137E-13; Kappa1 = 1110.9077497007372 }
tap,64,8,0,2,0.9992471374506884,0.000903362491031845,2.7484907341652396,0.06445801420346867,0.07729142722322319,0.1667921437582186,130.13305562827173,5.251509265834761,in;sweep=2.0,0.6602807141084758,8.000000000000002,0.06,RunDiagnostics { ResidualInf = 1.1612932837579137E-13; Kappa1 = 1110.9077497007372 }
tap,64,8,0,3,0.9980429564419313,0.001504999526482198,2.7355158665153727,0.0934701633418765,0.11194511454497429,0.16699284059301145,113.2685648939736,5.264484133484627,in;sweep=2.0,0.6602807141084758,8.000000000000002,0.06,RunDiagnostics { ResidualInf = 1.1612932837579137E-13; Kappa1 = 1110.9077497007372 }
tap,64,8,0,4,0.9962375916754436,0.0021057300064933893,2.7159177384579882,0.12261843441108464,0.1465905876460405,0.1672937347207594,106.20032373885834,5.284082261542012,in;sweep=2.0,0.6602807141084758,8.000000000000002,0.06,RunDiagnostics { ResidualInf = 1.1612932837579137E-13; Kappa1 = 1110.9077497007372 }
Ptap,64,8,0,64,0.01227061426145604,0.024541228522912205,1.7746001856415259,1.0652575790243333,0.6431001644392565,0.33128823095642396,,6.225399814358474,in,,,,
Ptap,64,8,0,63,0.03680445142516507,0.024526445804505866,1.7113110649731929,1.0629559125344321,0.649730026113441,0.3271992580958058,,6.288688935026807,in,,,,
Ptap,64,8,0,62,0.061316118963542665,0.02449688927224932,1.666705119512125,1.0594607843640782,0.6557814575510911,0.32311398017274284,,6.333294880487875,in,,,,
Ptap,64,8,0,61,0.08579085196461399,0.024452576729893316,1.6289120027541786,1.0549974533008608,0.6613681400803909,0.31903485800589765,,6.371087997245821,in,,,,
Ptap,64,8,0,60,0.1102139077643884,0.02439353486965551,1.5950140834650266,1.0496935951563455,0.6665475629029914,0.31496434870593526,,6.404985916534973,in,,,,
Ptap,64,8,0,59,0.1345705748272889,0.024319799256145483,1.5639527851044648,1.0436417175219357,0.6713575137855308,0.3109049041954518,,6.436047214895535,in,,,,
Ptap,64,8,0,58,0.15884618160783143,0.024231414304939608,1.5351875272898123,1.0369143694017902,0.6758247088604256,0.3068589697320281,,6.464812472710188,in,,,,
Ptap,64,8,0,57,0.18302610538821473,0.024128433255826948,1.5083974501083925,1.0295713384623375,0.6799688260896996,0.30282898243529754,,6.491602549891607,in,,,,
Ptap,64,8,0,56,0.20709578108649893,0.024010918140741466,1.4833845271089996,1.0216636960918255,0.683804757876661,0.2988173698189168,,6.516615472891001,in,,,,
Ptap,64,8,0,55,0.23104071003006676,0.023878939746394212,1.4600277682832146,1.0132361701467312,0.6873439151879769,0.29482654832832217,,6.539972231716785,in,,,,
Ptap,64,8,0,54,0.2548464686890811,0.02373257757163444,1.4382564698772988,1.004328576328885,0.6905949934899698,0.29085892188515317,,6.561743530122701,in,,,,
Ptap,64,8,0,53,0.27849871736468024,0.023571919779563855,1.4180333857451914,0.9949767116074211,0.6935644288926357,0.2869168804392199,,6.581966614254808,in,,,,
Ptap,64,8,0,52,0.3019832088266768,0.023397063144429242,1.399343984784606,0.9852129353014922,0.6962566733776858,0.2830027985288872,,6.600656015215394,in,,,,
Ptap,64,8,0,51,0.3252857968955557,0.023208112993328534,1.3821896367529578,0.9750665641486065,0.6986743617563717,0.27911903385074066,,6.617810363247042,in,,,,
Ptap,64,8,0,50,0.34839244496360405,0.023005183142768226,1.3665833540596417,0.9645641523907692,0.7008184113346564,0.2752679258393993,,6.6334166459403585,in,,,,
Ptap,64,8,0,49,0.3712892344500389,0.02278839583010156,1.3525471874415187,0.9537296971957229,0.7026880774920257,0.27145179425832683,,6.647452812558481,in,,,,
Ptap,64,8,0,48,0.39396237318503974,0.022557881639900024,1.340110680748951,0.9425847926512742,0.7042809784131222,0.26767293780249335,,6.659889319251049,in,,,,
Ptap,64,8,0,47,0.4163982037176358,0.022313779425292113,1.3293099942258408,0.9311487460404314,0.7055930966178845,0.2639336327137274,,6.670690005774159,in,,,,
Ptap,64,8,0,46,0.4385832115424443,0.022056236224324843,1.3201874404981055,0.9194386647593804,0.7066187617984926,0.26023613140959256,,6.679812559501895,in,,,,
Ptap,64,8,0,45,0.4605040332403022,0.02178540717139099,1.3127912654498397,0.9074695192229981,0.707350617721739,0.25658266112661626,,6.68720873455016,in,,,,
Ptap,64,8,0,44,0.4821474645278908,0.021501455403786285,1.3071755626110195,0.8952541853892162,0.7077795749986412,0.2529754225786849,,6.69282443738898,in,,,,
Ptap,64,8,0,43,0.5035004682115028,0.02120455196343768,1.3034002450667674,0.8828034695595288,0.7078947510296691,0.2494165886314162,,6.696599754933232,in,,,,
Ptap,64,8,0,42,0.5245501820401594,0.02089487569387538,1.3015310202630692,0.8701261175684589,0.7076833982235585,0.24590830299330674,,6.698468979736931,in,,,,
Ptap,64,8,0,41,0.5452839264533496,0.020572613132504913,1.3016393250837668,0.8572288101915584,0.7071308215643238,0.24245267892444172,,6.698360674916233,in,,,,
Ptap,64,8,0,40,0.5656892122187236,0.020237958398243383,1.3038021842825462,0.8441161464904611,0.7062202867172608,0.23905179796354606,,6.696197815717454,in,,,,
Ptap,64,8,0,39,0.5857537479551393,0.019891113074588018,1.3081019567601933,0.8307906168297856,0.704932920100904,0.23570770867414342,,6.6918980432398065,in,,,,
Ptap,64,8,0,38,0.6054654475365301,0.019532286088193462,1.3146259326085548,0.8172525674248696,0.7032476027054435,0.23242242541057828,,6.685374067391445,in,,,,
Ptap,64,8,0,37,0.6248124373721361,0.019161693583018558,1.3234657402023025,0.803500158506311,0.7011408599166433,0.22919792710464396,,6.676534259797697,in,,,,
Ptap,64,8,0,36,0.643783063558711,0.018779558790131157,1.334716517595166,0.7895293185203709,0.6985867502219176,0.22603615607354816,,6.665283482404834,in,,,,
Ptap,64,8,0,35,0.6623658989003975,0.018386111893241908,1.3484757967231258,0.7753336972313722,0.6955567564499222,0.22293901684993372,,6.651524203276875,in,,,,
Ptap,64,8,0,34,0.6805497497920427,0.0179815898900485,1.364842043140903,0.7609046211627419,0.6920196841460144,0.21990837503465954,,6.635157956859097,in,,,,
Ptap,64,8,0,33,0.6983236629618073,0.01756623644948052,1.383912789179767,0.7462310555158606,0.6879415728310642,0.21694605617303211,,6.616087210820233,in,,,,
Ptap,64,8,0,32,0.7156769320690071,0.01714030176491932,1.4057822957831934,0.7312995775442068,0.6832856272423504,0.21405384465516547,,6.594217704216806,in,,,,
Ptap,64,8,0,31,0.7325991041532128,0.016704042403492103,1.4305386796216089,0.716094367329222,0.6780121772132206,0.2112334826411312,,6.569461320378391,in,,,,
Ptap,64,8,0,30,0.7490799859307218,0.016257721151525684,1.4582604497107123,0.7005972229829887,0.672078676593167,0.20848666901154636,,6.541739550289288,in,,,,
Ptap,64,8,0,29,0.7651096499346108,0.015801606856252426,1.4890124145739871,0.6847876084465804,0.6654397534909751,0.20581505834423153,,6.510987585426013,in,,,,
Ptap,64,8,0,28,0.7806784404946716,0.015335974263869234,1.522840950374104,0.6686427431830714,0.6580473260435115,0.2032202599175547,,6.477159049625896,in,,,,
Ptap,64,8,0,27,0.7957769795536256,0.014861103854038604,1.559768665922629,0.6521377440568058,0.6498507997115768,0.2007038367410624,,6.440231334077371,in,,,,
Ptap,64,8,0,26,0.8103961723161142,0.014377281670938769,1.5997885650716477,0.6352458303664797,0.6407973635423951,0.19826730461398095,,6.4002114349283525,in,,,,
Ptap,64,8,0,25,0.8245272127270644,0.013884799150961746,1.6428578920611938,0.6179386031190044,0.6308324035838601,0.19591213121215592,,6.357142107938806,in,,,,
Ptap,64,8,0,24,0.8381615887761262,0.01338395294716177,1.688891949187706,0.600186408898881,0.6199000512644248,0.19363973520397895,,6.311108050812294,in,,,,
Ptap,64,8,0,23,0.8512910876249895,0.01287504475056489,1.7377582918543066,0.581958796775745,0.6079438825690148,0.19145148539583506,,6.262241708145694,in,,,,
Ptap,64,8,0,22,0.8639078005544917,0.012358381108439342,1.7892718202082964,0.5632250732881763,0.5949077797344996,0.18934869990758468,,6.210728179791704,in,,,,
Ptap,64,8,0,21,0.8760041277285331,0.011834273239643589,1.8431913780992855,0.5439549554237052,0.5807369605275521,0.1873326453785778,,6.156808621900715,in,,,,
Ptap,64,8,0,20,0.8875727827719351,0.011303036847160275,1.8992185113623206,0.5241193146560127,0.5653791707419832,0.18540453620467748,,6.100781488637679,in,,,,
Ptap,64,8,0,19,0.8986067971594793,0.010764991927928125,1.9569989977126843,0.5036909967775719,0.5487860235329656,0.18356553380675344,,6.0430010022873155,in,,,,
Ptap,64,8,0,18,0.909099524413487,0.010220462580087353,2.0161276118862768,0.4826456931468554,0.5309144552942268,0.1818167459310855,,5.983872388113723,in,,,,
Ptap,64,8,0,17,0.9190446441074087,0.009669776807756048,2.0761563134025036,0.460962830134899,0.5117282532960066,0.18015922598209855,,5.923843686597497,in,,,,
Ptap,64,8,0,16,0.9284361656730128,0.009113266323452107,2.1366056345552145,0.438626436429075,0.4911995971247701,0.1785939723878312,,5.863394365444785,in,,,,
Ptap,64,8,0,15,0.9372684320088798,0.00855126634828185,2.196978506316346,0.4156259440335026,0.4693105463903661,0.17712192799852003,,5.803021493683654,in,,,,
Ptap,64,8,0,14,0.9455361228880287,0.00798411541001598,2.256775093288499,0.3919568798855816,0.4460544036377196,0.17574397951866186,,5.743224906711501,in,,,,
Ptap,64,8,0,13,0.9532342581626227,0.00741215513917215,2.315506415585705,0.36762141245045576,0.4214368863144187,0.1744609569728962,,5.6844935844142945,in,,,,
Ptap,64,8,0,12,0.9603582007638243,0.006835730063231016,2.3727036417815364,0.3426287328374657,0.39547705729707466,0.1732736332060293,,5.627296358218464,in,,,,
Ptap,64,8,0,11,0.9669036594949919,0.006255187399104134,2.4279190933141575,0.31699527432278635,0.3682079921040042,0.17218272341750135,,5.5720809066858425,in,,,,
Ptap,64,8,0,10,0.9728666916165363,0.005670876843984485,2.4807146721065076,0.2907448091233796,0.33967720460468376,0.17118888473057728,,5.519285327893492,in,,,,
Ptap,64,8,0,9,0.9782437052208794,0.005083150364701972,2.5306346688136525,0.263908508219795,0.3099469134488816,0.17029271579652008,,5.4693653311863475,in,,,,
Ptap,64,8,0,8,0.9830314613960858,0.004492361985710791,2.5771647212705795,0.23652511116997085,0.27909431081673836,0.1694947564339857,,5.422835278729421,in,,,,
Ptap,64,8,0,7,0.9872270761768611,0.003898867575839793,2.6196900274174584,0.20864143825696196,0.24721210452904704,0.16879548730385646,,5.380309972582541,in,,,,
Ptap,64,8,0,6,0.9908280222817455,0.0033030246339289526,2.6574849211070237,0.1803136379137228,0.21440980355567932,0.1681953296197091,,5.342515078892976,in,,,,
Ptap,64,8,0,5,0.9938321306354534,0.0027051920734868506,2.689779709935886,0.15161004012199672,0.18081679378342377,0.16769464489409108,,5.310220290064114,in,,,,
tap,128,2,0,1,0.9999623509195723,7.529816085549701E-05,0.6939915728285009,0.004736128163962301,0.005683139831766154,0.16667294151340462,114.71278857337357,1.3060084271714991,in;sweep=2.0,0.16526976299887766,8.000000000000004,0.44,RunDiagnostics { ResidualInf = 1.376676550535194E-13; Kappa1 = 4425.2785922035955 }
tap,128,2,0,2,0.9998117602676744,0.00022588314294025302,0.6935966278479169,0.00818055218054465,0.00981481507849038,0.1666980399553876,66.04980762109689,1.3064033721520831,in;sweep=2.0,0.16526976299887766,8.000000000000004,0.44,RunDiagnostics { ResidualInf = 1.376676550535194E-13; Kappa1 = 4425.2785922035955 }
tap,128,2,0,3,0.9995106016422769,0.0003764341078547062,0.6928047455802643,0.011875790611345399,0.014243977754294082,0.16674823305962053,57.536882162923334,1.3071952544197356,in;sweep=2.0,0.16526976299887766,8.000000000000004,0.44,RunDiagnostics { ResidualInf = 1.376676550535194E-13; Kappa1 = 4425.2785922035955 }
tap,128,2,0,4,0.999058920396761,0.0005269283831771387,0.691612327656566,0.015606911856194138,0.018710685982492235,0.16682351326720649,54.01795574051165,1.308387672343434,in;sweep=2.0,0.16526976299887766,8.000000000000004,0.44,RunDiagnostics { ResidualInf = 1.376676550535194E-13; Kappa1 = 4425.2785922035955 }
Ptap,128,2,0,128,0.006135769142859881,0.012271538285719884,0.4509847445695777,0.2671077461947877,0.16075783419613948,0.33231070514285665,,1.5490152554304224,in,,,,
Ptap,128,2,0,127,0.018406383404315982,0.01226969023719232,0.4405937489407931,0.26691674811801935,0.16163763097495684,0.3302656027659473,,1.5594062510592068,in,,,,
Ptap,128,2,0,126,0.030674225732135504,0.012265994418446724,0.43282141718211514,0.26662399376458884,0.16246615806186454,0.3282209623779774,,1.5671785828178848,in,,,,
Ptap,128,2,0,125,0.042937448634388434,0.012260451386059142,0.42648724093221446,0.2662522053112527,0.16325622609791327,0.3261770918942686,,1.5735127590677855,in,,,,
Ptap,128,2,0,124,0.05519420531481327,0.012253061974790522,0.42093875262202834,0.2658113616989143,0.1640131034730543,0.3241342991141978,,1.5790612473779717,in,,,,
Ptap,128,2,0,123,0.06744264995093793,0.0122438272974588,0.4158758629017441,0.2653077015190571,0.16473986752050904,0.3220928916748437,,1.584124137098256,in,,,,
Ptap,128,2,0,122,0.07968093797205354,0.012232748744772426,0.4111543093219137,0.26474592750862297,0.16543871239545302,0.32005317700465774,,1.5888456906780863,in,,,,
Ptap,128,2,0,121,0.0919072263370002,0.01221982798512089,0.4066971392184616,0.26412988613920035,0.16611134832745822,0.3180154622771666,,1.5933028607815385,in,,,,
Ptap,128,2,0,120,0.10411967381172185,0.012205066964322414,0.40245834601495517,0.26346284582047863,0.16675916228331455,0.315980054364713,,1.5975416539850449,in,,,,
Ptap,128,2,0,119,0.1163164412465496,0.012188467905333095,0.3984075143309447,0.26274764612115975,0.16738330272099594,0.3139472597922417,,1.6015924856690553,in,,,,
Ptap,128,2,0,118,0.12849569185317114,0.012170033307909958,0.39452296386617763,0.2619867941833289,0.16798473380555515,0.3119173846911381,,1.6054770361338224,in,,,,
Ptap,128,2,0,117,0.14065559148124387,0.012149765948235525,0.3907884606197096,0.2611825333914021,0.16856427385573355,0.309890734753126,,1.6092115393802904,in,,,,
Ptap,128,2,0,116,0.15279430889461146,0.012127668878499642,0.3871914937660339,0.26033689444168534,0.1691226238822793,0.3078676151842314,,1.612808506233966,in,,,,
Ptap,128,2,0,115,0.16491001604708128,0.012103745426439966,0.3837222770764974,0.25945173401896715,0.16966038916092108,0.3058483306588198,,1.6162777229235026,in,,,,
Ptap,128,2,0,114,0.1770008883577211,0.012077999194839678,0.3803731091563476,0.2585287643326241,0.17017809565451136,0.3038331852737131,,1.6196268908436524,in,,,,
Ptap,128,2,0,113,0.18906510498563456,0.01205043406098727,0.3771379274083945,0.2575695757922128,0.17067620255238583,0.3018224825023942,,1.6228620725916054,in,,,,
Ptap,128,2,0,112,0.2011008491041733,0.012021054176090257,0.3740119775394626,0.2565756545044716,0.1711551118649651,0.29981652514930446,,1.6259880224605374,in,,,,
Ptap,128,2,0,111,0.21310630817454407,0.01198986396465121,0.3709915590696626,0.25554839585461464,0.17161517578153274,0.2978156153042426,,1.6290084409303374,in,,,,
Ptap,128,2,0,110,0.2250796742187704,0.011956868123801478,0.36807382502712827,0.2544891151237009,0.17205670232776524,0.2958200542968716,,1.6319261749728717,in,,,,
Ptap,128,2,0,109,0.2370191440919675,0.011922071622592734,0.36525662252455277,0.2533990558587504,0.17247995972927516,0.2938301426513387,,1.6347433774754472,in,,,,
Ptap,128,2,0,108,0.2489229197538892,0.011885479701250645,0.3625383652701484,0.25227939653414194,0.1728851797879859,0.2918461800410185,,1.6374616347298516,in,,,,
Ptap,128,2,0,107,0.26078920853970644,0.011847097870383794,0.3599179315168025,0.25113125590836716,0.17327256050257817,0.2898684652433823,,1.6400820684831974,in,,,,
Ptap,128,2,0,106,0.2726162234299756,0.011806931910154639,0.3573945824649549,0.24995569737901946,0.17364226810698205,0.28789729609500403,,1.642605417535045,in,,,,
Ptap,128,2,0,105,0.28440218331975753,0.011764987869409216,0.3549678971826781,0.2487537325630938,0.17399443865773387,0.28593296944670704,,1.6450321028173218,in,,,,
Ptap,128,2,0,104,0.2961453132868451,0.01172127206476592,0.35263772087382783,0.2475263242729404,0.17432917926852173,0.2839757811188591,,1.6473622791261722,in,,,,
Ptap,128,2,0,103,0.30784384485905975,0.011675791079663322,0.3504041239226672,0.24627438901584978,0.17464656906584664,0.28202602585682335,,1.6495958760773328,in,,,,
Ptap,128,2,0,102,0.3194960162805771,0.011628551763371464,0.34826736962858457,0.24499879911365746,0.17494665992144115,0.28008399728657046,,1.6517326303714155,in,,,,
Ptap,128,2,0,101,0.3311000727772414,0.01157956122995707,0.34622788892730955,0.24370038451514067,0.1752294770033476,0.27814998787045975,,1.6537721110726904,in,,,,
Ptap,128,2,0,100,0.34265426682082717,0.011528826857214458,0.3442862607176876,0.24237993435639196,0.175495019177285,0.27622428886319544,,1.6557137392823125,in,,,,
Ptap,128,2,0,99,0.3541568583922113,0.011476356285553768,0.3424431966722093,0.24103819831120346,0.17574325928222181,0.2743071902679648,,1.6575568033277908,in,,,,
Ptap,128,2,0,98,0.3656061152434128,0.011422157416849321,0.34069952961974115,0.2396758877636578,0.17597414429828445,0.27239898079276453,,1.6593004703802587,in,,,,
Ptap,128,2,0,97,0.3770003131584636,0.011366238413252239,0.3390562047644756,0.23829367682778174,0.17618759542081008,0.2704999478069227,,1.6609437952355244,in,,,,
Ptap,128,2,0,96,0.3883377362130689,0.011308607695958262,0.33751427314599836,0.23689220323360977,0.1763835080511096,0.26861037729782183,,1.6624857268540016,in,,,,
Ptap,128,2,0,95,0.39961667703301884,0.011249273943941762,0.336074886856146,0.23547206909486346,0.17656175171207156,0.2667305538278302,,1.663925113143854,in,,,,
Ptap,128,2,0,94,0.41083543705131337,0.011188246092647236,0.3347392956241266,0.23403384157036147,0.1767221698949387,0.26486076049144774,,1.6652607043758734,in,,,,
Ptap,128,2,0,93,0.4219923267639594,0.011125533332644877,0.3335088444530125,0.2325780534289367,0.1768645798422406,0.26300127887267344,,1.6664911555469875,in,,,,
Ptap,128,2,0,92,0.4330856659844046,0.011061145108245518,0.3323849720506086,0.23110520352587796,0.1769887722708735,0.2611523890025992,,1.6676150279493913,in,,,,
Ptap,128,2,0,91,0.44411378409656704,0.010995091116079325,0.331369209844874,0.22961575719759147,0.17709451103859594,0.25931436931723884,,1.668630790155126,in,,,,
Ptap,128,2,0,90,0.4550750203064234,0.010927381303633354,0.3304631814101006,0.2281101465801744,0.17718153275669207,0.2574874966155961,,1.6695368185898993,in,,,,
Ptap,128,2,0,89,0.4659677238921189,0.010858025867757637,0.32966860216176624,0.22658877085685547,0.17724954635120382,0.25567204601798016,,1.6703313978382337,in,,,,
Ptap,128,2,0,88,0.47679025445256024,0.010787035253125077,0.32898727919817594,0.22505199643868742,0.17729823257490043,0.2538682909245733,,1.6710127208018242,in,,,,
Ptap,128,2,0,87,0.4875409821544534,0.010714420150661208,0.3284211111841054,0.2235001570824678,0.17732724347202783,0.25207650297425777,,1.6715788888158947,in,,,,
Ptap,128,2,0,86,0.4982182879777507,0.010640191495933482,0.3279720881880166,0.22193355394958253,0.17733620179785053,0.2502969520037082,,1.6720279118119834,in,,,,
Ptap,128,2,0,85,0.5088205639594696,0.010564360467504197,0.3276422913889812,0.2203524556092517,0.1773247003950201,0.24852990600675506,,1.6723577086110188,in,,,,
Ptap,128,2,0,84,0.5193462134358452,0.010486938485247066,0.3274338925785589,0.2187570979895433,0.1772923015289083,0.2467756310940258,,1.672566107421441,in,,,,
Ptap,128,2,0,83,0.5297936512827829,0.010407937208628315,0.3273491533871363,0.21714768427946957,0.1772385361842044,0.24503439145286948,,1.6726508466128638,in,,,,
Ptap,128,2,0,82,0.5401613041545716,0.0103273685349492,0.32739042416377523,0.21552438478547742,0.17716290332528442,0.2433064493075714,,1.6726095758362247,in,,,,
Ptap,128,2,0,81,0.550447610720824,0.010245244597555714,0.3275601424411127,0.21388733674570864,0.17706486912313876,0.24159206487986265,,1.6724398575588872,in,,,,
Ptap,128,2,0,80,0.5606510219016076,0.010161577764011387,0.32786083091459955,0.21223664410551377,0.17694386615196986,0.23989149634973206,,1.6721391690854004,in,,,,
Ptap,128,2,0,79,0.5707700011007293,0.010076380634231996,0.32829509486242164,0.21057237725786068,0.17679929255895901,0.2382049998165451,,1.6717049051375783,in,,,,
Ptap,128,2,0,78,0.580803024437142,0.009989666038593525,0.3288656189304516,0.208894572752493,0.1766305112111543,0.2365328292604763,,1.6711343810695485,in,,,,
Ptap,128,2,0,77,0.5907485809744362,0.009901447035994493,0.329575163201079,0.2072032329779493,0.17643684882394203,0.23487523650426062,,1.670424836798921,in,,,,
Ptap,128,2,0,76,0.6006051729483795,0.009811736911892077,0.3304265584600864,0.20549832582086758,0.17621759507614979,0.23323247117527007,,1.6695734415399137,in,,,,
Ptap,128,2,0,75,0.6103713159924762,0.009720549176301385,0.331422700571863,0.20377978430737123,0.17597200171749008,0.23160478066792062,,1.668577299428137,in,,,,
Ptap,128,2,0,74,0.6200455393615065,0.009627897561759413,0.33256654386431833,0.20204750623174414,0.17569928167478086,0.22999241010641558,,1.6674334561356816,in,,,,
Ptap,128,2,0,73,0.6296263861530158,0.009533796021259144,0.333861093422432,0.20030135377809838,0.17539860816420888,0.22839560230783068,,1.666138906577568,in,,,,
Ptap,128,2,0,72,0.6391124135267183,0.009438258726145898,0.3353093961808694,0.19854115314127288,0.17506911381780393,0.22681459774554694,,1.6646906038191305,in,,,,
Ptap,128,2,0,71,0.6485021929217839,0.009341300063985258,0.3369145307011072,0.1967666941538132,0.17470988983329572,0.22524963451303598,,1.6630854692988928,in,,,,
Ptap,128,2,0,70,0.6577943102719742,0.009242934636395361,0.33867959551379667,0.19497772992655962,0.17431998515762673,0.22370094828800427,,1.6613204044862033,in,,,,
Ptap,128,2,0,69,0.6669873662185952,0.009143177256846546,0.3406076959017951,0.1931739765111115,0.17389840571559592,0.2221687722969008,,1.6593923040982048,in,,,,
Ptap,128,2,0,68,0.6760799763212357,0.009042042948434692,0.34270192899435226,0.19135511259324256,0.17344411369640825,0.22065333727979403,,1.6572980710056477,in,,,,
Ptap,128,2,0,67,0.68507077126626,0.008939546941613807,0.34496536704597924,0.18952077922723934,0.17295602691233392,0.21915487145562332,,1.6550346329540209,in,,,,
Ptap,128,2,0,66,0.6939583970730199,0.008835704671905864,0.34740103876502754,0.18767057962205533,0.17243301824517562,0.21767360048783002,,1.6525989612349725,in,,,,
Ptap,128,2,0,65,0.7027415152977601,0.008730531777574657,0.3500119085685583,0.18580407899121013,0.171873915197887,0.2162097474503733,,1.6499880914314418,in,,,,
Ptap,128,2,0,64,0.711418803235183,0.008624044097271133,0.35280085363862695,0.18392080447941073,0.17127749957038557,0.21476353279413618,,1.647199146361373,in,,,,
Ptap,128,2,0,63,0.7199889541176427,0.008516257667648186,0.3557706386684703,0.18202024517999538,0.1706425072804171,0.2133351743137262,,1.6442293613315297,in,,,,
Ptap,128,2,0,62,0.7284506773119397,0.008407188720945924,0.35892388819878646,0.18010185225844322,0.16996762835219686,0.21192488711467672,,1.6410761118012136,in,,,,
Ptap,128,2,0,61,0.7368026985136857,0.00829685368254618,0.36226305646520013,0.17816503919836324,0.16925150709748582,0.21053288358105238,,1.6377369435348,in,,,,
Ptap,128,2,0,60,0.745043759939209,0.008185269168500264,0.365790394702896,0.17620918218753573,0.16849274251570717,0.20915937334346515,,1.634209605297104,in,,,,
Ptap,128,2,0,59,0.7531726205149718,0.00807245198302542,0.36950791588672033,0.17423362066270442,0.16768988894164394,0.20780456324750468,,1.6304920841132797,in,,,,
Ptap,128,2,0,58,0.7611880560644717,0.007958419115974391,0.3734173569295469,0.17223765803289032,0.16684145697115182,0.20646865732258804,,1.626582643070453,in,,,,
Ptap,128,2,0,57,0.769088859492598,0.007843187740278035,0.37752013840587106,0.17022056260193275,0.16594591469707393,0.20515185675123365,,1.622479861594129,in,,,,
Ptap,128,2,0,56,0.7768738409674157,0.007726775209357495,0.3818173219345379,0.16818156871177745,0.16500168928915576,0.20385435983876402,,1.618182678065462,in,,,,
Ptap,128,2,0,55,0.7845418280993504,0.007609199054511739,0.3863095654195556,0.1661198781285959,0.1640071689530829,0.2025763619834416,,1.6136904345804444,in,,,,
Ptap,128,2,0,54,0.7920916661177448,0.007490476982277228,0.39099707643171283,0.16403466169412656,0.16296070530476167,0.20131805564704253,,1.6090029235682872,in,,,,
Ptap,128,2,0,53,0.7995222180447641,0.0073706268717613765,0.3958795641053418,0.16192506126457126,0.16186061619650288,0.20007963032587264,,1.6041204358946581,in,,,,
Ptap,128,2,0,52,0.8068323648666198,0.007249666771949825,0.40095619002375416,0.15979019195888527,0.16070518903173855,0.19886127252223001,,1.5990438099762458,in,,,,
Ptap,128,2,0,51,0.8140210057020891,0.007127614898988943,0.4062255186797591,0.1576291447373004,0.15949268460419785,0.19766316571631848,,1.5937744813202408,in,,,,
Ptap,128,2,0,50,0.8210870579683043,0.007004489633441469,0.41168546821345514,0.15544098932930359,0.15822134149592648,0.19648549033861595,,1.5883145317865448,in,,,,
Ptap,128,2,0,49,0.8280294575437852,0.006880309517520278,0.417333262248563,0.1532247775279898,0.15688938106604092,0.19532842374270246,,1.582666737751437,in,,,,
Ptap,128,2,0,48,0.8348471589286917,0.006755093252292732,0.42316538377069757,0.1509795468646364,0.15549501305852767,0.19419214017855138,,1.5768346162293025,in,,,,
Ptap,128,2,0,47,0.8415391354022725,0.006628859694869038,0.4291775321036704,0.14870432467342917,0.1540364418525952,0.1930768107662879,,1.5708224678963296,in,,,,
Ptap,128,2,0,46,0.848104379177486,0.006501627855557968,0.43536458414707424,0.14639813255147335,0.1525118733729753,0.19198260347041898,,1.5646354158529259,in,,,,
Ptap,128,2,0,45,0.8545419015527685,0.0063734168950069225,0.44172056111947594,0.14405999121348778,0.15091952267003783,0.19090968307453854,,1.5582794388805241,in,,,,
Ptap,128,2,0,44,0.8608507330609294,0.006244246121314689,0.44823860211590505,0.14168892573395558,0.1492576221706342,0.18985821115651175,,1.551761397884095,in,,,,
Ptap,128,2,0,43,0.8670299236151491,0.006114134987124653,0.454910945812119,0.13928397116199484,0.14752443059018525,0.1888283460641418,,1.545089054187881,in,,,,
Ptap,128,2,0,42,0.8730785426520589,0.005983103086695141,0.46172892163296014,0.1368441784859357,0.14571824248477458,0.1878202428913235,,1.53827107836704,in,,,,
Ptap,128,2,0,41,0.8789956792718807,0.005851170152948448,0.46868295163661944,0.13436862091567825,0.14383739840902943,0.18683405345468654,,1.5313170483633805,in,,,,
Ptap,128,2,0,40,0.8847804423756044,0.005718356054498885,0.4757625642425974,0.1318564004415584,0.14188029563158086,0.18586992627073262,,1.5242374357574027,in,,,,
Ptap,128,2,0,39,0.8904319607991845,0.0055846807926613895,0.4829564207474635,0.12930665461892715,0.13984539934520365,0.18492800653346922,,1.5170435792525365,in,,,,
Ptap,128,2,0,38,0.8959493834447345,0.005450164498438714,0.4902523553180809,0.12671856351824962,0.13773125429370905,0.18400843609254425,,1.5097476446819191,in,,,,
Ptap,128,2,0,37,0.9013318794086986,0.0053148274294894104,0.4976374288324569,0.12409135677161619,0.1355364967227742,0.18311135343188356,,1.5023625711675432,in,,,,
Ptap,128,2,0,36,0.9065786381069829,0.005178689967079042,0.5050979965478801,0.12142432063850682,0.13325986654764546,0.18223689364883616,,1.4949020034521199,in,,,,
Ptap,128,2,0,35,0.9116888693970265,0.005041772613008311,0.5126197891172132,0.11871680500686958,0.13090021961763282,0.1813851884338289,,1.4873802108827867,in,,,,
Ptap,128,2,0,34,0.9166618036967942,0.004904095986526968,0.5201880059557845,0.11596823024049517,0.1284565399461328,0.1805563660505343,,1.4798119940442156,in,,,,
Ptap,128,2,0,33,0.9214966921006722,0.004765680821229079,0.5277874193720333,0.11317809378065838,0.12592795176615953,0.17975055131655462,,1.4722125806279667,in,,,,
Ptap,128,2,0,32,0.9261928064922511,0.00462654796192874,0.5354024872342584,0.11034597640947323,0.12331373126567936,0.1789678655846248,,1.4645975127657416,in,,,,
Ptap,128,2,0,31,0.9307494396539772,0.0044867183615233674,0.5430174712411204,0.10747154808469055,0.12061331785497845,0.17820842672433712,,1.4569825287588796,in,,,,
Ptap,128,2,0,30,0.9351659053736568,0.004346213077836003,0.5506165570938273,0.10455457326106242,0.11782632482039518,0.1774723491043905,,1.4493834429061727,in,,,,
Ptap,128,2,0,29,0.9394415385477978,0.0042050532704458465,0.5581839720545347,0.10159491562221269,0.11495254922554757,0.176759743575367,,1.4418160279454653,in,,,,
Ptap,128,2,0,28,0.943575695281771,0.004063260197500584,0.5657040944872641,0.09859254215936378,0.11199198093307085,0.17607071745303818,,1.434295905512736,in,,,,
Ptap,128,2,0,27,0.947567752986779,0.003920855212515395,0.5731615490785071,0.09554752654955553,0.10894481063732199,0.1754053745022035,,1.4268384509214929,in,,,,
Ptap,128,2,0,26,0.9514171104736153,0.0037778597611571874,0.5805412805259762,0.09246005180625032,0.10581143682176075,0.1747638149210641,,1.4194587194740238,in,,,,
Ptap,128,2,0,25,0.9551231880432014,0.0036342953780149623,0.5878285976767313,0.08933041219958904,0.10259247158404639,0.1741461353261331,,1.4121714023232688,in,,,,
Ptap,128,2,0,24,0.9586854275738873,0.003490183683356962,0.5950091794966071,0.0861590144719666,0.09928874530726507,0.17355242873768542,,1.404990820503393,in,,,,
Ptap,128,2,0,23,0.9621032926055029,0.0033455463798740537,0.6020690340927405,0.08294637840680717,0.09590131019688825,0.1729827845657495,,1.3979309659072596,in,,,,
Ptap,128,2,0,22,0.9653762684201459,0.0032004052494122304,0.6089944025600167,0.07969313684377885,0.09243144274924608,0.17243728859664234,,1.3910055974399833,in,,,,
Ptap,128,2,0,21,0.968503862119698,0.0030547821496919036,0.6157716011017836,0.0764000352710856,0.08888064526708056,0.17191602298005032,,1.3842283988982165,in,,,,
Ptap,128,2,0,20,0.971485602700052,0.0029086990110160915,0.6223867982377954,0.07306793116315995,0.0852506465888792,0.17141906621665798,,1.3776132017622045,in,,,,
Ptap,128,2,0,19,0.9743210411220442,0.0027621778329683933,0.6288257296351327,0.06969779326741952,0.08154340224781323,0.17094649314632596,,1.3711742703648673,in,,,,
Ptap,128,2,0,18,0.977009750379078,0.0026152406810990847,0.6350733620649628,0.06629070107342538,0.07776109431892238,0.17049837493682032,,1.3649266379350373,in,,,,
Ptap,128,2,0,17,0.979551325561429,0.002467909683602887,0.6411135311248751,0.06284784471766441,0.07390613124436694,0.17007477907309515,,1.358886468875125,in,,,,
Ptap,128,2,0,16,0.9819453839172234,0.0023202070279858544,0.6469285953842836,0.059370525583028355,0.06998114794053567,0.1696757693471294,,1.3530714046157164,in,,,,
Ptap,128,2,0,15,0.9841915649100788,0.0021721549577249366,0.6524991721934988,0.05586015784113188,0.0659890064837121,0.1693014058483202,,1.3475008278065013,in,,,,
Ptap,128,2,0,14,0.9862895302733998,0.002023775768917213,0.6578040445351504,0.05231827116071514,0.061932797645653785,0.16895174495443335,,1.3421959554648497,in,,,,
Ptap,128,2,0,13,0.9882389640613197,0.0018750918069225797,0.6628203458259522,0.048746514785122756,0.057815843528582524,0.1686268393231134,,1.3371796541740477,in,,,,
Ptap,128,2,0,12,0.9900395726962805,0.0017261254629989953,0.6675241248960284,0.04514666322219201,0.05364170159742148,0.16832673788395325,,1.3324758751039716,in,,,,
Ptap,128,2,0,11,0.991691085013245,0.0015768991709299574,0.6718913453714572,0.04152062402773161,0.04941417068987476,0.16805148583112584,,1.3281086546285428,in,,,,
Ptap,128,2,0,10,0.993193252300533,0.0014274354036460934,0.6758992671829656,0.03787044889942513,0.04513730046322198,0.1678011246165778,,1.3241007328170344,in,,,,
Ptap,128,2,0,9,0.9945458483372764,0.0012777566698407572,0.6795280062522425,0.034198351164695995,0.04081540797237791,0.16757569194378724,,1.3204719937477574,in,,,,
Ptap,128,2,0,8,0.9957486694274874,0.0011278855105811836,0.6827619317113873,0.030506737136445146,0.036453110341277135,0.1673752217620854,,1.3172380682886127,in,,,,
Ptap,128,2,0,7,0.9968015344307342,0.0009778444959122057,0.6855905279463729,0.026798269196415495,0.03205539495861425,0.1671997442615443,,1.3144094720536272,in,,,,
Ptap,128,2,0,6,0.9977042847894197,0.0008276562214589722,0.6880084753156389,0.023076005015826205,0.027627780503056008,0.16704928586843004,,1.3119915246843612,in,,,,
Ptap,128,2,0,5,0.9984567845526608,0.0006773433050232258,0.6900149442662031,0.019343734958416958,0.023176715285053877,0.16692386924122318,,1.3099850557337969,in,,,,
tap,128,5,0,1,0.9999623509195723,7.529816085549701E-05,1.7331296065982338,0.011827699734382014,0.014192705338953624,0.16667294151340462,286.4762886408896,3.266870393401766,in;sweep=2.0,0.41273400217443196,8.000000000000004,0.42,RunDiagnostics { ResidualInf = 3.467226505904364E-13; Kappa1 = 4425.2785922035955 }
tap,128,5,0,2,0.9998117602676744,0.00022588314294025302,1.7321432965829453,0.02042958119021383,0.024510883506106345,0.1666980399553876,164.9485117401163,3.2678567034170545,in;sweep=2.0,0.41273400217443196,8.000000000000004,0.42,RunDiagnostics { ResidualInf = 3.467226505904364E-13; Kappa1 = 4425.2785922035955 }
tap,128,5,0,3,0.9995106016422769,0.0003764341078547062,1.730165701095196,0.029657830319750726,0.03557198751143183,0.16674823305962053,143.68888305299564,3.269834298904804,in;sweep=2.0,0.41273400217443196,8.000000000000004,0.42,RunDiagnostics { ResidualInf = 3.467226505904364E-13; Kappa1 = 4425.2785922035955 }
tap,128,5,0,4,0.999058920396761,0.0005269283831771387,1.7271878338011741,0.03897569086508789,0.04672685534761434,0.16682351326720649,134.90094411410334,3.272812166198826,in;sweep=2.0,0.41273400217443196,8.000000000000004,0.42,RunDiagnostics { ResidualInf = 3.467226505904364E-13; Kappa1 = 4425.2785922035955 }
Ptap,128,5,0,128,0.006135769142859881,0.012271538285719884,1.126260092398486,0.6670575857213242,0.4014662034041688,0.33231070514285665,,3.873739907601514,in,,,,
Ptap,128,5,0,127,0.018406383404315982,0.01226969023719232,1.1003102929034247,0.6665805994946751,0.4036633508982572,0.3302656027659473,,3.8996897070965755,in,,,,
Ptap,128,5,0,126,0.030674225732135504,0.012265994418446724,1.080900174955786,0.6658494937330839,0.40573246078432706,0.3282209623779774,,3.919099825044214,in,,,,
Ptap,128,5,0,125,0.042937448634388434,0.012260451386059142,1.0650816134314811,0.6649210133291477,0.4077055255276383,0.3261770918942686,,3.934918386568519,in,,,,
Ptap,128,5,0,124,0.05519420531481327,0.012253061974790522,1.0512251780816817,0.6638200790435782,0.40959570206404083,0.3241342991141978,,3.9487748219183185,in,,,,
Ptap,128,5,0,123,0.06744264995093793,0.0122438272974588,1.0385814451996327,0.6625622707306937,0.41141067552621285,0.3220928916748437,,3.9614185548003675,in,,,,
Ptap,128,5,0,122,0.07968093797205354,0.012232748744772426,1.026790143087859,0.6611593327011552,0.4131559254551836,0.32005317700465774,,3.973209856912141,in,,,,
Ptap,128,5,0,121,0.0919072263370002,0.01221982798512089,1.0156590951464823,0.6596208708839825,0.4148357228675186,0.3180154622771666,,3.984340904853518,in,,,,
Ptap,128,5,0,120,0.10411967381172185,0.012205066964322414,1.005073407531865,0.6579550475938536,0.41645353148425224,0.315980054364713,,3.994926592468135,in,,,,
Ptap,128,5,0,119,0.1163164412465496,0.012188467905333095,0.9949571228421564,0.6561689541857333,0.4180122193899452,0.3139472597922417,,4.005042877157844,in,,,,
Ptap,128,5,0,118,0.12849569185317114,0.012170033307909958,0.9852560981001838,0.6542688518338884,0.41951419442795607,0.3119173846911381,,4.014743901899816,in,,,,
Ptap,128,5,0,117,0.14065559148124387,0.012149765948235525,0.9759297915630383,0.6522603430212622,0.4209615002145091,0.309890734753126,,4.024070208436962,in,,,,
Ptap,128,5,0,116,0.15279430889461146,0.012127668878499642,0.9669469595055165,0.6501484990772884,0.42235588740844493,0.3078676151842314,,4.033053040494483,in,,,,
Ptap,128,5,0,115,0.16491001604708128,0.012103745426439966,0.9582831624339004,0.6479379567663065,0.4236988675861663,0.3058483306588198,,4.041716837566099,in,,,,
Ptap,128,5,0,114,0.1770008883577211,0.012077999194839678,0.9499191673838999,0.6456329920491208,0.4249917542532372,0.3038331852737131,,4.0500808326161,in,,,,
Ptap,128,5,0,113,0.18906510498563456,0.01205043406098727,0.9418398340178827,0.6432375767115522,0.4262356941593639,0.3018224825023942,,4.058160165982117,in,,,,
Ptap,128,5,0,112,0.2011008491041733,0.012021054176090257,0.9340332892719398,0.6407554220603197,0.4274316912593343,0.29981652514930446,,4.06596671072806,in,,,,
Ptap,128,5,0,111,0.21310630817454407,0.01198986396465121,0.9264902918072684,0.6381900128400821,0.42858062508785494,0.2978156153042426,,4.073509708192732,in,,,,
Ptap,128,5,0,110,0.2250796742187704,0.011956868123801478,0.9192037317808326,0.6355446337485711,0.42968326488830083,0.2958200542968716,,4.080796268219167,in,,,,
Ptap,128,5,0,109,0.2370191440919675,0.011922071622592734,0.9121682327111619,0.6328223903395731,0.4307402805099444,0.2938301426513387,,4.087831767288838,in,,,,
Ptap,128,5,0,108,0.2489229197538892,0.011885479701250645,0.9053798330959998,0.6300262256586768,0.4317522508398963,0.2918461800410185,,4.094620166904,in,,,,
Ptap,128,5,0,107,0.26078920853970644,0.011847097870383794,0.8988357315565185,0.6271589336208803,0.4327196703472375,0.2898684652433823,,4.1011642684434815,in,,,,
Ptap,128,5,0,106,0.2726162234299756,0.011806931910154639,0.8925340830626791,0.6242231698864612,0.433642954173819,0.28789729609500403,,4.107465916937321,in,,,,
Ptap,128,5,0,105,0.28440218331975753,0.011764987869409216,0.8864738364067577,0.6212214608021862,0.43452244209842417,0.28593296944670704,,4.113526163593242,in,,,,
Ptap,128,5,0,104,0.2961453132868451,0.01172127206476592,0.8806546050103106,0.6181562108332582,0.4353584016198385,0.2839757811188591,,4.11934539498969,in,,,,
Ptap,128,5,0,103,0.30784384485905975,0.011675791079663322,0.8750765646467068,0.6150297088056261,0.4361510303434615,0.28202602585682335,,4.124923435353293,in,,,,
Ptap,128,5,0,102,0.3194960162805771,0.011628551763371464,0.8697403728627127,0.6118441331993448,0.4369004578103982,0.28008399728657046,,4.130259627137288,in,,,,
Ptap,128,5,0,101,0.3311000727772414,0.01157956122995707,0.8646471058491566,0.608601556674737,0.4376067468736871,0.27814998787045975,,4.135352894150843,in,,,,
Ptap,128,5,0,100,0.34265426682082717,0.011528826857214458,0.8597982093109835,0.6053039499691728,0.43826989470064986,0.27622428886319544,,4.140201790689017,in,,,,
Ptap,128,5,0,99,0.3541568583922113,0.011476356285553768,0.8551954605325724,0.601953185269425,0.4388898334610842,0.2743071902679648,,4.144804539467428,in,,,,
Ptap,128,5,0,98,0.3656061152434128,0.011422157416849321,0.8508409393667902,0.5985510391400277,0.4394664307465915,0.27239898079276453,,4.14915906063321,in,,,,
Ptap,128,5,0,97,0.3770003131584636,0.011366238413252239,0.8467370063055488,0.5950991950696922,0.43999948975551134,0.2704999478069227,,4.153262993694451,in,,,,
Ptap,128,5,0,96,0.3883377362130689,0.011308607695958262,0.8428862861472265,0.5915992456841043,0.440488749269853,0.26861037729782183,,4.157113713852773,in,,,,
Ptap,128,5,0,95,0.39961667703301884,0.011249273943941762,0.8392916560508628,0.5880526946630726,0.4409338834445267,0.2667305538278302,,4.160708343949137,in,,,,
Ptap,128,5,0,94,0.41083543705131337,0.011188246092647236,0.8359562370094165,0.5844609583922993,0.4413345014246996,0.26486076049144774,,4.164043762990584,in,,,,
Ptap,128,5,0,93,0.4219923267639594,0.011125533332644877,0.8328833879469426,0.5808253673741638,0.441690146803703,0.26300127887267344,,4.167116612053057,in,,,,
Ptap,128,5,0,92,0.4330856659844046,0.011061145108245518,0.8300767017981855,0.5771471674175515,0.44200029693146503,0.2611523890025992,,4.169923298201814,in,,,,
Ptap,128,5,0,91,0.44411378409656704,0.010995091116079325,0.8275400030530615,0.5734275206234686,0.4422643620816488,0.25931436931723884,,4.172459996946938,in,,,,
Ptap,128,5,0,90,0.4550750203064234,0.010927381303633354,0.8252773463201506,0.5696675061806138,0.4424816844843323,0.2574874966155961,,4.174722653679849,in,,,,
Ptap,128,5,0,89,0.4659677238921189,0.010858025867757637,0.8232930155676559,0.5658681209833313,0.4426515372302661,0.25567204601798016,,4.176706984432344,in,,,,
Ptap,128,5,0,88,0.47679025445256024,0.010787035253125077,0.8215915237251541,0.5620302800828503,0.4427731230520907,0.2538682909245733,,4.178408476274846,in,,,,
Ptap,128,5,0,87,0.4875409821544534,0.010714420150661208,0.8201776123954211,0.558154816981782,0.4428455729876427,0.25207650297425777,,4.179822387604579,in,,,,
Ptap,128,5,0,86,0.4982182879777507,0.010640191495933482,0.8190562514467167,0.5542424837810676,0.44286794493035325,0.2502969520037082,,4.180943748553283,in,,,,
Ptap,128,5,0,85,0.5088205639594696,0.010564360467504197,0.8182326382805424,0.5502939511880818,0.4428392220718297,0.24852990600675506,,4.181767361719458,in,,,,
Ptap,128,5,0,84,0.5193462134358452,0.010486938485247066,0.8177121965886192,0.5463098083943014,0.4427583112419621,0.2467756310940258,,4.182287803411381,in,,,,
Ptap,128,5,0,83,0.5297936512827829,0.010407937208628315,0.8175005744203193,0.5422905628308068,0.4426240411522905,0.24503439145286948,,4.182499425579681,in,,,,
Ptap,128,5,0,82,0.5401613041545716,0.0103273685349492,0.8176036413849161,0.538236639809887,0.4424351605488969,0.2433064493075714,,4.182396358615084,in,,,,
Ptap,128,5,0,81,0.550447610720824,0.010245244597555714,0.8180274848186248,0.534148382061189,0.44219033628178706,0.24159206487986265,,4.181972515181375,in,,,,
Ptap,128,5,0,80,0.5606510219016076,0.010161577764011387,0.8187784047377266,0.5300260491710994,0.4418881512985247,0.23989149634973206,,4.181221595262273,in,,,,
Ptap,128,5,0,79,0.5707700011007293,0.010076380634231996,0.8198629073953086,0.5258698169344579,0.44152710257086075,0.2382049998165451,,4.180137092604691,in,,,,
Ptap,128,5,0,78,0.580803024437142,0.009989666038593525,0.8212876972520322,0.5216797766282264,0.4411055989642255,0.2365328292604763,,4.178712302747968,in,,,,
Ptap,128,5,0,77,0.5907485809744362,0.009901447035994493,0.8230596671588395,0.517455934217386,0.4406219590612307,0.23487523650426062,,4.176940332841161,in,,,,
Ptap,128,5,0,76,0.6006051729483795,0.009811736911892077,0.8251858865368105,0.5131982095041066,0.44007440895178546,0.23323247117527007,,4.1748141134631895,in,,,,
Ptap,128,5,0,75,0.6103713159924762,0.009720549176301385,0.8276735873301432,0.5089064352321662,0.4394610800040833,0.23160478066792062,,4.1723264126698565,in,,,,
Ptap,128,5,0,74,0.6200455393615065,0.009627897561759413,0.8305301474859862,0.5045803561596292,0.43878000663253536,0.22999241010641558,,4.1694698525140135,in,,,,
Ptap,128,5,0,73,0.6296263861530158,0.009533796021259144,0.8337630717091333,0.5002196281140232,0.43802912408079486,0.22839560230783068,,4.166236928290867,in,,,,
Ptap,128,5,0,72,0.6391124135267183,0.009438258726145898,0.8373799692164461,0.4958238170455944,0.437206266240268,0.22681459774554694,,4.162620030783554,in,,,,
Ptap,128,5,0,71,0.6485021929217839,0.009341300063985258,0.8413885282085226,0.49139239809575586,0.43630916352702653,0.22524963451303598,,4.1586114717914775,in,,,,
Ptap,128,5,0,70,0.6577943102719742,0.009242934636395361,0.8457964867546471,0.48692475469950863,0.4353354408427597,0.22370094828800427,,4.154203513245353,in,,,,
Ptap,128,5,0,69,0.6669873662185952,0.009143177256846546,0.8506115997873768,0.48242017774250806,0.4342826156484439,0.2221687722969008,,4.149388400212623,in,,,,
Ptap,128,5,0,68,0.6760799763212357,0.009042042948434692,0.8558416018766737,0.4778778647954157,0.4331480961826147,0.22065333727979403,,4.144158398123326,in,,,,
Ptap,128,5,0,67,0.68507077126626,0.008939546941613807,0.861494165471959,0.4732969194504544,0.4319291798597251,0.21915487145562332,,4.138505834528041,in,,,,
Ptap,128,5,0,66,0.6939583970730199,0.008835704671905864,0.8675768542732717,0.468676350787363,0.4306230518877886,0.21767360048783002,,4.132423145726729,in,,,,
Ptap,128,5,0,65,0.7027415152977601,0.008730531777574657,0.8740970714236624,0.4640150729985448,0.4292267841486197,0.2162097474503733,,4.125902928576338,in,,,,
Ptap,128,5,0,64,0.711418803235183,0.008624044097271133,0.8810620022115732,0.45931190520581716,0.42773733438823186,0.21476353279413618,,4.118937997788427,in,,,,
Ptap,128,5,0,63,0.7199889541176427,0.008516257667648186,0.888478551002635,0.45456557150397214,0.4261515457694731,0.2133351743137262,,4.111521448997365,in,,,,
Ptap,128,5,0,62,0.7284506773119397,0.008407188720945924,0.8963532721548403,0.44977470126922336,0.42446614684366113,0.21192488711467672,,4.10364672784516,in,,,,
Ptap,128,5,0,61,0.7368026985136857,0.00829685368254618,0.9046922947172171,0.44493782977352236,0.42267775200279073,0.21053288358105238,,4.095307705282783,in,,,,
Ptap,128,5,0,60,0.745043759939209,0.008185269168500264,0.9135012407788747,0.4400533991486342,0.42078286247875957,0.20915937334346515,,4.086498759221126,in,,,,
Ptap,128,5,0,59,0.7531726205149718,0.00807245198302542,0.9227851374125804,0.43511975974666406,0.4187778679608846,0.20780456324750468,,4.07721486258742,in,,,,
Ptap,128,5,0,58,0.7611880560644717,0.007958419115974391,0.9325483222721058,0.4301351719464174,0.41665904890771993,0.20646865732258804,,4.067451677727894,in,,,,
Ptap,128,5,0,57,0.769088859492598,0.007843187740278035,0.9427943430085668,0.4250978084572927,0.41442257963354895,0.20515185675123365,,4.057205656991433,in,,,,
Ptap,128,5,0,56,0.7768738409674157,0.007726775209357495,0.953525850839459,0.4200057571744527,0.412064532253959,0.20385435983876402,,4.046474149160541,in,,,,
Ptap,128,5,0,55,0.7845418280993504,0.007609199054511739,0.9647444887723872,0.4148570246404348,0.4095808815782217,0.2025763619834416,,4.0352555112276125,in,,,,
Ptap,128,5,0,54,0.7920916661177448,0.007490476982277228,0.9764507751805821,0.40964954016909644,0.40696751103865964,0.20131805564704253,,4.023549224819418,in,,,,
Ptap,128,5,0,53,0.7995222180447641,0.0073706268717613765,0.9886439836752346,0.40438116068769586,0.4042202197485814,0.20007963032587264,,4.011356016324766,in,,,,
Ptap,128,5,0,52,0.8068323648666198,0.007249666771949825,1.00132202044874,0.3990496763516222,0.40133473078023657,0.19886127252223001,,3.99867797955126,in,,,,
Ptap,128,5,0,51,0.8140210057020891,0.007127614898988943,1.014481300558392,0.3936528169838336,0.3983067007525265,0.19766316571631848,,3.985518699441608,in,,,,
Ptap,128,5,0,50,0.8210870579683043,0.007004489633441469,1.0281166249021856,0.3881882593870015,0.3951317308143334,0.19648549033861595,,3.971883375097814,in,,,,
Ptap,128,5,0,49,0.8280294575437852,0.006880309517520278,1.0422210599378319,0.38265363557061327,0.3918053791031111,0.19532842374270246,,3.957778940062168,in,,,,
Ptap,128,5,0,48,0.8348471589286917,0.006755093252292732,1.056785822501258,0.37704654192761644,0.38832317474943967,0.19419214017855138,,3.943214177498742,in,,,,
Ptap,128,5,0,47,0.8415391354022725,0.006628859694869038,1.0718001723624027,0.3713645493854027,0.3846806334862505,0.1930768107662879,,3.9281998276375973,in,,,,
Ptap,128,5,0,46,0.848104379177486,0.006501627855557968,1.087251315422082,0.3656052145439507,0.3808732749061649,0.19198260347041898,,3.912748684577918,in,,,,
Ptap,128,5,0,45,0.8545419015527685,0.0063734168950069225,1.1031243206588732,0.35976609179962404,0.3768966413915814,0.19090968307453854,,3.896875679341127,in,,,,
Ptap,128,5,0,44,0.8608507330609294,0.006244246121314689,1.1194020540928624,0.353844746436579,0.3727463187197978,0.18985821115651175,,3.8805979459071374,in,,,,
Ptap,128,5,0,43,0.8670299236151491,0.006114134987124653,1.1360651330954494,0.34783876864897917,0.3684179583194826,0.1888283460641418,,3.8639348669045503,in,,,,
Ptap,128,5,0,42,0.8730785426520589,0.005983103086695141,1.1530919043343317,0.3417457884365459,0.36390730112545616,0.1878202428913235,,3.8469080956656683,in,,,,
Ptap,128,5,0,41,0.8789956792718807,0.005851170152948448,1.1704584484775107,0.3355634912937074,0.3592102029463196,0.18683405345468654,,3.8295415515224893,in,,,,
Ptap,128,5,0,40,0.8847804423756044,0.005718356054498885,1.1881386144781747,0.3292896345892897,0.35432266122455575,0.18586992627073262,,3.8118613855218255,in,,,,
Ptap,128,5,0,39,0.8904319607991845,0.0055846807926613895,1.2061040857926757,0.3229220645098837,0.34924084303200403,0.18492800653346922,,3.793895914207324,in,,,,
Ptap,128,5,0,38,0.8959493834447345,0.005450164498438714,1.2243244802574014,0.3164587334165733,0.3439611141061111,0.18400843609254425,,3.775675519742599,in,,,,
Ptap,128,5,0,37,0.9013318794086986,0.0053148274294894104,1.2427674845471846,0.3098977174424353,0.3384800686951567,0.18311135343188356,,3.7572325154528157,in,,,,
Ptap,128,5,0,36,0.9065786381069829,0.005178689967079042,1.26139902316497,0.3032372341381206,0.3327945599450874,0.18223689364883616,,3.7386009768350297,in,,,,
Ptap,128,5,0,35,0.9116888693970265,0.005041772613008311,1.280183460767697,0.29647565995589675,0.3269017305280734,0.1813851884338289,,3.719816539232303,in,,,,
Ptap,128,5,0,34,0.9166618036967942,0.004904095986526968,1.2990838353336773,0.2896115473498354,0.32079904318497265,0.1805563660505343,,3.7009161646663227,in,,,,
Ptap,128,5,0,33,0.9214966921006722,0.004765680821229079,1.3180621182121897,0.2826436412623252,0.31448431083203515,0.17975055131655462,,3.6819378817878103,in,,,,
Ptap,128,5,0,32,0.9261928064922511,0.00462654796192874,1.337079495490341,0.2755708947657691,0.3079557258679667,0.1789678655846248,,3.6629205045096587,in,,,,
Ptap,128,5,0,31,0.9307494396539772,0.0044867183615233674,1.356096663353372,0.26839248363402946,0.3012118883123233,0.17820842672433712,,3.643903336646628,in,,,,
Ptap,128,5,0,30,0.9351659053736568,0.004346213077836003,1.3750741281960583,0.26110781963165985,0.29425183241145286,0.1774723491043905,,3.6249258718039417,in,,,,
Ptap,128,5,0,29,0.9394415385477978,0.0042050532704458465,1.3939725002040881,0.2537165623309708,0.2870750513651779,0.176759743575367,,3.606027499795912,in,,,,
Ptap,128,5,0,28,0.943575695281771,0.004063260197500584,1.412752766915813,0.24621862929797944,0.2796815198571008,0.17607071745303818,,3.587247233084187,in,,,,
Ptap,128,5,0,27,0.947567752986779,0.003920855212515395,1.4313765310190254,0.23861420452895318,0.2720717141149579,0.1754053745022035,,3.5686234689809746,in,,,,
Ptap,128,5,0,26,0.9514171104736153,0.0037778597611571874,1.4498061943767877,0.2309037450698597,0.26424662928553305,0.1747638149210641,,3.5501938056232123,in,,,,
Ptap,128,5,0,25,0.9551231880432014,0.0036342953780149623,1.4680050682552805,0.22308798581189007,0.2562077939818772,0.1741461353261331,,3.5319949317447197,in,,,,
Ptap,128,5,0,24,0.9586854275738873,0.003490183683356962,1.485937388231252,0.215167942527158,0.2479572819489286,0.17355242873768542,,3.5140626117687477,in,,,,
Ptap,128,5,0,23,0.9621032926055029,0.0033455463798740537,1.5035682118578844,0.2071449132891228,0.23949772089648438,0.1729827845657495,,3.4964317881421154,in,,,,
Ptap,128,5,0,22,0.9653762684201459,0.0032004052494122304,1.520863178536298,0.1990204785105843,0.2308322986638049,0.17243728859664234,,3.479136821463702,in,,,,
Ptap,128,5,0,21,0.968503862119698,0.0030547821496919036,1.5377881152393624,0.19079649992550085,0.2219647670044595,0.17191602298005032,,3.4622118847606376,in,,,,
Ptap,128,5,0,20,0.971485602700052,0.0029086990110160915,1.5543084801238516,0.1824751189349844,0.2128994434077159,0.17141906621665798,,3.4456915198761484,in,,,,
Ptap,128,5,0,19,0.9743210411220442,0.0027621778329683933,1.5703886503687174,0.1740587548260935,0.20364121149546313,0.17094649314632596,,3.4296113496312826,in,,,,
Ptap,128,5,0,18,0.977009750379078,0.0026152406810990847,1.5859910829619217,0.1655501034461432,0.19419552064058002,0.17049837493682032,,3.4140089170380783,in,,,,
Ptap,128,5,0,17,0.979551325561429,0.002467909683602887,1.6010754099716864,0.1569521369649148,0.1845683855305313,0.17007477907309515,,3.3989245900283134,in,,,,
Ptap,128,5,0,16,0.9819453839172234,0.0023202070279858544,1.6155975748319629,0.14826810537175628,0.17476638643485212,0.1696757693471294,,3.3844024251680374,in,,,,
Ptap,128,5,0,15,0.9841915649100788,0.0021721549577249366,1.6295091725686828,0.13950154032726722,0.16479667091748645,0.1693014058483202,,3.3704908274313174,in,,,,
Ptap,128,5,0,14,0.9862895302733998,0.002023775768917213,1.6427572171768563,0.13065626192708799,0.15466695767164318,0.16895174495443335,,3.3572427828231435,in,,,,
Ptap,128,5,0,13,0.9882389640613197,0.0018750918069225797,1.6552846031325077,0.12173638888473189,0.14438554310025034,0.1686268393231134,,3.3447153968674925,in,,,,
Ptap,128,5,0,12,0.9900395726962805,0.0017261254629989953,1.6670315163348575,0.11274635274114286,0.13396131138580222,0.16832673788395325,,3.3329684836651428,in,,,,
Ptap,128,5,0,11,0.991691085013245,0.0015768991709299574,1.6779379299007466,0.10369091730265219,0.12340374949954411,0.16805148583112584,,3.3220620700992534,in,,,,
Ptap,128,5,0,10,0.993193252300533,0.0014274354036460934,1.6879470542539134,0.09457520634617352,0.11272297079328396,0.1678011246165778,,3.3120529457460863,in,,,,
Ptap,128,5,0,9,0.9945458483372764,0.0012777566698407572,1.6970092321847996,0.08540474729226465,0.10192975640036553,0.16757569194378724,,3.3029907678152,in,,,,
Ptap,128,5,0,8,0.9957486694274874,0.0011278855105811836,1.7050854281766805,0.07618554951091619,0.09103563682706838,0.1673752217620854,,3.2949145718233197,in,,,,
Ptap,128,5,0,7,0.9968015344307342,0.0009778444959122057,1.7121493812156354,0.06692426186185957,0.08005306725490256,0.1671997442615443,,3.287850618784365,in,,,,
Ptap,128,5,0,6,0.9977042847894197,0.0008276562214589722,1.7181878063736997,0.05762852037516317,0.06899582967454534,0.16704928586843004,,3.2818121936263003,in,,,,
Ptap,128,5,0,5,0.9984567845526608,0.0006773433050232258,1.7231986319790464,0.04830779085974195,0.05788002767888387,0.16692386924122318,,3.2768013680209536,in,,,,
tap,128,8,0,1,0.9999623509195723,7.529816085549701E-05,2.767517252584518,0.018886852401963118,0.022663369627329878,0.16667294151340462,457.4545771139638,5.232482747415482,in;sweep=2.0,0.6590669661388152,8.000000000000004,0.42,RunDiagnostics { ResidualInf = 5.555556015224283E-13; Kappa1 = 4425.2785922035955 }
tap,128,8,0,2,0.9998117602676744,0.00022588314294025302,2.765942280941744,0.032622614137883414,0.0391397693057627,0.1666980399553876,263.3951034538865,5.2340577190582565,in;sweep=2.0,0.6590669661388152,8.000000000000004,0.42,RunDiagnostics { ResidualInf = 5.555556015224283E-13; Kappa1 = 4425.2785922035955 }
tap,128,8,0,3,0.9995106016422769,0.0003764341078547062,2.762784392685704,0.047358579976740145,0.0568024969233793,0.16674823305962053,229.44704270231153,5.237215607314296,in;sweep=2.0,0.6590669661388152,8.000000000000004,0.42,RunDiagnostics { ResidualInf = 5.555556015224283E-13; Kappa1 = 4425.2785922035955 }
tap,128,8,0,4,0.999058920396761,0.0005269283831771387,2.7580292381487905,0.06223764021448754,0.07461494965017258,0.16682351326720649,215.4141783767281,5.24197076185121,in;sweep=2.0,0.6590669661388152,8.000000000000004,0.42,RunDiagnostics { ResidualInf = 5.555556015224283E-13; Kappa1 = 4425.2785922035955 }
Ptap,128,8,0,128,0.006135769142859881,0.012271538285719884,1.798448439599717,1.065179066772006,0.6410741816542428,0.33231070514285665,,6.201551560400283,in,,,,
Ptap,128,8,0,127,0.018406383404315982,0.01226969023719232,1.7570109628349588,1.0644173997815676,0.6445826576350424,0.3302656027659473,,6.242989037165041,in,,,,
Ptap,128,8,0,126,0.030674225732135504,0.012265994418446724,1.7260162604821891,1.0632499465218879,0.6478866790338975,0.3282209623779774,,6.273983739517811,in,,,,
Ptap,128,8,0,125,0.042937448634388434,0.012260451386059142,1.7007566712614823,1.0617673190676022,0.6510373324511568,0.3261770918942686,,6.299243328738518,in,,,,
Ptap,128,8,0,124,0.05519420531481327,0.012253061974790522,1.6786302683976952,1.0600093116931508,0.6540556273063175,0.3241342991141978,,6.321369731602305,in,,,,
Ptap,128,8,0,123,0.06744264995093793,0.0122438272974588,1.6584403479471492,1.0580008028123968,0.6569538354671051,0.3220928916748437,,6.341559652052851,in,,,,
Ptap,128,8,0,122,0.07968093797205354,0.012232748744772426,1.6396116164428276,1.055760546119376,0.6597407068413581,0.32005317700465774,,6.360388383557172,in,,,,
Ptap,128,8,0,121,0.0919072263370002,0.01221982798512089,1.6218372000924042,1.0533038806713582,0.6624230615260779,0.3180154622771666,,6.378162799907596,in,,,,
Ptap,128,8,0,120,0.10411967381172185,0.012205066964322414,1.6049336327006178,1.0506438403156706,0.665006430502723,0.315980054364713,,6.395066367299382,in,,,,
Ptap,128,8,0,119,0.1163164412465496,0.012188467905333095,1.588779623038426,1.0477917487566306,0.6674953936212211,0.3139472597922417,,6.411220376961574,in,,,,
Ptap,128,8,0,118,0.12849569185317114,0.012170033307909958,1.573288713853442,1.0447576040392417,0.6698937958035042,0.3119173846911381,,6.426711286146558,in,,,,
Ptap,128,8,0,117,0.14065559148124387,0.012149765948235525,1.55839616678372,1.041550352388962,0.6722049003618721,0.309890734753126,,6.44160383321628,in,,,,
Ptap,128,8,0,116,0.15279430889461146,0.012127668878499642,1.544052090840624,1.0381780918681887,0.6744315028048217,0.3078676151842314,,6.455947909159376,in,,,,
Ptap,128,8,0,115,0.16491001604708128,0.012103745426439966,1.530217460252581,1.0346482266117647,0.6765760168663052,0.3058483306588198,,6.469782539747419,in,,,,
Ptap,128,8,0,114,0.1770008883577211,0.012077999194839678,1.5168615632015328,1.0309675846118087,0.6786405399943687,0.3038331852737131,,6.483138436798467,in,,,,
Ptap,128,8,0,113,0.18906510498563456,0.01205043406098727,1.5039602231089968,1.0271425081440215,0.6806269033559313,0.3018224825023942,,6.496039776891003,in,,,,
Ptap,128,8,0,112,0.2011008491041733,0.012021054176090257,1.491494480682214,1.0231789235426625,0.6825367100983735,0.29981652514930446,,6.5085055193177865,in,,,,
Ptap,128,8,0,111,0.21310630817454407,0.01198986396465121,1.479449579054543,1.0190823953603982,0.6843713646910848,0.2978156153042426,,6.520550420945457,in,,,,
Ptap,128,8,0,110,0.2250796742187704,0.011956868123801478,1.467814164998882,1.014858168708502,0.6861320954866951,0.2958200542968716,,6.532185835001118,in,,,,
Ptap,128,8,0,109,0.2370191440919675,0.011922071622592734,1.456579653175842,1.010511202635419,0.687819972122125,0.2938301426513387,,6.543420346824158,in,,,,
Ptap,128,8,0,108,0.2489229197538892,0.011885479701250645,1.4457397177313454,1.0060461966912664,0.689435918982985,0.2918461800410185,,6.554260282268655,in,,,,
Ptap,128,8,0,107,0.26078920853970644,0.011847097870383794,1.4352898853333964,1.001467612289622,0.6909807256534509,0.2898684652433823,,6.564710114666603,in,,,,
Ptap,128,8,0,106,0.2726162234299756,0.011806931910154639,1.4252272097782699,0.9967796900744667,0.692455055045419,0.28789729609500403,,6.57477279022173,in,,,,
Ptap,128,8,0,105,0.28440218331975753,0.011764987869409216,1.4155500124632547,0.9919864641977949,0.6938594497286078,0.28593296944670704,,6.584449987536745,in,,,,
Ptap,128,8,0,104,0.2961453132868451,0.01172127206476592,1.406257676088103,0.9870917741871944,0.6951943368537075,0.2839757811188591,,6.593742323911897,in,,,,
Ptap,128,8,0,103,0.30784384485905975,0.011675791079663322,1.3973504813328417,0.9820992749137574,0.6964600319633915,0.28202602585682335,,6.6026495186671585,in,,,,
Ptap,128,8,0,102,0.3194960162805771,0.011628551763371464,1.3888294781896924,0.9770124450446969,0.6976567419130753,0.28008399728657046,,6.611170521810307,in,,,,
Ptap,128,8,0,101,0.3311000727772414,0.01157956122995707,1.3806963851547385,0.9718345942708632,0.6987845670685177,0.27814998787045975,,6.619303614845261,in,,,,
Ptap,128,8,0,100,0.34265426682082717,0.011528826857214458,1.3729535107763389,0.9665688695292494,0.6998435029064068,0.27622428886319544,,6.627046489223661,in,,,,
Ptap,128,8,0,99,0.3541568583922113,0.011476356285553768,1.3656036930795656,0.961218260388076,0.700833441113288,0.2743071902679648,,6.634396306920435,in,,,,
Ptap,128,8,0,98,0.3656061152434128,0.011422157416849321,1.3586502532402458,0.9557856037228875,0.7017541702551591,0.27239898079276453,,6.641349746759754,in,,,,
Ptap,128,8,0,97,0.3770003131584636,0.011366238413252239,1.352096960568436,0.9502735877827552,0.7026053760727827,0.2704999478069227,,6.647903039431564,in,,,,
Ptap,128,8,0,96,0.3883377362130689,0.011308607695958262,1.3459480064263294,0.9446847557237373,0.7033866414448448,0.26861037729782183,,6.65405199357367,in,,,,
Ptap,128,8,0,95,0.39961667703301884,0.011249273943941762,1.340207985154717,0.9390215086702515,0.7040974460513985,0.2667305538278302,,6.659792014845283,in,,,,
Ptap,128,8,0,94,0.41083543705131337,0.011188246092647236,1.3348818804557074,0.9332861083526668,0.7047371657628404,0.26486076049144774,,6.665118119544292,in,,,,
Ptap,128,8,0,93,0.4219923267639594,0.011125533332644877,1.3299750559672945,0.9274806793600937,0.7053050717742814,0.26300127887267344,,6.670024944032706,in,,,,
Ptap,128,8,0,92,0.4330856659844046,0.011061145108245518,1.3254932490044036,0.9216072110403429,0.7058003295012327,0.2611523890025992,,6.674506750995596,in,,,,
Ptap,128,8,0,91,0.44411378409656704,0.010995091116079325,1.3214425666343284,0.9156675590737747,0.7062219972496545,0.25931436931723884,,6.678557433365672,in,,,,
Ptap,128,8,0,90,0.4550750203064234,0.010927381303633354,1.3178294833882818,0.9096634467437149,0.7065690246713257,0.2574874966155961,,6.682170516611718,in,,,,
Ptap,128,8,0,89,0.4659677238921189,0.010858025867757637,1.3146608400441058,0.903596465923202,0.7068402510141109,0.25567204601798016,,6.685339159955895,in,,,,
Ptap,128,8,0,88,0.47679025445256024,0.010787035253125077,1.3119438429937298,0.8974680777955523,0.7070344031757779,0.2538682909245733,,6.688056157006271,in,,,,
Ptap,128,8,0,87,0.4875409821544534,0.010714420150661208,1.3096860637811145,0.8912796133246158,0.7071500935695176,0.25207650297425777,,6.690313936218885,in,,,,
Ptap,128,8,0,86,0.4982182879777507,0.010640191495933482,1.307895438451962,0.8850322734894318,0.7071858178091756,0.2502969520037082,,6.692104561548038,in,,,,
Ptap,128,8,0,85,0.5088205639594696,0.010564360467504197,1.3065802663853068,0.8787271292971701,0.7071399522223183,0.24852990600675506,,6.693419733614693,in,,,,
Ptap,128,8,0,84,0.5193462134358452,0.010486938485247066,1.3057492083064135,0.8723651215877818,0.707010751199656,0.2467756310940258,,6.6942507916935865,in,,,,
Ptap,128,8,0,83,0.5297936512827829,0.010407937208628315,1.3054112832028402,0.8659470606435812,0.7067963443899993,0.24503439145286948,,6.69458871679716,in,,,,
Ptap,128,8,0,82,0.5401613041545716,0.0103273685349492,1.3055758638558712,0.8594736256169486,0.7064947337507366,0.2433064493075714,,6.694424136144129,in,,,,
Ptap,128,8,0,81,0.550447610720824,0.010245244597555714,1.3062526707207849,0.8529453637896401,0.7061037904649619,0.24159206487986265,,6.693747329279216,in,,,,
Ptap,128,8,0,80,0.5606510219016076,0.010161577764011387,1.307451763866142,0.8463626896775676,0.7056212517376403,0.23989149634973206,,6.692548236133858,in,,,,
Ptap,128,8,0,79,0.5707700011007293,0.010076380634231996,1.3091835326869277,0.8397258839956011,0.7050447174847888,0.2382049998165451,,6.690816467313073,in,,,,
Ptap,128,8,0,78,0.580803024437142,0.009989666038593525,1.3114586830825696,0.8330350924977393,0.7043716469314107,0.2365328292604763,,6.68854131691743,in,,,,
Ptap,128,8,0,77,0.5907485809744362,0.009901447035994493,1.3142882217790044,0.8262903247090536,0.7035993551359893,0.23487523650426062,,6.685711778220996,in,,,,
Ptap,128,8,0,76,0.6006051729483795,0.009811736911892077,1.317683437456428,0.8194914525670645,0.702725009461681,0.23323247117527007,,6.682316562543572,in,,,,
Ptap,128,8,0,75,0.6103713159924762,0.009720549176301385,1.321655878316342,0.8126382089916421,0.7017456260169502,0.23160478066792062,,6.678344121683658,in,,,,
Ptap,128,8,0,74,0.6200455393615065,0.009627897561759413,1.3262173257029761,0.8057301864042318,0.700658066091335,0.22999241010641558,,6.673782674297024,in,,,,
Ptap,128,8,0,73,0.6296263861530158,0.009533796021259144,1.331379763370348,0.7987668352191275,0.6994590326153065,0.22839560230783068,,6.668620236629652,in,,,,
Ptap,128,8,0,72,0.6391124135267183,0.009438258726145898,1.3371553419620932,0.7917474623316859,0.6981450666768032,0.22681459774554694,,6.662844658037907,in,,,,
Ptap,128,8,0,71,0.6485021929217839,0.009341300063985258,1.3435563382443312,0.7846712296307853,0.6967125441310082,0.22524963451303598,,6.656443661755668,in,,,,
Ptap,128,8,0,70,0.6577943102719742,0.009242934636395361,1.3505951086159484,0.7775371525655512,0.6951576723443383,0.22370094828800427,,6.6494048913840516,in,,,,
Ptap,128,8,0,69,0.6669873662185952,0.009143177256846546,1.3582840364031108,0.7703440987993271,0.6934764871184133,0.2221687722969008,,6.641715963596889,in,,,,
Ptap,128,8,0,68,0.6760799763212357,0.009042042948434692,1.3666354724170189,0.7630907869870671,0.691664849844939,0.22065333727979403,,6.633364527582981,in,,,,
Ptap,128,8,0,67,0.68507077126626,0.008939546941613807,1.3756616682721314,0.7557757857159211,0.6897184449481499,0.21915487145562332,,6.624338331727868,in,,,,
Ptap,128,8,0,66,0.6939583970730199,0.008835704671905864,1.385374701928329,0.7483975126524558,0.687632777677418,0.21767360048783002,,6.614625298071671,in,,,,
Ptap,128,8,0,65,0.7027415152977601,0.008730531777574657,1.3957863949639842,0.7409542339440836,0.6854031723191898,0.2162097474503733,,6.604213605036016,in,,,,
Ptap,128,8,0,64,0.711418803235183,0.008624044097271133,1.4069082210782835,0.7334440639264334,0.6830247709041775,0.21476353279413618,,6.593091778921717,in,,,,
Ptap,128,8,0,63,0.7199889541176427,0.008516257667648186,1.4187512053857645,0.7258649651929214,0.6804925324930053,0.2133351743137262,,6.581248794614235,in,,,,
Ptap,128,8,0,62,0.7284506773119397,0.008407188720945924,1.431325814096735,0.7182147490872809,0.6778012331309072,0.21192488711467672,,6.568674185903265,in,,,,
Ptap,128,8,0,61,0.7368026985136857,0.00829685368254618,1.4446418342738032,0.7104910766845217,0.6749454665698263,0.21053288358105238,,6.555358165726197,in,,,,
Ptap,128,8,0,60,0.745043759939209,0.008185269168500264,1.4587082434504652,0.7026914603304028,0.6719196458640156,0.20915937334346515,,6.541291756549535,in,,,,
Ptap,128,8,0,59,0.7531726205149718,0.00807245198302542,1.4735330690187938,0.6948132658139622,0.6687180059529376,0.20780456324750468,,6.526466930981206,in,,,,
Ptap,128,8,0,58,0.7611880560644717,0.007958419115974391,1.4891232374840981,0.6868537152519695,0.6653346073528482,0.20646865732258804,,6.510876762515902,in,,,,
Ptap,128,8,0,57,0.769088859492598,0.007843187740278035,1.505484413849856,0.6788098907678582,0.6617633410854092,0.20515185675123365,,6.494515586150144,in,,,,
Ptap,128,8,0,56,0.7768738409674157,0.007726775209357495,1.522620831666166,0.670678739050956,0.6579979349781095,0.20385435983876402,,6.477379168333834,in,,,,
Ptap,128,8,0,55,0.7845418280993504,0.007609199054511739,1.5405351145399235,0.6624570768840925,0.6540319614765726,0.2025763619834416,,6.4594648854600765,in,,,,
Ptap,128,8,0,54,0.7920916661177448,0.007490476982277228,1.559228090226926,0.6541415977288535,0.6498588471127658,0.20131805564704253,,6.4407719097730745,in,,,,
Ptap,128,8,0,53,0.7995222180447641,0.0073706268717613765,1.57869859880573,0.6457288794575655,0.6454718837753323,0.20007963032587264,,6.42130140119427,in,,,,
Ptap,128,8,0,52,0.8068323648666198,0.007249666771949825,1.598943296816667,0.6372153933190821,0.6408642419281009,0.19886127252223001,,6.4010567031833325,in,,,,
Ptap,128,8,0,51,0.8140210057020891,0.007127614898988943,1.6199564597078995,0.6285975142214858,0.6360289859200516,0.19766316571631848,,6.3800435402921005,in,,,,
Ptap,128,8,0,50,0.8210870579683043,0.007004489633441469,1.6417297853856667,0.619871532408355,0.6309590915238483,0.19648549033861595,,6.3582702146143335,in,,,,
Ptap,128,8,0,49,0.8280294575437852,0.006880309517520278,1.6642522021455166,0.6110336665960653,0.6256474658301171,0.19532842374270246,,6.335747797854483,in,,,,
Ptap,128,8,0,48,0.8348471589286917,0.006755093252292732,1.687509684748845,0.6020800786273571,0.6200869696103768,0.19419214017855138,,6.312490315251155,in,,,,
Ptap,128,8,0,47,0.8415391354022725,0.006628859694869038,1.7114850828485,0.5930068896807439,0.6142704422423426,0.1930768107662879,,6.2885149171515,in,,,,
Ptap,128,8,0,46,0.848104379177486,0.006501627855557968,1.7361579664154951,0.5838101980562698,0.6081907292670133,0.19198260347041898,,6.263842033584504,in,,,,
Ptap,128,8,0,45,0.8545419015527685,0.0063734168950069225,1.7615044931124721,0.5744860985351714,0.6018407126168345,0.19090968307453854,,6.238495506887528,in,,,,
Ptap,128,8,0,44,0.8608507330609294,0.006244246121314689,1.787497302848008,0.5650307032846655,0.5952133435186284,0.18985821115651175,,6.212502697151992,in,,,,
Ptap,128,8,0,43,0.8670299236151491,0.006114134987124653,1.8141054448160137,0.555440164249073,0.5883016780334446,0.1888283460641418,,6.185894555183986,in,,,,
Ptap,128,8,0,42,0.8730785426520589,0.005983103086695141,1.8412943422762076,0.5457106969355097,0.5810989151486389,0.1878202428913235,,6.158705657723792,in,,,,
Ptap,128,8,0,41,0.8789956792718807,0.005851170152948448,1.869025800068852,0.5358386054668332,0.5735984372857295,0.18683405345468654,,6.130974199931148,in,,,,
Ptap,128,8,0,40,0.8847804423756044,0.005718356054498885,1.8972580593578334,0.5258203087372536,0.5657938530317802,0.18586992627073262,,6.102741940642167,in,,,,
Ptap,128,8,0,39,0.8904319607991845,0.0055846807926613895,1.9259459033741362,0.5156523674680568,0.5576790418434877,0.18492800653346922,,6.074054096625864,in,,,,
Ptap,128,8,0,38,0.8959493834447345,0.005450164498438714,1.955040816898117,0.5053315119233796,0.5492482004131928,0.18400843609254425,,6.0449591831018825,in,,,,
Ptap,128,8,0,37,0.9013318794086986,0.0053148274294894104,1.9844912009704176,0.49485467001047123,0.5404958903267071,0.18311135343188356,,6.015508799029583,in,,,,
Ptap,128,8,0,36,0.9065786381069829,0.005178689967079042,2.0142426427384708,0.484218995456724,0.5314170865859866,0.18223689364883616,,5.985757357261529,in,,,,
Ptap,128,8,0,35,0.9116888693970265,0.005041772613008311,2.044238238536608,0.47342189572875537,0.5220072265177973,0.1813851884338289,,5.955761761463393,in,,,,
Ptap,128,8,0,34,0.9166618036967942,0.004904095986526968,2.074418966217199,0.46246105933854187,0.5122622585449109,0.1805563660505343,,5.925581033782802,in,,,,
Ptap,128,8,0,33,0.9214966921006722,0.004765680821229079,2.1047241004036907,0.4513344821696107,0.5021786902614566,0.17975055131655462,,5.895275899596309,in,,,,
Ptap,128,8,0,32,0.9261928064922511,0.00462654796192874,2.135091661788457,0.44004049245421006,0.49175363523139,0.1789678655846248,,5.864908338211543,in,,,,
Ptap,128,8,0,31,0.9307494396539772,0.0044867183615233674,2.1654588887726542,0.42857777404146064,0.4809848579207862,0.17820842672433712,,5.834541111227345,in,,,,
Ptap,128,8,0,30,0.9351659053736568,0.004346213077836003,2.1957627166929905,0.4169453876180288,0.46987081618306475,0.1774723491043905,,5.8042372833070095,in,,,,
Ptap,128,8,0,29,0.9394415385477978,0.0042050532704458465,2.2259402466244933,0.40514278957800187,0.45841070074335866,0.176759743575367,,5.774059753375507,in,,,,
Ptap,128,8,0,28,0.943575695281771,0.004063260197500584,2.2559291822095044,0.39316984828813634,0.4466044711756265,0.17607071745303818,,5.7440708177904956,in,,,,
Ptap,128,8,0,27,0.947567752986779,0.003920855212515395,2.2856682093816922,0.38102685755960675,0.43445288793567743,0.1754053745022035,,5.714331790618308,in,,,,
Ptap,128,8,0,26,0.9514171104736153,0.0037778597611571874,2.315097290223594,0.368714547218155,0.4219575401059916,0.1747638149210641,,5.684902709776406,in,,,,
Ptap,128,8,0,25,0.9551231880432014,0.0036342953780149623,2.344157838981557,0.3562340907617365,0.4091208686251891,0.1741461353261331,,5.655842161018443,in,,,,
Ptap,128,8,0,24,0.9586854275738873,0.003490183683356962,2.372792745871032,0.3435871102080228,0.3959461849160695,0.17355242873768542,,5.627207254128968,in,,,,
Ptap,128,8,0,23,0.9621032926055029,0.0033455463798740537,2.400946213666023,0.33077567836257926,0.38243768499038566,0.1729827845657495,,5.599053786333977,in,,,,
Ptap,128,8,0,22,0.9653762684201459,0.0032004052494122304,2.4285633742541304,0.3178023188795361,0.36860045929268254,0.17243728859664234,,5.57143662574587,in,,,,
Ptap,128,8,0,21,0.968503862119698,0.0030547821496919036,2.455589659043418,0.30467000463572247,0.3544404987440611,0.17191602298005032,,5.544410340956582,in,,,,
Ptap,128,8,0,20,0.971485602700052,0.0029086990110160915,2.481969910504571,0.29138215508949816,0.3399646976506311,0.17141906621665798,,5.518030089495429,in,,,,
Ptap,128,8,0,19,0.9743210411220442,0.0027621778329683933,2.507647244968091,0.2779426334364651,0.32518085433733124,0.17094649314632596,,5.492352755031909,in,,,,
Ptap,128,8,0,18,0.977009750379078,0.0026152406810990847,2.5325617125413094,0.26435574449256183,0.31009767053852705,0.17049837493682032,,5.467438287458691,in,,,,
Ptap,128,8,0,17,0.979551325561429,0.002467909683602887,2.55664885240919,0.25062623431435377,0.2947247507011478,0.17007477907309515,,5.4433511475908105,in,,,,
Ptap,128,8,0,16,0.9819453839172234,0.0023202070279858544,2.5798383136258005,0.23675929258964992,0.2790726024118133,0.1696757693471294,,5.4201616863741995,in,,,,
Ptap,128,8,0,15,0.9841915649100788,0.0021721549577249366,2.602052801567665,0.22276055878799875,0.2631526391311522,0.1693014058483202,,5.397947198432335,in,,,,
Ptap,128,8,0,14,0.9862895302733998,0.002023775768917213,2.6232077064730066,0.20863613296132422,0.24697718631742316,0.16895174495443335,,5.376792293526993,in,,,,
Ptap,128,8,0,13,0.9882389640613197,0.0018750918069225797,2.643211840399183,0.19439259200420056,0.23055949193439634,0.1686268393231134,,5.356788159600817,in,,,,
Ptap,128,8,0,12,0.9900395726962805,0.0017261254629989953,2.6619696902613925,0.1800370123441332,0.21391374253121112,0.16832673788395325,,5.338030309738608,in,,,,
Ptap,128,8,0,11,0.991691085013245,0.0015768991709299574,2.6793854031962403,0.16557700098071354,0.19705508720952472,0.16805148583112584,,5.320614596803759,in,,,,
Ptap,128,8,0,10,0.993193252300533,0.0014274354036460934,2.6953682957768916,0.15102073972616906,0.17999967529567923,0.1678011246165778,,5.304631704223109,in,,,,
Ptap,128,8,0,9,0.9945458483372764,0.0012777566698407572,2.7098390737697424,0.13637705494391653,0.1627647224511104,0.16757569194378724,,5.290160926230257,in,,,,
Ptap,128,8,0,8,0.9957486694274874,0.0011278855105811836,2.7227354040021856,0.1216555425897704,0.1453686409601261,0.1673752217620854,,5.277264595997814,in,,,,
Ptap,128,8,0,7,0.9968015344307342,0.0009778444959122057,2.73401535204103,0.10686681977738875,0.12783131965826575,0.1671997442615443,,5.26598464795897,in,,,,
Ptap,128,8,0,6,0.9977042847894197,0.0008276562214589722,2.743657704084428,0.09202307996586125,0.11017476607273818,0.16704928586843004,,5.256342295915572,in,,,,
Ptap,128,8,0,5,0.9984567845526608,0.0006773433050232258,2.751659152019574,0.07713943846415378,0.09242469494003747,0.16692386924122318,,5.248340847980426,in,,,,
tap,256,2,0,1,0.9999905876413006,1.882471739889091E-05,0.6954893152797723,0.0023819988026892694,0.00285837165920777,0.1666682353931166,230.77344504900216,1.3045106847202277,in;sweep=2.0,0.16511592384332002,7.9999999999999964,3.20,RunDiagnostics { ResidualInf = 9.73165992235181E-13; Kappa1 = 17664.571238599845 }
tap,256,2,0,2,0.9999529385608728,5.64734434566061E-05,0.6953916087257692,0.004114778781266795,0.004937502171562266,0.16667451023985452,132.8847004621612,1.3046083912742308,in;sweep=2.0,0.16511592384332002,7.9999999999999964,3.20,RunDiagnostics { ResidualInf = 9.73165992235181E-13; Kappa1 = 17664.571238599845 }
tap,256,2,0,3,0.999877641817484,9.41200433210998E-05,0.6951960618113007,0.005975125847100392,0.007169273797208685,0.166687059697086,115.78110712449622,1.3048039381886993,in;sweep=2.0,0.16511592384332002,7.9999999999999964,3.20,RunDiagnostics { ResidualInf = 9.73165992235181E-13; Kappa1 = 17664.571238599845 }
tap,256,2,0,4,0.9997647002460138,0.00013176309961915322,0.6949024127399418,0.00785587891635321,0.009424837037787504,0.166705883292331,108.73609643227937,1.3050975872600583,in;sweep=2.0,0.16511592384332002,7.9999999999999964,3.20,RunDiagnostics { ResidualInf = 9.73165992235181E-13; Kappa1 = 17664.571238599845 }
Ptap,256,2,0,256,0.0030679423245771656,0.0061358846491544545,0.4543245474364849,0.2670793526231719,0.1604938044416426,0.33282200961257047,,1.545675452563515,in,,,,
Ptap,256,2,0,255,0.009203711467437108,0.00613565363656543,0.44827691850219237,0.26701882166332536,0.1609519707474326,0.3317993814220938,,1.5517230814978076,in,,,,
Ptap,256,2,0,254,0.01533913409576226,0.006135191620084872,0.4430998060554413,0.2669223063410837,0.16139118431368096,0.3307768109840396,,1.5569001939445588,in,,,,
Ptap,256,2,0,253,0.021473979214358417,0.006134498617107447,0.4386678225691814,0.2667983672654354,0.16181644181328114,0.3297543367976069,,1.5613321774308186,in,,,,
Ptap,256,2,0,252,0.0276080158497743,0.006133574653724317,0.4348029311000146,0.2666513847177028,0.16223025860607646,0.32873199735837094,,1.5651970688999854,in,,,,
Ptap,256,2,0,251,0.03374101305899766,0.006132419764722407,0.4313494830910499,0.2664838965552292,0.16263405685116397,0.3277098311568337,,1.5686505169089502,in,,,,
Ptap,256,2,0,250,0.039872739938149854,0.006131033993581968,0.4281936582558659,0.2662975429372696,0.16302872677493407,0.326687876676975,,1.5718063417441341,in,,,,
Ptap,256,2,0,249,0.04600296563117942,0.006129417392477174,0.4252576913171992,0.26609349838429186,0.16341488366910156,0.32566617239480344,,1.5747423086828007,in,,,,
Ptap,256,2,0,248,0.05213145933855396,0.006127570022271905,0.4224893805739336,0.2658726776784318,0.16379299041699089,0.32464475677690763,,1.5775106194260664,in,,,,
Ptap,256,2,0,247,0.05825799032594922,0.006125491952518616,0.4198534636070506,0.26563583810572355,0.1641634182804631,0.32362366827900846,,1.5801465363929494,in,,,,
Ptap,256,2,0,246,0.06438232793293626,0.006123183261455452,0.41732568478746185,0.26538363287358113,0.16452647857270836,0.3226029453445106,,1.5826743152125382,in,,,,
Ptap,256,2,0,245,0.07050424158166566,0.006120644036003348,0.41488894949199545,0.2651166407398366,0.1648824401400047,0.3215826264030557,,1.5851110505080046,in,,,,
Ptap,256,2,0,244,0.07662350078554866,0.0061178743717626854,0.4125308741746577,0.2648353835901559,0.16523153965850398,0.3205627498690752,,1.5874691258253422,in,,,,
Ptap,256,2,0,243,0.08273987515793488,0.0061148743730097405,0.41024222588061654,0.26454033764231355,0.1655739881394165,0.3195433541403442,,1.5897577741193833,in,,,,
Ptap,256,2,0,242,0.08885313442078616,0.006111644152692816,0.4080159208145356,0.2642319411168696,0.16590997534045934,0.3185244775965356,,1.5919840791854645,in,,,,
Ptap,256,2,0,241,0.0949630484133466,0.006108183832428074,0.40584637449105515,0.2639105998416835,0.1662396729608082,0.31750615859777553,,1.5941536255089448,in,,,,
Ptap,256,2,0,240,0.10106938710080762,0.006104493542493955,0.40372907445387995,0.2635766915743458,0.16656323708759224,0.3164884354831987,,1.59627092554612,in,,,,
Ptap,256,2,0,239,0.10717192058296883,0.006100573421828459,0.4016602951689993,0.263230569476651,0.16688081015221815,0.31547134656950515,,1.5983397048310006,in,,,,
Ptap,256,2,0,238,0.1132704191028939,0.006096423618021693,0.39963690463638796,0.26287256499134637,0.16719252254455366,0.31445493014951764,,1.600363095363612,in,,,,
Ptap,256,2,0,237,0.11936465305556046,0.006092044287311402,0.39765623079815665,0.26250299027243185,0.16749849397370947,0.3134392244907399,,1.6023437692018434,in,,,,
Ptap,256,2,0,236,0.12545439299650463,0.006087435594576959,0.39571596735053427,0.26212214026559466,0.16779883463146228,0.31242426783391586,,1.6042840326494656,in,,,,
Ptap,256,2,0,235,0.13153940965045963,0.006082597713332999,0.39381410582211845,0.26173029450428764,0.1680936461958717,0.31141009839159006,,1.6061858941778815,in,,,,
Ptap,256,2,0,234,0.13761947391998763,0.006077530825723015,0.3919488853853575,0.26132771866866333,0.16838302270184033,0.3103967543466687,,1.6080511146146426,in,,,,
Ptap,256,2,0,233,0.14369435689410537,0.006072235122512509,0.39011875481377745,0.26091466594331025,0.1686670512987884,0.30938427385098244,,1.6098812451862226,in,,,,
Ptap,256,2,0,232,0.14976382985690245,0.00606671080308166,0.3883223428924289,0.26049137820240603,0.16894581291139257,0.30837269502384956,,1.611677657107571,in,,,,
Ptap,256,2,0,231,0.1558276642961523,0.006060958075417983,0.3865584348233961,0.2600580870458463,0.1692193828164714,0.30736205595064126,,1.6134415651766039,in,,,,
Ptap,256,2,0,230,0.16188563191191563,0.006054977156108671,0.3848259529763872,0.25961501470620446,0.16948783114703128,0.3063523946813474,,1.6151740470236127,in,,,,
Ptap,256,2,0,229,0.1679375046251356,0.006048768270331295,0.3831239408592889,0.2591623748434836,0.16975122333288453,0.30534374922914403,,1.616876059140711,in,,,,
Ptap,256,2,0,228,0.17398305458622498,0.0060423316518475045,0.3814515495406363,0.2587003732423071,0.1700096204859823,0.3043361575689625,,1.6185484504593637,in,,,,
Ptap,256,2,0,227,0.18002205418364484,0.0060356675429921736,0.379808025978125,0.25822920842421965,0.1702630797375231,0.3033296576360592,,1.6201919740218749,in,,,,
Ptap,256,2,0,226,0.18605427605247354,0.006028776194665242,0.37819270287936885,0.25774907218614274,0.17051165453300998,0.3023242873245877,,1.6218072971206312,in,,,,
Ptap,256,2,0,225,0.19207949308296718,0.006021657866322028,0.37660498981018214,0.25726015007455644,0.17075539489061997,0.3013200844861721,,1.6233950101898178,in,,,,
Ptap,256,2,0,224,0.19809747842911002,0.006014312825963625,0.37504436534591395,0.2567626218037482,0.17099434762757562,0.30031708692848164,,1.624955634654086,in,,,,
Ptap,256,2,0,223,0.20410800551715513,0.006006741350126632,0.373510370114406,0.2562566616253883,0.1712285565586129,0.2993153324138075,,1.626489629885594,in,,,,
Ptap,256,2,0,222,0.21011084805415486,0.005998943723872802,0.37200260060021606,0.25574243865571156,0.17145806267009497,0.29831485865764085,,1.627997399399784,in,,,,
Ptap,256,2,0,221,0.21610578003648045,0.005990920240778408,0.37052070362086703,0.2552201171657887,0.17168290427288316,0.2973157033272532,,1.629479296379133,in,,,,
Ptap,256,2,0,220,0.22209257575833116,0.005982671202923007,0.36906437138947945,0.2546898568396188,0.1719031171366541,0.29631790404027814,,1.6309356286105205,in,,,,
Ptap,256,2,0,219,0.2280710098202319,0.005974196920878472,0.3676333370986217,0.25415181300415735,0.17211873460800897,0.2953214983632947,,1.6323666629013782,in,,,,
Ptap,256,2,0,218,0.23404085713751918,0.0059654977136960885,0.3662273709702208,0.2536061368348474,0.17232978771441232,0.29432652381041347,,1.6337726290297792,in,,,,
Ptap,256,2,0,217,0.24000189294881555,0.005956573908896645,0.36484627671951386,0.2530529755397355,0.17253630525572572,0.29333301784186405,,1.635153723280486,in,,,,
Ptap,256,2,0,216,0.24595389282449198,0.00594742584245625,0.3634898883907056,0.25249247252484586,0.17273831388486874,0.29234101786258465,,1.6365101116092944,in,,,,
Ptap,256,2,0,215,0.2518966326751173,0.005938053858794395,0.36215806752848034,0.2519247675431339,0.17293583817894267,0.29135056122081376,,1.6378419324715197,in,,,,
Ptap,256,2,0,214,0.257829888759895,0.005928458310760942,0.3608507006464781,0.2513499968290122,0.17312890070196224,0.29036168520668415,,1.639149299353522,in,,,,
Ptap,256,2,0,213,0.26375343769508686,0.005918639559622851,0.3595676969683632,0.2507682932201982,0.1733175220602056,0.28937442705081884,,1.6404323030316368,in,,,,
Ptap,256,2,0,212,0.2696670564624236,0.005908597975050556,0.35830898641000386,0.25017978626837806,0.17350172095104316,0.28838882392292936,,1.641691013589996,in,,,,
Ptap,256,2,0,211,0.2755705224175009,0.005898333935104083,0.3570745177797276,0.2495846023399916,0.17368151420599998,0.2874049129304165,,1.6429254822202723,in,,,,
Ptap,256,2,0,210,0.28146361329816233,0.005887847826218762,0.3558642571750664,0.2489828647082692,0.1738569168287041,0.2864227311169729,,1.6441357428249335,in,,,,
Ptap,256,2,0,209,0.2873461072328669,0.005877140043190454,0.35467818655565747,0.24837469363749776,0.1740279420282862,0.2854423154611888,,1.6453218134443426,in,,,,
Ptap,256,2,0,208,0.293217782749043,0.00586621098916168,0.3535163024733999,0.24776020646036323,0.17419460124871955,0.2844637028751595,,1.6464836975266002,in,,,,
Ptap,256,2,0,207,0.29907841878142594,0.00585506107560424,0.35237861494560807,0.24713951764911185,0.1743569041945293,0.2834869302030957,,1.647621385054392,in,,,,
Ptap,256,2,0,206,0.30492779468038145,0.0058436907223067824,0.3512651464569264,0.24651273888117048,0.17451485885324067,0.2825120342199364,,1.6487348535430737,in,,,,
Ptap,256,2,0,205,0.31076569022021316,0.00583210035735654,0.35017593107143175,0.24587997909977147,0.17466847151487827,0.28153905162996445,,1.6498240689285684,in,,,,
Ptap,256,2,0,204,0.31659188560745355,0.00582029041712423,0.34911101365268027,0.2452413445700879,0.1748177467888107,0.2805680190654244,,1.6508889863473197,in,,,,
Ptap,256,2,0,203,0.32240616148913925,0.005808261346247234,0.34807044917086627,0.24459693893127943,0.17496268761816577,0.2795989730851434,,1.6519295508291338,in,,,,
Ptap,256,2,0,202,0.3282082989610696,0.0057960135976134475,0.34705430209483157,0.24394686324483242,0.17510329529203836,0.278631950173155,,1.6529456979051684,in,,,,
Ptap,256,2,0,201,0.3339980795760481,0.005783547632343622,0.3460626458558814,0.24329121603950815,0.1752395694556683,0.27766698673732526,,1.6539373541441185,in,,,,
Ptap,256,2,0,200,0.3397752853521071,0.005770863919774327,0.34509556237905065,0.24263009335318653,0.1753715081187509,0.2767041191079821,,1.6549044376209494,in,,,,
Ptap,256,2,0,199,0.34553969878071433,0.005757962937440131,0.3441531416714186,0.24196358877184537,0.17549910766201576,0.2757433835365476,,1.6558468583285815,in,,,,
Ptap,256,2,0,198,0.3512911028349624,0.005744845171056001,0.3432354814619956,0.24129179346589266,0.17562236284219365,0.27478481619417294,,1.6567645185380044,in,,,,
Ptap,256,2,0,197,0.3570292809777393,0.005731511114497767,0.3423426868904694,0.24061479622405063,0.1757412667954849,0.27382845317037674,,1.6576573131095307,in,,,,
Ptap,256,2,0,196,0.362754017169881,0.005717961269785687,0.34147487023691914,0.2399326834849508,0.17585581103961426,0.2728743304716865,,1.6585251297630808,in,,,,
Ptap,256,2,0,195,0.36846509587830567,0.005704196147063634,0.34063215068454183,0.2392455393665824,0.17596598547454972,0.27192248402028235,,1.6593678493154582,in,,,,
Ptap,256,2,0,194,0.3741623020841278,0.005690216264580716,0.3398146541207211,0.23855344569374562,0.17607177838196938,0.27097294965264535,,1.6601853458792788,in,,,,
Ptap,256,2,0,193,0.37984542129075394,0.005676022148671522,0.33902251296298436,0.23785648202360593,0.17617317642352578,0.2700257631182077,,1.6609774870370155,in,,,,
Ptap,256,2,0,192,0.38551423953195796,0.005661614333736464,0.33825586601212715,0.2371547256694647,0.17627016463796855,0.26908096007800697,,1.661744133987873,in,,,,
Ptap,256,2,0,191,0.3911685433799371,0.005646993362221797,0.33751485832762096,0.2364482517228344,0.17636272643717213,0.2681385761033438,,1.662485141672379,in,,,,
Ptap,256,2,0,190,0.3968081199533473,0.005632159784598689,0.33679964112153604,0.23573713307390126,0.17645084360111007,0.2671986466744421,,1.663200358878464,in,,,,
Ptap,256,2,0,189,0.4024327569253182,0.005617114159343073,0.3361103716729454,0.23502144043045814,0.1765344962718204,0.2662612071791136,,1.6638896283270546,in,,,,
Ptap,256,2,0,188,0.4080422425314468,0.00560185705291405,0.3354472132539914,0.23430124233536254,0.1766136629463857,0.2653262929114255,,1.6645527867460086,in,,,,
Ptap,256,2,0,187,0.4136363655777704,0.005586389039733186,0.3348103350707911,0.23357660518259174,0.17668832046896701,0.26439393907037156,,1.6651896649292088,in,,,,
Ptap,256,2,0,186,0.41921491544871836,0.005570710702162696,0.3341999122169009,0.23284759323195023,0.1767584440219178,0.26346418075854694,,1.6658000877830992,in,,,,
Ptap,256,2,0,185,0.42477768211504074,0.005554822630482181,0.33361612563353255,0.23211426862247195,0.1768240071159964,0.2625370529808265,,1.6663838743664674,in,,,,
Ptap,256,2,0,184,0.4303244561417169,0.005538725422870094,0.33305916208032776,0.2313766913845764,0.17688498157970875,0.26161259064304715,,1.6669408379196722,in,,,,
Ptap,256,2,0,183,0.4358550286958397,0.005522419685375424,0.33252921411300673,0.23063491945101736,0.1769413375477984,0.26069082855069337,,1.6674707858869933,in,,,,
Ptap,256,2,0,182,0.4413691915544783,0.005505906031901764,0.33202648006574637,0.22988900866666248,0.17699304344890168,0.25977180140758693,,1.6679735199342536,in,,,,
Ptap,256,2,0,181,0.4468667371125179,0.005489185084177561,0.33155116403775564,0.22913901279714413,0.17704006599238817,0.2588555438145803,,1.6684488359622445,in,,,,
Ptap,256,2,0,180,0.4523474583904752,0.005472257471737019,0.33110347588609407,0.2283849835364229,0.17708237015440756,0.2579420902682541,,1.668896524113906,in,,,,
Ptap,256,2,0,179,0.4578111490422919,0.005455123831896336,0.3306836312172214,0.2276269705132847,0.1771199191631508,0.257031475159618,,1.6693163687827786,in,,,,
Ptap,256,2,0,178,0.46325760336310307,0.005437784809725954,0.3302918513844905,0.2268650212968198,0.1771526744833529,0.25612373277281614,,1.6697081486155094,in,,,,
Ptap,256,2,0,177,0.46868661629698183,0.005420241058031683,0.32992836348227694,0.2260991814008974,0.17718059580004059,0.25521889728383634,,1.670071636517723,in,,,,
Ptap,256,2,0,176,0.4740979834446598,0.005402493237324224,0.32959340034469653,0.22532949428768348,0.17720364100155425,0.2543170027592233,,1.6704065996553035,in,,,,
Ptap,256,2,0,175,0.47949150107122235,0.005384542015800853,0.3292872005401992,0.22455600137021342,0.17722176616184654,0.25341808315479625,,1.6707127994598008,in,,,,
Ptap,256,2,0,174,0.4848669661137792,0.005366388069312944,0.32901000836714794,0.2237787420140595,0.1772349255220826,0.25252217231437013,,1.6709899916328521,in,,,,
Ptap,256,2,0,173,0.49022417618910985,0.005348032081348264,0.32876207384707984,0.2229977535381147,0.17724307147155385,0.25162930396848165,,1.6712379261529202,in,,,,
Ptap,256,2,0,172,0.4955629296012828,0.005329474742997609,0.32854365271464364,0.2222130712145186,0.17724615452792003,0.25073951173311954,,1.6714563472853563,in,,,,
Ptap,256,2,0,171,0.5008830253492496,0.005310716752935873,0.3283550064063042,0.2214247282677571,0.17724412331680184,0.2498528291084584,,1.671644993593696,in,,,,
Ptap,256,2,0,170,0.5061842631344122,0.005291758817389636,0.3281964020440351,0.22063275587295567,0.17723692455073503,0.24896928947759794,,1.671803597955965,in,,,,
Ptap,256,2,0,169,0.5114664433681644,0.005272601650114561,0.3280681124155974,0.21983718315339532,0.1772245030075074,0.24808892610530592,,1.6719318875844027,in,,,,
Ptap,256,2,0,168,0.5167293671794057,0.005253245972367981,0.32797041594932314,0.21903803717727494,0.17720680150789572,0.2472117721367657,,1.672029584050677,in,,,,
Ptap,256,2,0,167,0.5219728364220292,0.0052336925128790845,0.3279035966852794,0.2182353429537508,0.17718376089282598,0.24633786059632845,,1.6720964033147205,in,,,,
Ptap,256,2,0,166,0.5271966536823818,0.005213942007825989,0.32786794423887367,0.21742912342827173,0.1771553199999712,0.2454672243862697,,1.6721320557611263,in,,,,
Ptap,256,2,0,165,0.5324006222866959,0.005193995200802326,0.327863753759269,0.21661939947724326,0.17712141563981496,0.24459989628555068,,1.672136246240731,in,,,,
Ptap,256,2,0,164,0.537584546308495,0.005173852842795812,0.3278913258807573,0.21580618990204364,0.17708198257119984,0.24373590894858416,,1.6721086741192428,in,,,,
Ptap,256,2,0,163,0.5427482305759695,0.0051535156921533876,0.3279509666665509,0.21498951142242026,0.17703695347638673,0.24287529490400508,,1.6720490333334492,in,,,,
Ptap,256,2,0,162,0.5478914806793256,0.0051329845145585695,0.32804298754446387,0.21416937866929384,0.1769862589356503,0.24201808655344573,,1.671957012455536,in,,,,
Ptap,256,2,0,161,0.5530141029781034,0.005112260082997144,0.3281677052346485,0.21334580417700053,0.17692982740143906,0.24116431617031608,,1.6718322947653514,in,,,,
Ptap,256,2,0,160,0.5581159046084689,0.005091343177733965,0.32832544166765043,0.21251879837499874,0.1768675851721281,0.2403140158985885,,1.6716745583323496,in,,,,
Ptap,256,2,0,159,0.5631966934904746,0.005070234586277422,0.3285165238925913,0.21168836957907256,0.17679945636539568,0.23946721775158755,,1.6714834761074087,in,,,,
Ptap,256,2,0,158,0.5682562783352902,0.005048935103353802,0.3287412839759721,0.21085452398206486,0.1767253628912592,0.23862395361078495,,1.671258716024028,in,,,,
Ptap,256,2,0,157,0.5732944686524062,0.005027445530878194,0.3290000588885677,0.21001726564416792,0.1766452244248016,0.23778425522459895,,1.6709999411114322,in,,,,
Ptap,256,2,0,156,0.5783110747568049,0.005005766677919077,0.3292931903806677,0.20917659648280806,0.17655895837862803,0.23694815420719917,,1.6707068096193323,in,,,,
Ptap,256,2,0,155,0.5833059077761016,0.004983899360674449,0.32962102484577327,0.20833251626215998,0.1764664798750932,0.2361156820373164,,1.6703789751542266,in,,,,
Ptap,256,2,0,154,0.5882787796576565,0.004961844402435189,0.32998391317062536,0.20748502258232454,0.17636770171834007,0.23528687005705723,,1.6700160868293747,in,,,,
Ptap,256,2,0,153,0.5932295031756537,0.0049396026335593035,0.3303822105713733,0.20663411086820874,0.17626253436619493,0.2344617494707244,,1.6696177894286266,in,,,,
Ptap,256,2,0,152,0.598157891938151,0.004917174891435394,0.33081627641661737,0.2057797743581499,0.17615088590197,0.2336403513436415,,1.6691837235833826,in,,,,
Ptap,256,2,0,151,0.6030637603940971,0.004894562020456683,0.3312864740327215,0.20492200409231845,0.17603266200621734,0.2328227066009838,,1.6687135259672785,in,,,,
Ptap,256,2,0,150,0.6079469238403175,0.004871764871984152,0.33179317049697293,0.2040607889009528,0.17590776592849824,0.23200884602661376,,1.668206829503027,in,,,,
Ptap,256,2,0,149,0.6128071984284682,0.004848784304317233,0.3323367364082897,0.20319611539245572,0.17577609845921138,0.23119880026192197,,1.6676632635917104,in,,,,
Ptap,256,2,0,148,0.617644401171958,0.004825621182662387,0.3329175456465317,0.2023279679414195,0.1756375579015582,0.23039259980467366,,1.6670824543534684,in,,,,
Ptap,256,2,0,147,0.6224583499528378,0.004802276379097026,0.3335359751089545,0.20145632867661128,0.17549204004369448,0.22959027500786036,,1.6664640248910456,in,,,,
Ptap,256,2,0,146,0.6272488635286566,0.004778750772540863,0.334192404429543,0.20058117746898027,0.1753394381311452,0.22879185607855723,,1.665807595570457,in,,,,
Ptap,256,2,0,145,0.6320157615392863,0.0047550452487182815,0.33488721567546564,0.19970249191973308,0.1751796428395486,0.2279973730767856,,1.6651127843245344,in,,,,
Ptap,256,2,0,144,0.6367588645137106,0.004731160700130355,0.3356207930262225,0.19882024734854695,0.17501254224781707,0.22720685591438156,,1.6643792069737775,in,,,,
Ptap,256,2,0,143,0.6414779938767835,0.004707098026015544,0.33639352242686926,0.1979344167819639,0.17483802181178199,0.22642033435386938,,1.6636064775731307,in,,,,
Ptap,256,2,0,142,0.6461729719559519,0.004682858132321166,0.3372057912192797,0.19704497094203993,0.17465596433841818,0.22563783800734133,,1.6627942087807204,in,,,,
Ptap,256,2,0,141,0.6508436219879445,0.004658441931664092,0.33805798775275386,0.1961518782353163,0.17446624996074123,0.22485939633534258,,1.6619420122472461,in,,,,
Ptap,256,2,0,140,0.6554897681254276,0.004633850343302104,0.3389505009619682,0.19525510474216287,0.17426875611345558,0.22408503864576207,,1.6610494990380318,in,,,,
Ptap,256,2,0,139,0.6601112354436253,0.004609084293093257,0.3398837199271067,0.1943546142065934,0.17406335750948024,0.22331479409272914,,1.6601162800728932,in,,,,
Ptap,256,2,0,138,0.6647078499469047,0.004584144713465577,0.34085803340180376,0.19345036802660417,0.1738499261174376,0.22254869167551586,,1.6591419665981961,in,,,,
Ptap,256,2,0,137,0.669279438575328,0.00455903254338097,0.3418738293125808,0.19254232524512288,0.1736283311402238,0.2217867602374453,,1.658126170687419,in,,,,
Ptap,256,2,0,136,0.6738258292111672,0.004533748728297371,0.3429314942332803,0.1916304425416592,0.17339843899478805,0.22102902846480546,,1.6570685057667198,in,,,,
Ptap,256,2,0,135,0.6783468506853845,0.004508294220137321,0.3440314128260696,0.1907146742247291,0.17316011329323142,0.22027552488576924,,1.6559685871739305,in,,,,
Ptap,256,2,0,134,0.6828423327840767,0.004482669977247111,0.34517396724997734,0.18979497222514694,0.17291321482535948,0.21952627786932055,,1.6548260327500226,in,,,,
Ptap,256,2,0,133,0.6873121062548836,0.004456876964366696,0.3463595365416651,0.18887128609029005,0.17265760154283533,0.21878131562418607,,1.6536404634583348,in,,,,
Ptap,256,2,0,132,0.6917560028133605,0.00443091615258695,0.3475884959593186,0.18794356297941991,0.17239312854506342,0.21804066619777324,,1.6524115040406815,in,,,,
Ptap,256,2,0,131,0.6961738551493133,0.004404788519318914,0.3488612162925537,0.18701174766016876,0.17211964806696087,0.21730435747511445,,1.6511387837074463,in,,,,
Ptap,256,2,0,130,0.700565496933099,0.004378495048252273,0.35017806313965827,0.18607578250630366,0.17183700946877836,0.21657241717781683,,1.6498219368603417,in,,,,
Ptap,256,2,0,129,0.7049307628218863,0.004352036729322384,0.35153939614651925,0.18513560749687094,0.1715450592281273,0.21584487286301896,,1.6484606038534808,in,,,,
Ptap,256,2,0,128,0.709269488465882,0.004325414558669083,0.35294556820899686,0.18419116021684087,0.17124364093438924,0.215121751922353,,1.6470544317910032,in,,,,
Ptap,256,2,0,127,0.7135815105145176,0.00429862953860205,0.3543969246392895,0.18324237585937683,0.1709325952856912,0.21440308158091373,,1.6456030753607105,in,,,,
Ptap,256,2,0,126,0.7178666666226001,0.00427168267756306,0.3558938022922965,0.18228918722984716,0.17061176008862702,0.2136888888962333,,1.6441061977077034,in,,,,
Ptap,256,2,0,125,0.7221247954564243,0.004244574990085126,0.3574365286525814,0.1813315247517128,0.17028097026092287,0.21297920075726262,,1.6425634713474186,in,,,,
Ptap,256,2,0,124,0.726355736699846,0.004217307496758416,0.3590254208846643,0.1803693164744303,0.1699400578372551,0.21227404388335902,,1.6409745791153356,in,,,,
Ptap,256,2,0,123,0.7305593310603189,0.004189881224187508,0.3606607848406199,0.17940248808349954,0.1695888519784211,0.21157344482328017,,1.6393392151593802,in,,,,
Ptap,256,2,0,122,0.7347354202748912,0.004162297204957088,0.36234291402791896,0.17843096291280583,0.16922717898408735,0.2108774299541848,,1.637657085972081,in,,,,
Ptap,256,2,0,121,0.7388838471161643,0.004134556477589091,0.3640720885384619,0.17745466195940598,0.16885486230934202,0.21018602548063928,,1.6359279114615382,in,,,,
Ptap,256,2,0,120,0.7430044553982125,0.0041066600865070635,0.36584857393688364,0.17647350390090674,0.16847172258528223,0.20949925743363124,,1.6341514260631165,in,,,,
Ptap,256,2,0,119,0.7470970899824625,0.004078609081993201,0.3676726201058845,0.17548740511558908,0.16807757764387285,0.20881715166958958,,1.6323273798941156,in,,,,
Ptap,256,2,0,118,0.7511615967835358,0.004050404520153261,0.36954446005555674,0.17449627970544795,0.167672242547335,0.2081397338694107,,1.6304555399444434,in,,,,
Ptap,256,2,0,117,0.7551978227750484,0.004022047462872158,0.37146430869225133,0.17350003952230594,0.16725552962231263,0.2074670295374919,,1.6285356913077487,in,,,,
Ptap,256,2,0,116,0.7592056159953731,0.0039935389777771,0.37343236154678755,0.17249859419716307,0.1668272484990743,0.20679906400077114,,1.6265676384532124,in,,,,
Ptap,256,2,0,115,0.7631848255533603,0.003964880138197291,0.37544879346952925,0.17149185117296536,0.16638720615602934,0.2061358624077733,,1.6245512065304708,in,,,,
Ptap,256,2,0,114,0.7671353016340192,0.003936072023120518,0.37751375728407055,0.17047971574094944,0.16593520696981642,0.20547744972766346,,1.6224862427159294,in,,,,
Ptap,256,2,0,113,0.7710568955041582,0.003907115717157517,0.37962738241200583,0.16946209108075377,0.16547105277125754,0.20482385074930698,,1.6203726175879942,in,,,,
Ptap,256,2,0,112,0.7749494595179847,0.003878012310495338,0.3817897734606235,0.1684388783044585,0.16499454290744633,0.20417509008033588,,1.6182102265393765,in,,,,
Ptap,256,2,0,111,0.7788128471226634,0.003848762898862157,0.3840010087826595,0.16740997650474018,0.1645054743102649,0.20353119214622276,,1.6159989912173405,in,,,,
Ptap,256,2,0,110,0.7826469128638347,0.0038193685834805313,0.38626113900775755,0.1663752828073147,0.16400364157161418,0.20289218118936087,,1.6137388609922425,in,,,,
Ptap,256,2,0,109,0.7864515123910907,0.003789830471031208,0.3885701855494022,0.16533469242784532,0.16348883702564784,0.20225808126815153,,1.6114298144505979,in,,,,
Ptap,256,2,0,108,0.7902265024634092,0.003760149673605939,0.39092813908951224,0.16428809873348968,0.16296085083829898,0.20162891625609847,,1.6090718609104877,in,,,,
Ptap,256,2,0,107,0.7939717409545478,0.0037303273086712885,0.39333495804701457,0.16323539330926096,0.16241947110439212,0.20100470984090868,,1.6066650419529855,in,,,,
Ptap,256,2,0,106,0.7976870868583943,0.003700364499021669,0.39579056703115845,0.16217646602936805,0.16186448395262368,0.20038548552360094,,1.6042094329688417,in,,,,
Ptap,256,2,0,105,0.801372400294275,0.0036702623727397077,0.39829485528889197,0.16111120513370497,0.1612956736587004,0.19977126661762082,,1.601705144711108,in,,,,
Ptap,256,2,0,104,0.8050275425122221,0.003640022063154502,0.40084767514533254,0.16003949730963876,0.16071282276690532,0.19916207624796295,,1.5991523248546675,in,,,,
Ptap,256,2,0,103,0.8086523758981969,0.003609644708795323,0.40344884044779045,0.15896122777925484,0.16011571222037,0.1985579373503005,,1.5965511595522095,in,,,,
Ptap,256,2,0,102,0.8122467639792715,0.0035791314533537566,0.4060981250188375,0.1578762803922016,0.15950412150031446,0.1979588726701214,,1.5939018749811624,in,,,,
Ptap,256,2,0,101,0.815810571428766,0.0035484834456351866,0.4087952611219023,0.15678453772426298,0.15887782877450177,0.19736490476187232,,1.5912047388780977,in,,,,
Ptap,256,2,0,100,0.8193436640713441,0.003517701839521048,0.41153993795078947,0.15568588118178453,0.15823661105515016,0.19677605598810932,,1.5884600620492106,in,,,,
Ptap,256,2,0,99,0.8228459088880649,0.0034867877939204206,0.4143318001444736,0.154580191112055,0.15758024436651874,0.19619234851865586,,1.5856681998555264,in,,,,
Ptap,256,2,0,98,0.8263171740213904,0.0034557424727306163,0.4171704463450717,0.15346734691974856,0.15690850392238304,0.19561380432976827,,1.5828295536549284,in,,,,
Ptap,256,2,0,97,0.8297573287801505,0.0034245670447896615,0.42005542779321164,0.15234722718948618,0.1562211643135668,0.19504044520330824,,1.5799445722067884,in,,,,
Ptap,256,2,0,96,0.8331662436444627,0.0033932626838346636,0.42298624698664344,0.1512197098145963,0.15551799970571226,0.19447229272592287,,1.5770137530133566,in,,,,
Ptap,256,2,0,95,0.836543790270609,0.0033618305684580685,0.42596235639254254,0.15008467213208979,0.15479878404740105,0.19390936828823183,,1.5740376436074575,in,,,,
Ptap,256,2,0,94,0.8398898414958682,0.003330271882060254,0.4289831572434165,0.14894199106389042,0.15406329128875734,0.19335169308402195,,1.5710168427565834,in,,,,
Ptap,256,2,0,93,0.8432042713433028,0.003298587812808784,0.4320479984061393,0.1477915432642886,0.15331129561058268,0.19279928810944952,,1.5679520015938606,in,,,,
Ptap,256,2,0,92,0.8464869550265022,0.0032667795535900046,0.4351561753509249,0.14663320527360457,0.15254257166408397,0.19225217416224963,,1.564843824649075,in,,,,
Ptap,256,2,0,91,0.8497377689542811,0.003234848301967963,0.43830692922079123,0.14546685367799045,0.15175689482118654,0.19171037184095313,,1.5616930707792087,in,,,,
Ptap,256,2,0,90,0.8529565907353327,0.0032027952601353382,0.44149944601517666,0.1442923652752831,0.15095404143539884,0.1911739015441112,,1.5585005539848233,in,,,,
Ptap,256,2,0,89,0.8561432991828362,0.0031706216348715843,0.44473285589920936,0.14310961724679036,0.15013378911315076,0.1906427834695273,,1.5552671441007906,in,,,,
Ptap,256,2,0,88,0.8592977743190195,0.0031383286374950803,0.44800623264634476,0.1419184873348536,0.1492959169954777,0.19011703761349674,,1.5519937673536552,in,,,,
Ptap,256,2,0,87,0.8624198973796768,0.003105917483819609,0.45131859322894524,0.14071885402600454,0.14844020604988092,0.18959668377005384,,1.5486814067710548,in,,,,
Ptap,256,2,0,86,0.8655095508186397,0.003073389394105952,0.4546688975617519,0.13951059673948918,0.14756643937213465,0.18908174153022672,,1.5453311024382481,in,,,,
Ptap,256,2,0,85,0.868566618312202,0.003040745593018701,0.45805604841267206,0.138293596020907,0.14667440249776936,0.18857223028129966,,1.5419439515873279,in,,,,
Ptap,256,2,0,84,0.8715909847635007,0.0030079873095787413,0.4614788914896989,0.13706773374066838,0.14576388372289725,0.18806816920608319,,1.538521108510301,in,,,,
Ptap,256,2,0,83,0.8745825363068482,0.0029751157771163994,0.4649362157076394,0.13583289329693393,0.14483467443398673,0.18756957728219195,,1.5350637842923607,in,,,,
Ptap,256,2,0,82,0.87754116031202,0.002942132233227035,0.4684267536523044,0.13458895982267519,0.1438865694461507,0.18707647328132998,,1.5315732463476956,in,,,,
Ptap,256,2,0,81,0.8804667453884942,0.0029090379197214133,0.47194918224016347,0.1333358203964395,0.14291936734943236,0.1865888757685843,,1.5280508177598366,in,,,,
Ptap,256,2,0,80,0.8833591813896464,0.002875834082582851,0.4755021235853927,0.13207336425637756,0.14193287086252998,0.1861068031017256,,1.5244978764146073,in,,,,
Ptap,256,2,0,79,0.8862183594168958,0.0028425219719160344,0.4790841460793221,0.13080148301705247,0.14092688719333524,0.18563027343051736,,1.520915853920678,in,,,,
Ptap,256,2,0,78,0.8890441718238058,0.0028091028419040542,0.48269376568256095,0.12952007088850565,0.13990122840559688,0.18515930469603237,,1.517306234317439,in,,,,
Ptap,256,2,0,77,0.8918365122201366,0.0027755779507573353,0.48632944743865253,0.12822902489703453,0.13885571179097417,0.18469391462997722,,1.5136705525613474,in,,,,
Ptap,256,2,0,76,0.8945952754758502,0.0027419485606698935,0.4899896072045972,0.12692824510708767,0.13779016024567173,0.18423412075402495,,1.5100103927954027,in,,,,
Ptap,256,2,0,75,0.8973203577250695,0.002708215937768821,0.49367261360243864,0.12561763484366442,0.13670440265080464,0.18377994037915507,,1.5063273863975613,in,,,,
Ptap,256,2,0,74,0.9000116563699879,0.0026743813520679893,0.49737679018537406,0.124297100914571,0.1355982742555815,0.18333139060500203,,1.502623209814626,in,,,,
Ptap,256,2,0,73,0.9026690700847326,0.002640446077421421,0.5011004178200504,0.12296655383186673,0.13447161706235167,0.18288848831921123,,1.4988995821799496,in,,,,
Ptap,256,2,0,72,0.9052924988191793,0.0026064113914719966,0.5048417372738168,0.1216259080318023,0.1333242802125049,0.18245125019680344,,1.4951582627261832,in,,,,
Ptap,256,2,0,71,0.9078818438027189,0.0025722785756070454,0.5085989520006284,0.12027508209254166,0.13215612037217897,0.18201969269954682,,1.4914010479993716,in,,,,
Ptap,256,2,0,70,0.9104370075479761,0.002538048914907387,0.5123702311160377,0.1189139989489444,0.13096700211669182,0.18159383207533733,,1.4876297688839624,in,,,,
Ptap,256,2,0,69,0.9129578938544802,0.0025037236981009237,0.516153712548252,0.11754258610367312,0.12975679831258125,0.18117368435758663,,1.483846287451748,in,,,,
Ptap,256,2,0,68,0.9154444078122866,0.002469304217511903,0.5199475063469697,0.11616077583388594,0.12852539049610764,0.1807592653646189,,1.4800524936530302,in,,,,
Ptap,256,2,0,67,0.9178964558055501,0.0024347917690150656,0.5237496981367348,0.11476850539278079,0.12727266924706493,0.180350590699075,,1.4762503018632653,in,,,,
Ptap,256,2,0,66,0.9203139455160497,0.0024001876519841314,0.5275583526913084,0.11336571720525786,0.12599853455672438,0.17994767574732506,,1.4724416473086916,in,,,,
Ptap,256,2,0,65,0.9226967859266643,0.0023654931692449477,0.5313715176033778,0.11195235905698014,0.12470289618873356,0.17955053567888926,,1.4686284823966222,in,,,,
Ptap,256,2,0,64,0.9250448873247991,0.002330709627024641,0.5351872270315359,0.11052838427613944,0.12338567403180761,0.1791591854458668,,1.4648127729684641,in,,,,
Ptap,256,2,0,63,0.9273581613057634,0.002295838334904099,0.5390035054800337,0.10909375190723976,0.12204679844304038,0.17877363978237276,,1.4609964945199663,in,,,,
Ptap,256,2,0,62,0.9296365207760996,0.002260880605768234,0.5428183715971678,0.10764842687627157,0.12068621058071825,0.1783939132039834,,1.4571816284028323,in,,,,
Ptap,256,2,0,61,0.9318798799568613,0.0022258377557551334,0.5466298419391007,0.106192380146658,0.11930386272551723,0.17802002000718978,,1.4533701580608993,in,,,,
Ptap,256,2,0,60,0.9340881543868432,0.0021907111042087646,0.55043593467173,0.10472558886542384,0.11789971858903363,0.17765197426885942,,1.44956406532827,in,,,,
Ptap,256,2,0,59,0.9362612609257612,0.0021555019736272385,0.5542346731600628,0.10324803649907584,0.11647375360863317,0.17728978984570645,,1.445765326839937,in,,,,
Ptap,256,2,0,58,0.9383991177573824,0.0021202116896150702,0.5580240894047742,0.101759712958754,0.1150259552276799,0.17693348037376957,,1.4419759105952257,in,,,,
Ptap,256,2,0,57,0.9405016443926053,0.0020848415808307763,0.561802227268095,0.10026061471427052,0.11355632316026684,0.1765830592678991,,1.4381977727319049,in,,,,
Ptap,256,2,0,56,0.9425687616724905,0.0020493929789396903,0.5655671454456519,0.09875074489674335,0.11206486963967457,0.17623853972125159,,1.434432854554348,in,,,,
Ptap,256,2,0,55,0.9446003917712409,0.002013867218560894,0.5693169201175815,0.09723011338959814,0.11055161964986071,0.17589993470479318,,1.4306830798824186,in,,,,
Ptap,256,2,0,54,0.9465964581991312,0.0019782656372198115,0.5730496472239445,0.09569873690781781,0.1090166111394089,0.17556725696681147,,1.4269503527760556,in,,,,
Ptap,256,2,0,53,0.9485568858053889,0.0019425895752955835,0.5767634443009663,0.09415663906540735,0.10745989521747532,0.17524051903243515,,1.4232365556990336,in,,,,
Ptap,256,2,0,52,0.9504816007810225,0.0019068403759716634,0.5804564518086008,0.09260385043115499,0.10588153633140863,0.1749197332031629,,1.4195435481913992,in,,,,
Ptap,256,2,0,51,0.952370530661601,0.001871019385185524,0.5841268338880762,0.09104040857288134,0.10428161242586126,0.17460491155639982,,1.4158731661119237,in,,,,
Ptap,256,2,0,50,0.9542236043299823,0.0018351279515768093,0.587772778472925,0.08946635809048391,0.10266021508335588,0.17429606594500294,,1.412227221527075,in,,,,
Ptap,256,2,0,49,0.9560407520189897,0.001799167426438153,0.5913924966918923,0.08788175063822047,0.10101744964644718,0.17399320799683504,,1.4086075033081076,in,,,,
Ptap,256,2,0,48,0.9578219053140402,0.0017631391636626637,0.5949842214905701,0.08628664493679121,0.09935343532177235,0.17369634911432663,,1.40501577850943,in,,,,
Ptap,256,2,0,47,0.9595669971557186,0.0017270445196942985,0.5985462054110257,0.08468110677593016,0.09766830526648045,0.1734055004740469,,1.4014537945889742,in,,,,
Ptap,256,2,0,46,0.9612759618423037,0.0016908848534756826,0.6020767174720287,0.08306520900833925,0.09596220665769768,0.1731206730262827,,1.3979232825279713,in,,,,
Ptap,256,2,0,45,0.9629487350322407,0.001654661526398371,0.6055740390923435,0.08143903153594258,0.09423530074587905,0.17284187749462654,,1.3944259609076566,in,,,,
Ptap,256,2,0,44,0.9645852537465646,0.001618375902249447,0.6090364590297705,0.07980266128957032,0.09248776289307815,0.17256912437557254,,1.3909635409702295,in,,,,
Ptap,256,2,0,43,0.9661854563712706,0.0015820293471627833,0.6124622672978469,0.07815619220330902,0.09071978259734409,0.17230242393812156,,1.3875377327021532,in,,,,
Ptap,256,2,0,42,0.9677492826596348,0.0015456232295653072,0.6158497480730156,0.07649972518488012,0.08893156350463154,0.1720417862233942,,1.3841502519269844,in,,,,
Ptap,256,2,0,41,0.9692766737344807,0.0015091589201265965,0.6191971715971205,0.07483336808350588,0.08712332340975286,0.1717872210442532,,1.3808028284028795,in,,,,
Ptap,256,2,0,40,0.9707675720903979,0.0014726377917078093,0.622502785142223,0.07315723565681581,0.0852952942480447,0.1715387379849337,,1.3774972148577769,in,,,,
Ptap,256,2,0,39,0.9722219215959059,0.0014360612193082822,0.6257648031244692,0.07147144953841444,0.08344772207952915,0.1712963464006823,,1.3742351968755306,in,,,,
Ptap,256,2,0,38,0.973639667495568,0.0013994305800157925,0.628981396506595,0.06977613820775364,0.08158086706740764,0.17106005541740532,,1.3710186034934049,in,,,,
Ptap,256,2,0,37,0.9750207564120521,0.0013627472529526008,0.632150681685957,0.06807143696395877,0.07969500345276165,0.17082987393132465,,1.367849318314043,in,,,,
Ptap,256,2,0,36,0.9763651363481414,0.0013260126192259358,0.635270709131464,0.06635748790520488,0.0777904195272973,0.1706058106086431,,1.364729290868536,in,,,,
Ptap,256,2,0,35,0.9776727566886909,0.0012892280618731489,0.6383394521069344,0.06463443991513652,0.07586741760587673,0.17038787388521817,,1.3616605478930657,in,,,,
Ptap,256,2,0,34,0.978943568202534,0.0012523949658129752,0.6413547959039216,0.06290244865765418,0.07392631400039759,0.17017607196624432,,1.3586452040960784,in,,,,
Ptap,256,2,0,33,0.9801775230443355,0.0012155147177899117,0.6443145281027305,0.061161676581156434,0.07196743899632488,0.16997041282594408,,1.3556854718972695,in,,,,
Ptap,256,2,0,32,0.9813745747563929,0.0011785887063248124,0.6472163304792671,0.059412292933004034,0.06999113683281026,0.16977090420726784,,1.352783669520733,in,,,,
Ptap,256,2,0,31,0.9825346782703858,0.001141618321661042,0.6500577732673777,0.057654473784569046,0.06799776568686682,0.16957755362160234,,1.3499422267326224,in,,,,
Ptap,256,2,0,30,0.9836577899090726,0.0011046049557127402,0.6528363125811644,0.05588840206673903,0.06598769766148624,0.1693903683484879,,1.3471636874188357,in,,,,
Ptap,256,2,0,29,0.9847438673879352,0.0010675500020121964,0.6555492918567125,0.05411426761517913,0.06396131877691184,0.16920935543534413,,1.3444507081432875,in,,,,
Ptap,256,2,0,28,0.98579286981677,0.0010304548556573367,0.6581939481906748,0.052332267224020054,0.06191902896352014,0.169034521697205,,1.3418060518093253,in,,,,
Ptap,256,2,0,27,0.9868047577012284,0.0009933209132598764,0.660767424433126,0.0505426047059919,0.05986124205398257,0.16886587371646192,,1.3392325755668741,in,,,,
Ptap,256,2,0,26,0.987779492944304,0.0009561495728910296,0.6632667877140147,0.04874549095640851,0.057788385771630715,0.168703417842616,,1.3367332122859854,in,,,,
Ptap,256,2,0,25,0.9887170388477653,0.0009189422340315501,0.6656890548985807,0.046941144017954385,0.0557009017113912,0.1685471601920391,,1.3343109451014192,in,,,,
Ptap,256,2,0,24,0.989617360113539,0.0008817002975159971,0.6680312250420306,0.04512978914300843,0.05359924530937678,0.1683971066477435,,1.3319687749579694,in,,,,
Ptap,256,2,0,23,0.9904804228450386,0.0008444251654829982,0.6702903184446241,0.043311658850555206,0.051483885797578975,0.16825326285916023,,1.329709681555376,in,,,,
Ptap,256,2,0,22,0.9913061945484398,0.0008071182413195155,0.6724634212831793,0.041486992975733814,0.04935530614128605,0.1681156342419267,,1.3275365787168207,in,,,,
Ptap,256,2,0,21,0.9920946441339047,0.0007697809296104419,0.6745477341210268,0.03965603871212156,0.04721400295928982,0.16798422597768253,,1.3254522658789734,in,,,,
Ptap,256,2,0,20,0.9928457419167522,0.0007324146360845329,0.6765406219433305,0.037819050650390935,0.04506048643118375,0.1678590430138746,,1.3234593780566695,in,,,,
Ptap,256,2,0,19,0.9935594596185753,0.0006950207675615605,0.678439662832778,0.035976290822495406,0.04289528020267662,0.16774009006357077,,1.321560337167222,in,,,,
Ptap,256,2,0,18,0.9942357703683058,0.0006576007318993549,0.6802426921024209,0.034128028768831156,0.04071892130981275,0.16762737160528235,,1.319757307897579,in,,,,
Ptap,256,2,0,17,0.9948746487032261,0.0006201559379414023,0.6819478387361531,0.0322745416581322,0.038531960157796634,0.16752089188279565,,1.318052161263847,in,,,,
Ptap,256,2,0,16,0.9954760705699284,0.0005826877954629994,0.6835535513765585,0.030416114508139185,0.036334960612113394,0.16742065490501193,,1.3164464486234415,in,,,,
Ptap,256,2,0,15,0.996040013325219,0.0005451977151181842,0.68505861188255,0.028553040583112074,0.03412850029334259,0.16732666444579683,,1.3149413881174499,in,,,,
Ptap,256,2,0,14,0.9965664557369718,0.0005076871083876666,0.6864621354662054,0.026685622088722813,0.031913171220508164,0.16723892404383803,,1.3135378645337945,in,,,,
Ptap,256,2,0,13,0.9970553779849279,0.00047015738752453906,0.6877635575799816,0.024814171359083627,0.029689581036960653,0.167157437002512,,1.3122364424200184,in,,,,
Ptap,256,2,0,12,0.9975067616614409,0.00043260996550142927,0.6889626087774047,0.02293901286048085,0.02745835520865703,0.16708220638975982,,1.3110373912225954,in,,,,
Ptap,256,2,0,11,0.9979205897721704,0.00039504625595754295,0.6900592796514528,0.021060486575364225,0.02522014087156144,0.1670132350379716,,1.3099407203485471,in,,,,
Ptap,256,2,0,10,0.9982968467367219,0.000357467673145595,0.691053778506181,0.01917895379375056,0.02297561356128795,0.16695052554387968,,1.308946221493819,in,,,,
Ptap,256,2,0,9,0.9986355183892336,0.0003198756318776308,0.6919464846359332,0.01729480729148563,0.020725489200893996,0.1668940802684611,,1.3080535153640667,in,,,,
Ptap,256,2,0,8,0.9989365919789088,0.00028227154747295646,0.6927378999825042,0.01540848996495607,0.01847054623093138,0.1668439013368485,,1.3072621000174958,in,,,,
Ptap,256,2,0,7,0.9992000561704975,0.0002446568357041823,0.6934286016126056,0.013520530959104346,0.016211668726561462,0.1667999906382504,,1.3065713983873946,in,,,,
Ptap,256,2,0,6,0.9994259010447213,0.0002070329127435988,0.6940191969768542,0.011631621354019005,0.013949936980576054,0.16676234982587979,,1.3059808030231457,in,,,,
Ptap,256,2,0,5,0.9996141180986486,0.0001694011951111074,0.6945102833974156,0.009742790255827896,0.01168683856750626,0.16673098031689187,,1.3054897166025845,in,,,,
tap,256,5,0,1,0.9999905876413006,1.882471739889091E-05,1.7368699715927347,0.005948649536184811,0.00713831225506632,0.1666682353931166,576.3186552842268,3.2631300284072653,in;sweep=2.0,0.4123498142309612,7.9999999999999964,4.82,RunDiagnostics { ResidualInf = 2.4166224577015782E-12; Kappa1 = 17664.571238599845 }
tap,256,5,0,2,0.9999529385608728,5.64734434566061E-05,1.7366259655727612,0.010275982028643731,0.012330598138678771,0.16667451023985452,331.8576444613818,3.2633740344272386,in;sweep=2.0,0.4123498142309612,7.9999999999999964,4.82,RunDiagnostics { ResidualInf = 2.4166224577015782E-12; Kappa1 = 17664.571238599845 }
tap,256,5,0,3,0.999877641817484,9.41200433210998E-05,1.7361376193735032,0.014921892302746178,0.01790408005260056,0.166687059697086,289.14423819924326,3.263862380626497,in;sweep=2.0,0.4123498142309612,7.9999999999999964,4.82,RunDiagnostics { ResidualInf = 2.4166224577015782E-12; Kappa1 = 17664.571238599845 }
tap,256,5,0,4,0.9997647002460138,0.00013176309961915322,1.735404279201186,0.019618763208162995,0.023536977604755625,0.166705883292331,271.55048477696664,3.2645957207988143,in;sweep=2.0,0.4123498142309612,7.9999999999999964,4.82,RunDiagnostics { ResidualInf = 2.4166224577015782E-12; Kappa1 = 17664.571238599845 }
Ptap,256,5,0,256,0.0030679423245771656,0.0061358846491544545,1.1346006997713356,0.6669866774545256,0.40080683259556515,0.33282200961257047,,3.865399300228664,in,,,,
Ptap,256,5,0,255,0.009203711467437108,0.00613565363656543,1.1194977429546378,0.6668355113557817,0.4019510274538315,0.3317993814220938,,3.8805022570453622,in,,,,
Ptap,256,5,0,254,0.01533913409576226,0.006135191620084872,1.1065687576329595,0.6665944802409703,0.40304789096786736,0.3307768109840396,,3.8934312423670407,in,,,,
Ptap,256,5,0,253,0.021473979214358417,0.006134498617107447,1.0955006091180945,0.6662849628205412,0.40410990150494147,0.3297543367976069,,3.9044993908819055,in,,,,
Ptap,256,5,0,252,0.0276080158497743,0.006133574653724317,1.0858486794783841,0.6659178981253744,0.405143340761816,0.32873199735837094,,3.914151320521616,in,,,,
Ptap,256,5,0,251,0.03374101305899766,0.006132419764722407,1.077224262089023,0.6654996240360315,0.4061517603465122,0.3277098311568337,,3.922775737910977,in,,,,
Ptap,256,5,0,250,0.039872739938149854,0.006131033993581968,1.0693431095367965,0.6650342365800039,0.4071373834527577,0.326687876676975,,3.9306568904632035,in,,,,
Ptap,256,5,0,249,0.04600296563117942,0.006129417392477174,1.0620110158563785,0.6645246689286425,0.408101746670233,0.32566617239480344,,3.9379889841436215,in,,,,
Ptap,256,5,0,248,0.05213145933855396,0.006127570022271905,1.0550976159001877,0.6639732055996059,0.4090460059737735,0.32464475677690763,,3.9449023840998123,in,,,,
Ptap,256,5,0,247,0.05825799032594922,0.006125491952518616,1.0485148475859414,0.6633817377899869,0.4099710885287042,0.32362366827900846,,3.9514851524140586,in,,,,
Ptap,256,5,0,246,0.06438232793293626,0.006123183261455452,1.0422021364773844,0.6627518967776771,0.41087777178842455,0.3226029453445106,,3.9577978635226154,in,,,,
Ptap,256,5,0,245,0.07050424158166566,0.006120644036003348,1.0361167915691158,0.6620851279150006,0.41176672715221624,0.3215826264030557,,3.963883208430884,in,,,,
Ptap,256,5,0,244,0.07662350078554866,0.0061178743717626854,1.0302278869955805,0.6613827345254197,0.41263854567977276,0.3205627498690752,,3.9697721130044195,in,,,,
Ptap,256,5,0,243,0.08273987515793488,0.0061148743730097405,1.024512364973511,0.660645905884362,0.41349375433682456,0.3195433541403442,,3.975487635026489,in,,,,
Ptap,256,5,0,242,0.08885313442078616,0.006111644152692816,1.0189525348921586,0.6598757363754743,0.4143328270120056,0.3185244775965356,,3.9810474651078414,in,,,,
Ptap,256,5,0,241,0.0949630484133466,0.006108183832428074,1.0135344504172066,0.6590732394869633,0.4151561924957135,0.31750615859777553,,3.9864655495827934,in,,,,
Ptap,256,5,0,240,0.10106938710080762,0.006104493542493955,1.008246842434803,0.6582393586061744,0.4159642405898386,0.3164884354831987,,3.991753157565197,in,,,,
Ptap,256,5,0,239,0.10717192058296883,0.006100573421828459,1.0030804070361443,0.6573749756964969,0.416757326993349,0.31547134656950515,,3.996919592963856,in,,,,
Ptap,256,5,0,238,0.1132704191028939,0.006096423618021693,0.9980273225674821,0.6564809184815825,0.41753577733345615,0.31445493014951764,,4.0019726774325175,in,,,,
Ptap,256,5,0,237,0.11936465305556046,0.006092044287311402,0.9930809160054087,0.6555579665146154,0.4182998905639411,0.3134392244907399,,4.006919083994592,in,,,,
Ptap,256,5,0,236,0.12545439299650463,0.006087435594576959,0.9882354277354489,0.6546068563738504,0.4190499418706092,0.31242426783391586,,4.011764572264551,in,,,,
Ptap,256,5,0,235,0.13153940965045963,0.006082597713332999,0.9834858419309169,0.6536282861480276,0.4197861851776606,0.31141009839159006,,4.016514158069083,in,,,,
Ptap,256,5,0,234,0.13761947391998763,0.006077530825723015,0.9788277612158988,0.6526229193295546,0.42050885532177207,0.3103967543466687,,4.021172238784101,in,,,,
Ptap,256,5,0,233,0.14369435689410537,0.006072235122512509,0.9742573116574879,0.6515913882052248,0.42121816994426114,0.30938427385098244,,4.025742688342512,in,,,,
Ptap,256,5,0,232,0.14976382985690245,0.00606671080308166,0.9697710688727148,0.6505342968159444,0.42191433114117455,0.30837269502384956,,4.030228931127285,in,,,,
Ptap,256,5,0,231,0.1558276642961523,0.006060958075417983,0.9653659991035162,0.6494522235442914,0.4225975269039623,0.30736205595064126,,4.034634000896483,in,,,,
Ptap,256,5,0,230,0.16188563191191563,0.006054977156108671,0.96103941114482,0.6483457233794993,0.42326793237825117,0.3063523946813474,,4.03896058885518,in,,,,
Ptap,256,5,0,229,0.1679375046251356,0.006048768270331295,0.9567889163174996,0.647215329902227,0.42392571096422005,0.30534374922914403,,4.0432110836825,in,,,,
Ptap,256,5,0,228,0.17398305458622498,0.0060423316518475045,0.9526123945524683,0.6460615570256597,0.42457101527889424,0.3043361575689625,,4.047387605447532,in,,,,
Ptap,256,5,0,227,0.18002205418364484,0.0060356675429921736,0.9485079652533208,0.6448849005246514,0.4252039879980327,0.3033296576360592,,4.051492034746679,in,,,,
Ptap,256,5,0,226,0.18605427605247354,0.006028776194665242,0.9444739619653422,0.6436858393804072,0.42582476259297014,0.3023242873245877,,4.055526038034658,in,,,,
Ptap,256,5,0,225,0.19207949308296718,0.006021657866322028,0.9405089101765189,0.6424648369646893,0.4264334639758623,0.3013200844861721,,4.0594910898234815,in,,,,
Ptap,256,5,0,224,0.19809747842911002,0.006014312825963625,0.9366115077158264,0.641222342084322,0.4270302090650104,0.30031708692848164,,4.063388492284174,in,,,,
Ptap,256,5,0,223,0.20410800551715513,0.006006741350126632,0.9327806073758083,0.639958789904139,0.4276151072804966,0.2993153324138075,,4.0672193926241915,in,,,,
Ptap,256,5,0,222,0.21011084805415486,0.005998943723872802,0.9290152014439859,0.6386746027640738,0.4281882609790112,0.29831485865764085,,4.070984798556014,in,,,,
Ptap,256,5,0,221,0.21610578003648045,0.005990920240778408,0.92531440790482,0.6373701909040584,0.42874976583561736,0.2973157033272532,,4.07468559209518,in,,,,
Ptap,256,5,0,220,0.22209257575833116,0.005982671202923007,0.9216774581119687,0.6360459531085716,0.4292997111791899,0.29631790404027814,,4.078322541888031,in,,,,
Ptap,256,5,0,219,0.2280710098202319,0.005974196920878472,0.9181036857570282,0.6347022772810897,0.4298381802873695,0.2953214983632947,,4.081896314242972,in,,,,
Ptap,256,5,0,218,0.23404085713751918,0.0059654977136960885,0.914592517007289,0.6333395409573737,0.43036525064613673,0.29432652381041347,,4.085407482992711,in,,,,
Ptap,256,5,0,217,0.24000189294881555,0.005956573908896645,0.9111434616739484,0.6319581117652647,0.43088099417840076,0.29333301784186405,,4.088856538326052,in,,,,
Ptap,256,5,0,216,0.24595389282449198,0.00594742584245625,0.9077561053105198,0.6305583478376822,0.4313854774454381,0.29234101786258465,,4.092243894689481,in,,,,
Ptap,256,5,0,215,0.2518966326751173,0.005938053858794395,0.9044301021464966,0.6291405981846023,0.43187876182450763,0.29135056122081376,,4.095569897853504,in,,,,
Ptap,256,5,0,214,0.257829888759895,0.005928458310760942,0.9011651687689678,0.627705203029025,0.43236090366551927,0.29036168520668415,,4.0988348312310325,in,,,,
Ptap,256,5,0,213,0.26375343769508686,0.005918639559622851,0.8979610784791936,0.6262524941112625,0.4328319544292575,0.28937442705081884,,4.102038921520807,in,,,,
Ptap,256,5,0,212,0.2696670564624236,0.005908597975050556,0.8948176562524177,0.6247827949653023,0.4332919608093223,0.28838882392292936,,4.1051823437475825,in,,,,
Ptap,256,5,0,211,0.2755705224175009,0.005898333935104083,0.8917347742474989,0.6232964211705113,0.43374096483967717,0.2874049129304165,,4.108265225752501,in,,,,
Ptap,256,5,0,210,0.28146361329816233,0.005887847826218762,0.8887123477976602,0.6217936805814691,0.43417900398940973,0.2864227311169729,,4.11128765220234,in,,,,
Ptap,256,5,0,209,0.2873461072328669,0.005877140043190454,0.8857503318504535,0.6202748735384173,0.4346061112461478,0.2854423154611888,,4.114249668149546,in,,,,
Ptap,256,5,0,208,0.293217782749043,0.00586621098916168,0.8828487177941649,0.6187402930604053,0.4350223151893283,0.2844637028751595,,4.117151282205835,in,,,,
Ptap,256,5,0,207,0.29907841878142594,0.00585506107560424,0.8800075306466993,0.6171902250230098,0.4354276400544056,0.2834869302030957,,4.119992469353301,in,,,,
Ptap,256,5,0,206,0.30492779468038145,0.0058436907223067824,0.8772268265586424,0.6156249483222008,0.435822105788906,0.2825120342199364,,4.122773173441358,in,,,,
Ptap,256,5,0,205,0.31076569022021316,0.00583210035735654,0.8745066905989919,0.6140447350257501,0.43620572810112906,0.28153905162996445,,4.1254933094010084,in,,,,
Ptap,256,5,0,204,0.31659188560745355,0.00582029041712423,0.8718472348084789,0.6124498505134219,0.43657851850221563,0.2805680190654244,,4.128152765191521,in,,,,
Ptap,256,5,0,203,0.32240616148913925,0.005808261346247234,0.8692485964656289,0.6108405536069401,0.4369404843421418,0.2795989730851434,,4.130751403534371,in,,,,
Ptap,256,5,0,202,0.3282082989610696,0.0057960135976134475,0.8667109365697644,0.6092170966907132,0.437291628840208,0.278631950173155,,4.133289063430236,in,,,,
Ptap,256,5,0,201,0.3339980795760481,0.005783547632343622,0.8642344385049466,0.6075797258240914,0.4376319511104615,0.27766698673732526,,4.135765561495053,in,,,,
Ptap,256,5,0,200,0.3397752853521071,0.005770863919774327,0.8618193068645321,0.605928680845854,0.43796144618244304,0.2767041191079821,,4.138180693135467,in,,,,
Ptap,256,5,0,199,0.34553969878071433,0.005757962937440131,0.8594657664264529,0.6042641954715606,0.4382801050176206,0.2757433835365476,,4.140534233573547,in,,,,
Ptap,256,5,0,198,0.3512911028349624,0.005744845171056001,0.8571740612528105,0.6025864973842839,0.4385879145217939,0.27478481619417294,,4.1428259387471895,in,,,,
Ptap,256,5,0,197,0.3570292809777393,0.005731511114497767,0.8549444539138699,0.6008958083192304,0.4388848575537558,0.27382845317037674,,4.14505554608613,in,,,,
Ptap,256,5,0,196,0.362754017169881,0.005717961269785687,0.8527772248080011,0.5991923441426344,0.43917091293041705,0.2728743304716865,,4.147222775191999,in,,,,
Ptap,256,5,0,195,0.36846509587830567,0.005704196147063634,0.8506726715779176,0.597476314925319,0.43944605542861553,0.27192248402028235,,4.149327328422082,in,,,,
Ptap,256,5,0,194,0.3741623020841278,0.005690216264580716,0.8486311086058629,0.5957479250112397,0.4397102557837723,0.27097294965264535,,4.151368891394137,in,,,,
Ptap,256,5,0,193,0.37984542129075394,0.005676022148671522,0.8466528665827256,0.5940073730813087,0.43996348068556207,0.2700257631182077,,4.153347133417275,in,,,,
Ptap,256,5,0,192,0.38551423953195796,0.005661614333736464,0.8447382921406833,0.5922548522127574,0.4402056927707273,0.26908096007800697,,4.155261707859316,in,,,,
Ptap,256,5,0,191,0.3911685433799371,0.005646993362221797,0.8428877475416113,0.5904905499342655,0.4404368506131572,0.2681385761033438,,4.157112252458389,in,,,,
Ptap,256,5,0,190,0.3968081199533473,0.005632159784598689,0.8411016104137943,0.5887146482770652,0.44065690871133933,0.2671986466744421,,4.158898389586206,in,,,,
Ptap,256,5,0,189,0.4024327569253182,0.005617114159343073,0.8393802735340922,0.5869273238222148,0.4408658174732825,0.2662612071791136,,4.1606197264659075,in,,,,
Ptap,256,5,0,188,0.4080422425314468,0.00560185705291405,0.8377241446490502,0.5851287477442104,0.44106352319899583,0.2653262929114255,,4.16227585535095,in,,,,
Ptap,256,5,0,187,0.4136363655777704,0.005586389039733186,0.836133646322649,0.5833190858510701,0.44124996806058614,0.26439393907037156,,4.163866353677351,in,,,,
Ptap,256,5,0,186,0.41921491544871836,0.005570710702162696,0.8346092158223707,0.5814984986210676,0.44142509008007036,0.26346418075854694,,4.165390784177629,in,,,,
Ptap,256,5,0,185,0.42477768211504074,0.005554822630482181,0.8331513050183567,0.5796671412362008,0.44158882310493125,0.2625370529808265,,4.166848694981644,in,,,,
Ptap,256,5,0,184,0.4303244561417169,0.005538725422870094,0.8317603803135273,0.5778251636125546,0.4417410967815065,0.26161259064304715,,4.168239619686473,in,,,,
Ptap,256,5,0,183,0.4358550286958397,0.005522419685375424,0.830436922583114,0.5759727104276338,0.44188183652623697,0.26069082855069337,,4.169563077416886,in,,,,
Ptap,256,5,0,182,0.4413691915544783,0.005505906031901764,0.8291814271332899,0.5741099211447924,0.44201096349484287,0.25977180140758693,,4.17081857286671,in,,,,
Ptap,256,5,0,181,0.4468667371125179,0.005489185084177561,0.8279944036698136,0.572236930034842,0.44212839454946234,0.2588555438145803,,4.1720055963301865,in,,,,
Ptap,256,5,0,180,0.4523474583904752,0.005472257471737019,0.826876376274596,0.5703538661949288,0.44223404222379786,0.2579420902682541,,4.173123623725404,in,,,,
Ptap,256,5,0,179,0.4578111490422919,0.005455123831896336,0.8258278833911754,0.5684608535647723,0.44232781468631804,0.257031475159618,,4.174172116608824,in,,,,
Ptap,256,5,0,178,0.46325760336310307,0.005437784809725954,0.8248494778106814,0.5665580109403324,0.4424096157015438,0.25612373277281614,,4.175150522189319,in,,,,
Ptap,256,5,0,177,0.46868661629698183,0.005420241058031683,0.823941726665686,0.5646454519850019,0.4424793445894748,0.25521889728383634,,4.176058273334314,in,,,,
Ptap,256,5,0,176,0.4740979834446598,0.005402493237324224,0.8231052114201798,0.5627232852383777,0.4425368961831785,0.2543170027592233,,4.17689478857982,in,,,,
Ptap,256,5,0,175,0.47949150107122235,0.005384542015800853,0.8223405278599668,0.5607916141226927,0.4425821607845897,0.25341808315479625,,4.177659472140033,in,,,,
Ptap,256,5,0,174,0.4848669661137792,0.005366388069312944,0.8216482860794798,0.5588505369469771,0.44261502411855724,0.25252217231437013,,4.17835171392052,in,,,,
Ptap,256,5,0,173,0.49022417618910985,0.005348032081348264,0.8210291104669766,0.5569001469090183,0.4426353672851824,0.25162930396848165,,4.178970889533024,in,,,,
Ptap,256,5,0,172,0.4955629296012828,0.005329474742997609,0.820483639677229,0.5549405320951729,0.4426430667104727,0.25073951173311954,,4.179516360322771,in,,,,
Ptap,256,5,0,171,0.5008830253492496,0.005310716752935873,0.8200125266049918,0.5529717754781203,0.44263799409538096,0.2498528291084584,,4.179987473395008,in,,,,
Ptap,256,5,0,170,0.5061842631344122,0.005291758817389636,0.8196164383428273,0.5509939549125984,0.4426200163632442,0.24896928947759794,,4.180383561657173,in,,,,
Ptap,256,5,0,169,0.5114664433681644,0.005272601650114561,0.8192960561332067,0.549007143129203,0.442588995605686,0.24808892610530592,,4.180703943866793,in,,,,
Ptap,256,5,0,168,0.5167293671794057,0.005253245972367981,0.8190520753060248,0.5470114077263034,0.4425447890270198,0.2472117721367657,,4.180947924693975,in,,,,
Ptap,256,5,0,167,0.5219728364220292,0.0052336925128790845,0.8188852052040483,0.5450068111601457,0.44248724888720475,0.24633786059632845,,4.181114794795952,in,,,,
Ptap,256,5,0,166,0.5271966536823818,0.005213942007825989,0.8187961690931191,0.5429934107332053,0.4424162224434048,0.2454672243862697,,4.181203830906881,in,,,,
Ptap,256,5,0,165,0.5324006222866959,0.005193995200802326,0.8187857040606114,0.5409712585808673,0.4423315518902158,0.24459989628555068,,4.181214295939388,in,,,,
Ptap,256,5,0,164,0.537584546308495,0.005173852842795812,0.8188545608912015,0.5389404016564767,0.4422330742985972,0.24373590894858416,,4.181145439108798,in,,,,
Ptap,256,5,0,163,0.5427482305759695,0.0051535156921533876,0.8190035039271315,0.5369008817148471,0.4421206215535868,0.24287529490400508,,4.1809964960728685,in,,,,
Ptap,256,5,0,162,0.5478914806793256,0.0051329845145585695,0.8192333109075917,0.5348527352942911,0.4419940202908576,0.24201808655344573,,4.180766689092408,in,,,,
Ptap,256,5,0,161,0.5530141029781034,0.005112260082997144,0.8195447727895467,0.5327959936972493,0.4418530918321895,0.24116431617031608,,4.180455227210453,in,,,,
Ptap,256,5,0,160,0.5581159046084689,0.005091343177733965,0.819938693541174,0.530730682969575,0.44169765211991724,0.2403140158985885,,4.180061306458826,in,,,,
Ptap,256,5,0,159,0.5631966934904746,0.005070234586277422,0.8204158899139444,0.5286568238785695,0.4415275116504457,0.23946721775158755,,4.179584110086056,in,,,,
Ptap,256,5,0,158,0.5682562783352902,0.005048935103353802,0.8209771911893954,0.5265744318898378,0.4413424754069103,0.23862395361078495,,4.179022808810605,in,,,,
Ptap,256,5,0,157,0.5732944686524062,0.005027445530878194,0.8216234388962023,0.5244835171430402,0.4411423427910646,0.23778425522459895,,4.178376561103798,in,,,,
Ptap,256,5,0,156,0.5783110747568049,0.005005766677919077,0.8223554864995293,0.5223840844266334,0.44092690755449815,0.23694815420719917,,4.1776445135004705,in,,,,
Ptap,256,5,0,155,0.5833059077761016,0.004983899360674449,0.8231741990601454,0.5202761331516825,0.4406959577292766,0.2361156820373164,,4.176825800939855,in,,,,
Ptap,256,5,0,154,0.5882787796576565,0.004961844402435189,0.8240804528593169,0.5181596573248337,0.4404492755581131,0.23528687005705723,,4.175919547140683,in,,,,
Ptap,256,5,0,153,0.5932295031756537,0.0049396026335593035,0.8250751349914681,0.5160346455205476,0.4401866374241835,0.2344617494707244,,4.174924865008532,in,,,,
Ptap,256,5,0,152,0.598157891938151,0.004917174891435394,0.8261591429209658,0.5139010808526868,0.439907813780706,0.2336403513436415,,4.173840857079034,in,,,,
Ptap,256,5,0,151,0.6030637603940971,0.004894562020456683,0.8273333839942437,0.5117589409455504,0.43961256908039736,0.2328227066009838,,4.172666616005756,in,,,,
Ptap,256,5,0,150,0.6079469238403175,0.004871764871984152,0.8285987749268787,0.5096081979045004,0.43930066170497933,0.23200884602661376,,4.171401225073121,in,,,,
Ptap,256,5,0,149,0.6128071984284682,0.004848784304317233,0.8299562412289715,0.5074488182862298,0.4389718438948194,0.23119880026192197,,4.170043758771029,in,,,,
Ptap,256,5,0,148,0.617644401171958,0.004825621182662387,0.8314067166039629,0.5052807630688578,0.43862586167892,0.23039259980467366,,4.168593283396037,in,,,,
Ptap,256,5,0,147,0.6224583499528378,0.004802276379097026,0.832951142289712,0.503103987621923,0.4382624548053688,0.22959027500786036,,4.167048857710288,in,,,,
Ptap,256,5,0,146,0.6272488635286566,0.004778750772540863,0.8345904663604089,0.5009184416764391,0.4378813566724555,0.22879185607855723,,4.1654095336395915,in,,,,
Ptap,256,5,0,145,0.6320157615392863,0.0047550452487182815,0.8363256429656796,0.49872406929511,0.4374822942605995,0.2279973730767856,,4.163674357034321,in,,,,
Ptap,256,5,0,144,0.6367588645137106,0.004731160700130355,0.838157631530013,0.49652080884289485,0.437064988065324,0.22720685591438156,,4.161842368469987,in,,,,
Ptap,256,5,0,143,0.6414779938767835,0.004707098026015544,0.8400873958881188,0.4943085929580279,0.4366291520314421,0.22642033435386938,,4.159912604111881,in,,,,
Ptap,256,5,0,142,0.6461729719559519,0.004682858132321166,0.8421159033630669,0.49208734852366914,0.4361744934886839,0.22563783800734133,,4.157884096636933,in,,,,
Ptap,256,5,0,141,0.6508436219879445,0.004658441931664092,0.8442441237912301,0.4898569966403571,0.43570071308900254,0.22485939633534258,,4.15575587620877,in,,,,
Ptap,256,5,0,140,0.6554897681254276,0.004633850343302104,0.8464730284753502,0.4876174525994089,0.4352075047457711,0.22408503864576207,,4.1535269715246494,in,,,,
Ptap,256,5,0,139,0.6601112354436253,0.004609084293093257,0.8488035890778941,0.4853686258574706,0.4346945555751459,0.22331479409272914,,4.151196410922106,in,,,,
Ptap,256,5,0,138,0.6647078499469047,0.004584144713465577,0.8512367764462905,0.4831104200123967,0.43416154583985545,0.22254869167551586,,4.1487632235537095,in,,,,
Ptap,256,5,0,137,0.669279438575328,0.00455903254338097,0.853773559364617,0.4808427327806501,0.4336081488956861,0.2217867602374453,,4.146226440635383,in,,,,
Ptap,256,5,0,136,0.6738258292111672,0.004533748728297371,0.8564149032360195,0.478565455976442,0.43303403114097677,0.22102902846480546,,4.143585096763981,in,,,,
Ptap,256,5,0,135,0.6783468506853845,0.004508294220137321,0.859161768691866,0.47627847549282126,0.4324388519694236,0.22027552488576924,,4.140838231308134,in,,,,
Ptap,256,5,0,134,0.6828423327840767,0.004482669977247111,0.8620151101111212,0.47398167128491636,0.4318222637265028,0.21952627786932055,,4.1379848898888785,in,,,,
Ptap,256,5,0,133,0.6873121062548836,0.004456876964366696,0.864975874075276,0.4716749173556147,0.43118391166989717,0.21878131562418607,,4.1350241259247245,in,,,,
Ptap,256,5,0,132,0.6917560028133605,0.00443091615258695,0.868044997729164,0.4693580817438768,0.430523433934243,0.21804066619777324,,4.131955002270836,in,,,,
Ptap,256,5,0,131,0.6961738551493133,0.004404788519318914,0.8712234070598438,0.467031026515967,0.42984046150059474,0.21730435747511445,,4.128776592940156,in,,,,
Ptap,256,5,0,130,0.700565496933099,0.004378495048252273,0.8745120150882052,0.4646936077598623,0.4291346181709977,0.21657241717781683,,4.1254879849117945,in,,,,
Ptap,256,5,0,129,0.7049307628218863,0.004352036729322384,0.8779117199713341,0.4623456755831216,0.4284055205485829,0.21584487286301896,,4.122088280028666,in,,,,
Ptap,256,5,0,128,0.709269488465882,0.004325414558669083,0.8814234030070294,0.4599870741144894,0.4276527780235996,0.215121751922353,,4.118576596992971,in,,,,
Ptap,256,5,0,127,0.7135815105145176,0.00429862953860205,0.885047926556924,0.4576176415095712,0.42687599276586935,0.21440308158091373,,4.114952073443076,in,,,,
Ptap,256,5,0,126,0.7178666666226001,0.00427168267756306,0.8887861318597204,0.45523720996084477,0.4260747597240834,0.2136888888962333,,4.11121386814028,in,,,,
Ptap,256,5,0,125,0.7221247954564243,0.004244574990085126,0.8926388367552067,0.4528456057123694,0.4252486666324644,0.21297920075726262,,4.107361163244793,in,,,,
Ptap,256,5,0,124,0.726355736699846,0.004217307496758416,0.8966068333086706,0.4504426490795166,0.4243972940252904,0.21227404388335902,,4.10339316669133,in,,,,
Ptap,256,5,0,123,0.7305593310603189,0.004189881224187508,0.9006908853353701,0.4480281544740666,0.4235202152598013,0.21157344482328017,,4.09930911466463,in,,,,
Ptap,256,5,0,122,0.7347354202748912,0.004162297204957088,0.9048917258220291,0.4456019304350307,0.42261699654803475,0.2108774299541848,,4.095108274177971,in,,,,
Ptap,256,5,0,121,0.7388838471161643,0.004134556477589091,0.9092100542525553,0.4431637796655762,0.421687196998163,0.21018602548063928,,4.090789945747445,in,,,,
Ptap,256,5,0,120,0.7430044553982125,0.0041066600865070635,0.9136465338299276,0.4407134990764232,0.4207303686659033,0.20949925743363124,,4.086353466170072,in,,,,
Ptap,256,5,0,119,0.7470970899824625,0.004078609081993201,0.9182017885948879,0.4382508798361063,0.4197460566166027,0.20881715166958958,,4.081798211405112,in,,,,
Ptap,256,5,0,118,0.7511615967835358,0.004050404520153261,0.9228764004530646,0.4357757074285134,0.4187337989986325,0.2081397338694107,,4.077123599546935,in,,,,
Ptap,256,5,0,117,0.7551978227750484,0.004022047462872158,0.9276709060964263,0.4332877617180932,0.41769312712870615,0.2074670295374919,,4.072329093903574,in,,,,
Ptap,256,5,0,116,0.7592056159953731,0.0039935389777771,0.9325857938314814,0.43078681702315874,0.4166235655897866,0.20679906400077114,,4.067414206168518,in,,,,
Ptap,256,5,0,115,0.7631848255533603,0.003964880138197291,0.9376215003180639,0.428272642197718,0.41552463234225473,0.2061358624077733,,4.062378499681936,in,,,,
Ptap,256,5,0,114,0.7671353016340192,0.003936072023120518,0.9427784072085065,0.42574500072224003,0.41439583884899844,0.20547744972766346,,4.057221592791493,in,,,,
Ptap,256,5,0,113,0.7710568955041582,0.003907115717157517,0.9480568377105605,0.4232036508038226,0.4132366902151453,0.20482385074930698,,4.051943162289439,in,,,,
Ptap,256,5,0,112,0.7749494595179847,0.003878012310495338,0.9534570530650401,0.4206483454861812,0.4120466853431244,0.20417509008033588,,4.046542946934959,in,,,,
Ptap,256,5,0,111,0.7788128471226634,0.003848762898862157,0.9589792489443674,0.4180788327699011,0.41082531710376957,0.20353119214622276,,4.041020751055632,in,,,,
Ptap,256,5,0,110,0.7826469128638347,0.0038193685834805313,0.9646235517878852,0.41549485574340783,0.40957207252419764,0.20289218118936087,,4.035376448212115,in,,,,
Ptap,256,5,0,109,0.7864515123910907,0.003789830471031208,0.9703900150721073,0.4128961527250854,0.4082864329931739,0.20225808126815153,,4.029609984927893,in,,,,
Ptap,256,5,0,108,0.7902265024634092,0.003760149673605939,0.9762786155270079,0.41028245741698,0.40696787448469024,0.20162891625609847,,4.023721384472992,in,,,,
Ptap,256,5,0,107,0.7939717409545478,0.0037303273086712885,0.9822892493102849,0.40765349907052445,0.40561586780048514,0.20100470984090868,,4.017710750689715,in,,,,
Ptap,256,5,0,106,0.7976870868583943,0.003700364499021669,0.9884217281462886,0.40500900266470086,0.4042298788322169,0.20038548552360094,,4.011578271853711,in,,,,
Ptap,256,5,0,105,0.801372400294275,0.0036702623727397077,0.9946757754470561,0.40234868909705823,0.4028093688440068,0.19977126661762082,,4.005324224552944,in,,,,
Ptap,256,5,0,104,0.8050275425122221,0.003640022063154502,1.0010510224195672,0.399672275387967,0.4013537947760322,0.19916207624796295,,3.998948977580433,in,,,,
Ptap,256,5,0,103,0.8086523758981969,0.003609644708795323,1.0075470041773626,0.3969794748984958,0.3998626095698561,0.1985579373503005,,3.9924529958226374,in,,,,
Ptap,256,5,0,102,0.8122467639792715,0.0035791314533537566,1.014163155880741,0.39426999756228087,0.3983352625161614,0.1979588726701214,,3.985836844119259,in,,,,
Ptap,256,5,0,101,0.815810571428766,0.0035484834456351866,1.0208988089002762,0.39154355013168807,0.3967711996254847,0.19736490476187232,,3.9791011910997236,in,,,,
Ptap,256,5,0,100,0.8193436640713441,0.003517701839521048,1.0277531870496062,0.3887998364386069,0.3951698640225832,0.19677605598810932,,3.972246812950394,in,,,,
Ptap,256,5,0,99,0.8228459088880649,0.0034867877939204206,1.0347254028733404,0.38603855767010614,0.3935306963649481,0.19619234851865586,,3.9652745971266596,in,,,,
Ptap,256,5,0,98,0.8263171740213904,0.0034557424727306163,1.0418144540451078,0.38325941265922814,0.39185313528601945,0.19561380432976827,,3.9581855459548922,in,,,,
Ptap,256,5,0,97,0.8297573287801505,0.0034245670447896615,1.0490192198640624,0.3804620981910711,0.3901366178635217,0.19504044520330824,,3.9509807801359376,in,,,,
Ptap,256,5,0,96,0.8331662436444627,0.0033932626838346636,1.0563384578986736,0.3776463093243399,0.38838058011335436,0.19447229272592287,,3.943661542101326,in,,,,
Ptap,256,5,0,95,0.836543790270609,0.0033618305684580685,1.0637708007772269,0.3748117397284315,0.38658445750934717,0.19390936828823183,,3.9362291992227734,in,,,,
Ptap,256,5,0,94,0.8398898414958682,0.003330271882060254,1.0713147531755685,0.3719580820361281,0.38474768552917904,0.19335169308402195,,3.9286852468244318,in,,,,
Ptap,256,5,0,93,0.8432042713433028,0.003298587812808784,1.0789686889960133,0.36908502821184347,0.38286970022660965,0.19279928810944952,,3.9210313110039867,in,,,,
Ptap,256,5,0,92,0.8464869550265022,0.0032667795535900046,1.0867308487927185,0.3661922699353711,0.38094993883015976,0.19225217416224963,,3.9132691512072815,in,,,,
Ptap,256,5,0,91,0.8497377689542811,0.003234848301967963,1.094599337443586,0.36327949900095796,0.3789878403682218,0.19171037184095313,,3.905400662556414,in,,,,
Ptap,256,5,0,90,0.8529565907353327,0.0032027952601353382,1.1025721221181304,0.36034640773150356,0.37698284632053475,0.1911739015441112,,3.89742787788187,in,,,,
Ptap,256,5,0,89,0.8561432991828362,0.0031706216348715843,1.1106470305458578,0.3573926894075592,0.3749344012957989,0.1906427834695273,,3.8893529694541424,in,,,,
Ptap,256,5,0,88,0.8592977743190195,0.0031383286374950803,1.1188217496293824,0.3544180387107671,0.37284195373514106,0.19011703761349674,,3.881178250370618,in,,,,
Ptap,256,5,0,87,0.8624198973796768,0.003105917483819609,1.1270938244182043,0.3514221521812606,0.3707049566409838,0.18959668377005384,,3.8729061755817957,in,,,,
Ptap,256,5,0,86,0.8655095508186397,0.003073389394105952,1.135460657471577,0.3484047286884753,0.36852286833076275,0.18908174153022672,,3.864539342528423,in,,,,
Ptap,256,5,0,85,0.868566618312202,0.003040745593018701,1.1439195086332339,0.34536546991472783,0.3662951532148019,0.18857223028129966,,3.8560804913667663,in,,,,
Ptap,256,5,0,84,0.8715909847635007,0.0030079873095787413,1.1524674952481109,0.3423040808508311,0.36402128259752214,0.18806816920608319,,3.8475325047518893,in,,,,
Ptap,256,5,0,83,0.8745825363068482,0.0029751157771163994,1.1611015928312367,0.33922027030290386,0.3617007355010015,0.18756957728219195,,3.838898407168763,in,,,,
Ptap,256,5,0,82,0.87754116031202,0.002942132233227035,1.1698186362247573,0.33611375140946914,0.35933299950979236,0.18707647328132998,,3.8301813637752424,in,,,,
Ptap,256,5,0,81,0.8804667453884942,0.0029090379197214133,1.1786153212444221,0.33298424216780337,0.35691757163571214,0.1865888757685843,,3.821384678755578,in,,,,
Ptap,256,5,0,80,0.8833591813896464,0.002875834082582851,1.1874882068487718,0.3298314659684392,0.35445395920121636,0.1861068031017256,,3.812511793151228,in,,,,
Ptap,256,5,0,79,0.8862183594168958,0.0028425219719160344,1.1964337178300082,0.32665515213660534,0.3519416807397793,0.18563027343051736,,3.803566282169992,in,,,,
Ptap,256,5,0,78,0.8890441718238058,0.0028091028419040542,1.2054481480449204,0.32345503647931134,0.34938026691157953,0.18515930469603237,,3.7945518519550796,in,,,,
Ptap,256,5,0,77,0.8918365122201366,0.0027755779507573353,1.2145276641923064,0.3202308618367013,0.34676926143264,0.18469391462997722,,3.7854723358076936,in,,,,
Ptap,256,5,0,76,0.8945952754758502,0.0027419485606698935,1.223668310136037,0.3169823786362016,0.3441082220154124,0.18423412075402495,,3.776331689863963,in,,,,
Ptap,256,5,0,75,0.8973203577250695,0.002708215937768821,1.2328660117785637,0.3137093454479271,0.34139672131867665,0.18377994037915507,,3.7671339882214365,in,,,,
Ptap,256,5,0,74,0.9000116563699879,0.0026743813520679893,1.2421165824706395,0.31041152953972917,0.33863434790447705,0.18333139060500203,,3.7578834175293605,in,,,,
Ptap,256,5,0,73,0.9026690700847326,0.002640446077421421,1.251415728959184,0.30708870743021977,0.3358207071997129,0.18288848831921123,,3.7485842710408157,in,,,,
Ptap,256,5,0,72,0.9052924988191793,0.0026064113914719966,1.260759057850952,0.3037406654380333,0.3329554224598619,0.18245125019680344,,3.7392409421490482,in,,,,
Ptap,256,5,0,71,0.9078818438027189,0.0025722785756070454,1.2701420825681893,0.30036720022555,0.33003813573222,0.18201969269954682,,3.7298579174318105,in,,,,
Ptap,256,5,0,70,0.9104370075479761,0.002538048914907387,1.2795602307789111,0.29696811933527956,0.32706850881595717,0.18159383207533733,,3.720439769221089,in,,,,
Ptap,256,5,0,69,0.9129578938544802,0.0025037236981009237,1.2890088522643295,0.29354324171706564,0.3240462242161976,0.18117368435758663,,3.7109911477356707,in,,,,
Ptap,256,5,0,68,0.9154444078122866,0.002469304217511903,1.2984832271866065,0.29009239824427085,0.3209709860892723,0.1807592653646189,,3.7015167728133935,in,,,,
Ptap,256,5,0,67,0.9178964558055501,0.0024347917690150656,1.307978574708234,0.28661543221709557,0.3178425211762454,0.180350590699075,,3.692021425291766,in,,,,
Ptap,256,5,0,66,0.9203139455160497,0.0024001876519841314,1.31749006191954,0.2831121998512133,0.3146605797217937,0.17994767574732506,,3.68250993808046,in,,,,
Ptap,256,5,0,65,0.9226967859266643,0.0023654931692449477,1.3270128130060421,0.2795825707499215,0.31142493637549595,0.17955053567888926,,3.672987186993958,in,,,,
Ptap,256,5,0,64,0.9250448873247991,0.002330709627024641,1.3365419186015683,0.276026428358068,0.3081353910726166,0.1791591854458668,,3.6634580813984314,in,,,,
Ptap,256,5,0,63,0.9273581613057634,0.002295838334904099,1.3460724452321515,0.27244367039605083,0.3047917698914737,0.17877363978237276,,3.6539275547678485,in,,,,
Ptap,256,5,0,62,0.9296365207760996,0.002260880605768234,1.3555994447978366,0.2688342092723097,0.30139392588458214,0.1783939132039834,,3.6444005552021634,in,,,,
Ptap,256,5,0,61,0.9318798799568613,0.0022258377557551334,1.365117963973758,0.2651979724727775,0.29794173988079187,0.17802002000718978,,3.6348820360262417,in,,,,
Ptap,256,5,0,60,0.9340881543868432,0.0021907111042087646,1.3746230534572859,0.2615349029259153,0.29443512125579535,0.17765197426885942,,3.625376946542714,in,,,,
Ptap,256,5,0,59,0.9362612609257612,0.0021555019736272385,1.384109776927248,0.25784495934204726,0.2908740086684599,0.17728978984570645,,3.615890223072752,in,,,,
Ptap,256,5,0,58,0.9383991177573824,0.0021202116896150702,1.393573219629546,0.2541281165259078,0.287258370760656,0.17693348037376957,,3.606426780370454,in,,,,
Ptap,256,5,0,57,0.9405016443926053,0.0020848415808307763,1.4030084964330223,0.25038436566143485,0.28358820681837854,0.1765830592678991,,3.5969915035669775,in,,,,
Ptap,256,5,0,56,0.9425687616724905,0.0020493929789396903,1.4124107592490964,0.246613714568079,0.2798635473922294,0.17623853972125159,,3.5875892407509036,in,,,,
Ptap,256,5,0,55,0.9446003917712409,0.002013867218560894,1.4217752036552058,0.24281618792806783,0.27608445487552674,0.17589993470479318,,3.578224796344794,in,,,,
Ptap,256,5,0,54,0.9465964581991312,0.0019782656372198115,1.4310970745747496,0.23899182748431666,0.272251024038605,0.17556725696681147,,3.5689029254252507,in,,,,
Ptap,256,5,0,53,0.9485568858053889,0.0019425895752955835,1.440371670865705,0.23514069220891284,0.2683633825181616,0.17524051903243515,,3.559628329134295,in,,,,
Ptap,256,5,0,52,0.9504816007810225,0.0019068403759716634,1.4495943486319223,0.23126285844236755,0.2644216912608301,0.1749197332031629,,3.5504056513680777,in,,,,
Ptap,256,5,0,51,0.952370530661601,0.001871019385185524,1.4587605231195608,0.22735842000412343,0.26042614492053795,0.17460491155639982,,3.541239476880439,in,,,,
Ptap,256,5,0,50,0.9542236043299823,0.0018351279515768093,1.4678656689910188,0.22342748827507591,0.2563769722095458,0.17429606594500294,,3.532134331008981,in,,,,
Ptap,256,5,0,49,0.9560407520189897,0.001799167426438153,1.4769053188347152,0.21947019225322245,0.2522744362035266,0.17399320799683504,,3.5230946811652846,in,,,,
Ptap,256,5,0,48,0.9578219053140402,0.0017631391636626637,1.4858750597232913,0.21548667858383655,0.24811883460141537,0.17369634911432663,,3.5141249402767087,in,,,,
Ptap,256,5,0,47,0.9595669971557186,0.0017270445196942985,1.4947705276693224,0.21147711156593965,0.2439104999412528,0.1734055004740469,,3.5052294723306776,in,,,,
Ptap,256,5,0,46,0.9612759618423037,0.0016908848534756826,1.5035873998317013,0.2074416731371506,0.23964979977366122,0.1731206730262827,,3.4964126001682985,in,,,,
Ptap,256,5,0,45,0.9629487350322407,0.001654661526398371,1.512321384336902,0.20338056283935968,0.2353371367950832,0.17284187749462654,,3.487678615663098,in,,,,
Ptap,256,5,0,44,0.9645852537465646,0.001618375902249447,1.5209682076400115,0.1992939977679924,0.23097294894335435,0.17256912437557254,,3.4790317923599883,in,,,,
Ptap,256,5,0,43,0.9661854563712706,0.0015820293471627833,1.5295235993314056,0.19518221250795245,0.22655770945862913,0.17230242393812156,,3.4704764006685944,in,,,,
Ptap,256,5,0,42,0.9677492826596348,0.0015456232295653072,1.5379832744240693,0.19104545905964768,0.222091926913125,0.1720417862233942,,3.4620167255759307,in,,,,
Ptap,256,5,0,41,0.9692766737344807,0.0015091589201265965,1.5463429131322264,0.18688400675874092,0.21757614521350072,0.1717872210442532,,3.4536570868677736,in,,,,
Ptap,256,5,0,40,0.9707675720903979,0.0014726377917078093,1.5545981383068443,0.1826981421935038,0.21301094358004458,0.1715387379849337,,3.4454018616931554,in,,,,
Ptap,256,5,0,39,0.9722219215959059,0.0014360612193082822,1.5627444907464452,0.17848816912382254,0.20839693650711932,0.1712963464006823,,3.437255509253555,in,,,,
Ptap,256,5,0,38,0.973639667495568,0.0013994305800157925,1.5707774027315655,0.1742544084059588,0.20373477370945414,0.17106005541740532,,3.4292225972684345,in,,,,
Ptap,256,5,0,37,0.9750207564120521,0.0013627472529526008,1.5786921702749734,0.1699971979271855,0.1990251400589643,0.17082987393132465,,3.4213078297250266,in,,,,
Ptap,256,5,0,36,0.9763651363481414,0.0013260126192259358,1.5864839247442968,0.16571689255428193,0.1942687555166852,0.1706058106086431,,3.4135160752557034,in,,,,
Ptap,256,5,0,35,0.9776727566886909,0.0012892280618731489,1.5941476046995282,0.16141386409961928,0.1894663750641736,0.17038787388521817,,3.405852395300472,in,,,,
Ptap,256,5,0,34,0.978943568202534,0.0012523949658129752,1.601677929005021,0.15708850130814084,0.18461878863827638,0.17017607196624432,,3.398322070994979,in,,,,
Ptap,256,5,0,33,0.9801775230443355,0.0012155147177899117,1.6090693725069314,0.15274120986795592,0.1797268210725222,0.16997041282594408,,3.3909306274930686,in,,,,
Ptap,256,5,0,32,0.9813745747563929,0.0011785887063248124,1.616316145822515,0.1483724124464617,0.17479133204747335,0.16977090420726784,,3.3836838541774847,in,,,,
Ptap,256,5,0,31,0.9825346782703858,0.001141618321661042,1.6234121810115092,0.14398254875289945,0.16981321605120459,0.16957755362160234,,3.376587818988491,in,,,,
Ptap,256,5,0,30,0.9836577899090726,0.0011046049557127402,1.6303511251373213,0.13957207562701962,0.16479340234962722,0.1693903683484879,,3.369648874862679,in,,,,
Ptap,256,5,0,29,0.9847438673879352,0.0010675500020121964,1.637126343870204,0.1351414671521178,0.15973285496469625,0.16920935543534413,,3.3628736561297963,in,,,,
Ptap,256,5,0,28,0.98579286981677,0.0010304548556573367,1.6437309373133346,0.13069121478910994,0.15463257265663138,0.169034521697205,,3.3562690626866654,in,,,,
Ptap,256,5,0,27,0.9868047577012284,0.0009933209132598764,1.6501577702064947,0.12622182752670835,0.14949358890434428,0.16886587371646192,,3.3498422297935053,in,,,,
Ptap,256,5,0,26,0.987779492944304,0.0009561495728910296,1.6563995181892783,0.12173383204121058,0.1443169718763807,0.168703417842616,,3.3436004818107214,in,,,,
Ptap,256,5,0,25,0.9887170388477653,0.0009189422340315501,1.6624487313741865,0.11722777285829508,0.13910382438330995,0.1685471601920391,,3.3375512686258135,in,,,,
Ptap,256,5,0,24,0.989617360113539,0.0008817002975159971,1.6682979153963706,0.11270421250866423,0.13385528380178316,0.1683971066477435,,3.3317020846036294,in,,,,
Ptap,256,5,0,23,0.9904804228450386,0.0008444251654829982,1.6739396289467239,0.10816373167017067,0.12857252196138544,0.16825326285916023,,3.326060371053276,in,,,,
Ptap,256,5,0,22,0.9913061945484398,0.0008071182413195155,1.679366595231266,0.10360692929155726,0.12325674498834747,0.1681156342419267,,3.320633404768734,in,,,,
Ptap,256,5,0,21,0.9920946441339047,0.0007697809296104419,1.684571823118967,0.0990344226980544,0.11790919310627604,0.16798422597768253,,3.315428176881033,in,,,,
Ptap,256,5,0,20,0.9928457419167522,0.0007324146360845329,1.6895487320940628,0.09444684768791851,0.1125311404046452,0.1678590430138746,,3.310451267905937,in,,,,
Ptap,256,5,0,19,0.9935594596185753,0.0006950207675615605,1.6942912738173406,0.08984485864277936,0.10712389460233342,0.16774009006357077,,3.3057087261826594,in,,,,
Ptap,256,5,0,18,0.9942357703683058,0.0006576007318993549,1.6987940423396022,0.08522912869536511,0.10168879685837577,0.16762737160528235,,3.3012059576603976,in,,,,
Ptap,256,5,0,17,0.9948746487032261,0.0006201559379414023,1.7030523651059608,0.08060035002892077,0.09622722171908209,0.16752089188279565,,3.296947634894039,in,,,,
Ptap,256,5,0,16,0.9954760705699284,0.0005826877954629994,1.7070623678581818,0.07595923442829251,0.0907405773455956,0.16742065490501193,,3.2929376321418182,in,,,,
Ptap,256,5,0,15,0.996040013325219,0.0005451977151181842,1.7108210084880349,0.07130651427264915,0.08523030625014093,0.16732666444579683,,3.289178991511965,in,,,,
Ptap,256,5,0,14,0.9965664557369718,0.0005076871083876666,1.7143260773847773,0.06664294427086329,0.07969788690268576,0.16723892404383803,,3.2856739226152225,in,,,,
Ptap,256,5,0,13,0.9970553779849279,0.00047015738752453906,1.7175761646831587,0.06196930442591787,0.0741448367923787,0.167157437002512,,3.282423835316841,in,,,,
Ptap,256,5,0,12,0.9975067616614409,0.00043260996550142927,1.7205705974853998,0.05728640503890191,0.06857271791739146,0.16708220638975982,,3.2794294025146002,in,,,,
Ptap,256,5,0,11,0.9979205897721704,0.00039504625595754295,1.7233093522986835,0.05259509515996585,0.06298314639316817,0.1670132350379716,,3.2766906477013165,in,,,,
Ptap,256,5,0,10,0.9982968467367219,0.000357467673145595,1.7257929493283712,0.047896277051398276,0.0573778092585994,0.16695052554387968,,3.2742070506716288,in,,,,
Ptap,256,5,0,9,0.9986355183892336,0.0003198756318776308,1.7280223357992912,0.04319093160615766,0.051758494413560924,0.1668940802684611,,3.271977664200709,in,,,,
Ptap,256,5,0,8,0.9989365919789088,0.00028227154747295646,1.7299987652286244,0.0384801648849952,0.04612714588507002,0.1668439013368485,,3.2700012347713754,in,,,,
Ptap,256,5,0,7,0.9992000561704975,0.0002446568357041823,1.7317236787454031,0.03376529834021934,0.04048597150517622,0.1667999906382504,,3.268276321254597,in,,,,
Ptap,256,5,0,6,0.9994259010447213,0.0002070329127435988,1.7331985933572658,0.02904805783048439,0.034837669127131037,0.16676234982587979,,3.266801406642734,in,,,,
Ptap,256,5,0,5,0.9996141180986486,0.0001694011951111074,1.7344250007779887,0.02433101337878249,0.02918595372322352,0.16673098031689187,,3.2655749992220113,in,,,,
tap,256,8,0,1,0.9999905876413006,1.882471739889091E-05,2.7734899880414288,0.009498995434787228,0.01139868723321173,0.1666682353931166,920.2842161447356,5.226510011958571,in;sweep=2.0,0.65845348243988,7.9999999999999964,5.87,RunDiagnostics { ResidualInf = 3.997246977860414E-12; Kappa1 = 17664.571238599845 }
tap,256,8,0,2,0.9999529385608728,5.64734434566061E-05,2.773100351359544,0.01640901952355491,0.019689896793386532,0.16667451023985452,529.9209897242758,5.226899648640456,in;sweep=2.0,0.65845348243988,7.9999999999999964,5.87,RunDiagnostics { ResidualInf = 3.997246977860414E-12; Kappa1 = 17664.571238599845 }
tap,256,8,0,3,0.999877641817484,9.41200433210998E-05,2.7723205443983114,0.023827758888798154,0.028589812469065598,0.166687059697086,461.7148450152558,5.227679455601688,in;sweep=2.0,0.65845348243988,7.9999999999999964,5.87,RunDiagnostics { ResidualInf = 3.997246977860414E-12; Kappa1 = 17664.571238599845 }
tap,256,8,0,4,0.9997647002460138,0.00013176309961915322,2.771149523159707,0.03132787383370273,0.03758460495214438,0.166705883292331,433.6205721181233,5.228850476840293,in;sweep=2.0,0.65845348243988,7.9999999999999964,5.87,RunDiagnostics { ResidualInf = 3.997246977860414E-12; Kappa1 = 17664.571238599845 }
Ptap,256,8,0,256,0.0030679423245771656,0.0061358846491544545,1.8117669904526812,1.0650658381646503,0.6400212770810837,0.33282200961257047,,6.188233009547319,in,,,,
Ptap,256,8,0,255,0.009203711467437108,0.00613565363656543,1.7876501019086377,1.0648244512627787,0.6418483643332521,0.3317993814220938,,6.212349898091363,in,,,,
Ptap,256,8,0,254,0.01533913409576226,0.006135191620084872,1.7670046811627107,1.0644395650049316,0.6435998713684268,0.3307768109840396,,6.23299531883729,in,,,,
Ptap,256,8,0,253,0.021473979214358417,0.006134498617107447,1.7493307046446502,1.063945317605457,0.6452957240459123,0.3297543367976069,,6.250669295355349,in,,,,
Ptap,256,8,0,252,0.0276080158497743,0.006133574653724317,1.733918192103322,1.0633591768616728,0.6469459531816976,0.32873199735837094,,6.266081807896678,in,,,,
Ptap,256,8,0,251,0.03374101305899766,0.006132419764722407,1.7201464442609133,1.0626912633056627,0.6485562300980133,0.3277098311568337,,6.279853555739087,in,,,,
Ptap,256,8,0,250,0.039872739938149854,0.006131033993581968,1.7075615656839447,1.0619481176062378,0.6501301048623112,0.326687876676975,,6.292438434316056,in,,,,
Ptap,256,8,0,249,0.04600296563117942,0.006129417392477174,1.6958534420206919,1.0611344235460052,0.6516700311505472,0.32566617239480344,,6.304146557979308,in,,,,
Ptap,256,8,0,248,0.05213145933855396,0.006127570022271905,1.6848139019998565,1.0602538291164443,0.6531778548606219,0.32464475677690763,,6.315186098000144,in,,,,
Ptap,256,8,0,247,0.05825799032594922,0.006125491952518616,1.674302325249339,1.0593093542420702,0.654655056520031,0.32362366827900846,,6.325697674750661,in,,,,
Ptap,256,8,0,246,0.06438232793293626,0.006123183261455452,1.6642219845541486,1.0583036038000277,0.6561028775914342,0.3226029453445106,,6.335778015445851,in,,,,
Ptap,256,8,0,245,0.07050424158166566,0.006120644036003348,1.6545047095400247,1.057238885775524,0.6575223901868587,0.3215826264030557,,6.345495290459976,in,,,,
Ptap,256,8,0,244,0.07662350078554866,0.0061178743717626854,1.6451011167884886,1.0561172813575006,0.6589145381294876,0.3205627498690752,,6.354898883211511,in,,,,
Ptap,256,8,0,243,0.08273987515793488,0.0061148743730097405,1.6359743868872358,1.0549406896193165,0.6602801628951946,0.3195433541403442,,6.364025613112764,in,,,,
Ptap,256,8,0,242,0.08885313442078616,0.006111644152692816,1.6270962708981243,1.0537108581080736,0.6616200212046335,0.3185244775965356,,6.372903729101876,in,,,,
Ptap,256,8,0,241,0.0949630484133466,0.006108183832428074,1.6184444988642162,1.0524294051944267,0.6629347977641401,0.31750615859777553,,6.381555501135784,in,,,,
Ptap,256,8,0,240,0.10106938710080762,0.006104493542493955,1.6100010759023835,1.0510978373097184,0.6642251150219469,0.3164884354831987,,6.3899989240976165,in,,,,
Ptap,256,8,0,239,0.10717192058296883,0.006100573421828459,1.6017511452311919,1.0497175628015343,0.6654915409696385,0.31547134656950515,,6.398248854768808,in,,,,
Ptap,256,8,0,238,0.1132704191028939,0.006096423618021693,1.5936822169798617,1.0482899034056916,0.6667345955792449,0.31445493014951764,,6.406317783020138,in,,,,
Ptap,256,8,0,237,0.11936465305556046,0.006092044287311402,1.5857836354499526,1.0468161039378585,0.6679547562298063,0.3134392244907399,,6.414216364550048,in,,,,
Ptap,256,8,0,236,0.12545439299650463,0.006087435594576959,1.5780462035042495,1.045297340589951,0.6691524623468936,0.31242426783391586,,6.4219537964957505,in,,,,
Ptap,256,8,0,235,0.13153940965045963,0.006082597713332999,1.5704619117085432,1.0437347280925833,0.670328119404859,0.31141009839159006,,6.429538088291457,in,,,,
Ptap,256,8,0,234,0.13761947391998763,0.006077530825723015,1.5630237381905128,1.0421293259318285,0.6714821023984803,0.3103967543466687,,6.4369762618094875,in,,,,
Ptap,256,8,0,233,0.14369435689410537,0.006072235122512509,1.555725496929539,1.040482143763632,0.6726147588644334,0.30938427385098244,,6.444274503070461,in,,,,
Ptap,256,8,0,232,0.14976382985690245,0.00606671080308166,1.5485617197617925,1.0387941461399974,0.6737264115162058,0.30837269502384956,,6.451438280238207,in,,,,
Ptap,256,8,0,231,0.1558276642961523,0.006060958075417983,1.541527562281512,1.0370662566408726,0.6748173605446036,0.30736205595064126,,6.458472437718488,in,,,,
Ptap,256,8,0,230,0.16188563191191563,0.006054977156108671,1.534618727088815,1.035299361490971,0.6758878856278163,0.3063523946813474,,6.465381272911185,in,,,,
Ptap,256,8,0,229,0.1679375046251356,0.006048768270331295,1.5278313998608763,1.0334943127290925,0.6769382476885163,0.30534374922914403,,6.472168600139124,in,,,,
Ptap,256,8,0,228,0.17398305458622498,0.0060423316518475045,1.5211621952070145,1.0316519309883947,0.6779686904304972,0.3043361575689625,,6.4788378047929855,in,,,,
Ptap,256,8,0,227,0.18002205418364484,0.0060356675429921736,1.5146081101251494,1.0297730079381422,0.6789794416830047,0.3033296576360592,,6.485391889874851,in,,,,
Ptap,256,8,0,226,0.18605427605247354,0.006028776194665242,1.508166483570208,1.0278583084309805,0.6799707145773768,0.3023242873245877,,6.491833516429792,in,,,,
Ptap,256,8,0,225,0.19207949308296718,0.006021657866322028,1.5018349609946142,1.0259085723938854,0.6809427085773736,0.3013200844861721,,6.498165039005386,in,,,,
Ptap,256,8,0,224,0.19809747842911002,0.006014312825963625,1.4956114630460313,1.0239245164960606,0.6818956103819034,0.30031708692848164,,6.504388536953969,in,,,,
Ptap,256,8,0,223,0.20410800551715513,0.006006741350126632,1.4894941578291796,1.0219068356227528,0.6828295947164863,0.2993153324138075,,6.51050584217082,in,,,,
Ptap,256,8,0,222,0.21011084805415486,0.005998943723872802,1.483481436195717,1.019856204179988,0.6837448250275856,0.29831485865764085,,6.516518563804283,in,,,,
Ptap,256,8,0,221,0.21610578003648045,0.005990920240778408,1.4775718897153212,1.0177732772521215,0.6846414540922288,0.2973157033272532,,6.522428110284679,in,,,,
Ptap,256,8,0,220,0.22209257575833116,0.005982671202923007,1.4717642909865976,1.0156586916310657,0.6855196245536405,0.29631790404027814,,6.528235709013402,in,,,,
Ptap,256,8,0,219,0.2280710098202319,0.005974196920878472,1.4660575760287249,1.0135130667336072,0.6863794693922467,0.2953214983632947,,6.533942423971276,in,,,,
Ptap,256,8,0,218,0.23404085713751918,0.0059654977136960885,1.460450828528002,1.0113370054210278,0.687221112340162,0.29432652381041347,,6.539549171471998,in,,,,
Ptap,256,8,0,217,0.24000189294881555,0.005956573908896645,1.4549432657331596,1.0091310947333165,0.6880446682462044,0.29333301784186405,,6.54505673426684,in,,,,
Ptap,256,8,0,216,0.24595389282449198,0.00594742584245625,1.4495342258434099,1.0068959065486696,0.688850243397567,0.29234101786258465,,6.55046577415659,in,,,,
Ptap,256,8,0,215,0.2518966326751173,0.005938053858794395,1.444223156720737,1.0046319981774727,0.6896379358034358,0.29135056122081376,,6.555776843279263,in,,,,
Ptap,256,8,0,214,0.257829888759895,0.005928458310760942,1.439009605802661,1.002339912898786,0.690407835445165,0.29036168520668415,,6.560990394197339,in,,,,
Ptap,256,8,0,213,0.26375343769508686,0.005918639559622851,1.4338932110898506,1.0000201804462412,0.6911600244969964,0.28937442705081884,,6.566106788910149,in,,,,
Ptap,256,8,0,212,0.2696670564624236,0.005908597975050556,1.4288736930968282,0.997673317449344,0.6918945775207764,0.28838882392292936,,6.571126306903172,in,,,,
Ptap,256,8,0,211,0.2755705224175009,0.005898333935104083,1.4239508476831166,0.9952998278354054,0.6926115616376934,0.2874049129304165,,6.576049152316884,in,,,,
Ptap,256,8,0,210,0.28146361329816233,0.005887847826218762,1.4191245396483714,0.9929002031965428,0.6933110366795922,0.2864227311169729,,6.580875460351629,in,,,,
Ptap,256,8,0,209,0.2873461072328669,0.005877140043190454,1.4143946970532393,0.9904749231257451,0.6939930553221837,0.2854423154611888,,6.58560530294676,in,,,,
Ptap,256,8,0,208,0.293217782749043,0.00586621098916168,1.409761306146191,0.9880244555252804,0.6946576632020343,0.2844637028751595,,6.590238693853809,in,,,,
Ptap,256,8,0,207,0.29907841878142594,0.00585506107560424,1.4052244068745199,0.9855492568904849,0.695304899019096,0.2834869302030957,,6.59477559312548,in,,,,
Ptap,256,8,0,206,0.30492779468038145,0.0058436907223067824,1.4007840889040921,0.983049772571445,0.6959347946262268,0.2825120342199364,,6.599215911095908,in,,,,
Ptap,256,8,0,205,0.31076569022021316,0.00583210035735654,1.3964404880740822,0.9805264370147496,0.6965473751069433,0.28153905162996445,,6.603559511925917,in,,,,
Ptap,256,8,0,204,0.31659188560745355,0.00582029041712423,1.3921937832956226,0.9779796739873661,0.697142658842607,0.2805680190654244,,6.607806216704377,in,,,,
Ptap,256,8,0,203,0.32240616148913925,0.005808261346247234,1.388044193777386,0.9754098967841672,0.6977206575698943,0.2795989730851434,,6.611955806222614,in,,,,
Ptap,256,8,0,202,0.3282082989610696,0.0057960135976134475,1.3839919766119684,0.9728175084207243,0.698281376429494,0.278631950173155,,6.616008023388032,in,,,,
Ptap,256,8,0,201,0.3339980795760481,0.005783547632343622,1.3800374246303826,0.970202901812538,0.6988248140066836,0.27766698673732526,,6.619962575369618,in,,,,
Ptap,256,8,0,200,0.3397752853521071,0.005770863919774327,1.3761808645340128,0.9675664599419066,0.6993509623644739,0.2767041191079821,,6.623819135465987,in,,,,
Ptap,256,8,0,199,0.34553969878071433,0.005757962937440131,1.372422655256747,0.9649085560133757,0.6998598070698473,0.2757433835365476,,6.627577344743253,in,,,,
Ptap,256,8,0,198,0.3512911028349624,0.005744845171056001,1.3687631865229801,0.9622295535986152,0.7003513272135595,0.27478481619417294,,6.63123681347702,in,,,,
Ptap,256,8,0,197,0.3570292809777393,0.005731511114497767,1.3652028776151488,0.9595298067715584,0.7008254954239811,0.27382845317037674,,6.634797122384851,in,,,,
Ptap,256,8,0,196,0.362754017169881,0.005717961269785687,1.3617421762817865,0.9568096602343689,0.7012822778752709,0.2728743304716865,,6.638257823718213,in,,,,
Ptap,256,8,0,195,0.36846509587830567,0.005704196147063634,1.3583815578074656,0.9540694494349105,0.701721634290269,0.27192248402028235,,6.641618442192534,in,,,,
Ptap,256,8,0,194,0.3741623020841278,0.005690216264580716,1.3551215242097538,0.9513095006762056,0.7021435179383548,0.27097294965264535,,6.644878475790247,in,,,,
Ptap,256,8,0,193,0.37984542129075394,0.005676022148671522,1.3519626035456198,0.9485301312183407,0.702547875628525,0.2700257631182077,,6.64803739645438,in,,,,
Ptap,256,8,0,192,0.38551423953195796,0.005661614333736464,1.3489053493272636,0.9457316493732633,0.7029346476979227,0.26908096007800697,,6.651094650672737,in,,,,
Ptap,256,8,0,191,0.3911685433799371,0.005646993362221797,1.345950340028658,0.9429143545928216,0.7033037679960016,0.2681385761033438,,6.654049659971342,in,,,,
Ptap,256,8,0,190,0.3968081199533473,0.005632159784598689,1.3430981786550515,0.940078537550351,0.7036551638644738,0.2671986466744421,,6.656901821344949,in,,,,
Ptap,256,8,0,189,0.4024327569253182,0.005617114159343073,1.3403494924104675,0.9372244802161923,0.7039887561132573,0.2662612071791136,,6.659650507589532,in,,,,
Ptap,256,8,0,188,0.4080422425314468,0.00560185705291405,1.3377049323930688,0.9343524559272915,0.7043044589924667,0.2653262929114255,,6.662295067606931,in,,,,
Ptap,256,8,0,187,0.4136363655777704,0.005586389039733186,1.3351651733692074,0.9314627294512435,0.7046021801606608,0.26439393907037156,,6.664834826630793,in,,,,
Ptap,256,8,0,186,0.41921491544871836,0.005570710702162696,1.3327309135800993,0.9285555570449294,0.7048818206493951,0.26346418075854694,,6.667269086419901,in,,,,
Ptap,256,8,0,185,0.42477768211504074,0.005554822630482181,1.3304028745881489,0.9256311865079709,0.7051432748241988,0.2625370529808265,,6.669597125411851,in,,,,
Ptap,256,8,0,184,0.4303244561417169,0.005538725422870094,1.3281818011592041,0.9226898572312052,0.705386430342073,0.26161259064304715,,6.671818198840796,in,,,,
Ptap,256,8,0,183,0.4358550286958397,0.005522419685375424,1.3260684611712663,0.9197318002403396,0.7056111681055866,0.26069082855069337,,6.673931538828734,in,,,,
Ptap,256,8,0,182,0.4413691915544783,0.005505906031901764,1.3240636455445551,0.916757238234955,0.7058173622136494,0.25977180140758693,,6.675936354455445,in,,,,
Ptap,256,8,0,181,0.4468667371125179,0.005489185084177561,1.322168168194457,0.9137663856230154,0.706004879909044,0.2588555438145803,,6.677831831805543,in,,,,
Ptap,256,8,0,180,0.4523474583904752,0.005472257471737019,1.3203828659919183,0.910759448551007,0.7061735815227652,0.2579420902682541,,6.679617134008081,in,,,,
Ptap,256,8,0,179,0.4578111490422919,0.005455123831896336,1.3187085987385978,0.9077366249298665,0.7063233204152581,0.257031475159618,,6.681291401261403,in,,,,
Ptap,256,8,0,178,0.46325760336310307,0.005437784809725954,1.317146249153006,0.9046981044568222,0.7064539429146123,0.25612373277281614,,6.682853750846994,in,,,,
Ptap,256,8,0,177,0.46868661629698183,0.005420241058031683,1.3156967228478063,0.9016440686332396,0.7065652882517514,0.25521889728383634,,6.6843032771521935,in,,,,
Ptap,256,8,0,176,0.4740979834446598,0.005402493237324224,1.314360948324637,0.8985746907786494,0.7066571884927271,0.2543170027592233,,6.685639051675363,in,,,,
Ptap,256,8,0,175,0.47949150107122235,0.005384542015800853,1.3131398769524405,0.8954901360410076,0.7067294684681299,0.25341808315479625,,6.686860123047559,in,,,,
Ptap,256,8,0,174,0.4848669661137792,0.005366388069312944,1.3120344829524873,0.8923905614033492,0.7067819456997173,0.25252217231437013,,6.6879655170475125,in,,,,
Ptap,256,8,0,173,0.49022417618910985,0.005348032081348264,1.311045763363623,0.8892761156868986,0.706814430324289,0.25162930396848165,,6.688954236636377,in,,,,
Ptap,256,8,0,172,0.4955629296012828,0.005329474742997609,1.3101747380149147,0.886146939550799,0.7068267250149153,0.25073951173311954,,6.689825261985085,in,,,,
Ptap,256,8,0,171,0.5008830253492496,0.005310716752935873,1.3094224494664919,0.8830031654884952,0.7068186248995347,0.2498528291084584,,6.690577550533508,in,,,,
Ptap,256,8,0,170,0.5061842631344122,0.005291758817389636,1.3087899629551176,0.8798449178209468,0.7067899174770426,0.24896928947759794,,6.691210037044883,in,,,,
Ptap,256,8,0,169,0.5114664433681644,0.005272601650114561,1.3082783663095467,0.8766723126867128,0.7067403825308939,0.24808892610530592,,6.691721633690453,in,,,,
Ptap,256,8,0,168,0.5167293671794057,0.005253245972367981,1.3078887698558523,0.8734854580290513,0.7066697920403324,0.2472117721367657,,6.692111230144148,in,,,,
Ptap,256,8,0,167,0.5219728364220292,0.0052336925128790845,1.3076223062952341,0.8702844535801098,0.7065779100892954,0.24633786059632845,,6.692377693704766,in,,,,
Ptap,256,8,0,166,0.5271966536823818,0.005213942007825989,1.3074801305620072,0.8670693908423293,0.7064644927730963,0.2454672243862697,,6.692519869437993,in,,,,
Ptap,256,8,0,165,0.5324006222866959,0.005193995200802326,1.307463419659988,0.8638403530671722,0.7063292881029747,0.24459989628555068,,6.692536580340012,in,,,,
Ptap,256,8,0,164,0.537584546308495,0.005173852842795812,1.3075733724679883,0.8605974152312575,0.7061720359085863,0.24373590894858416,,6.6924266275320115,in,,,,
Ptap,256,8,0,163,0.5427482305759695,0.0051535156921533876,1.3078112095116972,0.857340644010017,0.7059924677385367,0.24287529490400508,,6.692188790488303,in,,,,
Ptap,256,8,0,162,0.5478914806793256,0.0051329845145585695,1.3081781727098334,0.8540700977490061,0.7057903067590766,0.24201808655344573,,6.691821827290166,in,,,,
Ptap,256,8,0,161,0.5530141029781034,0.005112260082997144,1.3086755250885092,0.8507858264329714,0.7055652676510614,0.24116431617031608,,6.691324474911491,in,,,,
Ptap,256,8,0,160,0.5581159046084689,0.005091343177733965,1.309304550448603,0.8474878716527696,0.7053170565052734,0.2403140158985885,,6.690695449551397,in,,,,
Ptap,256,8,0,159,0.5631966934904746,0.005070234586277422,1.3100665530076605,0.8441762665703021,0.7050453707162642,0.23946721775158755,,6.68993344699234,in,,,,
Ptap,256,8,0,158,0.5682562783352902,0.005048935103353802,1.3109628569870517,0.8408510358815414,0.704749898874811,0.23862395361078495,,6.689037143012948,in,,,,
Ptap,256,8,0,157,0.5732944686524062,0.005027445530878194,1.3119948061684943,0.8375121957778271,0.7044303206591669,0.23778425522459895,,6.688005193831506,in,,,,
Ptap,256,8,0,156,0.5783110747568049,0.005005766677919077,1.3131637633908846,0.8341597539055179,0.704086306725215,0.23694815420719917,,6.686836236609116,in,,,,
Ptap,256,8,0,155,0.5833059077761016,0.004983899360674449,1.3144711100125046,0.8307937093241865,0.7037175185957242,0.2361156820373164,,6.685528889987495,in,,,,
Ptap,256,8,0,154,0.5882787796576565,0.004961844402435189,1.3159182453080032,0.8274140524634533,0.7033236085488365,0.23528687005705723,,6.684081754691997,in,,,,
Ptap,256,8,0,153,0.5932295031756537,0.0049396026335593035,1.3175065858172554,0.8240207650786459,0.7029042195059929,0.2344617494707244,,6.682493414182744,in,,,,
Ptap,256,8,0,152,0.598157891938151,0.004917174891435394,1.3192375646402283,0.8206138202054349,0.7024589849194882,0.2336403513436415,,6.680762435359772,in,,,,
Ptap,256,8,0,151,0.6030637603940971,0.004894562020456683,1.321112630657634,0.8171931821135809,0.7019875286598252,0.2328227066009838,,6.678887369342366,in,,,,
Ptap,256,8,0,150,0.6079469238403175,0.004871764871984152,1.3231332477101325,0.8137588062600257,0.7014894649031438,0.23200884602661376,,6.676866752289867,in,,,,
Ptap,256,8,0,149,0.6128071984284682,0.004848784304317233,1.325300893682428,0.8103106392414187,0.7009643980188727,0.23119880026192197,,6.674699106317572,in,,,,
Ptap,256,8,0,148,0.617644401171958,0.004825621182662387,1.327617059540928,0.8068486187463596,0.7004119224579296,0.23039259980467366,,6.672382940459072,in,,,,
Ptap,256,8,0,147,0.6224583499528378,0.004802276379097026,1.3300832482874203,0.8033726735074936,0.6998316226416724,0.22959027500786036,,6.66991675171258,in,,,,
Ptap,256,8,0,146,0.6272488635286566,0.004778750772540863,1.3327009738346174,0.7998827232536774,0.6992230728518871,0.22879185607855723,,6.667299026165383,in,,,,
Ptap,256,8,0,145,0.6320157615392863,0.0047550452487182815,1.3354717598005708,0.7963786786624338,0.6985858371221033,0.2279973730767856,,6.664528240199429,in,,,,
Ptap,256,8,0,144,0.6367588645137106,0.004731160700130355,1.3383971382251574,0.7928604413129424,0.6979194691305586,0.22720685591438156,,6.661602861774843,in,,,,
Ptap,256,8,0,143,0.6414779938767835,0.004707098026015544,1.3414786481912517,0.789327903639764,0.6972235120951052,0.22642033435386938,,6.658521351808748,in,,,,
Ptap,256,8,0,142,0.6461729719559519,0.004682858132321166,1.344717834350026,0.785780948887567,0.6964974986704143,0.22563783800734133,,6.655282165649974,in,,,,
Ptap,256,8,0,141,0.6508436219879445,0.004658441931664092,1.348116245369457,0.7822194510671504,0.6957409508478735,0.22485939633534258,,6.651883754630543,in,,,,
Ptap,256,8,0,140,0.6554897681254276,0.004633850343302104,1.3516754322554192,0.7786432749129546,0.694953379858482,0.22408503864576207,,6.648324567744581,in,,,,
Ptap,256,8,0,139,0.6601112354436253,0.004609084293093257,1.3553969465903268,0.7750522758424323,0.6941342860792286,0.22331479409272914,,6.644603053409673,in,,,,
Ptap,256,8,0,138,0.6647078499469047,0.004584144713465577,1.359282338655548,0.7714462999175301,0.6932831589433265,0.22254869167551586,,6.640717661344452,in,,,,
Ptap,256,8,0,137,0.669279438575328,0.00455903254338097,1.363333155435363,0.767825183808595,0.692399476854759,0.2217867602374453,,6.636666844564637,in,,,,
Ptap,256,8,0,136,0.6738258292111672,0.004533748728297371,1.3675509385181335,0.7641887547610723,0.6914827071076363,0.22102902846480546,,6.632449061481866,in,,,,
Ptap,256,8,0,135,0.6783468506853845,0.004508294220137321,1.3719372218695367,0.7605368305652995,0.6905323058108246,0.22027552488576924,,6.628062778130463,in,,,,
Ptap,256,8,0,134,0.6828423327840767,0.004482669977247111,1.3764935294730074,0.756869219529755,0.6895477178183685,0.21952627786932055,,6.623506470526992,in,,,,
Ptap,256,8,0,133,0.6873121062548836,0.004456876964366696,1.3812213728614962,0.7531857204581882,0.6885283766662973,0.21878131562418607,,6.618778627138504,in,,,,
Ptap,256,8,0,132,0.6917560028133605,0.00443091615258695,1.386122248497489,0.7494861226309539,0.6874737045163258,0.21804066619777324,,6.6138777515025104,in,,,,
Ptap,256,8,0,131,0.6961738551493133,0.004404788519318914,1.3911976350263164,0.745770205791013,0.6863831121070991,0.21730435747511445,,6.608802364973684,in,,,,
Ptap,256,8,0,130,0.700565496933099,0.004378495048252273,1.3964489903899753,0.7420377401350073,0.6852559987135914,0.21657241717781683,,6.603551009610024,in,,,,
Ptap,256,8,0,129,0.7049307628218863,0.004352036729322384,1.4018777487942744,0.7382884863098517,0.6840917521153164,0.21584487286301896,,6.598122251205726,in,,,,
Ptap,256,8,0,128,0.709269488465882,0.004325414558669083,1.4074853175245092,0.7345221954152991,0.6828897485740268,0.215121751922353,,6.592514682475491,in,,,,
Ptap,256,8,0,127,0.7135815105145176,0.00429862953860205,1.413273073626689,0.7307386090129991,0.6816493528216618,0.21440308158091373,,6.586726926373311,in,,,,
Ptap,256,8,0,126,0.7178666666226001,0.00427168267756306,1.4192423604183448,0.7269374591424893,0.6803699180592286,0.2136888888962333,,6.580757639581655,in,,,,
Ptap,256,8,0,125,0.7221247954564243,0.004244574990085126,1.4253944838528103,0.7231184683446799,0.6790507859674381,0.21297920075726262,,6.57460551614719,in,,,,
Ptap,256,8,0,124,0.726355736699846,0.004217307496758416,1.4317307087247406,0.7192813496933594,0.6776912867298955,0.21227404388335902,,6.568269291275259,in,,,,
Ptap,256,8,0,123,0.7305593310603189,0.004189881224187508,1.4382522547195675,0.7154258068352748,0.6762907390696831,0.21157344482328017,,6.5617477452804325,in,,,,
Ptap,256,8,0,122,0.7347354202748912,0.004162297204957088,1.4449602922938334,0.7115515340393433,0.674848450300191,0.2108774299541848,,6.555039707706166,in,,,,
Ptap,256,8,0,121,0.7388838471161643,0.004134556477589091,1.451855938406576,0.7076582162556202,0.6733637163911301,0.21018602548063928,,6.548144061593424,in,,,,
Ptap,256,8,0,120,0.7430044553982125,0.0041066600865070635,1.4589402520804349,0.7037455291845911,0.6718358220506205,0.20949925743363124,,6.541059747919565,in,,,,
Ptap,256,8,0,119,0.7470970899824625,0.004078609081993201,1.4662142298048737,0.6998131393574386,0.6702640408243378,0.20881715166958958,,6.533785770195126,in,,,,
Ptap,256,8,0,118,0.7511615967835358,0.004050404520153261,1.4736788007853996,0.6958607042279161,0.668647635212705,0.2081397338694107,,6.526321199214601,in,,,,
Ptap,256,8,0,117,0.7551978227750484,0.004022047462872158,1.4813348220287201,0.691887872276475,0.666985856807134,0.2074670295374919,,6.51866517797128,in,,,,
Ptap,256,8,0,116,0.7592056159953731,0.0039935389777771,1.4891830732786935,0.6878942831273193,0.6652779464463671,0.20679906400077114,,6.510816926721306,in,,,,
Ptap,256,8,0,115,0.7631848255533603,0.003964880138197291,1.4972242518077081,0.6838795676790739,0.6635231343939938,0.2061358624077733,,6.502775748192292,in,,,,
Ptap,256,8,0,114,0.7671353016340192,0.003936072023120518,1.5054589670499778,0.6798433482497225,0.6617206405381963,0.20547744972766346,,6.494541032950022,in,,,,
Ptap,256,8,0,113,0.7710568955041582,0.003907115717157517,1.5138877351155287,0.6757852387365633,0.6598696746148834,0.20482385074930698,,6.486112264884471,in,,,,
Ptap,256,8,0,112,0.7749494595179847,0.003878012310495338,1.522510973161257,0.671704844791835,0.6579694364552916,0.20417509008033588,,6.477489026838743,in,,,,
Ptap,256,8,0,111,0.7788128471226634,0.003848762898862157,1.5313289936422294,0.667601764014743,0.6560191162592105,0.20353119214622276,,6.468671006357771,in,,,,
Ptap,256,8,0,110,0.7826469128638347,0.0038193685834805313,1.5403419984631126,0.6634755861606028,0.6540178948949992,0.20289218118936087,,6.459658001536887,in,,,,
Ptap,256,8,0,109,0.7864515123910907,0.003789830471031208,1.549550073014599,0.6593258933677665,0.6519649442275085,0.20225808126815153,,6.450449926985401,in,,,,
Ptap,256,8,0,108,0.7902265024634092,0.003760149673605939,1.5589531801396634,0.6551522604030748,0.6498594274751096,0.20162891625609847,,6.441046819860336,in,,,,
Ptap,256,8,0,107,0.7939717409545478,0.0037303273086712885,1.5685511540191623,0.6509542549264831,0.6477004995969504,0.20100470984090868,,6.431448845980838,in,,,,
Ptap,256,8,0,106,0.7976870868583943,0.003700364499021669,1.578343694008928,0.6467314377755606,0.6454873077116057,0.20038548552360094,,6.421656305991072,in,,,,
Ptap,256,8,0,105,0.801372400294275,0.0036702623727397077,1.5883303584439723,0.6424833632705116,0.6432189915482484,0.19977126661762082,,6.411669641556028,in,,,,
Ptap,256,8,0,104,0.8050275425122221,0.003640022063154502,1.598510558423274,0.6382095795403359,0.640894683931438,0.19916207624796295,,6.401489441576726,in,,,,
Ptap,256,8,0,103,0.8086523758981969,0.003609644708795323,1.608883551602285,0.6339096288707453,0.6385135113006208,0.1985579373503005,,6.391116448397715,in,,,,
Ptap,256,8,0,102,0.8122467639792715,0.0035791314533537566,1.61944843602572,0.6295830480744137,0.6360745942653964,0.1979588726701214,,6.38055156397428,in,,,,
Ptap,256,8,0,101,0.815810571428766,0.0035484834456351866,1.630204144005658,0.6252293688840619,0.6335770481975234,0.19736490476187232,,6.369795855994342,in,,,,
Ptap,256,8,0,100,0.8193436640713441,0.003517701839521048,1.6411494361008598,0.6208481183688971,0.6310199838606516,0.19677605598810932,,6.35885056389914,in,,,,
Ptap,256,8,0,99,0.8228459088880649,0.0034867877939204206,1.6522828951958557,0.6164388193747956,0.6284025080786254,0.19619234851865586,,6.347717104804144,in,,,,
Ptap,256,8,0,98,0.8263171740213904,0.0034557424727306163,1.6636029207426428,0.6120009909886452,0.6257237244432158,0.19561380432976827,,6.336397079257357,in,,,,
Ptap,256,8,0,97,0.8297573287801505,0.0034245670447896615,1.6751077231695781,0.6075341490271109,0.622982734061977,0.19504044520330824,,6.324892276830422,in,,,,
Ptap,256,8,0,96,0.8331662436444627,0.0033932626838346636,1.6867953185227018,0.6030378065500989,0.6201786363469092,0.19447229272592287,,6.313204681477298,in,,,,
Ptap,256,8,0,95,0.836543790270609,0.0033618305684580685,1.6986635233387473,0.5985114743990225,0.6173105298444166,0.19390936828823183,,6.301336476661253,in,,,,
Ptap,256,8,0,94,0.8398898414958682,0.003330271882060254,1.710709949835376,0.5939546617599945,0.6143775131070494,0.19335169308402195,,6.289290050164624,in,,,,
Ptap,256,8,0,93,0.8432042713433028,0.003298587812808784,1.7229320014076104,0.5893668767518561,0.6113786856072627,0.19279928810944952,,6.27706799859239,in,,,,
Ptap,256,8,0,92,0.8464869550265022,0.0032667795535900046,1.7353268685153138,0.5847476270389577,0.608313148693408,0.19225217416224963,,6.264673131484686,in,,,,
Ptap,256,8,0,91,0.8497377689542811,0.003234848301967963,1.7478915249681846,0.5800964204684145,0.6051800065879319,0.19171037184095313,,6.252108475031815,in,,,,
Ptap,256,8,0,90,0.8529565907353327,0.0032027952601353382,1.7606227246731079,0.5754127657315042,0.601978367427663,0.1911739015441112,,6.239377275326892,in,,,,
Ptap,256,8,0,89,0.8561432991828362,0.0031706216348715843,1.773516998881954,0.5706961730487234,0.5987073443458663,0.1906427834695273,,6.226483001118046,in,,,,
Ptap,256,8,0,88,0.8592977743190195,0.0031383286374950803,1.786570653964486,0.5659461548778696,0.5953660565955422,0.19011703761349674,,6.213429346035514,in,,,,
Ptap,256,8,0,87,0.8624198973796768,0.003105917483819609,1.7997797697782096,0.5611622266444424,0.5919536307133195,0.18959668377005384,,6.20022023022179,in,,,,
Ptap,256,8,0,86,0.8655095508186397,0.003073389394105952,1.8131401986445819,0.5563439074934424,0.5884692017230071,0.18908174153022672,,6.186859801355418,in,,,,
Ptap,256,8,0,85,0.868566618312202,0.003040745593018701,1.8266475649930098,0.551490721061571,0.5849119143777357,0.18857223028129966,,6.17335243500699,in,,,,
Ptap,256,8,0,84,0.8715909847635007,0.0030079873095787413,1.840297265708891,0.546602196268646,0.5812809244393558,0.18806816920608319,,6.159702734291109,in,,,,
Ptap,256,8,0,83,0.8745825363068482,0.0029751157771163994,1.854084471196168,0.5416778681268852,0.5775753999935177,0.18756957728219195,,6.145915528803832,in,,,,
Ptap,256,8,0,82,0.87754116031202,0.002942132233227035,1.8680041272282002,0.5367172785666298,0.5737945227987079,0.18707647328132998,,6.1319958727718,in,,,,
Ptap,256,8,0,81,0.8804667453884942,0.0029090379197214133,1.882050957578113,0.5317199772768365,0.569937489667175,0.1865888757685843,,6.117949042421887,in,,,,
Ptap,256,8,0,80,0.8833591813896464,0.002875834082582851,1.8962194674781911,0.526685522558585,0.5660035138755243,0.1861068031017256,,6.103780532521808,in,,,,
Ptap,256,8,0,79,0.8862183594168958,0.0028425219719160344,1.9105039479231285,0.5216134821896727,0.5619918266024816,0.18563027343051736,,6.089496052076871,in,,,,
Ptap,256,8,0,78,0.8890441718238058,0.0028091028419040542,1.9248984808232825,0.5165034342982112,0.5579016783910822,0.18515930469603237,,6.075101519176718,in,,,,
Ptap,256,8,0,77,0.8918365122201366,0.0027755779507573353,1.9393969450390793,0.5113549682430479,0.5537323406323548,0.18469391462997722,,6.060603054960921,in,,,,
Ptap,256,8,0,76,0.8945952754758502,0.0027419485606698935,1.9539930232857112,0.5061676854986491,0.5494831070672785,0.18423412075402495,,6.046006976714288,in,,,,
Ptap,256,8,0,75,0.8973203577250695,0.002708215937768821,1.9686802099119478,0.5009412005419865,0.5451532953036097,0.18377994037915507,,6.031319790088052,in,,,,
Ptap,256,8,0,74,0.9000116563699879,0.0026743813520679893,1.9834518195419122,0.4956751417388601,0.5407422483439517,0.18333139060500203,,6.016548180458088,in,,,,
Ptap,256,8,0,73,0.9026690700847326,0.002640446077421421,1.9983009965701697,0.49036915222698113,0.5362493361212513,0.18288848831921123,,6.00169900342983,in,,,,
Ptap,256,8,0,72,0.9052924988191793,0.0026064113914719966,2.013220725484858,0.4850228907930536,0.5316739570377044,0.18245125019680344,,5.986779274515142,in,,,,
Ptap,256,8,0,71,0.9078818438027189,0.0025722785756070454,2.028203841973698,0.479636032741008,0.5270155395028884,0.18201969269954682,,5.971796158026303,in,,,,
Ptap,256,8,0,70,0.9104370075479761,0.002538048914907387,2.043243044790182,0.47420827074851746,0.5222735434668111,0.18159383207533733,,5.956756955209817,in,,,,
Ptap,256,8,0,69,0.9129578938544802,0.0025037236981009237,2.0583309083146784,0.46873931570885286,0.517447461943415,0.18117368435758663,,5.941669091685322,in,,,,
Ptap,256,8,0,68,0.9154444078122866,0.002469304217511903,2.0734598957570953,0.46322889755514385,0.5125368225199862,0.1807592653646189,,5.926540104242905,in,,,,
Ptap,256,8,0,67,0.9178964558055501,0.0024347917690150656,2.088622372922753,0.45767676606409746,0.5075411888478443,0.180350590699075,,5.911377627077247,in,,,,
Ptap,256,8,0,66,0.9203139455160497,0.0024001876519841314,2.1038106224658413,0.45208269163626413,0.5024601621096341,0.17994767574732506,,5.896189377534158,in,,,,
Ptap,256,8,0,65,0.9226967859266643,0.0023654931692449477,2.119016858527192,0.44644646604998267,0.49729338245853405,0.17955053567888926,,5.880983141472808,in,,,,
Ptap,256,8,0,64,0.9250448873247991,0.002330709627024641,2.1342332416747327,0.44076790318622877,0.49204053042472384,0.1791591854458668,,5.865766758325267,in,,,,
Ptap,256,8,0,63,0.9273581613057634,0.002295838334904099,2.1494518939762095,0.4350468397216335,0.4867013282844505,0.17877363978237276,,5.8505481060237905,in,,,,
Ptap,256,8,0,62,0.9296365207760996,0.002260880605768234,2.1646649141466736,0.4292831357871689,0.4812755413872309,0.1783939132039834,,5.835335085853327,in,,,,
Ptap,256,8,0,61,0.9318798799568613,0.0022258377557551334,2.1798643925577297,0.4234766755900344,0.4757629794367299,0.17802002000718978,,5.82013560744227,in,,,,
Ptap,256,8,0,60,0.9340881543868432,0.0021907111042087646,2.195042426002362,0.4176273679965551,0.47016349772112936,0.17765197426885942,,5.804957573997638,in,,,,
Ptap,256,8,0,59,0.9362612609257612,0.0021555019736272385,2.210191132004125,0.41173514707404535,0.4644769982889307,0.17728978984570645,,5.789808867995875,in,,,,
Ptap,256,8,0,58,0.9383991177573824,0.0021202116896150702,2.225302662525328,0.4057999725898925,0.45870343106646133,0.17693348037376957,,5.774697337474672,in,,,,
Ptap,256,8,0,57,0.9405016443926053,0.0020848415808307763,2.240369216830804,0.3998218304663244,0.45284279491357493,0.1765830592678991,,5.759630783169197,in,,,,
Ptap,256,8,0,56,0.9425687616724905,0.0020493929789396903,2.2553830533369172,0.39380073318969244,0.44689513861445856,0.17623853972125159,,5.744616946663083,in,,,,
Ptap,256,8,0,55,0.9446003917712409,0.002013867218560894,2.270336500185915,0.3877367201733728,0.4408605618007739,0.17589993470479318,,5.729663499814086,in,,,,
Ptap,256,8,0,54,0.9465964581991312,0.0019782656372198115,2.2852219643191023,0.3816298580737995,0.4347392158048483,0.17556725696681147,,5.714778035680897,in,,,,
Ptap,256,8,0,53,0.9485568858053889,0.0019425895752955835,2.3000319387989867,0.3754802410595021,0.4285313044410748,0.17524051903243515,,5.699968061201013,in,,,,
Ptap,256,8,0,52,0.9504816007810225,0.0019068403759716634,2.314759008105785,0.36928799103347354,0.42223708471423177,0.1749197332031629,,5.685240991894215,in,,,,
Ptap,256,8,0,51,0.952370530661601,0.001871019385185524,2.329395851154335,0.36305325780962405,0.4158568674539866,0.17460491155639982,,5.6706041488456655,in,,,,
Ptap,256,8,0,50,0.9542236043299823,0.0018351279515768093,2.3439352417405313,0.3567762192445601,0.40939101787545407,0.17429606594500294,,5.656064758259468,in,,,,
Ptap,256,8,0,49,0.9560407520189897,0.001799167426438153,2.3583700461570074,0.3504570813264443,0.4028399560663531,0.17399320799683504,,5.641629953842992,in,,,,
Ptap,256,8,0,48,0.9578219053140402,0.0017631391636626637,2.372693217699351,0.34409607822317917,0.39620415740194487,0.17369634911432663,,5.627306782300649,in,,,,
Ptap,256,8,0,47,0.9595669971557186,0.0017270445196942985,2.3868977878116535,0.33769347229274094,0.38948415288969745,0.1734055004740469,,5.6131022121883465,in,,,,
Ptap,256,8,0,46,0.9612759618423037,0.0016908848534756826,2.4009768536416063,0.3312495540589871,0.38268052944629866,0.1731206730262827,,5.599023146358394,in,,,,
Ptap,256,8,0,45,0.9629487350322407,0.001654661526398371,2.4149235617872513,0.32476464215684386,0.375793930110416,0.17284187749462654,,5.585076438212749,in,,,,
Ptap,256,8,0,44,0.9645852537465646,0.001618375902249447,2.428731088114172,0.3182390832512883,0.3688250541953096,0.17256912437557254,,5.571268911885828,in,,,,
Ptap,256,8,0,43,0.9661854563712706,0.0015820293471627833,2.4423926134950453,0.31167325193506085,0.3617746573861214,0.17230242393812156,,5.557607386504955,in,,,,
Ptap,256,8,0,42,0.9677492826596348,0.0015456232295653072,2.455901295523885,0.3050675506105398,0.35464355178737017,0.1720417862233942,,5.544098704476115,in,,,,
Ptap,256,8,0,41,0.9692766737344807,0.0015091589201265965,2.469250236227138,0.2984224093615981,0.34743260592675057,0.1717872210442532,,5.530749763772862,in,,,,
Ptap,256,8,0,40,0.9707675720903979,0.0014726377917078093,2.4824324460332785,0.2917382858216317,0.34014274472190087,0.1715387379849337,,5.517567553966721,in,,,,
Ptap,256,8,0,39,0.9722219215959059,0.0014360612193082822,2.495440804344309,0.2850156650442228,0.332774949417237,0.1712963464006823,,5.504559195655691,in,,,,
Ptap,256,8,0,38,0.973639667495568,0.0013994305800157925,2.5082680172789797,0.27825505938299866,0.32533025749819355,0.17106005541740532,,5.491731982721021,in,,,,
Ptap,256,8,0,37,0.9750207564120521,0.0013627472529526008,2.5209065733590124,0.2714570083872544,0.31780976259033344,0.17082987393132465,,5.479093426640988,in,,,,
Ptap,256,8,0,36,0.9763651363481414,0.0013260126192259358,2.5333486981945357,0.2646220787197078,0.3102146143506576,0.1706058106086431,,5.466651301805465,in,,,,
Ptap,256,8,0,35,0.9776727566886909,0.0012892280618731489,2.5455863095155005,0.25775086410234516,0.3025460183580659,0.17038787388521817,,5.4544136904844995,in,,,,
Ptap,256,8,0,34,0.978943568202534,0.0012523949658129752,2.557610974233827,0.2508439852956297,0.29480523600919223,0.17017607196624432,,5.442389025766174,in,,,,
Ptap,256,8,0,33,0.9801775230443355,0.0012155147177899117,2.5694138696062065,0.24390209011541875,0.286993584424818,0.16997041282594408,,5.4305861303937935,in,,,,
Ptap,256,8,0,32,0.9813745747563929,0.0011785887063248124,2.580985750958919,0.23692585349064374,0.279112436370591,0.16977090420726784,,5.419014249041081,in,,,,
Ptap,256,8,0,31,0.9825346782703858,0.001141618321661042,2.5923169288094607,0.22991597756320253,0.2711632201939181,0.16957755362160234,,5.407683071190539,in,,,,
Ptap,256,8,0,30,0.9836577899090726,0.0011046049557127402,2.603397258583984,0.22287319182954282,0.26314741977657713,0.1693903683484879,,5.396602741416016,in,,,,
Ptap,256,8,0,29,0.9847438673879352,0.0010675500020121964,2.6142161463702873,0.21579825332116082,0.25506657449991715,0.16920935543534413,,5.385783853629713,in,,,,
Ptap,256,8,0,28,0.98579286981677,0.0010304548556573367,2.6247625741913057,0.20869194681869802,0.24692227921646936,0.169034521697205,,5.375237425808694,in,,,,
Ptap,256,8,0,27,0.9868047577012284,0.0009933209132598764,2.635025148232724,0.20155508509174583,0.2387161842186912,0.16886587371646192,,5.3649748517672755,in,,,,
Ptap,256,8,0,26,0.987779492944304,0.0009561495728910296,2.644992172720024,0.19438850915400266,0.23044999519256731,0.168703417842616,,5.355007827279977,in,,,,
Ptap,256,8,0,25,0.9887170388477653,0.0009189422340315501,2.654651751432493,0.18719308852163388,0.22212547314158246,0.1685471601920391,,5.3453482485675075,in,,,,
Ptap,256,8,0,24,0.989617360113539,0.0008817002975159971,2.6639919171267032,0.1799697214618077,0.2137444342654557,0.1683971066477435,,5.336008082873297,in,,,,
Ptap,256,8,0,23,0.9904804228450386,0.0008444251654829982,2.6730007872797015,0.17271933521964702,0.20530874977946217,0.16825326285916023,,5.326999212720299,in,,,,
Ptap,256,8,0,22,0.9913061945484398,0.0008071182413195155,2.6816667420734226,0.1654428862158221,0.19682034566486734,0.1681156342419267,,5.318333257926577,in,,,,
Ptap,256,8,0,21,0.9920946441339047,0.0007697809296104419,2.6899786178428933,0.1581413602151703,0.18828120235072562,0.16798422597768253,,5.310021382157107,in,,,,
Ptap,256,8,0,20,0.9928457419167522,0.0007324146360845329,2.697925906609427,0.15081577248085354,0.17969335434420133,0.1678590430138746,,5.302074093390573,in,,,,
Ptap,256,8,0,19,0.9935594596185753,0.0006950207675615605,2.70549895018907,0.14346716795056305,0.1710588898529759,0.16774009006357077,,5.29450104981093,in,,,,
Ptap,256,8,0,18,0.9942357703683058,0.0006576007318993549,2.7126891161881446,0.13609662150434912,0.16237995048305154,0.16762737160528235,,5.287310883811855,in,,,,
Ptap,256,8,0,17,0.9948746487032261,0.0006201559379414023,2.7194889433211453,0.1287052384427418,0.15365873115430778,0.16752089188279565,,5.280511056678854,in,,,,
Ptap,256,8,0,16,0.9954760705699284,0.0005826877954629994,2.7258922450455505,0.12129415536673946,0.14489748046387363,0.16742065490501193,,5.27410775495445,in,,,,
Ptap,256,8,0,15,0.996040013325219,0.0005451977151181842,2.7318941636271625,0.11386454176301997,0.13609850186179362,0.16732666444579683,,5.268105836372838,in,,,,
Ptap,256,8,0,14,0.9965664557369718,0.0005076871083876666,2.7374911706864022,0.10641760277505155,0.12726415621659526,0.16723892404383803,,5.262508829313598,in,,,,
Ptap,256,8,0,13,0.9970553779849279,0.00047015738752453906,2.7426810149063674,0.09895458393675426,0.11839686670389328,0.167157437002512,,5.257318985093633,in,,,,
Ptap,256,8,0,12,0.9975067616614409,0.00043260996550142927,2.747462621780995,0.0914767791630405,0.10949912757274549,0.16708220638975982,,5.252537378219005,in,,,,
Ptap,256,8,0,11,0.9979205897721704,0.00039504625595754295,2.7518359537969013,0.08398554424457422,0.10057351948841603,0.1670132350379716,,5.248164046203099,in,,,,
Ptap,256,8,0,10,0.9982968467367219,0.000357467673145595,2.7558018416347783,0.07648231994287749,0.09162273636901563,0.16695052554387968,,5.244198158365222,in,,,,
Ptap,256,8,0,9,0.9986355183892336,0.0003198756318776308,2.75936179785352,0.06896867257946204,0.0826496331907291,0.1668940802684611,,5.24063820214648,in,,,,
Ptap,256,8,0,8,0.9989365919789088,0.00028227154747295646,2.762517824109938,0.06144636834780802,0.07365731423859627,0.1668439013368485,,5.237482175890062,in,,,,
Ptap,256,8,0,7,0.9992000561704975,0.0002446568357041823,2.76527222164535,0.05391751738558089,0.06464930505004067,0.1667999906382504,,5.2347277783546495,in,,,,
Ptap,256,8,0,6,0.9994259010447213,0.0002070329127435988,2.767627412866474,0.04638487559954217,0.055629913644145254,0.16676234982587979,,5.232372587133526,in,,,,
Ptap,256,8,0,5,0.9996141180986486,0.0001694011951111074,2.769585779789911,0.03885254688529387,0.04660507220847622,0.16673098031689187,,5.230414220210089,in,,,,
