wing,n,alpha,twist,k_from_tip,eta,deta,alpha_i_deg,gamma,cl_local,chord,self_deg,alpha_eff,verdict,CL,AR,seconds,diag
rectc,16,5,0,1,0.9975923633360984,0.004815273327803182,18.138043836494504,0.22848883148642712,0.1827910651891417,0.25,86.53998039708013,-13.138043836494504,out:alpha;sweep=0.0,0.691166791202872,8,0.03,RunDiagnostics { ResidualInf = 7.993605777301127E-15; Kappa1 = 31.22854835153076 }
rectc,16,5,0,2,0.9879850035377136,0.014399446268966387,5.5103043592634045,0.333439474743456,0.26675157979476477,0.25,42.23222679639931,-0.5103043592634045,in;sweep=0.0,0.691166791202872,8,0.03,RunDiagnostics { ResidualInf = 7.993605777301127E-15; Kappa1 = 31.22854835153076 }
rectc,16,5,0,3,0.9688628080677196,0.023844944671021606,3.9438130606005806,0.44568958574524964,0.3565516685961997,0.25,34.08858128128627,1.0561869393994194,in;sweep=0.0,0.691166791202872,8,0.03,RunDiagnostics { ResidualInf = 7.993605777301127E-15; Kappa1 = 31.22854835153076 }
rectc,16,5,0,4,0.9404099341217478,0.033060803220922086,3.320553633262329,0.5488102146949946,0.43904817175599564,0.25,30.274818284778704,1.679446366737671,in;sweep=0.0,0.691166791202872,8,0.03,RunDiagnostics { ResidualInf = 7.993605777301127E-15; Kappa1 = 31.22854835153076 }
Prectc,16,5,0,16,0.049008570164780295,0.0980171403295607,1.120707209785441,0.977734209710659,0.7821873677685273,0.25,,3.879292790214559,in,,,,
Prectc,16,5,0,15,0.14655373117284443,0.09707318168656755,1.1390564169410886,0.9745752865649575,0.779660229251966,0.25,,3.860943583058911,in,,,,
Prectc,16,5,0,14,0.24268749963529518,0.09519435523833397,1.1764978823391785,0.96809445898594,0.774475567188752,0.25,,3.8235021176608215,in,,,,
Prectc,16,5,0,13,0.33648405480977595,0.09239875511062756,1.2345326629588902,0.9579581705536268,0.7663665364429014,0.25,,3.76546733704111,in,,,,
Prectc,16,5,0,12,0.4270400845955437,0.08871330446090797,1.3154453375108965,0.9436480553148385,0.7549184442518708,0.25,,3.6845546624891035,in,,,,
Prectc,16,5,0,11,0.5134834849227998,0.08417349619360426,1.4223315752561358,0.9244422799519166,0.7395538239615334,0.25,,3.577668424743864,in,,,,
Prectc,16,5,0,10,0.5949817585916237,0.07882305114404342,1.559114751074197,0.8993964938413319,0.7195171950730656,0.25,,3.4408852489258033,in,,,,
Prectc,16,5,0,9,0.6707500326750964,0.07271349702290208,1.730528226954241,0.8673309262271626,0.69386474098173,0.25,,3.269471773045759,in,,,,
Prectc,16,5,0,8,0.7400586172746422,0.06590367217618953,1.942006630205677,0.8268337736904887,0.661467018952391,0.25,,3.057993369794323,in,,,,
Prectc,16,5,0,7,0.8022400328326411,0.05845915893980835,2.1993667991168424,0.7762980598660296,0.6210384478928237,0.25,,2.8006332008831576,in,,,,
Prectc,16,5,0,6,0.8566954383254501,0.05045165204580959,2.508297014678061,0.7140273610836176,0.5712218888668941,0.25,,2.491702985321939,in,,,,
Prectc,16,5,0,5,0.9029003984298208,0.0419582681629318,2.8754025149157196,0.6384859220431849,0.5107887376345479,0.25,,2.1245974850842804,in,,,,
rect,16,5,1,1,0.9975923633360984,0.004815273327803182,7.9149929541042585,0.13071049323030123,0.10456839458424098,0.25,49.506505190013584,-1.9174005907681604,in;sweep=0.0,0.4429387052219648,8.000000000000002,0.01,RunDiagnostics { ResidualInf = 6.661338147750939E-15; Kappa1 = 42.126233154854155 }
rect,16,5,1,2,0.9879850035377136,0.014399446268966387,2.584996506914847,0.20038945990904905,0.16031156792723925,0.25,25.380597558217026,3.4029884966228665,in;sweep=0.0,0.4429387052219648,8.000000000000002,0.01,RunDiagnostics { ResidualInf = 6.661338147750939E-15; Kappa1 = 42.126233154854155 }
rect,16,5,1,3,0.9688628080677196,0.023844944671021606,2.2219918845103206,0.2778318997479952,0.22226551979839618,0.25,21.249981152817767,3.7468709235573994,in;sweep=0.0,0.4429387052219648,8.000000000000002,0.01,RunDiagnostics { ResidualInf = 6.661338147750939E-15; Kappa1 = 42.126233154854155 }
rect,16,5,1,4,0.9404099341217478,0.033060803220922086,2.049720316019459,0.3502092640159278,0.28016741121274225,0.24999999999999997,19.31910439316574,3.890689618102289,in;sweep=0.0,0.4429387052219648,8.000000000000002,0.01,RunDiagnostics { ResidualInf = 6.661338147750939E-15; Kappa1 = 42.126233154854155 }
Prect,16,5,1,16,0.049008570164780295,0.0980171403295607,0.5949854795308612,0.6063622316217939,0.48508978529743524,0.24999999999999997,,4.454023090633918,in,,,,
Prect,16,5,1,15,0.14655373117284443,0.09707318168656755,0.6496118457969388,0.6086470460005471,0.48691763680043765,0.25,,4.496941885375906,in,,,,
Prect,16,5,1,14,0.24268749963529518,0.09519435523833397,0.7115351856258226,0.6103118893967341,0.4882495115173874,0.24999999999999997,,4.531152314009472,in,,,,
Prect,16,5,1,13,0.33648405480977595,0.09239875511062756,0.7831482746805238,0.6100850722486948,0.48806805779895585,0.25,,4.553335780129252,in,,,,
Prect,16,5,1,12,0.4270400845955437,0.08871330446090797,0.8670403058822227,0.606976399716294,0.4855811197730352,0.25,,4.559999778713321,in,,,,
Prect,16,5,1,11,0.5134834849227998,0.08417349619360426,0.965733656933464,0.60002048023522,0.4800163841881761,0.24999999999999997,,4.547749827989335,in,,,,
Prect,16,5,1,10,0.5949817585916237,0.07882305114404342,1.0814426689396746,0.5881754230729016,0.4705403384583214,0.24999999999999997,,4.51353908965195,in,,,,
Prect,16,5,1,9,0.6707500326750964,0.07271349702290208,1.2155844832151022,0.570283045154146,0.45622643612331676,0.25,,4.455165549459994,in,,,,
Prect,16,5,1,8,0.7400586172746422,0.06590367217618953,1.3679006741225854,0.5450817657511102,0.43606541260088816,0.25,,4.372157943152057,in,,,,
Prect,16,5,1,7,0.8022400328326411,0.05845915893980835,1.53525649068361,0.5112934032608778,0.4090347226087022,0.25,,4.266983542149031,in,,,,
Prect,16,5,1,6,0.8566954383254501,0.05045165204580959,1.7107379582226483,0.46781652412712765,0.37425321930170213,0.25,,4.145957480102801,in,,,,
Prect,16,5,1,5,0.9029003984298208,0.0419582681629318,1.8845838811147704,0.41403753478273275,0.3312300278261862,0.25,,4.01831651731505,in,,,,
rect,16,5,-1,1,0.9975923633360984,0.004815273327803182,5.446466879110573,0.09429197318762707,0.07543357855010166,0.25,35.713016947806395,-1.444059242446671,in;sweep=0.0,0.36993827658594425,8.000000000000002,0.01,RunDiagnostics { ResidualInf = 4.6629367034256575E-15; Kappa1 = 42.126233154854155 }
rect,16,5,-1,2,0.9879850035377136,0.014399446268966387,1.6553640132833656,0.14499671781430493,0.11599737425144394,0.25,18.36475503141494,2.356650983178921,in;sweep=0.0,0.36993827658594425,8.000000000000002,0.01,RunDiagnostics { ResidualInf = 4.6629367034256575E-15; Kappa1 = 42.126233154854155 }
rect,16,5,-1,3,0.9688628080677196,0.023844944671021606,1.4124870167004486,0.201992917989204,0.1615943343913632,0.25,15.449434367207585,2.6186501752318314,in;sweep=0.0,0.36993827658594425,8.000000000000002,0.01,RunDiagnostics { ResidualInf = 4.6629367034256575E-15; Kappa1 = 42.126233154854155 }
rect,16,5,-1,4,0.9404099341217478,0.033060803220922086,1.3078137226966586,0.2564089617320959,0.20512716938567674,0.24999999999999997,14.14466151535131,2.751776343181594,in;sweep=0.0,0.36993827658594425,8.000000000000002,0.01,RunDiagnostics { ResidualInf = 4.6629367034256575E-15; Kappa1 = 42.126233154854155 }
Prect,16,5,-1,16,0.049008570164780295,0.0980171403295607,0.7637100141623465,0.5575632736472589,0.4460506189178072,0.24999999999999997,,4.1872814156728735,in,,,,
Prect,16,5,-1,15,0.14655373117284443,0.09707318168656755,0.7313655270216158,0.5512025151624287,0.44096201212994296,0.25,,4.12208074180554,in,,,,
Prect,16,5,-1,14,0.24268749963529518,0.09519435523833397,0.7148167235202187,0.5411637606900918,0.4329310085520735,0.24999999999999997,,4.042495776844486,in,,,,
Prect,16,5,-1,13,0.33648405480977595,0.09239875511062756,0.7132577275721678,0.528262952156347,0.4226103617250776,0.25,,3.9502582176180563,in,,,,
Prect,16,5,-1,12,0.4270400845955437,0.08871330446090797,0.7263712798202964,0.5127792245816157,0.4102233796652926,0.25,,3.84658863558416,in,,,,
Prect,16,5,-1,11,0.5134834849227998,0.08417349619360426,0.754365605179587,0.4946837451972295,0.3957469961577837,0.24999999999999997,,3.7321509098976136,in,,,,
Prect,16,5,-1,10,0.5949817585916237,0.07882305114404342,0.7977337714438485,0.4737157989734303,0.3789726391787443,0.24999999999999997,,3.6072844699645277,in,,,,
Prect,16,5,-1,9,0.6707500326750964,0.07271349702290208,0.8568168866988182,0.44941774373594545,0.3595341949887564,0.25,,3.4724330806260855,in,,,,
Prect,16,5,-1,8,0.7400586172746422,0.06590367217618953,0.9311281931949293,0.4211708269180523,0.33693666153444185,0.25,,3.328813189530428,in,,,,
Prect,16,5,-1,7,0.8022400328326411,0.05845915893980835,1.0184768340516863,0.38826426345756965,0.3106114107660557,0.25,,3.179283133115673,in,,,,
Prect,16,5,-1,6,0.8566954383254501,0.05045165204580959,1.1142972444670631,0.35002843262684247,0.280022746101474,0.25,,3.029007317207487,in,,,,
Prect,16,5,-1,5,0.9029003984298208,0.0419582681629318,1.2122232336277294,0.30604557237296004,0.24483645789836803,0.25,,2.88487636794245,in,,,,
rectc,32,5,0,1,0.9993977281025862,0.001204543794827595,-1695.8054895964362,-0.9640924089172858,-0.7712739271338286,0.25,-1459.7175459853836,1700.8054895964362,out:alpha;sweep=0.0,0.6843944949772472,8,0.02,RunDiagnostics { ResidualInf = 4.8183679268731794E-14; Kappa1 = 87.64965800496994 }
rectc,32,5,0,2,0.9969900914386847,0.0036107295329755873,181.9799070591977,0.3105112113326262,0.24840896906610097,0.25,156.83936922552897,-176.9799070591977,out:alpha;sweep=0.0,0.6843944949772472,8,0.02,RunDiagnostics { ResidualInf = 4.8183679268731794E-14; Kappa1 = 87.64965800496994 }
rectc,32,5,0,3,0.9921806183184889,0.006008216707415803,6.832662994442481,0.2520885374656135,0.2016708299724908,0.25,76.52093530661232,-1.8326629944424813,in;sweep=0.0,0.6843944949772472,8,0.02,RunDiagnostics { ResidualInf = 4.8183679268731794E-14; Kappa1 = 87.64965800496994 }
rectc,32,5,0,4,0.9849808951840058,0.008391229561550584,6.280597541473152,0.31818519604792894,0.25454815683834314,0.25,69.15556391375696,-1.2805975414731519,in;sweep=0.0,0.6843944949772472,8,0.02,RunDiagnostics { ResidualInf = 4.8183679268731794E-14; Kappa1 = 87.64965800496994 }
Prectc,32,5,0,32,0.024533837163708973,0.04906767432741807,1.1287423670584253,0.9764126847112391,0.7811301477689913,0.25,,3.8712576329415747,in,,,,
Prectc,32,5,0,31,0.07354240732848932,0.04894946600214264,1.1334369100163615,0.9756014798246586,0.7804811838597269,0.25,,3.8665630899836385,in,,,,
Prectc,32,5,0,30,0.12237380739246115,0.04871333412580099,1.1428749890579282,0.9739682982699163,0.7791746386159331,0.25,,3.857125010942072,in,,,,
Prectc,32,5,0,29,0.17091039823574491,0.048359847560766556,1.15715489176246,0.9714914575104351,0.7771931660083481,0.25,,3.8428451082375403,in,,,,
Prectc,32,5,0,28,0.21903525095969603,0.04788985788713568,1.1764247859020578,0.9681380895119868,0.7745104716095894,0.25,,3.823575214097942,in,,,,
Prectc,32,5,0,27,0.26663242857886305,0.047304497351198294,1.2008835564029523,0.9638637369756728,0.7710909895805382,0.25,,3.7991164435970477,in,,,,
Prectc,32,5,0,26,0.313587265323341,0.046605176137757776,1.2307818454680697,0.9586118314844622,0.7668894651875697,0.25,,3.7692181545319303,in,,,,
Prectc,32,5,0,25,0.3597866428786548,0.045793578972869786,1.2664232351148796,0.9523130696150052,0.7618504556920042,0.25,,3.7335767648851204,in,,,,
Prectc,32,5,0,24,0.4051192628976858,0.04487166106519214,1.3081655012898619,0.9448847092880976,0.7559077674304782,0.25,,3.691834498710138,in,,,,
Prectc,32,5,0,23,0.4494759151281398,0.043841643395715835,1.3564218599323852,0.9362298160253638,0.748983852820291,0.25,,3.643578140067615,in,,,,
Prectc,32,5,0,22,0.4927497405096097,0.042706007367223964,1.4116621123085495,0.9262364972619167,0.7409891978095333,0.25,,3.5883378876914502,in,,,,
Prectc,32,5,0,21,0.5348364886064119,0.041467488826380294,1.474413564822339,0.9147771722292637,0.731821737783411,0.25,,3.5255864351776607,in,,,,
Prectc,32,5,0,20,0.5756347687560177,0.0401290714728314,1.5452615158795937,0.9017079350296578,0.7213663480237262,0.25,,3.4547384841204063,in,,,,
Prectc,32,5,0,19,0.6150462943280394,0.03869397967121202,1.62484891244588,0.8868680798223909,0.7094944638579127,0.25,,3.37515108755412,in,,,,
Prectc,32,5,0,18,0.6529761195053319,0.037165670683373064,1.7138743980555207,0.8700798717313941,0.6960638973851153,0.25,,3.2861256019444793,in,,,,
Prectc,32,5,0,17,0.689332868016783,0.03554782633952902,1.813087322638603,0.8511486712609789,0.6809189370087831,0.25,,3.1869126773613967,in,,,,
Prectc,32,5,0,16,0.7240289532707531,0.03384434416841142,1.9232774152660277,0.8298635670122183,0.6638908536097746,0.25,,3.0767225847339725,in,,,,
Prectc,32,5,0,15,0.7569807893588479,0.03205932800777811,2.045256282795537,0.8059987656582617,0.6447990125266093,0.25,,2.954743717204463,in,,,,
Prectc,32,5,0,14,0.7881089924216909,0.03019707811790784,2.1798295854334078,0.7793161654612176,0.6234529323689741,0.25,,2.8201704145665922,in,,,,
Prectc,32,5,0,13,0.8173385718915951,0.028262080821900515,2.3277675743409376,0.7495698363470105,0.5996558690776084,0.25,,2.6722324256590624,in,,,,
Prectc,32,5,0,12,0.8445991111514086,0.02625899769772666,2.489808384921612,0.7165135424341197,0.5732108339472958,0.25,,2.510191615078388,in,,,,
Prectc,32,5,0,11,0.8698249371743134,0.02419265434808293,2.6667934414843986,0.6799128449535611,0.5439302759628488,0.25,,2.3332065585156014,in,,,,
Prectc,32,5,0,10,0.8929552787358992,0.0220680287750884,2.8601730914020362,0.6395633541774121,0.5116506833419296,0.25,,2.1398269085979638,in,,,,
Prectc,32,5,0,9,0.913934412817365,0.0198902393878434,3.0734017427663147,0.5953157664810728,0.47625261318485823,0.25,,1.9265982572336853,in,,,,
Prectc,32,5,0,8,0.9327117988471537,0.017664532671733957,3.3153659367748034,0.5471060782176208,0.43768486257409667,0.25,,1.6846340632251966,in,,,,
Prectc,32,5,0,7,0.9492422004576148,0.015396270549188129,3.6087925476117513,0.4949870683198101,0.39598965465584807,0.25,,1.3912074523882487,in,,,,
Prectc,32,5,0,6,0.9634857944633763,0.01309091746233515,4.013278115363718,0.4391590208842392,0.35132721670739137,0.25,,0.9867218846362817,in,,,,
Prectc,32,5,0,5,0.9754082667988873,0.010754027208686456,4.7004494876396015,0.3800076239403708,0.30400609915229665,0.25,,0.29955051236039854,in,,,,
rect,32,5,1,1,0.9993977281025862,0.001204543794827595,51.00370535665923,0.10227210092770872,0.08181768074216697,0.25,154.84862115719926,-45.004307628556646,out:alpha;sweep=0.0,0.44010747835615865,8.000000000000002,0.05,RunDiagnostics { ResidualInf = 1.0436096431476471E-14; Kappa1 = 75.98322576740563 }
rect,32,5,1,2,0.9969900914386847,0.0036107295329755873,6.450175094871358,0.1256289734493503,0.10050317875948026,0.25,63.45525775924383,-0.4531850034326732,in;sweep=0.0,0.44010747835615865,8.000000000000002,0.05,RunDiagnostics { ResidualInf = 1.0436096431476471E-14; Kappa1 = 75.98322576740563 }
rect,32,5,1,3,0.9921806183184889,0.006008216707415803,3.283678192678596,0.16304373561359078,0.13043498849087262,0.25,49.49157653285931,2.7085024256398933,in;sweep=0.0,0.44010747835615865,8.000000000000002,0.05,RunDiagnostics { ResidualInf = 1.0436096431476471E-14; Kappa1 = 75.98322576740563 }
rect,32,5,1,4,0.9849808951840058,0.008391229561550584,2.6144902274212543,0.2030278610793194,0.1624222888634555,0.25,44.12683681559241,3.370490667762751,in;sweep=0.0,0.44010747835615865,8.000000000000002,0.05,RunDiagnostics { ResidualInf = 1.0436096431476471E-14; Kappa1 = 75.98322576740563 }
Prect,32,5,1,32,0.024533837163708973,0.04906767432741807,0.5866677074048251,0.6051762732265213,0.48414101858121705,0.25,,4.437866129758884,in,,,,
Prect,32,5,1,31,0.07354240732848932,0.04894946600214264,0.6125464132082767,0.6061084281126028,0.48488674249008223,0.25,,4.460995994120212,in,,,,
Prect,32,5,1,30,0.12237380739246115,0.04871333412580099,0.6399591842777727,0.6072557321167309,0.4858045856933847,0.25,,4.482414623114688,in,,,,
Prect,32,5,1,29,0.17091039823574491,0.048359847560766556,0.6691133133136526,0.6083246085925295,0.48665968687402356,0.25,,4.501797084922092,in,,,,
Prect,32,5,1,28,0.21903525095969603,0.04788985788713568,0.7002880047321133,0.6091192991442607,0.48729543931540853,0.25,,4.5187472462275835,in,,,,
Prect,32,5,1,27,0.26663242857886305,0.047304497351198294,0.7337985911300281,0.6094858614528198,0.48758868916225584,0.25,,4.532833837448835,in,,,,
Prect,32,5,1,26,0.313587265323341,0.046605176137757776,0.7699753886833383,0.6092905685513643,0.48743245484109143,0.25,,4.543611876640003,in,,,,
Prect,32,5,1,25,0.3597866428786548,0.045793578972869786,0.8091529110010764,0.6084088147926775,0.486727051834142,0.25,,4.5506337318775785,in,,,,
Prect,32,5,1,24,0.4051192628976858,0.04487166106519214,0.8516640077277212,0.6067185115962145,0.4853748092769716,0.25,,4.553455255169965,in,,,,
Prect,32,5,1,23,0.4494759151281398,0.043841643395715835,0.8978348578494332,0.6040957974873061,0.4832766379898449,0.25,,4.551641057278707,in,,,,
Prect,32,5,1,22,0.4927497405096097,0.042706007367223964,0.9479781436763918,0.6004121186686762,0.48032969493494093,0.25,,4.544771596833218,in,,,,
Prect,32,5,1,21,0.5348364886064119,0.041467488826380294,1.0023825522720264,0.5955322491004842,0.4764257992803874,0.24999999999999997,,4.532453936334385,in,,,,
Prect,32,5,1,20,0.5756347687560177,0.0401290714728314,1.0612971440536751,0.5893130812800433,0.47145046502403476,0.24999999999999997,,4.514337624702343,in,,,,
Prect,32,5,1,19,0.6150462943280394,0.03869397967121202,1.1249093851674623,0.5816031812564175,0.465282545005134,0.25,,4.490136909160578,in,,,,
Prect,32,5,1,18,0.6529761195053319,0.037165670683373064,1.1933160710249164,0.5722432210962389,0.45779457687699115,0.25,,4.459660048480416,in,,,,
Prect,32,5,1,17,0.689332868016783,0.03554782633952902,1.2664873210913024,0.561067500081759,0.4488540000654072,0.25,,4.422845546925481,in,,,,
Prect,32,5,1,16,0.7240289532707531,0.03384434416841142,1.3442256930498597,0.547906842810006,0.4383254742480049,0.24999999999999997,,4.379803260220894,in,,,,
Prect,32,5,1,15,0.7569807893588479,0.03205932800777811,1.4261256000014533,0.5325932009649291,0.4260745607719433,0.25,,4.330855189357395,in,,,,
Prect,32,5,1,14,0.7881089924216909,0.03019707811790784,1.5115427038691593,0.5149662524864274,0.41197300198914194,0.24999999999999997,,4.276566288552532,in,,,,
Prect,32,5,1,13,0.8173385718915951,0.028262080821900515,1.599588337706203,0.4948821455990449,0.39590571647923595,0.25,,4.217750234185392,in,,,,
Prect,32,5,1,12,0.8445991111514086,0.02625899769772666,1.6891693062624948,0.47222424909721256,0.37777939927777004,0.25,,4.155429804888914,in,,,,
Prect,32,5,1,11,0.8698249371743134,0.02419265434808293,1.779098345028978,0.44691537230382566,0.3575322978430605,0.25,,4.0907265921453355,in,,,,
Prect,32,5,1,10,0.8929552787358992,0.0220680287750884,1.8683088765906901,0.41893052819618265,0.3351444225569461,0.25,,4.024646402145208,in,,,,
Prect,32,5,1,9,0.913934412817365,0.0198902393878434,1.9562336570954484,0.3883091412808857,0.31064731302470855,0.25,,3.957700755721917,in,,,,
Prect,32,5,1,8,0.9327117988471537,0.017664532671733957,2.0434868181906247,0.3551658969440315,0.2841327175552252,0.25,,3.8892249806565293,in,,,,
Prect,32,5,1,7,0.9492422004576148,0.015396270549188129,2.133220889959229,0.31970051767228974,0.2557604141378318,0.25,,3.8160213104983858,in,,,,
Prect,32,5,1,6,0.9634857944633763,0.01309091746233515,2.2342743277210957,0.2822096083771787,0.22576768670174294,0.25,,3.7292114667422807,in,,,,
Prect,32,5,1,5,0.9754082667988873,0.010754027208686456,2.3702302692232418,0.24311212761719,0.194489702093752,0.25,,3.605177997575645,in,,,,
rect,32,5,-1,1,0.9993977281025862,0.001204543794827595,36.313865580870356,0.07346816580440889,0.05877453264352711,0.25,111.23702427705754,-32.31326330897294,out:alpha;sweep=0.0,0.36757291535657804,8.000000000000002,0.02,RunDiagnostics { ResidualInf = 1.2212453270876722E-14; Kappa1 = 75.98322576740563 }
rect,32,5,-1,2,0.9969900914386847,0.0036107295329755873,4.398330925504026,0.0903854375784403,0.07230835006275224,0.25,45.65373004129752,-0.3953210169427104,in;sweep=0.0,0.36757291535657804,8.000000000000002,0.02,RunDiagnostics { ResidualInf = 1.2212453270876722E-14; Kappa1 = 75.98322576740563 }
rect,32,5,-1,3,0.9921806183184889,0.006008216707415803,2.147085875451964,0.11752380667272413,0.09401904533817931,0.25,35.674099654836716,1.860733506229547,in;sweep=0.0,0.36757291535657804,8.000000000000002,0.02,RunDiagnostics { ResidualInf = 1.2212453270876722E-14; Kappa1 = 75.98322576740563 }
rect,32,5,-1,4,0.9849808951840058,0.008391229561550584,1.6783924271902022,0.14666611099637836,0.11733288879710269,0.25,31.87696265876677,2.3366266776257927,in;sweep=0.0,0.36757291535657804,8.000000000000002,0.02,RunDiagnostics { ResidualInf = 1.2212453270876722E-14; Kappa1 = 75.98322576740563 }
Prect,32,5,-1,32,0.024533837163708973,0.04906767432741807,0.778125858090592,0.5576164447517016,0.4460931558013613,0.25,,4.197340304745699,in,,,,
Prect,32,5,-1,31,0.07354240732848932,0.04894946600214264,0.7579056982562594,0.5556449306541961,0.44451594452335685,0.25,,4.168551894415252,in,,,,
Prect,32,5,-1,30,0.12237380739246115,0.04871333412580099,0.7418665972164766,0.552404561652476,0.4419236493219808,0.25,,4.135759595391063,in,,,,
Prect,32,5,-1,29,0.17091039823574491,0.048359847560766556,0.7299051510662948,0.5481598304622997,0.4385278643698397,0.25,,4.09918445069796,in,,,,
Prect,32,5,-1,28,0.21903525095969603,0.04788985788713568,0.7218991102879977,0.5430623960423248,0.4344499168338598,0.25,,4.059065638752306,in,,,,
Prect,32,5,-1,27,0.26663242857886305,0.047304497351198294,0.717740312341565,0.5372065007036532,0.42976520056292256,0.25,,4.015627259079572,in,,,,
Prect,32,5,-1,26,0.313587265323341,0.046605176137757776,0.7173528535822394,0.530649821991224,0.4245198575929792,0.25,,3.9690598810944193,in,,,,
Prect,32,5,-1,25,0.3597866428786548,0.045793578972869786,0.7206993699969392,0.5234236851507411,0.41873894812059287,0.25,,3.919513987124406,in,,,,
Prect,32,5,-1,24,0.4051192628976858,0.04487166106519214,0.7277799882046649,0.5155386984375623,0.4124309587500498,0.25,,3.8671007488976494,in,,,,
Prect,32,5,-1,23,0.4494759151281398,0.043841643395715835,0.7386269712839042,0.5069880547435346,0.40559044379482767,0.25,,3.811897113587956,in,,,,
Prect,32,5,-1,22,0.4927497405096097,0.042706007367223964,0.7532964122589662,0.4977495428802941,0.3981996343042353,0.25,,3.753953847231424,in,,,,
Prect,32,5,-1,21,0.5348364886064119,0.041467488826380294,0.7718572075571466,0.48778684239723274,0.3902294739177863,0.24999999999999997,,3.693306303836442,in,,,,
Prect,32,5,-1,20,0.5756347687560177,0.0401290714728314,0.7943769160684155,0.47705047173394466,0.3816403773871558,0.24999999999999997,,3.6299883151755665,in,,,,
Prect,32,5,-1,19,0.6150462943280394,0.03869397967121202,0.8209038511985263,0.4654786726301685,0.3723829381041348,0.25,,3.564049854473434,in,,,,
Prect,32,5,-1,18,0.6529761195053319,0.037165670683373064,0.8514448489073069,0.45299848652786107,0.36239878922228885,0.25,,3.4955790315873614,in,,,,
Prect,32,5,-1,17,0.689332868016783,0.03554782633952902,0.8859387181388032,0.43952728318871065,0.3516218265509685,0.25,,3.424728413844414,in,,,,
Prect,32,5,-1,16,0.7240289532707531,0.03384434416841142,0.924226620846674,0.42497501780280067,0.3399800142422406,0.24999999999999997,,3.3517444258825724,in,,,,
Prect,32,5,-1,15,0.7569807893588479,0.03205932800777811,0.9660227638559726,0.40924749823955764,0.3273979985916461,0.25,,3.276996446785179,in,,,,
Prect,32,5,-1,14,0.7881089924216909,0.03019707811790784,1.010891867726,0.3922509101418359,0.31380072811346876,0.24999999999999997,,3.200999139852309,in,,,,
Prect,32,5,-1,13,0.8173385718915951,0.028262080821900515,1.0582435950433597,0.3738977423426011,0.2991181938740809,0.25,,3.1244178330650456,in,,,,
Prect,32,5,-1,12,0.8445991111514086,0.02625899769772666,1.1073578183219206,0.3541140580886372,0.28329124647090975,0.25,,3.0480430705266706,in,,,,
Prect,32,5,-1,11,0.8698249371743134,0.02419265434808293,1.1574581267547792,0.33284778640163915,0.2662782291213113,0.25,,2.972716936070907,in,,,,
Prect,32,5,-1,10,0.8929552787358992,0.0220680287750884,1.2078570131504218,0.3100774441345895,0.24806195530767158,0.25,,2.899187708113679,in,,,,
Prect,32,5,-1,9,0.913934412817365,0.0198902393878434,1.258214737167265,0.2858205872037826,0.2286564697630261,0.25,,2.82785085001537,in,,,,
Prect,32,5,-1,8,0.9327117988471537,0.017664532671733957,1.3090106294925092,0.2601415023806593,0.20811320190452745,0.25,,2.7582775716603365,in,,,,
Prect,32,5,-1,7,0.9492422004576148,0.015396270549188129,1.3624905028511538,0.23315842247197882,0.18652673797758307,0.25,,2.6882672966912313,in,,,,
Prect,32,5,-1,6,0.9634857944633763,0.01309091746233515,1.4248841755181645,0.2050525800512138,0.16404206404097105,0.25,,2.611630030018459,in,,,,
Prect,32,5,-1,5,0.9754082667988873,0.010754027208686456,1.5128339736853271,0.17608741680410223,0.14086993344328178,0.25,,2.511757759515786,in,,,,
rectc,64,5,0,1,0.9998494093481021,0.00030118130379575003,-2341626.448627519,-333.5156231584932,-266.81249852679457,0.25,-2019579.4060372566,2341631.448627519,out:alpha;sweep=0.0,0.6205329172452103,8.000000000000004,0.18,RunDiagnostics { ResidualInf = 3.3379965458379957E-12; Kappa1 = 11788.97754913369 }
rectc,64,5,0,2,0.9992471374506884,0.000903362491031845,411798.87810470804,126.72021932912179,101.37617546329743,0.25,255833.03418453742,-411793.87810470804,out:alpha+cl;sweep=0.0,0.6205329172452103,8.000000000000004,0.18,RunDiagnostics { ResidualInf = 3.3379965458379957E-12; Kappa1 = 11788.97754913369 }
rectc,64,5,0,3,0.9980429564419313,0.001504999526482198,-63776.169266187535,-28.077501882182688,-22.46200150574615,0.25,-34024.74362188088,63781.169266187535,out:alpha;sweep=0.0,0.6205329172452103,8.000000000000004,0.18,RunDiagnostics { ResidualInf = 3.3379965458379957E-12; Kappa1 = 11788.97754913369 }
rectc,64,5,0,4,0.9962375916754436,0.0021057300064933893,9141.818137430599,4.6563572809319735,3.725085824745579,0.25,4032.8899406830355,-9136.818137430599,out:alpha+cl;sweep=0.0,0.6205329172452103,8.000000000000004,0.18,RunDiagnostics { ResidualInf = 3.3379965458379957E-12; Kappa1 = 11788.97754913369 }
Prectc,64,5,0,64,0.01227061426145604,0.024541228522912205,1.2099045886531425,0.9634082542749587,0.7707266034199669,0.25,,3.7900954113468575,in,,,,
Prectc,64,5,0,63,0.03680445142516507,0.024526445804505866,1.2113062702106066,0.9631629867187066,0.7705303893749653,0.25,,3.7886937297893937,in,,,,
Prectc,64,5,0,62,0.061316118963542665,0.02449688927224932,1.2141139716599507,0.9626714962232844,0.7701371969786275,0.25,,3.785886028340049,in,,,,
Prectc,64,5,0,61,0.08579085196461399,0.024452576729893316,1.2183363836327747,0.9619318673600527,0.7695454938880422,0.25,,3.7816636163672253,in,,,,
Prectc,64,5,0,60,0.1102139077643884,0.02439353486965551,1.2239865770031937,0.9609412153146738,0.768752972251739,0.25,,3.7760134229968063,in,,,,
Prectc,64,5,0,59,0.1345705748272889,0.024319799256145483,1.2310820448899902,0.9596956718412931,0.7677565374730345,0.25,,3.76891795511001,in,,,,
Prectc,64,5,0,58,0.15884618160783143,0.024231414304939608,1.2396447588018908,0.9581903664670509,0.7665522931736407,0.25,,3.760355241198109,in,,,,
Prectc,64,5,0,57,0.18302610538821473,0.024128433255826948,1.2497012390677549,0.9564194028875133,0.7651355223100106,0.25,,3.750298760932245,in,,,,
Prectc,64,5,0,56,0.20709578108649893,0.024010918140741466,1.261282639751001,0.9543758304767824,0.7635006643814259,0.25,,3.738717360248999,in,,,,
Prectc,64,5,0,55,0.23104071003006676,0.023878939746394212,1.2744248482984506,0.9520516108173864,0.7616412886539091,0.25,,3.725575151701549,in,,,,
Prectc,64,5,0,54,0.2548464686890811,0.02373257757163444,1.2891686002588183,0.949437579134013,0.7595500633072104,0.25,,3.7108313997411817,in,,,,
Prectc,64,5,0,53,0.27849871736468024,0.023571919779563855,1.3055596094697486,0.9465234004904245,0.7572187203923396,0.25,,3.6944403905302514,in,,,,
Prectc,64,5,0,52,0.3019832088266768,0.023397063144429242,1.323648714218027,0.9432975205795674,0.7546380164636539,0.25,,3.6763512857819727,in,,,,
Prectc,64,5,0,51,0.3252857968955557,0.023208112993328534,1.3434920398994878,0.9397471109002469,0.7517976887201975,0.25,,3.6565079601005124,in,,,,
Prectc,64,5,0,50,0.34839244496360405,0.023005183142768226,1.3651511787774278,0.9358580080688381,0.7486864064550705,0.25,,3.6348488212225725,in,,,,
Prectc,64,5,0,49,0.3712892344500389,0.02278839583010156,1.3886933873236011,0.931614646956766,0.7452917175654128,0.25,,3.611306612676399,in,,,,
Prectc,64,5,0,48,0.39396237318503974,0.022557881639900024,1.4141918014583899,0.9269999872719075,0.741599989817526,0.25,,3.58580819854161,in,,,,
Prectc,64,5,0,47,0.4163982037176358,0.022313779425292113,1.4417256694994398,0.9219954331088449,0.737596346487076,0.25,,3.55827433050056,in,,,,
Prectc,64,5,0,46,0.4385832115424443,0.022056236224324843,1.4713806017391886,0.9165807448747302,0.7332645958997841,0.25,,3.5286193982608114,in,,,,
Prectc,64,5,0,45,0.4605040332403022,0.02178540717139099,1.5032488340323151,0.9107339428484944,0.7285871542787955,0.25,,3.4967511659676846,in,,,,
Prectc,64,5,0,44,0.4821474645278908,0.021501455403786285,1.5374295001630383,0.9044312014442752,0.7235449611554202,0.25,,3.4625704998369615,in,,,,
Prectc,64,5,0,43,0.5035004682115028,0.02120455196343768,1.574028903701471,0.8976467330204552,0.7181173864163641,0.25,,3.425971096298529,in,,,,
Prectc,64,5,0,42,0.5245501820401594,0.02089487569387538,1.6131607736740707,0.890352659797585,0.712282127838068,0.25,,3.3868392263259293,in,,,,
Prectc,64,5,0,41,0.5452839264533496,0.020572613132504913,1.6549464788352881,0.8825188721213464,0.7060150976970772,0.25,,3.345053521164712,in,,,,
Prectc,64,5,0,40,0.5656892122187236,0.020237958398243383,1.6995151611367803,0.8741128709337532,0.6992902967470026,0.25,,3.3004848388632197,in,,,,
Prectc,64,5,0,39,0.5857537479551393,0.019891113074588018,1.7470037284731494,0.8650995919125907,0.6920796735300725,0.25,,3.2529962715268503,in,,,,
Prectc,64,5,0,38,0.6054654475365301,0.019532286088193462,1.7975566176446087,0.8554412083368348,0.6843529666694679,0.25,,3.2024433823553915,in,,,,
Prectc,64,5,0,37,0.6248124373721361,0.019161693583018558,1.851325197909727,0.8450969093919365,0.6760775275135492,0.25,,3.148674802090273,in,,,,
Prectc,64,5,0,36,0.643783063558711,0.018779558790131157,1.9084666304476323,0.8340226504404589,0.667218120352367,0.25,,3.0915333695523675,in,,,,
Prectc,64,5,0,35,0.6623658989003975,0.018386111893241908,1.9691419263150562,0.822170871902479,0.6577366975219832,0.25,,3.0308580736849438,in,,,,
Prectc,64,5,0,34,0.6805497497920427,0.0179815898900485,2.033512852778641,0.8094901840457771,0.6475921472366217,0.25,,2.966487147221359,in,,,,
Prectc,64,5,0,33,0.6983236629618073,0.01756623644948052,2.1017372251888133,0.7959250165077093,0.6367400132061675,0.25,,2.8982627748111867,in,,,,
Prectc,64,5,0,32,0.7156769320690071,0.01714030176491932,2.1739619940333137,0.7814152342149233,0.6251321873719387,0.25,,2.8260380059666863,in,,,,
Prectc,64,5,0,31,0.7325991041532128,0.016704042403492103,2.250313409029738,0.765895726131332,0.6127165809050656,0.25,,2.749686590970262,in,,,,
Prectc,64,5,0,30,0.7490799859307218,0.016257721151525684,2.330883445746465,0.7492959806919182,0.5994367845535346,0.25,,2.669116554253535,in,,,,
Prectc,64,5,0,29,0.7651096499346108,0.015801606856252426,2.415711674382446,0.7315396727159804,0.5852317381727843,0.25,,2.584288325617554,in,,,,
Prectc,64,5,0,28,0.7806784404946716,0.015335974263869234,2.504761937732068,0.7125443018852077,0.5700354415081661,0.25,,2.495238062267932,in,,,,
Prectc,64,5,0,27,0.7957769795536256,0.014861103854038604,2.597893753911868,0.6922209431516113,0.553776754521289,0.25,,2.402106246088132,in,,,,
Prectc,64,5,0,26,0.8103961723161142,0.014377281670938769,2.6948295315153574,0.6704741947599611,0.5363793558079688,0.25,,2.3051704684846426,in,,,,
Prectc,64,5,0,25,0.8245272127270644,0.013884799150961746,2.7951208739895264,0.6472024388290595,0.5177619510632476,0.25,,2.2048791260104736,in,,,,
Prectc,64,5,0,24,0.8381615887761262,0.01338395294716177,2.8981210279592378,0.622298559596853,0.4978388476774824,0.25,,2.1018789720407622,in,,,,
Prectc,64,5,0,23,0.8512910876249895,0.01287504475056489,3.002976707607556,0.5956512895390768,0.4765210316312614,0.25,,1.997023292392444,in,,,,
Prectc,64,5,0,22,0.8639078005544917,0.012358381108439342,3.108662244030763,0.5671473637398573,0.45371789099188586,0.25,,1.891337755969237,in,,,,
Prectc,64,5,0,21,0.8760041277285331,0.011834273239643589,3.214093897902478,0.5366746436189213,0.429339714895137,0.25,,1.7859061020975222,in,,,,
Prectc,64,5,0,20,0.8875727827719351,0.011303036847160275,3.318384707081239,0.5041263034191905,0.4033010427353524,0.25,,1.681615292918761,in,,,,
Prectc,64,5,0,19,0.8986067971594793,0.010764991927928125,3.421334513309789,0.4694060350288853,0.3755248280231082,0.25,,1.5786654866902108,in,,,,
Prectc,64,5,0,18,0.909099524413487,0.010220462580087353,3.5243033332257623,0.4324339983912691,0.34594719871301527,0.25,,1.4756966667742377,in,,,,
Prectc,64,5,0,17,0.9190446441074087,0.009669776807756048,3.6317039366137314,0.39315291332722757,0.31452233066178203,0.25,,1.3682960633862686,in,,,,
Prectc,64,5,0,16,0.9284361656730128,0.009113266323452107,3.7535024535147095,0.3515332560918509,0.2812266048734807,0.25,,1.2464975464852905,in,,,,
Prectc,64,5,0,15,0.9372684320088798,0.00855126634828185,3.909400034232888,0.3075760088433016,0.24606080707464129,0.25,,1.0905999657671122,in,,,,
Prectc,64,5,0,14,0.9455361228880287,0.00798411541001598,4.135924966452074,0.2613108325114888,0.20904866600919103,0.25,,0.8640750335479259,in,,,,
Prectc,64,5,0,13,0.9532342581626227,0.00741215513917215,4.498796257401939,0.21278686788058038,0.1702294943044643,0.25,,0.5012037425980607,in,,,,
Prectc,64,5,0,12,0.9603582007638243,0.006835730063231016,5.115291295039003,0.16205245865597562,0.1296419669247805,0.25,,-0.11529129503900304,in,,,,
Prectc,64,5,0,11,0.9669036594949919,0.006255187399104134,6.19646829284229,0.10911855165001992,0.08729484132001594,0.25,,-1.1964682928422903,in,,,,
Prectc,64,5,0,10,0.9728666916165363,0.005670876843984485,8.131494114724395,0.05389833217270745,0.04311866573816596,0.25,,-3.1314941147243953,in,,,,
Prectc,64,5,0,9,0.9782437052208794,0.005083150364701972,11.635124342625295,-0.003908131188021247,-0.0031265049504169973,0.25,,-6.635124342625295,in,,,,
Prectc,64,5,0,8,0.9830314613960858,0.004492361985710791,18.82274263772252,-0.06447791881648485,-0.05158233505318788,0.25,,-13.82274263772252,out,,,,
Prectc,64,5,0,7,0.9872270761768611,0.003898867575839793,21.234357913673204,-0.13745497305447835,-0.10996397844358267,0.25,,-16.234357913673204,out,,,,
Prectc,64,5,0,6,0.9908280222817455,0.0033030246339289526,179.34538030032925,-0.11438709586611395,-0.09150967669289116,0.25,,-174.34538030032925,out,,,,
Prectc,64,5,0,5,0.9938321306354534,0.0027051920734868506,-1043.557447340386,-1.0554750373520172,-0.8443800298816138,0.25,,1048.557447340386,out,,,,
rect,64,5,1,1,0.9998494093481021,0.00030118130379575003,725.3056480028373,0.1692482132078044,0.13539857056624355,0.24999999999999997,1024.8701475092507,-719.3057985934892,out:alpha;sweep=0.0,0.43907982669092593,8.000000000000005,0.13,RunDiagnostics { ResidualInf = 3.11972669919669E-14; Kappa1 = 113.2842240713426 }
rect,64,5,1,2,0.9992471374506884,0.000903362491031845,-7.259601964479881,0.0926458878778597,0.07411671030228775,0.25,187.04101623241377,13.258849101930569,out:alpha;sweep=0.0,0.43907982669092593,8.000000000000005,0.13,RunDiagnostics { ResidualInf = 3.11972669919669E-14; Kappa1 = 113.2842240713426 }
rect,64,5,1,3,0.9980429564419313,0.001504999526482198,11.67319715755934,0.11336798300760377,0.09069438640608303,0.24999999999999997,137.38104525642387,-5.675154201117408,in;sweep=0.0,0.43907982669092593,8.000000000000005,0.13,RunDiagnostics { ResidualInf = 3.11972669919669E-14; Kappa1 = 113.2842240713426 }
rect,64,5,1,4,0.9962375916754436,0.0021057300064933893,5.949618918163495,0.1301584059985059,0.10412672479880473,0.24999999999999997,112.73072373468104,0.04661867351194893,in;sweep=0.0,0.43907982669092593,8.000000000000005,0.13,RunDiagnostics { ResidualInf = 3.11972669919669E-14; Kappa1 = 113.2842240713426 }
Prect,64,5,1,64,0.01227061426145604,0.024541228522912205,0.582052163394169,0.6047537595370787,0.48380300762966294,0.25,,4.430218450867287,in,,,,
Prect,64,5,1,63,0.03680445142516507,0.024526445804505866,0.594634867393218,0.6050784304426331,0.48406274435410657,0.24999999999999997,,4.442169584031947,in,,,,
Prect,64,5,1,62,0.061316118963542665,0.02449688927224932,0.6075837615241013,0.6055494679368977,0.4844395743495181,0.25,,4.453732357439441,in,,,,
Prect,64,5,1,61,0.08579085196461399,0.024452576729893316,0.6209103275944257,0.6060949058777894,0.4848759247022315,0.25,,4.464880524370188,in,,,,
Prect,64,5,1,60,0.1102139077643884,0.02439353486965551,0.6346348145820092,0.6066679829099546,0.48533438632796366,0.25,,4.475579093182379,in,,,,
Prect,64,5,1,59,0.1345705748272889,0.024319799256145483,0.6487841298845102,0.6072336097005747,0.48578688776045986,0.24999999999999997,,4.485786444942779,in,,,,
Prect,64,5,1,58,0.15884618160783143,0.024231414304939608,0.6633902876849528,0.6077634129964058,0.48621073039712465,0.25,,4.495455893922879,in,,,,
Prect,64,5,1,57,0.18302610538821473,0.024128433255826948,0.6784890357667657,0.6082333150326202,0.4865866520260962,0.25,,4.504537069621449,in,,,,
Prect,64,5,1,56,0.20709578108649893,0.024010918140741466,0.6941187267658661,0.6086221454038624,0.4868977163230899,0.25,,4.512977054320634,in,,,,
Prect,64,5,1,55,0.23104071003006676,0.023878939746394212,0.710319450930776,0.6089107581559973,0.4871286065247979,0.24999999999999997,,4.520721259099291,in,,,,
Prect,64,5,1,54,0.2548464686890811,0.02373257757163444,0.7271324038604202,0.60908142847708,0.487265142781664,0.25,,4.527714064828661,in,,,,
Prect,64,5,1,53,0.27849871736468024,0.023571919779563855,0.7445994425644128,0.6091174184761727,0.4872939347809382,0.25,,4.533899274800268,in,,,,
Prect,64,5,1,52,0.3019832088266768,0.023397063144429242,0.7627627791585339,0.6090026522272046,0.4872021217817637,0.25,,4.539220429668143,in,,,,
Prect,64,5,1,51,0.3252857968955557,0.023208112993328534,0.7816647658510902,0.6087214651054722,0.48697717208437785,0.24999999999999997,,4.543621031044466,in,,,,
Prect,64,5,1,50,0.34839244496360405,0.023005183142768226,0.8013477323313785,0.6082584057217725,0.486606724577418,0.25,,4.547044712632226,in,,,,
Prect,64,5,1,49,0.3712892344500389,0.02278839583010156,0.8218538443172188,0.6075980763803355,0.4860784611042684,0.25,,4.54943539013282,in,,,,
Prect,64,5,1,48,0.39396237318503974,0.022557881639900024,0.8432249585395749,0.6067250026369834,0.4853800021095867,0.25,,4.550737414645464,in,,,,
Prect,64,5,1,47,0.4163982037176358,0.022313779425292113,0.8655024544760562,0.605623525526708,0.4844988204213664,0.25,,4.55089574924158,in,,,,
Prect,64,5,1,46,0.4385832115424443,0.022056236224324843,0.8887270267384568,0.6042777120498826,0.48342216963990603,0.25,,4.549856184803987,in,,,,
Prect,64,5,1,45,0.4605040332403022,0.02178540717139099,0.912938424467159,0.6026712809322297,0.4821370247457838,0.24999999999999997,,4.5475656087731435,in,,,,
Prect,64,5,1,44,0.4821474645278908,0.021501455403786285,0.9381751256880807,0.6007875417251427,0.4806300333801142,0.25,,4.5439723388398106,in,,,,
Prect,64,5,1,43,0.5035004682115028,0.02120455196343768,0.9644739356696012,0.5986093461236175,0.478887476898894,0.25,,4.539026532541902,in,,,,
Prect,64,5,1,42,0.5245501820401594,0.02089487569387538,0.9918694991854021,0.5961190510330032,0.47689524082640256,0.25,,4.532680682854758,in,,,,
Prect,64,5,1,41,0.5452839264533496,0.020572613132504913,1.020393717543886,0.5932984934673342,0.4746387947738674,0.25,,4.524890208909463,in,,,,
Prect,64,5,1,40,0.5656892122187236,0.020237958398243383,1.0500750625991735,0.5901289778463008,0.4721031822770406,0.25,,4.51561414961955,in,,,,
Prect,64,5,1,39,0.5857537479551393,0.019891113074588018,1.080937782049477,0.5865912766968373,0.46927302135746984,0.25,,4.504815965905662,in,,,,
Prect,64,5,1,38,0.6054654475365301,0.019532286088193462,1.1130009935352556,0.5826656461705086,0.4661325169364069,0.25,,4.492464454001275,in,,,,
Prect,64,5,1,37,0.6248124373721361,0.019161693583018558,1.1462776697791164,0.5783318581620983,0.4626654865296787,0.24999999999999997,,4.47853476759302,in,,,,
Prect,64,5,1,36,0.643783063558711,0.018779558790131157,1.1807735237142682,0.5735692511523921,0.4588554009219137,0.25,,4.4630095398444425,in,,,,
Prect,64,5,1,35,0.6623658989003975,0.018386111893241908,1.2164858116591482,0.568356802184571,0.4546854417476568,0.25,,4.445880087241249,in,,,,
Prect,64,5,1,34,0.6805497497920427,0.0179815898900485,1.2534020845170164,0.562673222595384,0.4501385780763072,0.25,,4.427147665275026,in,,,,
Prect,64,5,1,33,0.6983236629618073,0.01756623644948052,1.2914989319634091,0.5564970802265458,0.44519766418123663,0.25,,4.406824730998398,in,,,,
Prect,64,5,1,32,0.7156769320690071,0.01714030176491932,1.330740782679166,0.549806950797557,0.43984556063804564,0.25,,4.384936149389841,in,,,,
Prect,64,5,1,31,0.7325991041532128,0.016704042403492103,1.3710788445989561,0.5425816008813783,0.43406528070510264,0.25,,4.361520259554257,in,,,,
Prect,64,5,1,30,0.7490799859307218,0.016257721151525684,1.41245029215368,0.5348002044408835,0.4278401635527068,0.25,,4.336629693777042,in,,,,
Prect,64,5,1,29,0.7651096499346108,0.015801606856252426,1.4547778314605062,0.5264425941152745,0.4211540752922196,0.25,,4.310331818474104,in,,,,
Prect,64,5,1,28,0.7806784404946716,0.015335974263869234,1.497969797860674,0.5174895473672798,0.41399163789382387,0.25,,4.282708642633998,in,,,,
Prect,64,5,1,27,0.7957769795536256,0.014861103854038604,1.5419209617165752,0.5079231062209584,0.4063384849767667,0.25,,4.253856017837051,in,,,,
Prect,64,5,1,26,0.8103961723161142,0.014377281670938769,1.586514237233552,0.49772692768893156,0.39818154215114526,0.25,,4.223881935082562,in,,,,
Prect,64,5,1,25,0.8245272127270644,0.013884799150961746,1.631623506428733,0.48688666021896454,0.3895093281751717,0.24999999999999997,,4.192903706298331,in,,,,
Prect,64,5,1,24,0.8381615887761262,0.01338395294716177,1.677117790815188,0.4753903397621105,0.3803122718096884,0.25,,4.161043797960938,in,,,,
Prect,64,5,1,23,0.8512910876249895,0.01287504475056489,1.7228670371519366,0.46322879762325514,0.3705830380986041,0.25,,4.128424050473053,in,,,,
Prect,64,5,1,22,0.8639078005544917,0.012358381108439342,1.7687498493712652,0.45039607139730026,0.36031685711784023,0.25,,4.095157951183226,in,,,,
Prect,64,5,1,21,0.8760041277285331,0.011834273239643589,1.8146636274789185,0.4368898103466557,0.34951184827732457,0.25,,4.0613405002496155,in,,,,
Prect,64,5,1,20,0.8875727827719351,0.011303036847160275,1.860537815076221,0.4227116678668747,0.33816933429349977,0.25,,4.027034967695714,in,,,,
Prect,64,5,1,19,0.8986067971594793,0.010764991927928125,1.9063513889512125,0.4078676765368985,0.3262941412295188,0.25,,3.9922554082082664,in,,,,
Prect,64,5,1,18,0.909099524413487,0.010220462580087353,1.9521564783433798,0.3923686059978321,0.3138948847982657,0.24999999999999997,,3.9569430460701076,in,,,,
Prect,64,5,1,17,0.9190446441074087,0.009669776807756048,1.9981113114948705,0.3762303110083654,0.30098424880669233,0.25,,3.920933332612538,in,,,,
Prect,64,5,1,16,0.9284361656730128,0.009113266323452107,2.0445279946437274,0.3594740872639913,0.28757926981119314,0.24999999999999997,,3.8839081710292853,in,,,,
Prect,64,5,1,15,0.9372684320088798,0.00855126634828185,2.0919448093177904,0.342127067353115,0.273701653882492,0.25,,3.8453236226910894,in,,,,
Prect,64,5,1,14,0.9455361228880287,0.00798411541001598,2.141240559129603,0.32422271103621036,0.2593781688289683,0.25,,3.8042955637584255,in,,,,
Prect,64,5,1,13,0.9532342581626227,0.00741215513917215,2.1938237665461355,0.30580147701590277,0.24464118161272225,0.24999999999999997,,3.7594104916164874,in,,,,
Prect,64,5,1,12,0.9603582007638243,0.006835730063231016,2.2519603505687695,0.28691181431577356,0.22952945145261888,0.24999999999999997,,3.708397850195055,in,,,,
Prect,64,5,1,11,0.9669036594949919,0.006255187399104134,2.3193682406666336,0.2676116919704736,0.2140893535763789,0.24999999999999997,,3.6475354188283586,in,,,,
Prect,64,5,1,10,0.9728666916165363,0.005670876843984485,2.4023505631388953,0.24797101768277494,0.19837681414621994,0.25,,3.570516128477641,in,,,,
Prect,64,5,1,9,0.9782437052208794,0.005083150364701972,2.512074792944924,0.22807552174886758,0.18246041739909408,0.25,,3.466168912275956,in,,,,
Prect,64,5,1,8,0.9830314613960858,0.004492361985710791,2.669447488375389,0.20803308104508578,0.16642646483606863,0.25,,3.3135839730206973,in,,,,
Prect,64,5,1,7,0.9872270761768611,0.003898867575839793,2.916305667029994,0.18798416742294033,0.15038733393835227,0.25,,3.0709214091468673,in,,,,
Prect,64,5,1,6,0.9908280222817455,0.0033030246339289526,3.3433158859325265,0.168119397265497,0.1344955178123976,0.25,,2.6475121363492193,in,,,,
Prect,64,5,1,5,0.9938321306354534,0.0027051920734868506,4.166961504281198,0.14870980798944403,0.11896784639155525,0.24999999999999997,,1.826870626354256,in,,,,
rect,64,5,-1,1,0.9998494093481021,0.00030118130379575003,520.3005342854043,0.12145353786069198,0.0971628302885536,0.24999999999999997,735.4529947679706,-516.3003836947524,out:alpha;sweep=0.0,0.3666561789149129,8.000000000000005,0.14,RunDiagnostics { ResidualInf = 2.842170943040401E-14; Kappa1 = 113.2842240713426 }
rect,64,5,-1,2,0.9992471374506884,0.000903362491031845,-5.542721383963195,0.06645920709397092,0.053167365675176735,0.25,134.1732257911406,9.543474246512506,in;sweep=0.0,0.3666561789149129,8.000000000000005,0.14,RunDiagnostics { ResidualInf = 2.842170943040401E-14; Kappa1 = 113.2842240713426 }
rect,64,5,-1,3,0.9980429564419313,0.001504999526482198,8.133799889671982,0.08140399829180309,0.06512319863344249,0.24999999999999997,98.64660265350194,-4.131842846113914,in;sweep=0.0,0.3666561789149129,8.000000000000005,0.14,RunDiagnostics { ResidualInf = 2.842170943040401E-14; Kappa1 = 113.2842240713426 }
rect,64,5,-1,4,0.9962375916754436,0.0021057300064933893,4.045829468774094,0.09354592364787545,0.07483673891830038,0.24999999999999997,81.02050416455826,-0.04206706044953723,in;sweep=0.0,0.3666561789149129,8.000000000000005,0.14,RunDiagnostics { ResidualInf = 2.842170943040401E-14; Kappa1 = 113.2842240713426 }
Prect,64,5,-1,64,0.01227061426145604,0.024541228522912205,0.7853853622798957,0.5575506694516771,0.44604053556134166,0.25,,4.202344023458648,in,,,,
Prect,64,5,-1,63,0.03680445142516507,0.024526445804505866,0.7742248098973337,0.5569637140477135,0.44557097123817085,0.24999999999999997,,4.188970738677502,in,,,,
Prect,64,5,-1,62,0.061316118963542665,0.02449688927224932,0.7641293424117087,0.5559672605124987,0.4447738084099989,0.25,,4.174554538624749,in,,,,
Prect,64,5,-1,61,0.08579085196461399,0.024452576729893316,0.755092171184717,0.5546314297714775,0.443705143817182,0.25,,4.159116976850669,in,,,,
Prect,64,5,-1,60,0.1102139077643884,0.02439353486965551,0.7471027927265208,0.5530002142331305,0.4424001713865044,0.25,,4.142683299509091,in,,,,
Prect,64,5,-1,59,0.1345705748272889,0.024319799256145483,0.740147592557929,0.5511049994158386,0.44088399953267093,0.24999999999999997,,4.125281832614782,in,,,,
Prect,64,5,-1,58,0.15884618160783143,0.024231414304939608,0.7342112246257455,0.548969506708641,0.4391756053669128,0.25,,4.106942593766423,in,,,,
Prect,64,5,-1,57,0.18302610538821473,0.024128433255826948,0.7292779071480185,0.546612197940928,0.43728975835274236,0.25,,4.087695987463767,in,,,,
Prect,64,5,-1,56,0.20709578108649893,0.024010918140741466,0.7253324834678802,0.5440476446478969,0.4352381157183175,0.25,,4.067571735445621,in,,,,
Prect,64,5,-1,55,0.23104071003006676,0.023878939746394212,0.7223612145887475,0.5412873894283772,0.4330299115427018,0.24999999999999997,,4.046598075381185,in,,,,
Prect,64,5,-1,54,0.2548464686890811,0.02373257757163444,0.7203523216949738,0.5383405252056345,0.4306724201645076,0.25,,4.024801209615945,in,,,,
Prect,64,5,-1,53,0.27849871736468024,0.023571919779563855,0.719296318842015,0.5352141031341555,0.4281712825073244,0.25,,4.002204963793305,in,,,,
Prect,64,5,-1,52,0.3019832088266768,0.023397063144429242,0.7191861803297459,0.5319134292652153,0.4255307434121723,0.25,,3.9788306108435774,in,,,,
Prect,64,5,-1,51,0.3252857968955557,0.023208112993328534,0.7200173825912177,0.5284422853055992,0.42275382824447943,0.24999999999999997,,3.9546968205132265,in,,,,
Prect,64,5,-1,50,0.34839244496360405,0.023005183142768226,0.7217878522767995,0.524803095611831,0.4198424764894648,0.25,,3.9298197027595965,in,,,,
Prect,64,5,-1,49,0.3712892344500389,0.02278839583010156,0.7244978436457158,0.5209970550415114,0.4167976440332091,0.25,,3.904212921904245,in,,,,
Prect,64,5,-1,48,0.39396237318503974,0.022557881639900024,0.7281497607807063,0.5170242277511228,0.4136193822008982,0.25,,3.8778878660342544,in,,,,
Prect,64,5,-1,47,0.4163982037176358,0.022313779425292113,0.7327479339552965,0.5128836241757262,0.41030689934058096,0.25,,3.850853862327068,in,,,,
Prect,64,5,-1,46,0.4385832115424443,0.022056236224324843,0.7382983546772005,0.5085732615685574,0.40685860925484596,0.25,,3.823118433780355,in,,,,
Prect,64,5,-1,45,0.4605040332403022,0.02178540717139099,0.7448083703174667,0.5040902122427914,0.4032721697942332,0.24999999999999997,,3.794687596442231,in,,,,
Prect,64,5,-1,44,0.4821474645278908,0.021501455403786285,0.7522863365875702,0.499430642827224,0.39954451426177917,0.25,,3.765566198884539,in,,,,
Prect,64,5,-1,43,0.5035004682115028,0.02120455196343768,0.7607412242667371,0.4945898472919531,0.3956718778335625,0.25,,3.7357583075217597,in,,,,
Prect,64,5,-1,42,0.5245501820401594,0.02089487569387538,0.7701821753992263,0.4895622761377251,0.3916498209101801,0.25,,3.705267642560614,in,,,,
Prect,64,5,-1,41,0.5452839264533496,0.020572613132504913,0.7806180036339582,0.4843415639203946,0.3874732511363157,0.25,,3.674098069912693,in,,,,
Prect,64,5,-1,40,0.5656892122187236,0.020237958398243383,0.7920566335082365,0.4789205571639489,0.3831364457311591,0.25,,3.64225415427304,in,,,,
Prect,64,5,-1,39,0.5857537479551393,0.019891113074588018,0.8045044743763052,0.47329134467573036,0.3786330757405843,0.25,,3.609741777668556,in,,,,
Prect,64,5,-1,38,0.6054654475365301,0.019532286088193462,0.8179657265359148,0.4674452922954686,0.3739562338363749,0.25,,3.5765688259275548,in,,,,
Prect,64,5,-1,37,0.6248124373721361,0.019161693583018558,0.8324416201194168,0.46137308416718775,0.3690984673337503,0.24999999999999997,,3.542745942508447,in,,,,
Prect,64,5,-1,36,0.643783063558711,0.018779558790131157,0.8479295917708073,0.4550647727017833,0.3640518181614266,0.25,,3.5082873446704816,in,,,,
Prect,64,5,-1,35,0.6623658989003975,0.018386111893241908,0.8644224102924443,0.44850983947756806,0.35880787158205446,0.25,,3.4732116908071586,in,,,,
Prect,64,5,-1,34,0.6805497497920427,0.0179815898900485,0.8819072705871115,0.44169726938262577,0.3533578155061006,0.25,,3.437542979620846,in,,,,
Prect,64,5,-1,33,0.6983236629618073,0.01756623644948052,0.9003648855041595,0.43461564030803534,0.3476925122464283,0.25,,3.401311451534033,in,,,,
Prect,64,5,-1,32,0.7156769320690071,0.01714030176491932,0.9197686176737035,0.42725323062251086,0.3418025844980087,0.25,,3.3645544502572893,in,,,,
Prect,64,5,-1,31,0.7325991041532128,0.016704042403492103,0.9400837078795136,0.4195981464609676,0.33567851716877406,0.25,,3.3273171879672736,in,,,,
Prect,64,5,-1,30,0.7490799859307218,0.016257721151525684,0.9612666725090024,0.4116384705061732,0.32931077640493855,0.25,,3.2896533415602756,in,,,,
Prect,64,5,-1,29,0.7651096499346108,0.015801606856252426,0.9832649593799815,0.4033624334031551,0.32268994672252405,0.25,,3.251625390685408,in,,,,
Prect,64,5,-1,28,0.7806784404946716,0.015335974263869234,1.0060169677866677,0.39475860820164144,0.31580688656131317,0.25,,3.2133045917186607,in,,,,
Prect,64,5,-1,27,0.7957769795536256,0.014861103854038604,1.0294525540225596,0.385816127275496,0.30865290182039684,0.25,,3.1747704664238148,in,,,,
Prect,64,5,-1,26,0.8103961723161142,0.014377281670938769,1.0534941575123236,0.3765249200543648,0.30121993604349184,0.25,,3.136109670171562,in,,,,
Prect,64,5,-1,25,0.8245272127270644,0.013884799150961746,1.0780586959333354,0.3668759686970009,0.2935007749576008,0.24999999999999997,,3.0974140913396004,in,,,,
Prect,64,5,-1,24,0.8381615887761262,0.01338395294716177,1.10306039366942,0.35686157765959653,0.2854892621276772,0.25,,3.058778017554454,in,,,,
Prect,64,5,-1,23,0.8512910876249895,0.01287504475056489,1.1284147339280728,0.3464756521329304,0.27718052170634433,0.25,,3.0202941784469375,in,,,,
Prect,64,5,-1,22,0.8639078005544917,0.012358381108439342,1.1540437740881258,0.33571397974237494,0.26857118379389994,0.25,,2.982048425357383,in,,,,
Prect,64,5,-1,21,0.8760041277285331,0.011834273239643589,1.1798831582063511,0.32457450994801335,0.2596596079584107,0.25,,2.944112714065115,in,,,,
Prect,64,5,-1,20,0.8875727827719351,0.011303036847160275,1.2058913348793021,0.31305762647411706,0.25044610117929367,0.25,,2.906535882348763,in,,,,
Prect,64,5,-1,19,0.8986067971594793,0.010764991927928125,1.2320617985067537,0.30116641006004136,0.24093312804803307,0.25,,2.869331404333767,in,,,,
Prect,64,5,-1,18,0.909099524413487,0.010220462580087353,1.2584397104388654,0.28890689209884657,0.2311255136790773,0.24999999999999997,,2.8324607651476477,in,,,,
Prect,64,5,-1,17,0.9190446441074087,0.009669776807756048,1.2851451891258359,0.27628830464863363,0.2210306437189069,0.25,,2.7958101667667554,in,,,,
Prect,64,5,-1,16,0.9284361656730128,0.009113266323452107,1.3124071990958037,0.2633233394348046,0.21065867154784373,0.24999999999999997,,2.7591566352311836,in,,,,
Prect,64,5,-1,15,0.9372684320088798,0.00855126634828185,1.3406149405598404,0.2500284388434633,0.20002275107477066,0.25,,2.72211662743128,in,,,,
Prect,64,5,-1,14,0.9455361228880287,0.00798411541001598,1.370399220994221,0.2364241573476284,0.18913932587810273,0.25,,2.6840646561177506,in,,,,
Prect,64,5,-1,13,0.9532342581626227,0.00741215513917215,1.402767157202835,0.22253565532246047,0.17802852425796842,0.24999999999999997,,2.643998584634542,in,,,,
Prect,64,5,-1,12,0.9603582007638243,0.006835730063231016,1.4393355152448797,0.20839342372822156,0.16671473898257727,0.24999999999999997,,2.600306283991296,in,,,,
Prect,64,5,-1,11,0.9669036594949919,0.006255187399104134,1.4827542002936074,0.19403439611860868,0.15522751689488698,0.24999999999999997,,2.5503421402114004,in,,,,
Prect,64,5,-1,10,0.9728666916165363,0.005670876843984485,1.5375135321182019,0.17950369957256632,0.14360295965805306,0.25,,2.489619776265262,in,,,,
Prect,64,5,-1,9,0.9782437052208794,0.005083150364701972,1.6115685649661273,0.1648574589806703,0.13188596718453624,0.25,,2.410187729812993,in,,,,
Prect,64,5,-1,8,0.9830314613960858,0.004492361985710791,1.7198150896046436,0.15016735669538467,0.12013388535630773,0.25,,2.2971534489992704,in,,,,
Prect,64,5,-1,7,0.9872270761768611,0.003898867575839793,1.8920744774549039,0.1355281615798274,0.10842252926386191,0.25,,2.120698446368235,in,,,,
Prect,64,5,-1,6,0.9908280222817455,0.0033030246339289526,2.1930104281859024,0.12107037419658014,0.09685629935726411,0.25,,1.8161615495323518,in,,,,
Prect,64,5,-1,5,0.9938321306354534,0.0027051920734868506,2.7771153286478922,0.10698204517326255,0.08558563613861006,0.24999999999999997,,1.229052540716654,in,,,,
rectc,128,5,0,1,0.9999623509195723,7.529816085549701E-05,580312754.925608,18862.047595277094,15089.638076221676,0.25,456853784.9802904,-580312749.925608,out:alpha+cl;sweep=0.0,0.7000560234381755,8.000000000000002,0.81,RunDiagnostics { ResidualInf = 8.530154360641973E-10; Kappa1 = 40653769.89690723 }
rectc,128,5,0,2,0.9998117602676744,0.00022588314294025302,-147212887.1750662,-12393.8074803313,-9915.04598426504,0.25,-100067646.00996555,147212892.1750662,out:alpha;sweep=0.0,0.7000560234381755,8.000000000000002,0.81,RunDiagnostics { ResidualInf = 8.530154360641973E-10; Kappa1 = 40653769.89690723 }
rectc,128,5,0,3,0.9995106016422769,0.0003764341078547062,43868068.62415108,5647.488717097203,4517.990973677763,0.25,27361453.520545762,-43868063.62415108,out:alpha+cl;sweep=0.0,0.7000560234381755,8.000000000000002,0.81,RunDiagnostics { ResidualInf = 8.530154360641973E-10; Kappa1 = 40653769.89690723 }
rectc,128,5,0,4,0.999058920396761,0.0005269283831771387,-11707089.083061602,-1955.210817957569,-1564.168654366055,0.25,-6767289.544592643,11707094.083061602,out:alpha;sweep=0.0,0.7000560234381755,8.000000000000002,0.81,RunDiagnostics { ResidualInf = 8.530154360641973E-10; Kappa1 = 40653769.89690723 }
Prectc,128,5,0,128,0.006135769142859881,0.012271538285719884,1.1205758146868376,0.9756393209015342,0.7805114567212273,0.25,,3.8794241853131624,in,,,,
Prectc,128,5,0,127,0.018406383404315982,0.01226969023719232,1.1208632440208375,0.9755853953879841,0.7804683163103873,0.25,,3.8791367559791627,in,,,,
Prectc,128,5,0,126,0.030674225732135504,0.012265994418446724,1.1214382510666216,0.9754774924210533,0.7803819939368426,0.25,,3.8785617489333784,in,,,,
Prectc,128,5,0,125,0.042937448634388434,0.012260451386059142,1.122301133931751,0.9753155080640994,0.7802524064512795,0.25,,3.8776988660682488,in,,,,
Prectc,128,5,0,124,0.05519420531481327,0.012253061974790522,1.1234523399243073,0.9750992862452476,0.7800794289961981,0.25,,3.8765476600756927,in,,,,
Prectc,128,5,0,123,0.06744264995093793,0.0122438272974588,1.1248924615612228,0.9748286185364019,0.7798628948291215,0.25,,3.875107538438777,in,,,,
Prectc,128,5,0,122,0.07968093797205354,0.012232748744772426,1.1266222383780304,0.9745032438931864,0.7796025951145491,0.25,,3.8733777616219696,in,,,,
Prectc,128,5,0,121,0.0919072263370002,0.01221982798512089,1.1286425553000499,0.9741228483094457,0.7792982786475566,0.25,,3.8713574446999504,in,,,,
Prectc,128,5,0,120,0.10411967381172185,0.012205066964322414,1.1309544359319033,0.9736870643815136,0.7789496515052109,0.25,,3.869045564068097,in,,,,
Prectc,128,5,0,119,0.1163164412465496,0.012188467905333095,1.1335590477429096,0.9731954708568336,0.7785563766854668,0.25,,3.8664409522570904,in,,,,
Prectc,128,5,0,118,0.12849569185317114,0.012170033307909958,1.1364576902125503,0.9726475920386669,0.7781180736309335,0.25,,3.8635423097874497,in,,,,
Prectc,128,5,0,117,0.14065559148124387,0.012149765948235525,1.1396517984311716,0.9720428971912474,0.7776343177529979,0.25,,3.8603482015688284,in,,,,
Prectc,128,5,0,116,0.15279430889461146,0.012127668878499642,1.1431429364087105,0.9713807998300058,0.7771046398640047,0.25,,3.8568570635912893,in,,,,
Prectc,128,5,0,115,0.16491001604708128,0.012103745426439966,1.1469327917497196,0.9706606569440572,0.7765285255552458,0.25,,3.8530672082502804,in,,,,
Prectc,128,5,0,114,0.1770008883577211,0.012077999194839678,1.151023171333158,0.9698817681550068,0.7759054145240054,0.25,,3.848976828666842,in,,,,
Prectc,128,5,0,113,0.18906510498563456,0.01205043406098727,1.155415996590828,0.9690433747991396,0.7752346998393117,0.25,,3.844584003409172,in,,,,
Prectc,128,5,0,112,0.2011008491041733,0.012021054176090257,1.1601132901708417,0.9681446589035688,0.7745157271228551,0.25,,3.839886709829158,in,,,,
Prectc,128,5,0,111,0.21310630817454407,0.01198986396465121,1.1651171781821923,0.9671847421610474,0.773747793728838,0.25,,3.834882821817808,in,,,,
Prectc,128,5,0,110,0.2250796742187704,0.011956868123801478,1.1704298752240068,0.9661626847509927,0.7729301478007942,0.25,,3.8295701247759935,in,,,,
Prectc,128,5,0,109,0.2370191440919675,0.011922071622592734,1.1760536738308294,0.9650774841038995,0.7720619872831196,0.25,,3.8239463261691706,in,,,,
Prectc,128,5,0,108,0.2489229197538892,0.011885479701250645,1.181990936791488,0.9639280736090633,0.7711424588872506,0.25,,3.818009063208512,in,,,,
Prectc,128,5,0,107,0.26078920853970644,0.011847097870383794,1.188244083278289,0.9627133212174775,0.770170656973982,0.25,,3.8117559167217108,in,,,,
Prectc,128,5,0,106,0.2726162234299756,0.011806931910154639,1.1948155731686951,0.9614320279605257,0.7691456223684205,0.25,,3.805184426831305,in,,,,
Prectc,128,5,0,105,0.28440218331975753,0.011764987869409216,1.201707894221254,0.9600829264063494,0.7680663411250795,0.25,,3.7982921057787458,in,,,,
Prectc,128,5,0,104,0.2961453132868451,0.01172127206476592,1.2089235437731036,0.9586646790117938,0.766931743209435,0.25,,3.7910764562268966,in,,,,
Prectc,128,5,0,103,0.30784384485905975,0.011675791079663322,1.216465004454818,0.9571758763733096,0.7657407010986477,0.25,,3.783534995545182,in,,,,
Prectc,128,5,0,102,0.3194960162805771,0.011628551763371464,1.2243347306231482,0.9556150354456056,0.7644920283564844,0.25,,3.7756652693768515,in,,,,
Prectc,128,5,0,101,0.3311000727772414,0.01157956122995707,1.2325351141937655,0.953980597593659,0.7631844780749273,0.25,,3.7674648858062345,in,,,,
Prectc,128,5,0,100,0.34265426682082717,0.011528826857214458,1.2410684636574991,0.9522709266210181,0.7618167412968144,0.25,,3.7589315363425007,in,,,,
Prectc,128,5,0,99,0.3541568583922113,0.011476356285553768,1.249936970026258,0.9504843066641939,0.7603874453313552,0.25,,3.750063029973742,in,,,,
Prectc,128,5,0,98,0.3656061152434128,0.011422157416849321,1.2591426699698107,0.9486189399952631,0.7588951519962105,0.25,,3.740857330030189,in,,,,
Prectc,128,5,0,97,0.3770003131584636,0.011366238413252239,1.2686874112532462,0.946672944756641,0.7573383558053128,0.25,,3.7313125887467535,in,,,,
Prectc,128,5,0,96,0.3883377362130689,0.011308607695958262,1.278572803087819,0.9446443525537046,0.7557154820429637,0.25,,3.721427196912181,in,,,,
Prectc,128,5,0,95,0.39961667703301884,0.011249273943941762,1.2888001708362766,0.9425311059883945,0.7540248847907156,0.25,,3.711199829163723,in,,,,
Prectc,128,5,0,94,0.41083543705131337,0.011188246092647236,1.2993704985351182,0.9403310560665457,0.7522648448532365,0.25,,3.700629501464882,in,,,,
Prectc,128,5,0,93,0.4219923267639594,0.011125533332644877,1.3102843644720392,0.9380419595049465,0.7504335676039572,0.25,,3.6897156355279606,in,,,,
Prectc,128,5,0,92,0.4330856659844046,0.011061145108245518,1.3215418783983475,0.9356614759717943,0.7485291807774355,0.25,,3.6784581216016523,in,,,,
Prectc,128,5,0,91,0.44411378409656704,0.010995091116079325,1.3331425935614325,0.9331871651534933,0.7465497321227946,0.25,,3.6668574064385675,in,,,,
Prectc,128,5,0,90,0.4550750203064234,0.010927381303633354,1.3450854238425103,0.9306164837776212,0.744493187022097,0.25,,3.6549145761574895,in,,,,
Prectc,128,5,0,89,0.4659677238921189,0.010858025867757637,1.3573685409257883,0.927946782501861,0.7423574260014888,0.25,,3.6426314590742117,in,,,,
Prectc,128,5,0,88,0.47679025445256024,0.010787035253125077,1.3699892662132278,0.9251753027245775,0.740140242179662,0.25,,3.630010733786772,in,,,,
Prectc,128,5,0,87,0.4875409821544534,0.010714420150661208,1.382943938682906,0.9222991732534582,0.7378393386027666,0.25,,3.617056061317094,in,,,,
Prectc,128,5,0,86,0.4982182879777507,0.010640191495933482,1.3962277754408887,0.9193154069118497,0.7354523255294797,0.25,,3.603772224559111,in,,,,
Prectc,128,5,0,85,0.5088205639594696,0.010564360467504197,1.4098347102234436,0.9162208970344762,0.732976717627581,0.25,,3.5901652897765564,in,,,,
Prectc,128,5,0,84,0.5193462134358452,0.010486938485247066,1.4237572076872262,0.9130124138599376,0.73040993108795,0.25,,3.5762427923127738,in,,,,
Prectc,128,5,0,83,0.5297936512827829,0.010407937208628315,1.4379860598077483,0.9096866008663606,0.7277492806930884,0.25,,3.5620139401922515,in,,,,
Prectc,128,5,0,82,0.5401613041545716,0.0103273685349492,1.4525101510766103,0.9062399710187679,0.7249919768150143,0.25,,3.54748984892339,in,,,,
Prectc,128,5,0,81,0.550447610720824,0.010245244597555714,1.4673161890362572,0.9026689029468524,0.7221351223574819,0.25,,3.532683810963743,in,,,,
Prectc,128,5,0,80,0.5606510219016076,0.010161577764011387,1.4823884100524702,0.8989696371223739,0.7191757096978991,0.25,,3.5176115899475295,in,,,,
Prectc,128,5,0,79,0.5707700011007293,0.010076380634231996,1.4977082240692214,0.8951382719467587,0.7161106175574069,0.25,,3.502291775930779,in,,,,
Prectc,128,5,0,78,0.580803024437142,0.009989666038593525,1.5132538333753787,0.8911707599351862,0.712936607948149,0.25,,3.4867461666246213,in,,,,
Prectc,128,5,0,77,0.5907485809744362,0.009901447035994493,1.5289997810565599,0.8870629038979783,0.7096503231183826,0.25,,3.4710002189434404,in,,,,
Prectc,128,5,0,76,0.6006051729483795,0.009811736911892077,1.544916442958387,0.8828103532461212,0.706248282596897,0.25,,3.455083557041613,in,,,,
Prectc,128,5,0,75,0.6103713159924762,0.009720549176301385,1.5609694414771111,0.8784086004528311,0.7027268803622648,0.25,,3.439030558522889,in,,,,
Prectc,128,5,0,74,0.6200455393615065,0.009627897561759413,1.5771189863937451,0.8738529778060998,0.6990823822448798,0.25,,3.422881013606255,in,,,,
Prectc,128,5,0,73,0.6296263861530158,0.009533796021259144,1.5933191018188477,0.8691386544580014,0.6953109235664011,0.25,,3.4066808981811523,in,,,,
Prectc,128,5,0,72,0.6391124135267183,0.009438258726145898,1.6095167555501402,0.8642606340182611,0.6914085072146089,0.25,,3.39048324444986,in,,,,
Prectc,128,5,0,71,0.6485021929217839,0.009341300063985258,1.6256508513243242,0.859213752784713,0.6873710022277704,0.25,,3.374349148675676,in,,,,
Prectc,128,5,0,70,0.6577943102719742,0.009242934636395361,1.6416510741560497,0.8539926788543903,0.6831941430835122,0.25,,3.3583489258439503,in,,,,
Prectc,128,5,0,69,0.6669873662185952,0.009143177256846546,1.6574365639504087,0.8485919123746327,0.6788735298997062,0.25,,3.3425634360495913,in,,,,
Prectc,128,5,0,68,0.6760799763212357,0.009042042948434692,1.6729143860985145,0.8430057872496367,0.6744046297997094,0.25,,3.3270856139014855,in,,,,
Prectc,128,5,0,67,0.68507077126626,0.008939546941613807,1.6879777767981747,0.8372284747464744,0.6697827797971796,0.25,,3.3120222232018253,in,,,,
Prectc,128,5,0,66,0.6939583970730199,0.008835704671905864,1.702504125120038,0.8312539895019119,0.6650031916015295,0.25,,3.297495874879962,in,,,,
Prectc,128,5,0,65,0.7027415152977601,0.008730531777574657,1.716352652931969,0.825076198559735,0.660060958847788,0.25,,3.283647347068031,in,,,,
Prectc,128,5,0,64,0.711418803235183,0.008624044097271133,1.7293617446053706,0.8186888342092762,0.6549510673674209,0.25,,3.2706382553946294,in,,,,
Prectc,128,5,0,63,0.7199889541176427,0.008516257667648186,1.741345886836567,0.8120855116205069,0.6496684092964056,0.25,,3.2586541131634332,in,,,,
Prectc,128,5,0,62,0.7284506773119397,0.008407188720945924,1.7520921636245506,0.8052597524410978,0.6442078019528783,0.25,,3.2479078363754494,in,,,,
Prectc,128,5,0,61,0.7368026985136857,0.00829685368254618,1.7613562255955277,0.7982050157237591,0.6385640125790073,0.25,,3.2386437744044723,in,,,,
Prectc,128,5,0,60,0.745043759939209,0.008185269168500264,1.7688577188974797,0.7909147380663881,0.6327317904531105,0.25,,3.23114228110252,in,,,,
Prectc,128,5,0,59,0.7531726205149718,0.00807245198302542,1.7742750391424975,0.7833823848490967,0.6267059078792774,0.25,,3.2257249608575025,in,,,,
Prectc,128,5,0,58,0.7611880560644717,0.007958419115974391,1.7772394015713648,0.7756015152637152,0.6204812122109722,0.25,,3.222760598428635,in,,,,
Prectc,128,5,0,57,0.769088859492598,0.007843187740278035,1.7773281158042027,0.767565864008174,0.6140526912065392,0.25,,3.2226718841957975,in,,,,
Prectc,128,5,0,56,0.7768738409674157,0.007726775209357495,1.7740570118857462,0.7592694432313155,0.6074155545850524,0.25,,3.225942988114254,in,,,,
Prectc,128,5,0,55,0.7845418280993504,0.007609199054511739,1.7668719479989943,0.7507066688884312,0.600565335110745,0.25,,3.233128052001006,in,,,,
Prectc,128,5,0,54,0.7920916661177448,0.007490476982277228,1.7551393474191075,0.7418725163921305,0.5934980131137044,0.25,,3.2448606525808925,in,,,,
Prectc,128,5,0,53,0.7995222180447641,0.0073706268717613765,1.7381357310422785,0.7327627112270394,0.5862101689816315,0.25,,3.2618642689577215,in,,,,
Prectc,128,5,0,52,0.8068323648666198,0.007249666771949825,1.7150362288101826,0.7233739610265107,0.5786991688212086,0.25,,3.284963771189817,in,,,,
Prectc,128,5,0,51,0.8140210057020891,0.007127614898988943,1.6849021000370334,0.7137042365568045,0.5709633892454435,0.25,,3.3150978999629666,in,,,,
Prectc,128,5,0,50,0.8210870579683043,0.007004489633441469,1.6466673398154805,0.7037531100104837,0.5630024880083869,0.25,,3.3533326601845195,in,,,,
Prectc,128,5,0,49,0.8280294575437852,0.006880309517520278,1.599124516858012,0.6935221599940041,0.5548177279952033,0.25,,3.400875483141988,in,,,,
Prectc,128,5,0,48,0.8348471589286917,0.006755093252292732,1.5409100675883047,0.6830154535494226,0.5464123628395381,0.25,,3.459089932411695,in,,,,
Prectc,128,5,0,47,0.8415391354022725,0.006628859694869038,1.470489402711539,0.6722401165160823,0.5377920932128658,0.25,,3.529510597288461,in,,,,
Prectc,128,5,0,46,0.848104379177486,0.006501627855557968,1.3861422910378591,0.661207004259415,0.5289656034075321,0.25,,3.613857708962141,in,,,,
Prectc,128,5,0,45,0.8545419015527685,0.0063734168950069225,1.285949179410238,0.6499314854829843,0.5199451883863875,0.25,,3.7140508205897618,in,,,,
Prectc,128,5,0,44,0.8608507330609294,0.006244246121314689,1.1677793307609698,0.6384343522288847,0.5107474817831077,0.25,,3.83222066923903,in,,,,
Prectc,128,5,0,43,0.8670299236151491,0.006114134987124653,1.0292818635702012,0.6267428690534843,0.5013942952427874,0.25,,3.9707181364297988,in,,,,
Prectc,128,5,0,42,0.8730785426520589,0.005983103086695141,0.8678811481339829,0.6148919740868609,0.49191357926948875,0.25,,4.132118851866017,in,,,,
Prectc,128,5,0,41,0.8789956792718807,0.005851170152948448,0.6807783066141895,0.6029256435321485,0.4823405148257188,0.25,,4.319221693385811,in,,,,
Prectc,128,5,0,40,0.8847804423756044,0.005718356054498885,0.4649610491956189,0.590898429632787,0.4727187437062296,0.25,,4.535038950804381,in,,,,
Prectc,128,5,0,39,0.8904319607991845,0.0055846807926613895,0.21722452257365496,0.5788771795974026,0.46310174367792206,0.25,,4.782775477426345,in,,,,
Prectc,128,5,0,38,0.8959493834447345,0.005450164498438714,-0.06579350820321155,0.5669429398299024,0.4535543518639219,0.25,,5.065793508203211,in,,,,
Prectc,128,5,0,37,0.9013318794086986,0.0053148274294894104,-0.3875591830000663,0.5551930455584424,0.4441544364467539,0.25,,5.387559183000066,in,,,,
Prectc,128,5,0,36,0.9065786381069829,0.005178689967079042,-0.7515659085511937,0.5437433910731544,0.43499471285852354,0.25,,5.751565908551194,in,,,,
Prectc,128,5,0,35,0.9116888693970265,0.005041772613008311,-1.1612287059363144,0.5327308698556683,0.42618469588453467,0.25,,6.161228705936314,in,,,,
Prectc,128,5,0,34,0.9166618036967942,0.004904095986526968,-1.6197423702231282,0.5223159673974603,0.41785277391796827,0.25,,6.619742370223128,in,,,,
Prectc,128,5,0,33,0.9214966921006722,0.004765680821229079,-2.129894643447054,0.5126854824169345,0.4101483859335476,0.25,,7.129894643447054,in,,,,
Prectc,128,5,0,32,0.9261928064922511,0.00462654796192874,-2.6938233590564136,0.5040553450343317,0.4032442760274654,0.25,,7.693823359056413,in,,,,
Prectc,128,5,0,31,0.9307494396539772,0.0044867183615233674,-3.312703615881422,0.49667349319538706,0.39733879455630966,0.25,,8.312703615881421,in,,,,
Prectc,128,5,0,30,0.9351659053736568,0.004346213077836003,-3.9863469281405113,0.49082276196394337,0.3926582095711547,0.25,,8.986346928140511,in,,,,
Prectc,128,5,0,29,0.9394415385477978,0.0042050532704458465,-4.712688553689589,0.48682373429430553,0.38945898743544444,0.25,,9.712688553689588,in,,,,
Prectc,128,5,0,28,0.943575695281771,0.004063260197500584,-5.487131063242346,0.485037496565362,0.3880299972522896,0.25,,10.487131063242346,out,,,,
Prectc,128,5,0,27,0.947567752986779,0.003920855212515395,-6.301700603412208,0.4858682371638978,0.38869458973111826,0.25,,11.301700603412208,out,,,,
Prectc,128,5,0,26,0.9514171104736153,0.0037778597611571874,-7.143955517214692,0.4897656208791008,0.39181249670328067,0.25,,12.143955517214692,out,,,,
Prectc,128,5,0,25,0.9551231880432014,0.0036342953780149623,-7.995563059059469,0.4972268632864154,0.3977814906291323,0.25,,12.995563059059469,out,,,,
Prectc,128,5,0,24,0.9586854275738873,0.003490183683356962,-8.830425629193588,0.508798414460622,0.4070387315684976,0.25,,13.830425629193588,out,,,,
Prectc,128,5,0,23,0.9621032926055029,0.0033455463798740537,-9.612183435025672,0.5250771377574652,0.42006171020597216,0.25,,14.612183435025672,out,,,,
Prectc,128,5,0,22,0.9653762684201459,0.0032004052494122304,-10.290892154971104,0.5467107908023945,0.4373686326419156,0.25,,15.290892154971104,out,,,,
Prectc,128,5,0,21,0.968503862119698,0.0030547821496919036,-10.798198271524422,0.5743978018942388,0.45951824151539106,0.25,,15.798198271524422,out,,,,
Prectc,128,5,0,20,0.971485602700052,0.0029086990110160915,-11.042995576405469,0.6088842037169556,0.4871073629735645,0.25,,16.042995576405467,out,,,,
Prectc,128,5,0,19,0.9743210411220442,0.0027621778329683933,-10.889419669777237,0.6509692775335579,0.5207754220268463,0.25,,15.889419669777237,out,,,,
Prectc,128,5,0,18,0.977009750379078,0.0026152406810990847,-10.228343530577947,0.7014421122620509,0.5611536898096408,0.25,,15.228343530577947,out,,,,
Prectc,128,5,0,17,0.979551325561429,0.002467909683602887,-8.4698724044023,0.7613965126329906,0.6091172101063924,0.25,,13.4698724044023,out,,,,
Prectc,128,5,0,16,0.9819453839172234,0.0023202070279858544,-7.167211917923207,0.830501705757342,0.6644013646058735,0.25,,12.167211917923208,out,,,,
Prectc,128,5,0,15,0.9841915649100788,0.0021721549577249366,3.3045233913498135,0.91527715587124,0.732221724696992,0.25,,1.6954766086501865,in,,,,
Prectc,128,5,0,14,0.9862895302733998,0.002023775768917213,-18.085955934036143,0.9918159775584243,0.7934527820467394,0.25,,23.085955934036143,out,,,,
Prectc,128,5,0,13,0.9882389640613197,0.0018750918069225797,105.77752822533324,1.1603104493721668,0.9282483594977334,0.25,,-100.77752822533324,out,,,,
Prectc,128,5,0,12,0.9900395726962805,0.0017261254629989953,-321.6030680896333,1.0483546882087758,0.8386837505670206,0.25,,326.6030680896333,out,,,,
Prectc,128,5,0,11,0.991691085013245,0.0015768991709299574,1304.8710542065842,1.9586502792560032,1.5669202234048025,0.25,,-1299.8710542065842,out,,,,
Prectc,128,5,0,10,0.993193252300533,0.0014274354036460934,-4256.97770229723,-0.39363162097764004,-0.31490529678211204,0.25,,4261.97770229723,out,,,,
Prectc,128,5,0,9,0.9945458483372764,0.0012777566698407572,14730.00603957647,7.399744954372302,5.919795963497842,0.25,,-14725.00603957647,out,,,,
Prectc,128,5,0,8,0.9957486694274874,0.0011278855105811836,-49616.68919362821,-15.420285238867876,-12.336228191094301,0.25,,49621.68919362821,out,,,,
Prectc,128,5,0,7,0.9968015344307342,0.0009778444959122057,178541.13176201956,54.858712417591505,43.88696993407321,0.25,,-178536.13176201956,out,,,,
Prectc,128,5,0,6,0.9977042847894197,0.0008276562214589722,-690468.9481153967,-169.71871559032343,-135.77497247225875,0.25,,690473.9481153967,out,,,,
Prectc,128,5,0,5,0.9984567845526608,0.0006773433050232258,2853297.3343380284,588.7129582818282,470.97036662546253,0.25,,-2853292.3343380284,out,,,,
rect,128,5,1,1,0.9999623509195723,7.529816085549701E-05,29942.930957588564,1.159467791955133,0.9275742335641064,0.25,28083.231507170884,-29936.930995237642,out:alpha;sweep=0.0,0.4388196541871544,8.000000000000004,0.70,RunDiagnostics { ResidualInf = 8.72635297355373E-14; Kappa1 = 149.30478605462818 }
rect,128,5,1,2,0.9998117602676744,0.00022588314294025302,-4064.998612241828,-0.20169276185843985,-0.1613542094867519,0.25,-1628.4680820201936,4070.998424002096,out:alpha;sweep=0.0,0.4388196541871544,8.000000000000004,0.70,RunDiagnostics { ResidualInf = 8.72635297355373E-14; Kappa1 = 149.30478605462818 }
rect,128,5,1,3,0.9995106016422769,0.0003764341078547062,539.4857125380464,0.14782544069138215,0.11826035255310571,0.25,716.1977875912293,-533.4862019364041,out:alpha;sweep=0.0,0.4388196541871544,8.000000000000004,0.70,RunDiagnostics { ResidualInf = 8.72635297355373E-14; Kappa1 = 149.30478605462818 }
rect,128,5,1,4,0.999058920396761,0.0005269283831771387,-48.70325690416891,0.09208343781591707,0.07366675025273366,0.25,318.71513815208743,54.70231582456567,out:alpha;sweep=0.0,0.4388196541871544,8.000000000000004,0.70,RunDiagnostics { ResidualInf = 8.72635297355373E-14; Kappa1 = 149.30478605462818 }
Prect,128,5,1,128,0.006135769142859881,0.012271538285719884,0.5793839399734564,0.6046353324563053,0.48370826596504435,0.24999999999999997,,4.426751829169404,in,,,,
Prect,128,5,1,127,0.018406383404315982,0.01226969023719232,0.5855836501888128,0.6047395510501773,0.4837916408401419,0.24999999999999997,,4.432822733215503,in,,,,
Prect,128,5,1,126,0.030674225732135504,0.012265994418446724,0.5918749557306489,0.6049035192448512,0.48392281539588095,0.25,,4.438799270001486,in,,,,
Prect,128,5,1,125,0.042937448634388434,0.012260451386059142,0.5982575038880943,0.6051093846625153,0.48408750773001225,0.25,,4.444679944746294,in,,,,
Prect,128,5,1,124,0.05519420531481327,0.012253061974790522,0.6047321840545751,0.6053456234126677,0.4842764987301342,0.25,,4.450462021260238,in,,,,
Prect,128,5,1,123,0.06744264995093793,0.0122438272974588,0.611300560079979,0.6056036594072582,0.4844829275258066,0.25,,4.456142089870959,in,,,,
Prect,128,5,1,122,0.07968093797205354,0.012232748744772426,0.6179647398159656,0.6058766356631565,0.48470130853052523,0.25,,4.461716198156088,in,,,,
Prect,128,5,1,121,0.0919072263370002,0.01221982798512089,0.6247273159748121,0.6061588235662649,0.48492705885301196,0.25,,4.467179910362187,in,,,,
Prect,128,5,1,120,0.10411967381172185,0.012205066964322414,0.6315913169457765,0.6064452916194798,0.4851562332955838,0.25,,4.472528356865945,in,,,,
Prect,128,5,1,119,0.1163164412465496,0.012188467905333095,0.6385601585086914,0.6067317002059913,0.48538536016479306,0.25,,4.477756282737858,in,,,,
Prect,128,5,1,118,0.12849569185317114,0.012170033307909958,0.645637596227175,0.6070141650843653,0.4856113320674923,0.25,,4.482858095625996,in,,,,
Prect,128,5,1,117,0.14065559148124387,0.012149765948235525,0.6528276796868193,0.607289161616345,0.48583132929307604,0.25,,4.487827911794425,in,,,,
Prect,128,5,1,116,0.15279430889461146,0.012127668878499642,0.6601347096672794,0.6075534547019781,0.48604276376158245,0.25,,4.492659599227332,in,,,,
Prect,128,5,1,115,0.16491001604708128,0.012103745426439966,0.6675631989889963,0.6078040457666936,0.48624323661335483,0.25,,4.497346817058085,in,,,,
Prect,128,5,1,114,0.1770008883577211,0.012077999194839678,0.6751178374420146,0.6080381315274724,0.48643050522197795,0.25,,4.501883050915707,in,,,,
Prect,128,5,1,113,0.18906510498563456,0.01205043406098727,0.682803460909408,0.6082530711759047,0.48660245694072374,0.25,,4.506261644076226,in,,,,
Prect,128,5,1,112,0.2011008491041733,0.012021054176090257,0.6906250246044626,0.6084463597509615,0.4867570878007692,0.25,,4.510475824499711,in,,,,
Prect,128,5,1,111,0.21310630817454407,0.01198986396465121,0.6985875801711483,0.6086156061771728,0.48689248494173826,0.25,,4.514518728003396,in,,,,
Prect,128,5,1,110,0.2250796742187704,0.011956868123801478,0.7066962563198911,0.6087585148951321,0.4870068119161057,0.25,,4.51838341789888,in,,,,
Prect,128,5,1,109,0.2370191440919675,0.011922071622592734,0.714956242608315,0.6088728703098185,0.48709829624785483,0.25,,4.522062901483653,in,,,,
Prect,128,5,1,108,0.2489229197538892,0.011885479701250645,0.7233727759575278,0.6089565234853208,0.48716521878825664,0.25,,4.5255501437963614,in,,,,
Prect,128,5,1,107,0.26078920853970644,0.011847097870383794,0.7319511294955483,0.6090073806560604,0.48720590452484835,0.25,,4.528838079044158,in,,,,
Prect,128,5,1,106,0.2726162234299756,0.011806931910154639,0.7406966033408485,0.6090233932254395,0.4872187145803516,0.25,,4.531919620089128,in,,,,
Prect,128,5,1,105,0.28440218331975753,0.011764987869409216,0.749614516952877,0.6090025489960446,0.48720203919683563,0.25,,4.5347876663668805,in,,,,
Prect,128,5,1,104,0.2961453132868451,0.01172127206476592,0.7587102027218018,0.6089428644298415,0.4871542915438732,0.25,,4.537435110565044,in,,,,
Prect,128,5,1,103,0.30784384485905975,0.011675791079663322,0.7679890004913366,0.6088423777775902,0.48707390222207225,0.24999999999999997,,4.539854844367723,in,,,,
Prect,128,5,1,102,0.3194960162805771,0.011628551763371464,0.7774562527428667,0.6086991429479631,0.4869593143583705,0.25,,4.54203976353771,in,,,,
Prect,128,5,1,101,0.3311000727772414,0.01157956122995707,0.7871173002016834,0.6085112240111241,0.4868089792088993,0.25,,4.543982772575558,in,,,,
Prect,128,5,1,100,0.34265426682082717,0.011528826857214458,0.7969774776505062,0.6082766902506029,0.4866213522004824,0.24999999999999997,,4.545676789170321,in,,,,
Prect,128,5,1,99,0.3541568583922113,0.011476356285553768,0.80704210975971,0.6079936116925297,0.4863948893540238,0.25,,4.547114748632501,in,,,,
Prect,128,5,1,98,0.3656061152434128,0.011422157416849321,0.8173165067678031,0.6076600550535911,0.4861280440428729,0.25,,4.54828960847561,in,,,,
Prect,128,5,1,97,0.3770003131584636,0.011366238413252239,0.8278059598599564,0.607274080059085,0.4858192640472681,0.24999999999999997,,4.549194353298507,in,,,,
Prect,128,5,1,96,0.3883377362130689,0.011308607695958262,0.8385157361073658,0.6068337360907377,0.4854669888725901,0.25,,4.549822000105703,in,,,,
Prect,128,5,1,95,0.39961667703301884,0.011249273943941762,0.8494510728494212,0.6063370591308853,0.48506964730470825,0.25,,4.550165604183598,in,,,,
Prect,128,5,1,94,0.41083543705131337,0.011188246092647236,0.8606171714001629,0.6057820689754131,0.48462565518033046,0.25,,4.55021826565115,in,,,,
Prect,128,5,1,93,0.4219923267639594,0.011125533332644877,0.8720191899799355,0.6051667666928594,0.4841334133542875,0.25,,4.549973136784024,in,,,,
Prect,128,5,1,92,0.4330856659844046,0.011061145108245518,0.8836622357703106,0.6044891323113426,0.48359130584907406,0.25,,4.549423430214095,in,,,,
Prect,128,5,1,91,0.44411378409656704,0.010995091116079325,0.8955513560026571,0.6037471227187311,0.4829976981749849,0.25,,4.54856242809391,in,,,,
Prect,128,5,1,90,0.4550750203064234,0.010927381303633354,0.9076915279929839,0.6029386697647574,0.48235093581180594,0.25,,4.547383492313439,in,,,,
Prect,128,5,1,89,0.4659677238921189,0.010858025867757637,0.9200876480384108,0.6020616785567052,0.4816493428453642,0.25,,4.545880075853708,in,,,,
Prect,128,5,1,88,0.47679025445256024,0.010787035253125077,0.932744519093001,0.6011140259429332,0.48089122075434654,0.25,,4.54404573535956,in,,,,
Prect,128,5,1,87,0.4875409821544534,0.010714420150661208,0.9456668371512734,0.6000935591809399,0.4800748473447519,0.25,,4.541874145003179,in,,,,
Prect,128,5,1,86,0.4982182879777507,0.010640191495933482,0.9588591762604656,0.5989980947888449,0.47919847583107594,0.25,,4.539359111717285,in,,,,
Prect,128,5,1,85,0.5088205639594696,0.010564360467504197,0.9723259720945393,0.5978254175812563,0.478260334065005,0.25,,4.53649459186493,in,,,,
Prect,128,5,1,84,0.5193462134358452,0.010486938485247066,0.9860715040267005,0.5965732798924333,0.4772586239139466,0.25,,4.533274709409145,in,,,,
Prect,128,5,1,83,0.5297936512827829,0.010407937208628315,1.0000998756407768,0.5952394009914751,0.47619152079318006,0.25,,4.529693775642006,in,,,,
Prect,128,5,1,82,0.5401613041545716,0.0103273685349492,1.0144149936284546,0.5938214666960265,0.4750571733568213,0.24999999999999997,,4.525746310526117,in,,,,
Prect,128,5,1,81,0.550447610720824,0.010245244597555714,1.0290205450362895,0.592317129192695,0.473853703354156,0.25,,4.521427065684534,in,,,,
Prect,128,5,1,80,0.5606510219016076,0.010161577764011387,1.0439199728278714,0.5907240070739627,0.4725792056591701,0.25,,4.516731049073736,in,,,,
Prect,128,5,1,79,0.5707700011007293,0.010076380634231996,1.0591164497477672,0.5890396856029642,0.4712317484823713,0.25,,4.511653551352962,in,,,,
Prect,128,5,1,78,0.580803024437142,0.009989666038593525,1.0746128504877555,0.5872617172189869,0.4698093737751895,0.25,,4.506190173949387,in,,,,
Prect,128,5,1,77,0.5907485809744362,0.009901447035994493,1.0904117221796619,0.5853876222980178,0.4683100978384143,0.24999999999999997,,4.500336858794775,in,,,,
Prect,128,5,1,76,0.6006051729483795,0.009811736911892077,1.1065152532581433,0.5834148901839965,0.4667319121471973,0.24999999999999997,,4.494089919690236,in,,,,
Prect,128,5,1,75,0.6103713159924762,0.009720549176301385,1.1229252407733548,0.5813409805077654,0.4650727844062124,0.24999999999999997,,4.487446075219122,in,,,,
Prect,128,5,1,74,0.6200455393615065,0.009627897561759413,1.1396430562596316,0.5791633248118605,0.4633306598494884,0.25,,4.480402483101875,in,,,,
Prect,128,5,1,73,0.6296263861530158,0.009533796021259144,1.1566696103095349,0.5768793285003775,0.46150346280030197,0.25,,4.47295677584348,in,,,,
Prect,128,5,1,72,0.6391124135267183,0.009438258726145898,1.174005316046432,0.574486373134067,0.4595890985072537,0.24999999999999997,,4.465107097480287,in,,,,
Prect,128,5,1,71,0.6485021929217839,0.009341300063985258,1.1916500517363369,0.5719818190915539,0.4575854552732431,0.25,,4.456852141185447,in,,,,
Prect,128,5,1,70,0.6577943102719742,0.009242934636395361,1.2096031228383934,0.5693630086181173,0.4554904068944938,0.25,,4.448191187433581,in,,,,
Prect,128,5,1,69,0.6669873662185952,0.009143177256846546,1.2278632238540537,0.5666272692837621,0.45330181542700965,0.25,,4.439124142364542,in,,,,
Prect,128,5,1,68,0.6760799763212357,0.009042042948434692,1.2464284004043242,0.5637719178723073,0.4510175342978459,0.24999999999999997,,4.429651575916912,in,,,,
Prect,128,5,1,67,0.68507077126626,0.008939546941613807,1.2652960120355516,0.5607942647228816,0.4486354117783053,0.25,,4.419774759230709,in,,,,
Prect,128,5,1,66,0.6939583970730199,0.008835704671905864,1.2844626963366097,0.5576916185445153,0.4461532948356123,0.25,,4.409495700736411,in,,,,
Prect,128,5,1,65,0.7027415152977601,0.008730531777574657,1.3039243350336176,0.5544612917233795,0.4435690333787036,0.25,,4.3988171802641425,in,,,,
Prect,128,5,1,64,0.711418803235183,0.008624044097271133,1.323676022815371,0.5511006061406232,0.44088048491249854,0.25,,4.387742780419813,in,,,,
Prect,128,5,1,63,0.7199889541176427,0.008516257667648186,1.3437120397344504,0.5476068995166521,0.43808551961332176,0.24999999999999997,,4.376276914383192,in,,,,
Prect,128,5,1,62,0.7284506773119397,0.008407188720945924,1.3640258281261968,0.5439775322950678,0.43518202583605425,0.25,,4.364424849185743,in,,,,
Prect,128,5,1,61,0.7368026985136857,0.00829685368254618,1.3846099750727703,0.540209895076251,0.43216791606100075,0.25,,4.352192723440916,in,,,,
Prect,128,5,1,60,0.745043759939209,0.008185269168500264,1.4054562015493446,0.5363014166068564,0.4290411332854851,0.25,,4.339587558389865,in,,,,
Prect,128,5,1,59,0.7531726205149718,0.00807245198302542,1.426555359461411,0.5322495723270929,0.42579965786167434,0.25,,4.326617261053561,in,,,,
Prect,128,5,1,58,0.7611880560644717,0.007958419115974391,1.4478974378991631,0.5280518934728734,0.4224415147782987,0.25,,4.313290618165309,in,,,,
Prect,128,5,1,57,0.769088859492598,0.007843187740278035,1.4694715799970088,0.5237059767245094,0.41896478137960746,0.25,,4.299617279495589,in,,,,
Prect,128,5,1,56,0.7768738409674157,0.007726775209357495,1.4912661119018027,0.5192094943879518,0.41536759551036145,0.25,,4.285607729065613,in,,,,
Prect,128,5,1,55,0.7845418280993504,0.007609199054511739,1.5132685854246628,0.5145602050885044,0.4116481640708035,0.25,,4.271273242674687,in,,,,
Prect,128,5,1,54,0.7920916661177448,0.007490476982277228,1.535465836059674,0.5097559649507836,0.40780477196062687,0.25,,4.256625830058071,in,,,,
Prect,128,5,1,53,0.7995222180447641,0.0073706268717613765,1.5578440581582107,0.5047947392325365,0.4038357913860292,0.25,,4.241678159886553,in,,,,
Prect,128,5,1,52,0.8068323648666198,0.007249666771949825,1.5803888991841673,0.4996746143740073,0.39973969149920585,0.25,,4.226443465682452,in,,,,
Prect,128,5,1,51,0.8140210057020891,0.007127614898988943,1.6030855751420934,0.4943938104190547,0.39551504833524376,0.25,,4.210935430559996,in,,,,
Prect,128,5,1,50,0.8210870579683043,0.007004489633441469,1.625919009495016,0.488950693759438,0.3911605550075504,0.25,,4.195168048473288,in,,,,
Prect,128,5,1,49,0.8280294575437852,0.006880309517520278,1.648873998193793,0.4833437901498757,0.38667503211990056,0.25,,4.179155459349992,in,,,,
Prect,128,5,1,48,0.8348471589286917,0.006755093252292732,1.6719354038486403,0.477571797938842,0.38205743835107364,0.25,,4.162911755080051,in,,,,
Prect,128,5,1,47,0.8415391354022725,0.006628859694869038,1.6950883826332919,0.4716336014589045,0.3773068811671236,0.25,,4.146450752768981,in,,,,
Prect,128,5,1,46,0.848104379177486,0.006501627855557968,1.7183186482559756,0.4655282845208861,0.3724226276167089,0.25,,4.12978573092151,in,,,,
Prect,128,5,1,45,0.8545419015527685,0.0063734168950069225,1.7416127783422877,0.45925514395849104,0.3674041151667929,0.24999999999999997,,4.112929123210481,in,,,,
Prect,128,5,1,44,0.8608507330609294,0.006244246121314689,1.76495856987127,0.4528137031742679,0.3622509625394143,0.25,,4.095892163189659,in,,,,
Prect,128,5,1,43,0.8670299236151491,0.006114134987124653,1.788345452037766,0.4462037256441076,0.3569629805152861,0.25,,4.078684471577383,in,,,,
Prect,128,5,1,42,0.8730785426520589,0.005983103086695141,1.8117649671062326,0.43942522834568887,0.35154018267655107,0.25,,4.061313575545826,in,,,,
Prect,128,5,1,41,0.8789956792718807,0.005851170152948448,1.8352113326614286,0.4324784950864731,0.3459827960691785,0.25,,4.043784346610453,in,,,,
Prect,128,5,1,40,0.8847804423756044,0.005718356054498885,1.8586821022478044,0.4253640897187623,0.34029127177500984,0.25,,4.026098340127801,in,,,,
Prect,128,5,1,39,0.8904319607991845,0.0055846807926613895,1.8821789459475144,0.4180828692429135,0.33446629539433087,0.24999999999999997,,4.00825301485167,in,,,,
Prect,128,5,1,38,0.8959493834447345,0.005450164498438714,1.9057085781944554,0.41063599681493235,0.32850879745194594,0.24999999999999997,,3.990240805250279,in,,,,
Prect,128,5,1,37,0.9013318794086986,0.0053148274294894104,1.9292838674065218,0.4030249546914112,0.32241996375312904,0.24999999999999997,,3.972048012002177,in,,,,
Prect,128,5,1,36,0.9065786381069829,0.005178689967079042,1.9529251712575058,0.39525155716341204,0.3162012457307296,0.25,,3.9536534668494774,in,,,,
Prect,128,5,1,35,0.9116888693970265,0.005041772613008311,1.9766619532240253,0.38731796355208775,0.3098543708416702,0.25,,3.935026916173001,in,,,,
Prect,128,5,1,34,0.9166618036967942,0.004904095986526968,2.000534751276618,0.3792266913638254,0.3033813530910604,0.24999999999999997,,3.916127052420176,in,,,,
Prect,128,5,1,33,0.9214966921006722,0.004765680821229079,2.024597589457722,0.37098062973343554,0.2967845037867484,0.25,,3.89689910264295,in,,,,
Prect,128,5,1,32,0.9261928064922511,0.00462654796192874,2.048920949318113,0.36258305332333285,0.2900664426586663,0.24999999999999997,,3.8772718571741382,in,,,,
Prect,128,5,1,31,0.9307494396539772,0.0044867183615233674,2.0735954533326875,0.3540376368990632,0.28323010951925054,0.25,,3.8571539863212894,in,,,,
Prect,128,5,1,30,0.9351659053736568,0.004346213077836003,2.0987364601125265,0.34534847087262643,0.27627877669810114,0.25,,3.83642944526113,in,,,,
Prect,128,5,1,29,0.9394415385477978,0.0042050532704458465,2.1244898368835643,0.33652007820263097,0.2692160625621048,0.25,,3.8149517016642336,in,,,,
Prect,128,5,1,28,0.943575695281771,0.004063260197500584,2.1510392662850886,0.327557433174617,0.2620459465396936,0.25,,3.7925364289966823,in,,,,
Prect,128,5,1,27,0.947567752986779,0.003920855212515395,2.1786155739134507,0.318465982769172,0.2547727862153376,0.25,,3.7689521790733282,in,,,,
Prect,128,5,1,26,0.9514171104736153,0.0037778597611571874,2.2075087481124855,0.3092516715771137,0.24740133726169095,0.25,,3.74390836236113,in,,,,
Prect,128,5,1,25,0.9551231880432014,0.0036342953780149623,2.238083591686164,0.2999209715628457,0.23993677725027657,0.25,,3.717039596357037,in,,,,
Prect,128,5,1,24,0.9586854275738873,0.003490183683356962,2.270800338858564,0.2904809184390716,0.23238473475125726,0.25,,3.6878850887153236,in,,,,
Prect,128,5,1,23,0.9621032926055029,0.0033455463798740537,2.3062421567516243,0.2809391570385957,0.22475132563087655,0.25,,3.655861135853879,in,,,,
Prect,128,5,1,22,0.9653762684201459,0.0032004052494122304,2.345152335691227,0.27130399890540385,0.21704319912432313,0.24999999999999997,,3.6202239327289187,in,,,,
Prect,128,5,1,21,0.968503862119698,0.0030547821496919036,2.3884853301255444,0.2615844964479293,0.20926759715834345,0.25,,3.580018531994154,in,,,,
Prect,128,5,1,20,0.971485602700052,0.0029086990110160915,2.4374779268538735,0.2517905394922872,0.20143243159382976,0.25,,3.5340076758461785,in,,,,
Prect,128,5,1,19,0.9743210411220442,0.0027621778329683933,2.4937501638631283,0.24193298205198194,0.19354638564158558,0.24999999999999997,,3.480570877258916,in,,,,
Prect,128,5,1,18,0.977009750379078,0.0026152406810990847,2.5594509991676486,0.23202380971974446,0.18561904777579558,0.25,,3.417558751211429,in,,,,
Prect,128,5,1,17,0.979551325561429,0.002467909683602887,2.6374724950132347,0.22207636142727308,0.17766108914181847,0.25,,3.3420788305481945,in,,,,
Prect,128,5,1,16,0.9819453839172234,0.0023202070279858544,2.7317708008175083,0.21210562357699847,0.16968449886159878,0.25,,3.2501745830997146,in,,,,
Prect,128,5,1,15,0.9841915649100788,0.0021721549577249366,2.8478566959155214,0.2021286199846891,0.16170289598775128,0.25,,3.1363348689945574,in,,,,
Prect,128,5,1,14,0.9862895302733998,0.002023775768917213,2.993560633717562,0.1921649282062574,0.15373194256500597,0.24999999999999997,,2.9927288965558376,in,,,,
Prect,128,5,1,13,0.9882389640613197,0.0018750918069225797,3.180251879094789,0.18223736278765243,0.14578989023012198,0.24999999999999997,,2.8079870849665305,in,,,,
Prect,128,5,1,12,0.9900395726962805,0.0017261254629989953,3.4248274561138095,0.17237288098854522,0.1378983047908362,0.24999999999999997,,2.5652121165824715,in,,,,
Prect,128,5,1,11,0.991691085013245,0.0015768991709299574,3.7530464389855154,0.16260379109012316,0.13008303287209852,0.25,,2.2386446460277294,in,,,,
Prect,128,5,1,10,0.993193252300533,0.0014274354036460934,4.205200792261775,0.15296936362497673,0.12237549089998138,0.25,,1.7879924600387582,in,,,,
Prect,128,5,1,9,0.9945458483372764,0.0012777566698407572,4.847797653989622,0.14351838027910713,0.1148147042232857,0.25,,1.146748194347654,in,,,,
Prect,128,5,1,8,0.9957486694274874,0.0011278855105811836,5.770264179837297,0.13430723681705237,0.10744578945364189,0.25,,0.2254844895901904,in,,,,
Prect,128,5,1,7,0.9968015344307342,0.0009778444959122057,7.380998849304563,0.12546203373277254,0.10036962698621803,0.25,,-1.3841973148738287,in,,,,
Prect,128,5,1,6,0.9977042847894197,0.0008276562214589722,8.013869614006184,0.11666213799388642,0.09332971039510915,0.24999999999999997,,-2.016165329216765,in,,,,
Prect,128,5,1,5,0.9984567845526608,0.0006773433050232258,23.271559061005522,0.11088628998873894,0.08870903199099114,0.25,,-17.27310227645286,out,,,,
rect,128,5,-1,1,0.9999623509195723,7.529816085549701E-05,21493.104911056038,0.8322130431680704,0.6657704345344564,0.25,20156.861377897156,-21489.10487340696,out:alpha;sweep=0.0,0.3663823217964856,8.000000000000004,0.93,RunDiagnostics { ResidualInf = 1.0080825063596421E-13; Kappa1 = 149.30478605462818 }
rect,128,5,-1,2,0.9998117602676744,0.00022588314294025302,-2918.8940066884006,-0.14491700794778967,-0.11593360635823173,0.25,-1170.0604414871175,2922.894194928133,out:alpha;sweep=0.0,0.3663823217964856,8.000000000000004,0.93,RunDiagnostics { ResidualInf = 1.0080825063596421E-13; Kappa1 = 149.30478605462818 }
rect,128,5,-1,3,0.9995106016422769,0.0003764341078547062,387.0287848606122,0.10604434937452345,0.08483547949961875,0.25,513.7730559325346,-383.02829546225445,out:alpha;sweep=0.0,0.3663823217964856,8.000000000000004,0.93,RunDiagnostics { ResidualInf = 1.0080825063596421E-13; Kappa1 = 149.30478605462818 }
rect,128,5,-1,4,0.999058920396761,0.0005269283831771387,-35.2664967046683,0.06603508440296772,0.05282806752237418,0.25,228.55772490217174,39.267437784271536,out:alpha;sweep=0.0,0.3663823217964856,8.000000000000004,0.93,RunDiagnostics { ResidualInf = 1.0080825063596421E-13; Kappa1 = 149.30478605462818 }
Prect,128,5,-1,128,0.006135769142859881,0.012271538285719884,0.7888321060953475,0.557520516884139,0.44601641350731125,0.24999999999999997,,4.205032124761792,in,,,,
Prect,128,5,-1,127,0.018406383404315982,0.01226969023719232,0.7829856740158091,0.5573505090113342,0.44588040720906746,0.24999999999999997,,4.198607942579875,in,,,,
Prect,128,5,-1,126,0.030674225732135504,0.012265994418446724,0.7774080016232737,0.5570549475680556,0.4456439580544445,0.25,,4.191917772644591,in,,,,
Prect,128,5,-1,125,0.042937448634388434,0.012260451386059142,0.7720978744348219,0.5566515687072243,0.44532125496577946,0.25,,4.1849646769307896,in,,,,
Prect,128,5,-1,124,0.05519420531481327,0.012253061974790522,0.7670545726859738,0.5561517215878967,0.4449213772703174,0.25,,4.177751221999213,in,,,,
Prect,128,5,-1,123,0.06744264995093793,0.0122438272974588,0.7622772347295195,0.5555637502405233,0.4444510001924186,0.25,,4.170280115319542,in,,,,
Prect,128,5,-1,122,0.07968093797205354,0.012232748744772426,0.7577647506605892,0.5548942218260114,0.44391537746080917,0.25,,4.162554311367357,in,,,,
Prect,128,5,-1,121,0.0919072263370002,0.01221982798512089,0.7535157662836527,0.5541485169730183,0.44331881357841463,0.25,,4.1545770073793475,in,,,,
Prect,128,5,-1,120,0.10411967381172185,0.012205066964322414,0.7495287158476636,0.5533311606631645,0.4426649285305316,0.25,,4.146351610340615,in,,,,
Prect,128,5,-1,119,0.1163164412465496,0.012188467905333095,0.7458018637912537,0.5524460270855786,0.44195682166846284,0.25,,4.137881694962196,in,,,,
Prect,128,5,-1,118,0.12849569185317114,0.012170033307909958,0.7423333487709997,0.5514964757236139,0.4411971805788911,0.25,,4.129170959375829,in,,,,
Prect,128,5,-1,117,0.14065559148124387,0.012149765948235525,0.7391212268831687,0.5504854466657771,0.4403883573326217,0.25,,4.120223181635587,in,,,,
Prect,128,5,-1,116,0.15279430889461146,0.012127668878499642,0.7361635123499263,0.5494155301644965,0.4395324241315972,0.25,,4.111042178755462,in,,,,
Prect,128,5,-1,115,0.16491001604708128,0.012103745426439966,0.733458214672904,0.5482890190982903,0.43863121527863225,0.25,,4.101631769280015,in,,,,
Prect,128,5,-1,114,0.1770008883577211,0.012077999194839678,0.7310033717144608,0.5471079496110443,0.4376863596888354,0.25,,4.0919957399278175,in,,,,
Prect,128,5,-1,113,0.18906510498563456,0.01205043406098727,0.72879707849418,0.5458741332916636,0.43669930663333084,0.25,,4.082137816520185,in,,,,
Prect,128,5,-1,112,0.2011008491041733,0.012021054176090257,0.7268375117269887,0.5445891831225977,0.4356713464980782,0.25,,4.0720616391688385,in,,,,
Prect,128,5,-1,111,0.21310630817454407,0.01198986396465121,0.7251229502838638,0.5432545347229066,0.4346036277783253,0.25,,4.061770741541592,in,,,,
Prect,128,5,-1,110,0.2250796742187704,0.011956868123801478,0.7236517918561766,0.5418714639605549,0.4334971711684439,0.25,,4.051268533925053,in,,,,
Prect,128,5,-1,109,0.2370191440919675,0.011922071622592734,0.7224225661700675,0.540441101710257,0.43235288136820565,0.25,,4.040558289737965,in,,,,
Prect,128,5,-1,108,0.2489229197538892,0.011885479701250645,0.7214339451052859,0.538964446330273,0.4311715570642184,0.25,,4.029643135140825,in,,,,
Prect,128,5,-1,107,0.26078920853970644,0.011847097870383794,0.7206847500853351,0.5374423742903497,0.42995389943227974,0.25,,4.018526041374958,in,,,,
Prect,128,5,-1,106,0.2726162234299756,0.011806931910154639,0.720173957079795,0.5358756492824482,0.4287005194259586,0.25,,4.007209819490229,in,,,,
Prect,128,5,-1,105,0.28440218331975753,0.011764987869409216,0.7199006995340919,0.5342649300729342,0.42741194405834737,0.25,,3.9956971171461504,in,,,,
Prect,128,5,-1,104,0.2961453132868451,0.01172127206476592,0.7198642695097421,0.5326107773010105,0.42608862184080837,0.25,,3.9839904172034126,in,,,,
Prect,128,5,-1,103,0.30784384485905975,0.011675791079663322,0.7200641172830832,0.5309136593876821,0.42473092751014574,0.24999999999999997,,3.972092037857857,in,,,,
Prect,128,5,-1,102,0.3194960162805771,0.011628551763371464,0.7204998496113005,0.5291739576886614,0.4233391661509291,0.25,,3.9600041341081225,in,,,,
Prect,128,5,-1,101,0.3311000727772414,0.01157956122995707,0.7211712268481537,0.5273919710008116,0.4219135768006493,0.25,,3.947728700374605,in,,,,
Prect,128,5,-1,100,0.34265426682082717,0.011528826857214458,0.7220781590537234,0.5255679195130516,0.4204543356104414,0.24999999999999997,,3.9352675741254495,in,,,,
Prect,128,5,-1,99,0.3541568583922113,0.011476356285553768,0.7232207012148356,0.5237019482779118,0.4189615586223295,0.25,,3.9226224403929533,in,,,,
Prect,128,5,-1,98,0.3656061152434128,0.011422157416849321,0.7245990476752334,0.5217941302682071,0.41743530421456565,0.25,,3.909794837081354,in,,,,
Prect,128,5,-1,97,0.3770003131584636,0.011366238413252239,0.7262135258384144,0.519844469073774,0.4158755752590193,0.24999999999999997,,3.8967861610031225,in,,,,
Prect,128,5,-1,96,0.3883377362130689,0.011308607695958262,0.7280645891985502,0.5178529012856121,0.4142823210284897,0.25,,3.8835976745883807,in,,,,
Prect,128,5,-1,95,0.39961667703301884,0.011249273943941762,0.7301528097333716,0.5158192986085058,0.41265543888680467,0.25,,3.8702305132336097,in,,,,
Prect,128,5,-1,94,0.41083543705131337,0.011188246092647236,0.7324788696725956,0.5137434697380787,0.41099477579046295,0.25,,3.8566856932760913,in,,,,
Prect,128,5,-1,93,0.4219923267639594,0.011125533332644877,0.735043552654353,0.5116251620340904,0.4093001296272723,0.25,,3.8429641205816876,in,,,,
Prect,128,5,-1,92,0.4330856659844046,0.011061145108245518,0.7378477342594396,0.509464063018299,0.40757125041463926,0.25,,3.829066599756156,in,,,,
Prect,128,5,-1,91,0.44411378409656704,0.010995091116079325,0.7408923719121262,0.5072598017224241,0.4058078413779393,0.25,,3.814993843991307,in,,,,
Prect,128,5,-1,90,0.4550750203064234,0.010927381303633354,0.7441784941237986,0.5050119499094131,0.4040095599275305,0.25,,3.8007464855697783,in,,,,
Prect,128,5,-1,89,0.4659677238921189,0.010858025867757637,0.7477071890547677,0.5027200231893559,0.40217601855148477,0.25,,3.7863250870531138,in,,,,
Prect,128,5,-1,88,0.47679025445256024,0.010787035253125077,0.7514795923546543,0.5003834820498347,0.40030678563986777,0.25,,3.771730153192785,in,,,,
Prect,128,5,-1,87,0.4875409821544534,0.010714420150661208,0.7554968742523338,0.4980017328193458,0.3984013862554766,0.25,,3.7569621435932135,in,,,,
Prect,128,5,-1,86,0.4982182879777507,0.010640191495933482,0.7597602258517762,0.4955741285814364,0.39645930286514913,0.25,,3.742021486170473,in,,,,
Prect,128,5,-1,85,0.5088205639594696,0.010564360467504197,0.7642708445916025,0.4930999700564972,0.39447997604519774,0.25,,3.726908591448928,in,,,,
Prect,128,5,-1,84,0.5193462134358452,0.010486938485247066,0.769029918834436,0.49057850646766676,0.3924628051741334,0.25,,3.7116238677297186,in,,,,
Prect,128,5,-1,83,0.5297936512827829,0.010407937208628315,0.774038611541453,0.4880089364069119,0.39040714912552954,0.25,,3.696167737175764,in,,,,
Prect,128,5,-1,82,0.5401613041545716,0.0103273685349492,0.7792980429981102,0.4853904087171804,0.3883123269737444,0.24999999999999997,,3.6805406528473186,in,,,,
Prect,128,5,-1,81,0.550447610720824,0.010245244597555714,0.7848092725612967,0.48272202340645903,0.3861776187251672,0.25,,3.664743116717879,in,,,,
Prect,128,5,-1,80,0.5606510219016076,0.010161577764011387,0.7905732794037275,0.4800028326096055,0.3840022660876844,0.25,,3.648775698694665,in,,,,
Prect,128,5,-1,79,0.5707700011007293,0.010076380634231996,0.7965909422372571,0.4772318416139526,0.3817854732911621,0.25,,3.632639056662013,in,,,,
Prect,128,5,-1,78,0.580803024437142,0.009989666038593525,0.8028630180130295,0.4744080099649115,0.3795264079719292,0.25,,3.616333957549829,in,,,,
Prect,128,5,-1,77,0.5907485809744362,0.009901447035994493,0.8093901196086546,0.47153025266807186,0.37722420213445756,0.24999999999999997,,3.5998612994169092,in,,,,
Prect,128,5,-1,76,0.6006051729483795,0.009811736911892077,0.8161726925230783,0.46859744150457683,0.3748779532036615,0.24999999999999997,,3.5832221345285427,in,,,,
Prect,128,5,-1,75,0.6103713159924762,0.009720549176301385,0.8232109906289509,0.46560840647692364,0.37248672518153897,0.24999999999999997,,3.5664176933785727,in,,,,
Prect,128,5,-1,74,0.6200455393615065,0.009627897561759413,0.830505051048988,0.46256193740264456,0.37004954992211564,0.25,,3.5494494095895055,in,,,,
Prect,128,5,-1,73,0.6296263861530158,0.009533796021259144,0.8380546682486044,0.4594567856736257,0.36756542853890056,0.25,,3.53231894559838,in,,,,
Prect,128,5,-1,72,0.6391124135267183,0.009438258726145898,0.8458593674723056,0.45629166619910466,0.3650333329592838,0.24999999999999997,,3.5150282190009756,in,,,,
Prect,128,5,-1,71,0.6485021929217839,0.009341300063985258,0.8539183776830171,0.453065259550559,0.36245220764044717,0.25,,3.497579429395199,in,,,,
Prect,128,5,-1,70,0.6577943102719742,0.009242934636395361,0.8622306041991626,0.44977621432677584,0.35982097146142067,0.25,,3.479975085528863,in,,,,
Prect,128,5,-1,69,0.6669873662185952,0.009143177256846546,0.8707946012753277,0.4464231497573719,0.3571385198058975,0.25,,3.4622180325060765,in,,,,
Prect,128,5,-1,68,0.6760799763212357,0.009042042948434692,0.8796085449102883,0.4430046585627907,0.35440372685023264,0.24999999999999997,,3.444311478768476,in,,,,
Prect,128,5,-1,67,0.68507077126626,0.008939546941613807,0.8886702062240815,0.4395193100884113,0.35161544807072903,0.25,,3.426259022509658,in,,,,
Prect,128,5,-1,66,0.6939583970730199,0.008835704671905864,0.8979769257976615,0.4359656537297565,0.3487725229838052,0.25,,3.4080646771293184,in,,,,
Prect,128,5,-1,65,0.7027415152977601,0.008730531777574657,0.907525589429554,0.4323422226648778,0.34587377813190223,0.25,,3.3897328952726866,in,,,,
Prect,128,5,-1,64,0.711418803235183,0.008624044097271133,0.9173126058236757,0.42864753790878524,0.34291803032702817,0.25,,3.371268590941141,in,,,,
Prect,128,5,-1,63,0.7199889541176427,0.008516257667648186,0.927333886784294,0.424880112703246,0.3399040901625969,0.24999999999999997,,3.3526771590980635,in,,,,
Prect,128,5,-1,62,0.7284506773119397,0.008407188720945924,0.9375848305698278,0.42103845725342043,0.33683076580273635,0.25,,3.3339644921182328,in,,,,
Prect,128,5,-1,61,0.7368026985136857,0.00829685368254618,0.9480603091067538,0.41712108382049773,0.33369686705639817,0.25,,3.31513699237956,in,,,,
Prect,128,5,-1,60,0.745043759939209,0.008185269168500264,0.9587546598500278,0.41312651217691304,0.3305012097415304,0.25,,3.296201580210763,in,,,,
Prect,128,5,-1,59,0.7531726205149718,0.00807245198302542,0.9696616831263759,0.4090532754276788,0.327242620342143,0.25,,3.277165696358652,in,,,,
Prect,128,5,-1,58,0.7611880560644717,0.007958419115974391,0.9807746458755805,0.4048999261980366,0.3239199409584293,0.25,,3.2580372980599477,in,,,,
Prect,128,5,-1,57,0.769088859492598,0.007843187740278035,0.9920862927568537,0.40066504318392676,0.3205320345471414,0.25,,3.238824847750548,in,,,,
Prect,128,5,-1,56,0.7768738409674157,0.007726775209357495,1.003588865664593,0.3963472380578556,0.3170777904462845,0.25,,3.219537293367991,in,,,,
Prect,128,5,-1,55,0.7845418280993504,0.007609199054511739,1.0152741327541432,0.391945162718577,0.3135561301748616,0.25,,3.2001840391465066,in,,,,
Prect,128,5,-1,54,0.7920916661177448,0.007490476982277228,1.0271334281553595,0.3874575168687885,0.3099660134950308,0.25,,3.1807749057268957,in,,,,
Prect,128,5,-1,53,0.7995222180447641,0.0073706268717613765,1.0391577036311812,0.38288305590082006,0.30630644472065605,0.25,,3.1613200783240547,in,,,,
Prect,128,5,-1,52,0.8068323648666198,0.007249666771949825,1.0513375935370204,0.3782205990662495,0.3025764792529996,0.25,,3.14183004159636,in,,,,
Prect,128,5,-1,51,0.8140210057020891,0.007127614898988943,1.0636634945608987,0.3734690379016383,0.29877523032131065,0.25,,3.122315499737012,in,,,,
Prect,128,5,-1,50,0.8210870579683043,0.007004489633441469,1.076125661888276,0.36862734487932747,0.29490187590346195,0.25,,3.1027872801434198,in,,,,
Prect,128,5,-1,49,0.8280294575437852,0.006880309517520278,1.0887143236527377,0.36369458224964474,0.29095566579971577,0.25,,3.083256218803477,in,,,,
Prect,128,5,-1,48,0.8348471589286917,0.006755093252292732,1.101419815835628,0.3586699110391284,0.2869359288313027,0.25,,3.0637330252356803,in,,,,
Prect,128,5,-1,47,0.8415391354022725,0.006628859694869038,1.1142327401713477,0.3535526001686099,0.28284208013488793,0.25,,3.04422812442638,in,,,,
Prect,128,5,-1,46,0.848104379177486,0.006501627855557968,1.1271441481565316,0.34834203565541927,0.2786736285243354,0.25,,3.024751472665982,in,,,,
Prect,128,5,-1,45,0.8545419015527685,0.0063734168950069225,1.1401457549706362,0.34303772986564474,0.27443018389251583,0.24999999999999997,,3.005312343476595,in,,,,
Prect,128,5,-1,44,0.8608507330609294,0.006244246121314689,1.153230188050166,0.3376393307854133,0.27011146462833063,0.25,,2.9859190788889043,in,,,,
Prect,128,5,-1,43,0.8670299236151491,0.006114134987124653,1.1663912762806539,0.3321466312845911,0.2657173050276729,0.25,,2.966578800104197,in,,,,
Prect,128,5,-1,42,0.8730785426520589,0.005983103086695141,1.1796243873314982,0.3265595783520946,0.26124766268167565,0.25,,2.947297070016443,in,,,,
Prect,128,5,-1,41,0.8789956792718807,0.005851170152948448,1.1929268226685608,0.3208782822891504,0.2567026258313203,0.25,,2.928077498059558,in,,,,
Prect,128,5,-1,40,0.8847804423756044,0.005718356054498885,1.20629828232765,0.3151030258552391,0.2520824206841913,0.25,,2.9089212752967453,in,,,,
Prect,128,5,-1,39,0.8904319607991845,0.0055846807926613895,1.2197414147610035,0.309234273371025,0.24738741869682004,0.24999999999999997,,2.889826624439812,in,,,,
Prect,128,5,-1,38,0.8959493834447345,0.005450164498438714,1.2332624711424272,0.3032726797932732,0.2426181438346186,0.24999999999999997,,2.8707881454128383,in,,,,
Prect,128,5,-1,37,0.9013318794086986,0.0053148274294894104,1.2468720886934448,0.2972190997886779,0.23777527983094235,0.24999999999999997,,2.8517960318978566,in,,,,
Prect,128,5,-1,36,0.9065786381069829,0.005178689967079042,1.2605862341427954,0.2910745968468213,0.23285967747745703,0.25,,2.8328351277502217,in,,,,
Prect,128,5,-1,35,0.9116888693970265,0.005041772613008311,1.274427346836096,0.2848404524877509,0.22787236199020072,0.25,,2.8138837837668778,in,,,,
Prect,128,5,-1,34,0.9166618036967942,0.004904095986526968,1.288425731844175,0.2785181756377209,0.22281454051017677,0.24999999999999997,,2.7949124644590313,in,,,,
Prect,128,5,-1,33,0.9214966921006722,0.004765680821229079,1.3026212675670612,0.27210951226896124,0.217687609815169,0.25,,2.7758820403322666,in,,,,
Prect,128,5,-1,32,0.9261928064922511,0.00462654796192874,1.3170655110255922,0.2656164554280102,0.2124931643424082,0.24999999999999997,,2.756741682482157,in,,,,
Prect,128,5,-1,31,0.9307494396539772,0.0044867183615233674,1.3318243090987636,0.2590412558152405,0.2072330046521924,0.25,,2.7374262512472596,in,,,,
Prect,128,5,-1,30,0.9351659053736568,0.004346213077836003,1.346981058001256,0.25238643312979026,0.2019091465038322,0.25,,2.7178530366250877,in,,,,
Prect,128,5,-1,29,0.9394415385477978,0.0042050532704458465,1.36264080017015,0.24565478846474437,0.1965238307717955,0.25,,2.697917661282052,in,,,,
Prect,128,5,-1,28,0.943575695281771,0.004063260197500584,1.3789354131401248,0.23884941813434568,0.19107953450747656,0.25,,2.677488891578104,in,,,,
Prect,128,5,-1,27,0.947567752986779,0.003920855212515395,1.3960302373901416,0.2319737294476686,0.18557898355813487,0.25,,2.656402009623079,in,,,,
Prect,128,5,-1,26,0.9514171104736153,0.0037778597611571874,1.41413262235081,0.22503145912392067,0.18002516729913653,0.25,,2.6344502671755747,in,,,,
Prect,128,5,-1,25,0.9551231880432014,0.0036342953780149623,1.4335030613122781,0.21802669528957094,0.17442135623165675,0.25,,2.611373750644521,in,,,,
Prect,128,5,-1,24,0.9586854275738873,0.003490183683356962,1.4544698671274545,0.2109639043282596,0.16877112346260767,0.25,,2.586844705298658,in,,,,
Prect,128,5,-1,23,0.9621032926055029,0.0033455463798740537,1.4774487590584477,0.20384796429963378,0.16307837143970702,0.25,,2.5604479483360487,in,,,,
Prect,128,5,-1,22,0.9653762684201459,0.0032004052494122304,1.502969363104806,0.19668420724111352,0.15734736579289085,0.24999999999999997,,2.5316543684750483,in,,,,
Prect,128,5,-1,21,0.968503862119698,0.0030547821496919036,1.5317115974238666,0.1894784734675204,0.15158277877401632,0.25,,2.499784540456435,in,,,,
Prect,128,5,-1,20,0.971485602700052,0.0029086990110160915,1.5645564244559715,0.1822371820520659,0.14578974564165273,0.25,,2.4639579728439767,in,,,,
Prect,128,5,-1,19,0.9743210411220442,0.0027621778329683933,1.6026578406389456,0.17496742308732793,0.13997393846986236,0.24999999999999997,,2.42302111823901,in,,,,
Prect,128,5,-1,18,0.977009750379078,0.0026152406810990847,1.6475468125911397,0.16767707917797134,0.13414166334237707,0.25,,2.375443437029783,in,,,,
Prect,128,5,-1,17,0.979551325561429,0.002467909683602887,1.7012841263078553,0.16037498601019662,0.1282999888081573,0.25,,2.3191645481307157,in,,,,
Prect,128,5,-1,16,0.9819453839172234,0.0023202070279858544,1.766689478992045,0.15307114489863835,0.12245691591891068,0.25,,2.251365137090732,in,,,,
Prect,128,5,-1,15,0.9841915649100788,0.0021721549577249366,1.8476916140981785,0.14577700411930597,0.11662160329544477,0.25,,2.1681168209917425,in,,,,
Prect,128,5,-1,14,0.9862895302733998,0.002023775768917213,1.9498744035120616,0.1385058309804828,0.11080466478438626,0.24999999999999997,,2.063836066214539,in,,,,
Prect,128,5,-1,13,0.9882389640613197,0.0018750918069225797,2.0813470503046987,0.13127320378756802,0.10501856303005443,0.24999999999999997,,1.9304139856339817,in,,,,
Prect,128,5,-1,12,0.9900395726962805,0.0017261254629989953,2.2541637068479154,0.12409766373836498,0.09927813099069199,0.24999999999999997,,1.7557967204558036,in,,,,
Prect,128,5,-1,11,0.991691085013245,0.0015768991709299574,2.4867031530526074,0.11700158462851636,0.09360126770281309,0.25,,1.5216057619341479,in,,,,
Prect,128,5,-1,10,0.993193252300533,0.0014274354036460934,2.807715193555879,0.11001233320710731,0.08800986656568585,0.25,,1.199091554143588,in,,,,
Prect,128,5,-1,9,0.9945458483372764,0.0012777566698407572,3.2646627522057328,0.10316410601092184,0.08253128480873748,0.25,,0.7407913994569908,in,,,,
Prect,128,5,-1,8,0.9957486694274874,0.0011278855105811836,3.921262768457925,0.09649657978018736,0.07719726382414989,0.25,,0.0829885621145876,in,,,,
Prect,128,5,-1,7,0.9968015344307342,0.0009778444959122057,5.069937832872332,0.09009953620276093,0.07207962896220874,0.25,,-1.0667393673030663,in,,,,
Prect,128,5,-1,6,0.9977042847894197,0.0008276562214589722,5.512413117061415,0.08374201169627368,0.06699360935701895,0.24999999999999997,,-1.5101174018508345,in,,,,
Prect,128,5,-1,5,0.9984567845526608,0.0006773433050232258,16.451282022195898,0.07956291011284482,0.06365032809027585,0.25,,-12.44973880674856,out,,,,
