wing,n,alpha,twist,k_from_tip,eta,deta,alpha_i_deg,gamma,cl_local,chord,self_deg,alpha_eff,verdict,CL,AR,seconds,diag
rectc,16,5,0,1,0.9975923633360984,0.004815273327803182,4.497193293973371,0.18060543406810428,0.14448434725448342,0.25,68.4041781043829,0.5028067060266288,in;sweep=0.0,0.689928110413533,8,0.02,RunDiagnostics { ResidualInf = 2.1760371282653068E-14; Kappa1 = 70.89987598950906 }
rectc,16,5,0,2,0.9879850035377136,0.014399446268966387,4.231047913523874,0.3075228796880563,0.24601830375044503,0.25,38.94972546384957,0.7689520864761263,in;sweep=0.0,0.689928110413533,8,0.02,RunDiagnostics { ResidualInf = 2.1760371282653068E-14; Kappa1 = 70.89987598950906 }
rectc,16,5,0,3,0.9688628080677196,0.023844944671021606,3.7833370125693806,0.43125324747606386,0.3450025979808511,0.25,32.98441751746306,1.2166629874306194,in;sweep=0.0,0.689928110413533,8,0.02,RunDiagnostics { ResidualInf = 2.1760371282653068E-14; Kappa1 = 70.89987598950906 }
rectc,16,5,0,4,0.9404099341217478,0.033060803220922086,3.3151391155657977,0.540317449059645,0.432253959247716,0.25,29.806319467772692,1.6848608844342023,in;sweep=0.0,0.689928110413533,8,0.02,RunDiagnostics { ResidualInf = 2.1760371282653068E-14; Kappa1 = 70.89987598950906 }
Prectc,16,5,0,16,0.049008570164780295,0.0980171403295607,1.1249587887244492,0.9784973566191482,0.7827978852953186,0.25,,3.875041211275551,in,,,,
Prectc,16,5,0,15,0.14655373117284443,0.09707318168656755,1.1434350159335196,0.9753062685428888,0.7802450148343111,0.25,,3.8565649840664804,in,,,,
Prectc,16,5,0,14,0.24268749963529518,0.09519435523833397,1.1811377614046021,0.9687582792725676,0.7750066234180542,0.25,,3.818862238595398,in,,,,
Prectc,16,5,0,13,0.33648405480977595,0.09239875511062756,1.2395830980165896,0.9585138689421335,0.7668110951537068,0.25,,3.7604169019834104,in,,,,
Prectc,16,5,0,12,0.4270400845955437,0.08871330446090797,1.3210798551945624,0.9440449312646866,0.7552359450117493,0.25,,3.6789201448054376,in,,,,
Prectc,16,5,0,11,0.5134834849227998,0.08417349619360426,1.4287605866030584,0.9246149955367475,0.739691996429398,0.25,,3.571239413396942,in,,,,
Prectc,16,5,0,10,0.5949817585916237,0.07882305114404342,1.566605402167556,0.8992582534400022,0.7194066027520017,0.25,,3.433394597832444,in,,,,
Prectc,16,5,0,9,0.6707500326750964,0.07271349702290208,1.7394369947103339,0.8667631153681761,0.6934104922945409,0.25,,3.260563005289666,in,,,,
Prectc,16,5,0,8,0.7400586172746422,0.06590367217618953,1.9528247386601507,0.8256684835211413,0.660534786816913,0.25,,3.0471752613398495,in,,,,
Prectc,16,5,0,7,0.8022400328326411,0.05845915893980835,2.2127310300847753,0.7742852957684209,0.6194282366147367,0.25,,2.7872689699152247,in,,,,
Prectc,16,5,0,6,0.8566954383254501,0.05045165204580959,2.524624156840443,0.7107673069190932,0.5686138455352745,0.25,,2.475375843159557,in,,,,
Prectc,16,5,0,5,0.9029003984298208,0.0419582681629318,2.8920489515824706,0.6332781980174991,0.5066225584139993,0.25,,2.1079510484175294,in,,,,
rectc,32,5,0,1,0.9993977281025862,0.001204543794827595,4.612766455211046,0.09519844606166489,0.0761587568493319,0.25,144.13850869629414,0.38723354478895367,in;sweep=0.0,0.6850376631060046,8,0.02,RunDiagnostics { ResidualInf = 2.1260770921571748E-14; Kappa1 = 278.3320905974978 }
rectc,32,5,0,2,0.9969900914386847,0.0036107295329755873,4.549014466841714,0.1638627878918527,0.13109023031348216,0.25,82.76717668968253,0.4509855331582857,in;sweep=0.0,0.6850376631060046,8,0.02,RunDiagnostics { ResidualInf = 2.1260770921571748E-14; Kappa1 = 278.3320905974978 }
rectc,32,5,0,3,0.9921806183184889,0.006008216707415803,4.418947974952944,0.2357342797346912,0.18858742378775295,0.25,71.55663542056027,0.5810520250470557,in;sweep=0.0,0.6850376631060046,8,0.02,RunDiagnostics { ResidualInf = 2.1260770921571748E-14; Kappa1 = 278.3320905974978 }
rectc,32,5,0,4,0.9849808951840058,0.008391229561550584,4.228083370006278,0.3054497527814748,0.24435980222517983,0.25,66.38759490789965,0.7719166299937221,in;sweep=0.0,0.6850376631060046,8,0.02,RunDiagnostics { ResidualInf = 2.1260770921571748E-14; Kappa1 = 278.3320905974978 }
Prectc,32,5,0,32,0.024533837163708973,0.04906767432741807,1.1306647565325738,0.9774637479449633,0.7819709983559706,0.25,,3.869335243467426,in,,,,
Prectc,32,5,0,31,0.07354240732848932,0.04894946600214264,1.135361982648104,0.976648022569637,0.7813184180557096,0.25,,3.864638017351896,in,,,,
Prectc,32,5,0,30,0.12237380739246115,0.04871333412580099,1.1448050237974243,0.9750057247934373,0.7800045798347498,0.25,,3.8551949762025757,in,,,,
Prectc,32,5,0,29,0.17091039823574491,0.048359847560766556,1.1590913280848432,0.9725150216200392,0.7780120172960314,0.25,,3.840908671915157,in,,,,
Prectc,32,5,0,28,0.21903525095969603,0.04788985788713568,1.1783677254735792,0.9691428195355767,0.7753142556284613,0.25,,3.821632274526421,in,,,,
Prectc,32,5,0,27,0.26663242857886305,0.047304497351198294,1.2028311679209398,0.9648443613799846,0.7718754891039877,0.25,,3.79716883207906,in,,,,
Prectc,32,5,0,26,0.313587265323341,0.046605176137757776,1.2327296366217861,0.9595627059707394,0.7676501647765915,0.25,,3.7672703633782136,in,,,,
Prectc,32,5,0,25,0.3597866428786548,0.045793578972869786,1.2683631531741926,0.9532281070153015,0.7625824856122412,0.25,,3.7316368468258077,in,,,,
Prectc,32,5,0,24,0.4051192628976858,0.04487166106519214,1.310084821714448,0.9457573140885367,0.7566058512708294,0.25,,3.6899151782855517,in,,,,
Prectc,32,5,0,23,0.4494759151281398,0.043841643395715835,1.3583018211591578,0.9370528257345441,0.7496422605876353,0.25,,3.6416981788408425,in,,,,
Prectc,32,5,0,22,0.4927497405096097,0.042706007367223964,1.4134762552783027,0.9270021329033221,0.7416017063226577,0.25,,3.5865237447216973,in,,,,
Prectc,32,5,0,21,0.5348364886064119,0.041467488826380294,1.4761257397012357,0.9154769996128209,0.7323815996902567,0.25,,3.523874260298764,in,,,,
Prectc,32,5,0,20,0.5756347687560177,0.0401290714728314,1.5468235313346255,0.902332836582237,0.7218662692657896,0.25,,3.4531764686653745,in,,,,
Prectc,32,5,0,19,0.6150462943280394,0.03869397967121202,1.6261978399150874,0.887408232644378,0.7099265861155024,0.25,,3.373802160084913,in,,,,
Prectc,32,5,0,18,0.6529761195053319,0.037165670683373064,1.7149296387283912,0.8705247192128506,0.6964197753702804,0.25,,3.285070361271609,in,,,,
Prectc,32,5,0,17,0.689332868016783,0.03554782633952902,1.813747752138502,0.8514868585054586,0.6811894868043669,0.25,,3.186252247861498,in,,,,
Prectc,32,5,0,16,0.7240289532707531,0.03384434416841142,1.9234192539192467,0.830082773728546,0.6640662189828368,0.25,,3.0765807460807535,in,,,,
Prectc,32,5,0,15,0.7569807893588479,0.03205932800777811,2.0447324816368426,0.8060852896955367,0.6448682317564294,0.25,,2.9552675183631574,in,,,,
Prectc,32,5,0,14,0.7881089924216909,0.03019707811790784,2.1784698706334744,0.7792539358463405,0.6234031486770724,0.25,,2.8215301293665256,in,,,,
Prectc,32,5,0,13,0.8173385718915951,0.028262080821900515,2.3253694350742724,0.7493381794665503,0.5994705435732403,0.25,,2.6746305649257276,in,,,,
Prectc,32,5,0,12,0.8445991111514086,0.02625899769772666,2.4860782420340812,0.7160823728657535,0.5728658982926028,0.25,,2.5139217579659188,in,,,,
Prectc,32,5,0,11,0.8698249371743134,0.02419265434808293,2.6611081285398424,0.6792329298236206,0.5433863438588965,0.25,,2.3388918714601576,in,,,,
Prectc,32,5,0,10,0.8929552787358992,0.0220680287750884,2.8508067484110926,0.6385480635860441,0.5108384508688353,0.25,,2.1491932515889074,in,,,,
Prectc,32,5,0,9,0.913934412817365,0.0198902393878434,3.05533586538172,0.5938099396949647,0.4750479517559717,0.25,,1.94466413461828,in,,,,
Prectc,32,5,0,8,0.9327117988471537,0.017664532671733957,3.2745628415962655,0.544838556778922,0.4358708454231376,0.25,,1.7254371584037345,in,,,,
Prectc,32,5,0,7,0.9492422004576148,0.015396270549188129,3.507571616688889,0.4915070910820949,0.3932056728656759,0.25,,1.4924283833111112,in,,,,
Prectc,32,5,0,6,0.9634857944633763,0.01309091746233515,3.7512169407392153,0.43376199397734266,0.34700959518187413,0.25,,1.2487830592607847,in,,,,
Prectc,32,5,0,5,0.9754082667988873,0.010754027208686456,3.997138135071187,0.37166021175352154,0.29732816940281726,0.25,,1.0028618649288128,in,,,,
rectc,64,5,0,1,0.9998494093481021,0.00030118130379575003,4.658387804529697,0.048891575157191586,0.039113260125753266,0.25,296.0593491275924,0.34161219547030264,in;sweep=0.0,0.6825163276113705,8.000000000000004,0.12,RunDiagnostics { ResidualInf = 6.439293542825908E-14; Kappa1 = 1103.0050545886872 }
rectc,64,5,0,2,0.9992471374506884,0.000903362491031845,4.64309732367874,0.0843848403018504,0.06750787224148032,0.25,170.36294482358701,0.35690267632126016,in;sweep=0.0,0.6825163276113705,8.000000000000004,0.12,RunDiagnostics { ResidualInf = 6.439293542825908E-14; Kappa1 = 1103.0050545886872 }
rectc,64,5,0,3,0.9980429564419313,0.001504999526482198,4.6121403998682675,0.12225808057686534,0.09780646446149227,0.25,148.15420064029294,0.3878596001317325,in;sweep=0.0,0.6825163276113705,8.000000000000004,0.12,RunDiagnostics { ResidualInf = 6.439293542825908E-14; Kappa1 = 1103.0050545886872 }
rectc,64,5,0,4,0.9962375916754436,0.0021057300064933893,4.564946395008645,0.16015737199851451,0.1281258975988116,0.25,138.71294994995816,0.4350536049913547,in;sweep=0.0,0.6825163276113705,8.000000000000004,0.12,RunDiagnostics { ResidualInf = 6.439293542825908E-14; Kappa1 = 1103.0050545886872 }
Prectc,64,5,0,64,0.01227061426145604,0.024541228522912205,1.1340478274358006,0.9768732000839713,0.781498560067177,0.25,,3.8659521725641994,in,,,,
Prectc,64,5,0,63,0.03680445142516507,0.024526445804505866,1.135233567021704,0.9766666236308085,0.7813332989046468,0.25,,3.8647664329782963,in,,,,
Prectc,64,5,0,62,0.061316118963542665,0.02449688927224932,1.1376081381205927,0.9762527756399227,0.7810022205119382,0.25,,3.8623918618794075,in,,,,
Prectc,64,5,0,61,0.08579085196461399,0.024452576729893316,1.141177728945949,0.975630263657108,0.7805042109256864,0.25,,3.858822271054051,in,,,,
Prectc,64,5,0,60,0.1102139077643884,0.02439353486965551,1.1459516326417398,0.9747969933013353,0.7798375946410683,0.25,,3.85404836735826,in,,,,
Prectc,64,5,0,59,0.1345705748272889,0.024319799256145483,1.1519422600639164,0.9737501614618181,0.7790001291694545,0.25,,3.848057739936084,in,,,,
Prectc,64,5,0,58,0.15884618160783143,0.024231414304939608,1.1591651564807615,0.9724862472897203,0.7779889978317762,0.25,,3.8408348435192385,in,,,,
Prectc,64,5,0,57,0.18302610538821473,0.024128433255826948,1.1676390219025083,0.9710010010399368,0.7768008008319495,0.25,,3.8323609780974914,in,,,,
Prectc,64,5,0,56,0.20709578108649893,0.024010918140741466,1.1773857346869283,0.9692894308348206,0.7754315446678565,0.25,,3.8226142653130717,in,,,,
Prectc,64,5,0,55,0.23104071003006676,0.023878939746394212,1.1884303780068066,0.9673457874397592,0.7738766299518074,0.25,,3.8115696219931934,in,,,,
Prectc,64,5,0,54,0.2548464686890811,0.02373257757163444,1.2008012687066316,0.9651635471603708,0.7721308377282966,0.25,,3.7991987312933686,in,,,,
Prectc,64,5,0,53,0.27849871736468024,0.023571919779563855,1.214529988033849,0.9627353929931189,0.7701883143944952,0.25,,3.785470011966151,in,,,,
Prectc,64,5,0,52,0.3019832088266768,0.023397063144429242,1.229651413683701,0.9600531941852541,0.7680425553482033,0.25,,3.770348586316299,in,,,,
Prectc,64,5,0,51,0.3252857968955557,0.023208112993328534,1.246203752568166,0.9571079843864313,0.7656863875091451,0.25,,3.753796247431834,in,,,,
Prectc,64,5,0,50,0.34839244496360405,0.023005183142768226,1.2642285736938494,0.9538899386029828,0.7631119508823863,0.25,,3.7357714263061506,in,,,,
Prectc,64,5,0,49,0.3712892344500389,0.02278839583010156,1.2837708405101982,0.9503883491964895,0.7603106793571917,0.25,,3.716229159489802,in,,,,
Prectc,64,5,0,48,0.39396237318503974,0.022557881639900024,1.304878942072726,0.9465916012008613,0.757273280960689,0.25,,3.695121057927274,in,,,,
Prectc,64,5,0,47,0.4163982037176358,0.022313779425292113,1.327604722328439,0.9424871472660665,0.7539897178128532,0.25,,3.672395277671561,in,,,,
Prectc,64,5,0,46,0.4385832115424443,0.022056236224324843,1.3520035067780234,0.9380614825716743,0.7504491860573395,0.25,,3.6479964932219766,in,,,,
Prectc,64,5,0,45,0.4605040332403022,0.02178540717139099,1.3781341256634958,0.9333001200888505,0.7466400960710804,0.25,,3.621865874336504,in,,,,
Prectc,64,5,0,44,0.4821474645278908,0.021501455403786285,1.4060589326457928,0.9281875666049577,0.7425500532839662,0.25,,3.593941067354207,in,,,,
Prectc,64,5,0,43,0.5035004682115028,0.02120455196343768,1.435843817642385,0.9227072999601454,0.7381658399681164,0.25,,3.564156182357615,in,,,,
Prectc,64,5,0,42,0.5245501820401594,0.02089487569387538,1.4675582120110007,0.9168417479800592,0.7334733983840473,0.25,,3.5324417879889993,in,,,,
Prectc,64,5,0,41,0.5452839264533496,0.020572613132504913,1.5012750835586082,0.9105722696237389,0.7284578156989912,0.25,,3.498724916441392,in,,,,
Prectc,64,5,0,40,0.5656892122187236,0.020237958398243383,1.5370709178199058,0.9038791389020122,0.7231033111216097,0.25,,3.462929082180094,in,,,,
Prectc,64,5,0,39,0.5857537479551393,0.019891113074588018,1.5750256806266811,0.8967415321618419,0.7173932257294735,0.25,,3.4249743193733186,in,,,,
Prectc,64,5,0,38,0.6054654475365301,0.019532286088193462,1.6152227550903426,0.8891375193801151,0.7113100155040921,0.25,,3.3847772449096576,in,,,,
Prectc,64,5,0,37,0.6248124373721361,0.019161693583018558,1.6577488437115826,0.8810440601724108,0.7048352481379286,0.25,,3.3422511562884174,in,,,,
Prectc,64,5,0,36,0.643783063558711,0.018779558790131157,1.702693823401621,0.8724370053065758,0.6979496042452606,0.25,,3.2973061765983793,in,,,,
Prectc,64,5,0,35,0.6623658989003975,0.018386111893241908,1.7501505378866957,0.8632911046283528,0.6906328837026823,0.25,,3.2498494621133043,in,,,,
Prectc,64,5,0,34,0.6805497497920427,0.0179815898900485,1.8002145084767391,0.8535800224691672,0.6828640179753338,0.25,,3.1997854915232606,in,,,,
Prectc,64,5,0,33,0.6983236629618073,0.01756623644948052,1.852983541037248,0.8432763618284154,0.6746210894627322,0.25,,3.147016458962752,in,,,,
Prectc,64,5,0,32,0.7156769320690071,0.01714030176491932,1.9085572049065451,0.8323516989161491,0.6658813591329193,0.25,,3.091442795093455,in,,,,
Prectc,64,5,0,31,0.7325991041532128,0.016704042403492103,1.9670361595389285,0.8207766300146521,0.6566213040117217,0.25,,3.0329638404610715,in,,,,
Prectc,64,5,0,30,0.7490799859307218,0.016257721151525684,2.0285213082170386,0.8085208330668632,0.6468166664534906,0.25,,2.9714786917829614,in,,,,
Prectc,64,5,0,29,0.7651096499346108,0.015801606856252426,2.093112766848791,0.7955531469072715,0.6364425175258173,0.25,,2.906887233151209,in,,,,
Prectc,64,5,0,28,0.7806784404946716,0.015335974263869234,2.1609086512370443,0.7818416715743925,0.625473337259514,0.25,,2.8390913487629557,in,,,,
Prectc,64,5,0,27,0.7957769795536256,0.014861103854038604,2.2320037092785805,0.7673538936090664,0.6138831148872531,0.25,,2.7679962907214195,in,,,,
Prectc,64,5,0,26,0.8103961723161142,0.014377281670938769,2.306487854966078,0.7520568405391295,0.6016454724313036,0.25,,2.693512145033922,in,,,,
Prectc,64,5,0,25,0.8245272127270644,0.013884799150961746,2.384444695755407,0.7359172687319747,0.5887338149855798,0.25,,2.615555304244593,in,,,,
Prectc,64,5,0,24,0.8381615887761262,0.01338395294716177,2.465950176300532,0.7189018882916622,0.5751215106333298,0.25,,2.534049823699468,in,,,,
Prectc,64,5,0,23,0.8512910876249895,0.01287504475056489,2.5510714752913044,0.7009776275198638,0.5607821020158911,0.25,,2.4489285247086956,in,,,,
Prectc,64,5,0,22,0.8639078005544917,0.012358381108439342,2.6398662640614097,0.6821119375402283,0.5456895500321826,0.25,,2.3601337359385903,in,,,,
Prectc,64,5,0,21,0.8760041277285331,0.011834273239643589,2.7323823290028533,0.6622731350331614,0.5298185080265292,0.25,,2.2676176709971467,in,,,,
Prectc,64,5,0,20,0.8875727827719351,0.011303036847160275,2.8286573235134185,0.6414307779310897,0.5131446223448718,0.25,,2.1713426764865815,in,,,,
Prectc,64,5,0,19,0.8986067971594793,0.010764991927928125,2.928717985100327,0.6195560660831582,0.49564485286652654,0.25,,2.071282014899673,in,,,,
Prectc,64,5,0,18,0.909099524413487,0.010220462580087353,3.032577461658632,0.5966222575942409,0.47729780607539274,0.25,,1.967422538341368,in,,,,
Prectc,64,5,0,17,0.9190446441074087,0.009669776807756048,3.140228390051737,0.5726050937708297,0.45808407501666376,0.25,,1.8597716099482628,in,,,,
Prectc,64,5,0,16,0.9284361656730128,0.009113266323452107,3.251628078725822,0.547483234062812,0.4379865872502496,0.25,,1.748371921274178,in,,,,
Prectc,64,5,0,15,0.9372684320088798,0.00855126634828185,3.3666707250325976,0.5212387201372787,0.41699097610982294,0.25,,1.6333292749674024,in,,,,
Prectc,64,5,0,14,0.9455361228880287,0.00798411541001598,3.485140455137353,0.4938575177944309,0.3950860142355447,0.25,,1.514859544862647,in,,,,
Prectc,64,5,0,13,0.9532342581626227,0.00741215513917215,3.606638893625791,0.46533022721933526,0.3722641817754682,0.25,,1.393361106374209,in,,,,
Prectc,64,5,0,12,0.9603582007638243,0.006835730063231016,3.730483271794395,0.435653101944906,0.3485224815559248,0.25,,1.269516728205605,in,,,,
Prectc,64,5,0,11,0.9669036594949919,0.006255187399104134,3.8555778654630224,0.40482956349269283,0.32386365079415425,0.25,,1.1444221345369776,in,,,,
Prectc,64,5,0,10,0.9728666916165363,0.005670876843984485,3.980275984319445,0.372872420319596,0.2982979362556768,0.25,,1.0197240156805552,in,,,,
Prectc,64,5,0,9,0.9782437052208794,0.005083150364701972,4.102275558390758,0.3398069614258163,0.27184556914065305,0.25,,0.8977244416092418,in,,,,
Prectc,64,5,0,8,0.9830314613960858,0.004492361985710791,4.218627817768355,0.3056749488979753,0.24453995911838025,0.25,,0.7813721822316451,in,,,,
Prectc,64,5,0,7,0.9872270761768611,0.003898867575839793,4.325963441295386,0.2705392497694519,0.2164313998155615,0.25,,0.6740365587046142,in,,,,
Prectc,64,5,0,6,0.9908280222817455,0.0033030246339289526,4.420989738808669,0.23448856203387877,0.187590849627103,0.25,,0.579010261191331,in,,,,
Prectc,64,5,0,5,0.9938321306354534,0.0027051920734868506,4.501126891506546,0.1976421039854463,0.15811368318835703,0.25,,0.4988731084934539,in,,,,
rectc,128,5,0,1,0.9999623509195723,7.529816085549701E-05,4.67838125792043,0.02477744612114835,0.01982195689691868,0.25,600.1294390448995,0.3216187420795702,in;sweep=0.0,0.6812375486700434,8.000000000000002,0.39,RunDiagnostics { ResidualInf = 8.72635297355373E-13; Kappa1 = 4391.557062858916 }
rectc,128,5,0,2,0.9998117602676744,0.00022588314294025302,4.6746306629431045,0.04279368736333901,0.034234949890671204,0.25,345.51638512471675,0.3253693370568955,in;sweep=0.0,0.6812375486700434,8.000000000000002,0.39,RunDiagnostics { ResidualInf = 8.72635297355373E-13; Kappa1 = 4391.557062858916 }
rectc,128,5,0,3,0.9995106016422769,0.0003764341078547062,4.66710261297905,0.06211040213156971,0.049688321705255764,0.25,300.91797721002877,0.3328973870209504,in;sweep=0.0,0.6812375486700434,8.000000000000002,0.39,RunDiagnostics { ResidualInf = 8.72635297355373E-13; Kappa1 = 4391.557062858916 }
rectc,128,5,0,4,0.999058920396761,0.0005269283831771387,4.655745913185408,0.08159544862183873,0.06527635889747099,0.25,282.41457201107744,0.34425408681459224,in;sweep=0.0,0.6812375486700434,8.000000000000002,0.39,RunDiagnostics { ResidualInf = 8.72635297355373E-13; Kappa1 = 4391.557062858916 }
Prectc,128,5,0,128,0.006135769142859881,0.012271538285719884,1.135877360723638,0.9765595849834952,0.7812476679867961,0.25,,3.8641226392763617,in,,,,
Prectc,128,5,0,127,0.018406383404315982,0.01226969023719232,1.1361753365197425,0.9765075830230923,0.7812060664184738,0.25,,3.8638246634802575,in,,,,
Prectc,128,5,0,126,0.030674225732135504,0.012265994418446724,1.1367714831160778,0.9764035350868293,0.7811228280694634,0.25,,3.863228516883922,in,,,,
Prectc,128,5,0,125,0.042937448634388434,0.012260451386059142,1.1376661905889704,0.9762473531072231,0.7809978824857785,0.25,,3.8623338094110293,in,,,,
Prectc,128,5,0,124,0.05519420531481327,0.012253061974790522,1.1388600442252583,0.9760389048916883,0.7808311239133506,0.25,,3.8611399557747417,in,,,,
Prectc,128,5,0,123,0.06744264995093793,0.0122438272974588,1.140353824726658,0.9757780140130434,0.7806224112104347,0.25,,3.859646175273342,in,,,,
Prectc,128,5,0,122,0.07968093797205354,0.012232748744772426,1.1421485084822154,0.9754644596637595,0.7803715677310076,0.25,,3.857851491517785,in,,,,
Prectc,128,5,0,121,0.0919072263370002,0.01221982798512089,1.1442452679060997,0.9750979764741617,0.7800783811793294,0.25,,3.8557547320939003,in,,,,
Prectc,128,5,0,120,0.10411967381172185,0.012205066964322414,1.146645471839651,0.9746782542948409,0.7797426034358728,0.25,,3.8533545281603487,in,,,,
Prectc,128,5,0,119,0.1163164412465496,0.012188467905333095,1.149350686018079,0.9742049379436047,0.7793639503548838,0.25,,3.850649313981921,in,,,,
Prectc,128,5,0,118,0.12849569185317114,0.012170033307909958,1.1523626735922836,0.9736776269173143,0.7789421015338515,0.25,,3.8476373264077166,in,,,,
Prectc,128,5,0,117,0.14065559148124387,0.012149765948235525,1.1556833957158152,0.973095875069098,0.7784767000552784,0.25,,3.8443166042841845,in,,,,
Prectc,128,5,0,116,0.15279430889461146,0.012127668878499642,1.159315012183906,0.9724591902513949,0.7779673522011159,0.25,,3.8406849878160942,in,,,,
Prectc,128,5,0,115,0.16491001604708128,0.012103745426439966,1.1632598821227484,0.9717670339254029,0.7774136271403222,0.25,,3.8367401178772518,in,,,,
Prectc,128,5,0,114,0.1770008883577211,0.012077999194839678,1.1675205647346591,0.971018820737606,0.7768150565900849,0.25,,3.832479435265341,in,,,,
Prectc,128,5,0,113,0.18906510498563456,0.01205043406098727,1.172099820084756,0.970213918064046,0.7761711344512368,0.25,,3.827900179915244,in,,,,
Prectc,128,5,0,112,0.2011008491041733,0.012021054176090257,1.1770006099319417,0.9693516455231473,0.7754813164185179,0.25,,3.822999390068058,in,,,,
Prectc,128,5,0,111,0.21310630817454407,0.01198986396465121,1.1822260986002073,0.9684312744579711,0.7747450195663769,0.25,,3.817773901399793,in,,,,
Prectc,128,5,0,110,0.2250796742187704,0.011956868123801478,1.1877796538819143,0.9674520273888266,0.7739616219110613,0.25,,3.8122203461180857,in,,,,
Prectc,128,5,0,109,0.2370191440919675,0.011922071622592734,1.1936648479765424,0.9664130774373239,0.7731304619498591,0.25,,3.8063351520234576,in,,,,
Prectc,128,5,0,108,0.2489229197538892,0.011885479701250645,1.1998854584521286,0.9653135477229617,0.7722508381783694,0.25,,3.800114541547871,in,,,,
Prectc,128,5,0,107,0.26078920853970644,0.011847097870383794,1.2064454692312476,0.9641525107335162,0.7713220085868129,0.25,,3.7935545307687524,in,,,,
Prectc,128,5,0,106,0.2726162234299756,0.011806931910154639,1.2133490715927304,0.9629289876705529,0.7703431901364424,0.25,,3.7866509284072696,in,,,,
Prectc,128,5,0,105,0.28440218331975753,0.011764987869409216,1.2206006651892587,0.9616419477715289,0.7693135582172231,0.25,,3.7793993348107415,in,,,,
Prectc,128,5,0,104,0.2961453132868451,0.01172127206476592,1.2282048590694747,0.9602903076100132,0.7682322460880106,0.25,,3.771795140930525,in,,,,
Prectc,128,5,0,103,0.30784384485905975,0.011675791079663322,1.2361664727063866,0.9588729303757324,0.7670983443005859,0.25,,3.763833527293613,in,,,,
Prectc,128,5,0,102,0.3194960162805771,0.011628551763371464,1.2444905370228478,0.9573886251362145,0.7659109001089716,0.25,,3.755509462977152,in,,,,
Prectc,128,5,0,101,0.3311000727772414,0.01157956122995707,1.2531822954092107,0.9558361460819553,0.7646689168655643,0.25,,3.7468177045907893,in,,,,
Prectc,128,5,0,100,0.34265426682082717,0.011528826857214458,1.2622472047323194,0.9542141917571709,0.7633713534057367,0.25,,3.7377527952676806,in,,,,
Prectc,128,5,0,99,0.3541568583922113,0.011476356285553768,1.2716909363233801,0.9525214042782846,0.7620171234226276,0.25,,3.72830906367662,in,,,,
Prectc,128,5,0,98,0.3656061152434128,0.011422157416849321,1.2815193769483653,0.9507563685425009,0.7606050948340007,0.25,,3.7184806230516347,in,,,,
Prectc,128,5,0,97,0.3770003131584636,0.011366238413252239,1.2917386297463251,0.9489176114288776,0.7591340891431021,0.25,,3.708261370253675,in,,,,
Prectc,128,5,0,96,0.3883377362130689,0.011308607695958262,1.3023550151390764,0.9470036009945185,0.7576028807956148,0.25,,3.697644984860924,in,,,,
Prectc,128,5,0,95,0.39961667703301884,0.011249273943941762,1.3133750716971149,0.9450127456685856,0.7560101965348685,0.25,,3.6866249283028854,in,,,,
Prectc,128,5,0,94,0.41083543705131337,0.011188246092647236,1.3248055569672343,0.9429433934470401,0.7543547147576322,0.25,,3.6751944430327654,in,,,,
Prectc,128,5,0,93,0.4219923267639594,0.011125533332644877,1.3366534482442385,0.9407938310910835,0.7526350648728668,0.25,,3.6633465517557617,in,,,,
Prectc,128,5,0,92,0.4330856659844046,0.011061145108245518,1.3489259432843579,0.9385622833324638,0.7508498266659711,0.25,,3.6510740567156423,in,,,,
Prectc,128,5,0,91,0.44411378409656704,0.010995091116079325,1.361630460956606,0.9362469120889669,0.7489975296711735,0.25,,3.638369539043394,in,,,,
Prectc,128,5,0,90,0.4550750203064234,0.010927381303633354,1.3747746418162383,0.9338458156934878,0.7470766525547903,0.25,,3.6252253581837617,in,,,,
Prectc,128,5,0,89,0.4659677238921189,0.010858025867757637,1.3883663485944837,0.9313570281402749,0.7450856225122199,0.25,,3.6116336514055165,in,,,,
Prectc,128,5,0,88,0.47679025445256024,0.010787035253125077,1.4024136665929547,0.9287785183520554,0.7430228146816443,0.25,,3.5975863334070453,in,,,,
Prectc,128,5,0,87,0.4875409821544534,0.010714420150661208,1.416924903967299,0.9261081894718746,0.7408865515774996,0.25,,3.583075096032701,in,,,,
Prectc,128,5,0,86,0.4982182879777507,0.010640191495933482,1.4319085918845054,0.9233438781836374,0.7386751025469099,0.25,,3.5680914081154946,in,,,,
Prectc,128,5,0,85,0.5088205639594696,0.010564360467504197,1.447373484536829,0.9204833540654721,0.7363866832523777,0.25,,3.552626515463171,in,,,,
Prectc,128,5,0,84,0.5193462134358452,0.010486938485247066,1.4633285589879492,0.917524318980166,0.7340194551841328,0.25,,3.536671441012051,in,,,,
Prectc,128,5,0,83,0.5297936512827829,0.010407937208628315,1.4797830148219344,0.914464406507054,0.7315715252056432,0.25,,3.520216985178066,in,,,,
Prectc,128,5,0,82,0.5401613041545716,0.0103273685349492,1.4967462735692032,0.9113011814199359,0.7290409451359487,0.25,,3.503253726430797,in,,,,
Prectc,128,5,0,81,0.550447610720824,0.010245244597555714,1.5142279778628644,0.9080321392156886,0.7264257113725509,0.25,,3.4857720221371356,in,,,,
Prectc,128,5,0,80,0.5606510219016076,0.010161577764011387,1.5322379902892354,0.9046547056984855,0.7237237645587884,0.25,,3.4677620097107646,in,,,,
Prectc,128,5,0,79,0.5707700011007293,0.010076380634231996,1.5507863918713045,0.9011662366246594,0.7209329892997276,0.25,,3.4492136081286953,in,,,,
Prectc,128,5,0,78,0.580803024437142,0.009989666038593525,1.5698834801276067,0.897564017413517,0.7180512139308136,0.25,,3.430116519872393,in,,,,
Prectc,128,5,0,77,0.5907485809744362,0.009901447035994493,1.5895397666340219,0.8938452629296495,0.7150762103437196,0.25,,3.410460233365978,in,,,,
Prectc,128,5,0,76,0.6006051729483795,0.009811736911892077,1.6097659740023236,0.8900071173425673,0.7120056938740539,0.25,,3.3902340259976764,in,,,,
Prectc,128,5,0,75,0.6103713159924762,0.009720549176301385,1.6305730321822793,0.886046654069863,0.7088373232558904,0.25,,3.369426967817721,in,,,,
Prectc,128,5,0,74,0.6200455393615065,0.009627897561759413,1.6519720739798145,0.8819608758105161,0.7055687006484128,0.25,,3.3480279260201855,in,,,,
Prectc,128,5,0,73,0.6296263861530158,0.009533796021259144,1.6739744296629504,0.877746714675416,0.7021973717403328,0.25,,3.3260255703370496,in,,,,
Prectc,128,5,0,72,0.6391124135267183,0.009438258726145898,1.6965916205281237,0.8734010324228282,0.6987208259382626,0.25,,3.3034083794718763,in,,,,
Prectc,128,5,0,71,0.6485021929217839,0.009341300063985258,1.7198353512663804,0.868920620807144,0.6951364966457152,0.25,,3.28016464873362,in,,,,
Prectc,128,5,0,70,0.6577943102719742,0.009242934636395361,1.7437175009778796,0.8643022020501394,0.6914417616401115,0.25,,3.25628249902212,in,,,,
Prectc,128,5,0,69,0.6669873662185952,0.009143177256846546,1.768250112644699,0.8595424294448235,0.6876339435558588,0.25,,3.231749887355301,in,,,,
Prectc,128,5,0,68,0.6760799763212357,0.009042042948434692,1.7934453808871271,0.8546378881031248,0.6837103104824999,0.25,,3.2065546191128727,in,,,,
Prectc,128,5,0,67,0.68507077126626,0.008939546941613807,1.8193156378044832,0.849585095859848,0.6796680766878784,0.25,,3.1806843621955165,in,,,,
Prectc,128,5,0,66,0.6939583970730199,0.008835704671905864,1.8458733367043,0.8443805043467577,0.6755044034774061,0.25,,3.1541266632957,in,,,,
Prectc,128,5,0,65,0.7027415152977601,0.008730531777574657,1.873131033530455,0.8390205002522128,0.6712164002017702,0.25,,3.1268689664695453,in,,,,
Prectc,128,5,0,64,0.711418803235183,0.008624044097271133,1.9011013658003817,0.8335014067834737,0.6668011254267789,0.25,,3.0988986341996183,in,,,,
Prectc,128,5,0,63,0.7199889541176427,0.008516257667648186,1.9297970288876607,0.8278194853506923,0.6622555882805539,0.25,,3.070202971112339,in,,,,
Prectc,128,5,0,62,0.7284506773119397,0.008407188720945924,1.9592307495207302,0.8219709374935993,0.6575767499948795,0.25,,3.04076925047927,in,,,,
Prectc,128,5,0,61,0.7368026985136857,0.00829685368254618,1.9894152563894938,0.8159519070739194,0.6527615256591355,0.25,,3.010584743610506,in,,,,
Prectc,128,5,0,60,0.745043759939209,0.008185269168500264,2.0203632478292457,0.8097584827587204,0.6478067862069763,0.25,,2.9796367521707543,in,,,,
Prectc,128,5,0,59,0.7531726205149718,0.00807245198302542,2.052087356608601,0.8033867008219441,0.6427093606575552,0.25,,2.947912643391399,in,,,,
Prectc,128,5,0,58,0.7611880560644717,0.007958419115974391,2.084600111933624,0.7968325482933263,0.637466038634661,0.25,,2.915399888066376,in,,,,
Prectc,128,5,0,57,0.769088859492598,0.007843187740278035,2.117913898891342,0.790091966485683,0.6320735731885464,0.25,,2.882086101108658,in,,,,
Prectc,128,5,0,56,0.7768738409674157,0.007726775209357495,2.1520409156620786,0.7831608549328993,0.6265286839463194,0.25,,2.8479590843379214,in,,,,
Prectc,128,5,0,55,0.7845418280993504,0.007609199054511739,2.186993128978432,0.7760350757719124,0.6208280606175299,0.25,,2.813006871021568,in,,,,
Prectc,128,5,0,54,0.7920916661177448,0.007490476982277228,2.2227822284267007,0.7687104586021748,0.6149683668817398,0.25,,2.7772177715732993,in,,,,
Prectc,128,5,0,53,0.7995222180447641,0.0073706268717613765,2.2594195803572736,0.7611828058555803,0.6089462446844642,0.25,,2.7405804196427264,in,,,,
Prectc,128,5,0,52,0.8068323648666198,0.007249666771949825,2.2969161822940887,0.7534478987082238,0.602758318966579,0.25,,2.7030838177059113,in,,,,
Prectc,128,5,0,51,0.8140210057020891,0.007127614898988943,2.335282618858969,0.7455015035625915,0.5964012028500731,0.25,,2.664717381141031,in,,,,
Prectc,128,5,0,50,0.8210870579683043,0.007004489633441469,2.374529020319643,0.737339379124672,0.5898715032997376,0.25,,2.625470979680357,in,,,,
Prectc,128,5,0,49,0.8280294575437852,0.006880309517520278,2.414665024905273,0.7289572840948463,0.5831658272758771,0.25,,2.585334975094727,in,,,,
Prectc,128,5,0,48,0.8348471589286917,0.006755093252292732,2.4556997459708687,0.7203509854841337,0.5762807883873069,0.25,,2.5443002540291313,in,,,,
Prectc,128,5,0,47,0.8415391354022725,0.006628859694869038,2.497641744942782,0.7115162675585539,0.5692130140468431,0.25,,2.502358255057218,in,,,,
Prectc,128,5,0,46,0.848104379177486,0.006501627855557968,2.540499010642926,0.702448941403912,0.5619591531231296,0.25,,2.459500989357074,in,,,,
Prectc,128,5,0,45,0.8545419015527685,0.0063734168950069225,2.58427894506329,0.6931448550915391,0.5545158840732313,0.25,,2.41572105493671,in,,,,
Prectc,128,5,0,44,0.8608507330609294,0.006244246121314689,2.6289883548800295,0.6835999044127848,0.5468799235302279,0.25,,2.3710116451199705,in,,,,
Prectc,128,5,0,43,0.8670299236151491,0.006114134987124653,2.6746334468600517,0.6738100441368519,0.5390480353094815,0.25,,2.3253665531399483,in,,,,
Prectc,128,5,0,42,0.8730785426520589,0.005983103086695141,2.7212198238365737,0.6637712997339369,0.5310170397871495,0.25,,2.2787801761634263,in,,,,
Prectc,128,5,0,41,0.8789956792718807,0.005851170152948448,2.768752475924679,0.6534797794944565,0.5227838235955652,0.25,,2.231247524075321,in,,,,
Prectc,128,5,0,40,0.8847804423756044,0.005718356054498885,2.8172357591632897,0.6429316869671501,0.51434534957372,0.25,,2.1827642408367103,in,,,,
Prectc,128,5,0,39,0.8904319607991845,0.0055846807926613895,2.866673350647802,0.6321233336357113,0.505698666908569,0.25,,2.133326649352198,in,,,,
Prectc,128,5,0,38,0.8959493834447345,0.005450164498438714,2.9170681654867128,0.6210511517577286,0.4968409214061829,0.25,,2.0829318345132872,in,,,,
Prectc,128,5,0,37,0.9013318794086986,0.0053148274294894104,2.9684222164970246,0.6097117073035601,0.487769365842848,0.25,,2.0315777835029754,in,,,,
Prectc,128,5,0,36,0.9065786381069829,0.005178689967079042,3.020736392548703,0.598101712959471,0.4784813703675768,0.25,,1.9792636074512968,in,,,,
Prectc,128,5,0,35,0.9116888693970265,0.005041772613008311,3.0740101259361743,0.5862180412019279,0.4689744329615423,0.25,,1.9259898740638257,in,,,,
Prectc,128,5,0,34,0.9166618036967942,0.004904095986526968,3.128240913299781,0.5740577375116426,0.45924619000931405,0.25,,1.871759086700219,in,,,,
Prectc,128,5,0,33,0.9214966921006722,0.004765680821229079,3.1834236488138887,0.5616180338797643,0.4492944271038114,0.25,,1.8165763511861113,in,,,,
Prectc,128,5,0,32,0.9261928064922511,0.00462654796192874,3.2395497230045667,0.5488963628667253,0.4391170902933802,0.25,,1.7604502769954333,in,,,,
Prectc,128,5,0,31,0.9307494396539772,0.0044867183615233674,3.296605836399538,0.5358903726079844,0.42871229808638756,0.25,,1.703394163600462,in,,,,
Prectc,128,5,0,30,0.9351659053736568,0.004346213077836003,3.3545724750991313,0.5225979433196465,0.4180783546557172,0.25,,1.6454275249008687,in,,,,
Prectc,128,5,0,29,0.9394415385477978,0.0042050532704458465,3.413421996439539,0.5090172060377052,0.40721376483016414,0.25,,1.586578003560461,in,,,,
Prectc,128,5,0,28,0.943575695281771,0.004063260197500584,3.4731162786385346,0.49514656452129124,0.396117251617033,0.25,,1.5268837213614654,in,,,,
Prectc,128,5,0,27,0.947567752986779,0.003920855212515395,3.533603900546198,0.4809847214527447,0.38478777716219575,0.25,,1.4663960994538021,in,,,,
Prectc,128,5,0,26,0.9514171104736153,0.0037778597611571874,3.5948168384240855,0.46653071026034376,0.373224568208275,0.25,,1.4051831615759145,in,,,,
Prectc,128,5,0,25,0.9551231880432014,0.0036342953780149623,3.6566666990696923,0.45178393405288864,0.3614271472423109,0.25,,1.3433333009303077,in,,,,
Prectc,128,5,0,24,0.9586854275738873,0.003490183683356962,3.7190405557200727,0.43674421326149815,0.3493953706091985,0.25,,1.2809594442799273,in,,,,
Prectc,128,5,0,23,0.9621032926055029,0.0033455463798740537,3.781796519297704,0.4214118435984488,0.33712947487875905,0.25,,1.2182034807022961,in,,,,
Prectc,128,5,0,22,0.9653762684201459,0.0032004052494122304,3.8447592670795374,0.4057876658216658,0.32463013265733265,0.25,,1.1552407329204626,in,,,,
Prectc,128,5,0,21,0.968503862119698,0.0030547821496919036,3.907715867795082,0.3898731484822636,0.3118985187858109,0.25,,1.092284132204918,in,,,,
Prectc,128,5,0,20,0.971485602700052,0.0029086990110160915,3.9704123874568333,0.37367048426575544,0.29893638741260437,0.25,,1.0295876125431667,in,,,,
Prectc,128,5,0,19,0.9743210411220442,0.0027621778329683933,4.032551927075047,0.35718269964067406,0.28574615971253925,0.25,,0.9674480729249533,in,,,,
Prectc,128,5,0,18,0.977009750379078,0.0026152406810990847,4.093794908628943,0.340413776229324,0.2723310209834592,0.25,,0.9062050913710573,in,,,,
Prectc,128,5,0,17,0.979551325561429,0.002467909683602887,4.153762538704602,0.32336878057306445,0.25869502445845155,0.25,,0.8462374612953978,in,,,,
Prectc,128,5,0,16,0.9819453839172234,0.0023202070279858544,4.212044352937814,0.30605399682702195,0.24484319746161756,0.25,,0.7879556470621862,in,,,,
Prectc,128,5,0,15,0.9841915649100788,0.0021721549577249366,4.268210460336115,0.2884770546179569,0.23078164369436555,0.25,,0.7317895396638852,in,,,,
Prectc,128,5,0,14,0.9862895302733998,0.002023775768917213,4.321828454254382,0.27064704236349096,0.21651763389079276,0.25,,0.6781715457456183,in,,,,
Prectc,128,5,0,13,0.9882389640613197,0.0018750918069225797,4.372483919703248,0.25257459568733737,0.2020596765498699,0.25,,0.6275160802967523,in,,,,
Prectc,128,5,0,12,0.9900395726962805,0.0017261254629989953,4.419802231227998,0.234271952405598,0.1874175619244784,0.25,,0.5801977687720017,in,,,,
Prectc,128,5,0,11,0.991691085013245,0.0015768991709299574,4.463468335282891,0.2157529712377255,0.17260237699018038,0.25,,0.536531664717109,in,,,,
Prectc,128,5,0,10,0.993193252300533,0.0014274354036460934,4.503240990895204,0.1970331221456061,0.15762649771648488,0.25,,0.496759009104796,in,,,,
Prectc,128,5,0,9,0.9945458483372764,0.0012777566698407572,4.538958834068356,0.17812947365542633,0.14250357892434107,0.25,,0.46104116593164424,in,,,,
Prectc,128,5,0,8,0.9957486694274874,0.0011278855105811836,4.570537445019664,0.1590607313425621,0.12724858507404968,0.25,,0.42946255498033636,in,,,,
Prectc,128,5,0,7,0.9968015344307342,0.0009778444959122057,4.597958635672055,0.1398474377945121,0.11187795023560969,0.25,,0.40204136432794524,in,,,,
Prectc,128,5,0,6,0.9977042847894197,0.0008276562214589722,4.621254633498463,0.12051258056746186,0.09641006445396949,0.25,,0.378745366501537,in,,,,
Prectc,128,5,0,5,0.9984567845526608,0.0006773433050232258,4.6404902820756755,0.10108325524965918,0.08086660419972734,0.25,,0.3595097179243245,in,,,,
rect,64,5,1,1,0.9998494093481021,0.00030118130379575003,2.36588863588557,0.029907977022112377,0.023926381617689906,0.24999999999999997,181.10556230641595,3.6339607734625323,in;sweep=0.0,0.4370382341593253,8.000000000000005,0.12,RunDiagnostics { ResidualInf = 4.973799150320701E-14; Kappa1 = 1103.2253228244708 }
rect,64,5,1,2,0.9992471374506884,0.000903362491031845,2.3630168200282617,0.0516399960113309,0.04131199680906472,0.25,104.25500314629033,3.636230317422427,in;sweep=0.0,0.4370382341593253,8.000000000000005,0.12,RunDiagnostics { ResidualInf = 4.973799150320701E-14; Kappa1 = 1103.2253228244708 }
rect,64,5,1,3,0.9980429564419313,0.001504999526482198,2.3572213043524024,0.07489353953402698,0.059914831627221596,0.24999999999999997,90.75712975724225,3.6408216520895293,in;sweep=0.0,0.4370382341593253,8.000000000000005,0.12,RunDiagnostics { ResidualInf = 4.973799150320701E-14; Kappa1 = 1103.2253228244708 }
rect,64,5,1,4,0.9962375916754436,0.0021057300064933893,2.3484145008978783,0.09827035430810076,0.07861628344648063,0.24999999999999997,85.11235273535,3.6478230907775653,in;sweep=0.0,0.4370382341593253,8.000000000000005,0.12,RunDiagnostics { ResidualInf = 4.973799150320701E-14; Kappa1 = 1103.2253228244708 }
Prect,64,5,1,64,0.01227061426145604,0.024541228522912205,0.584803563335105,0.6043090127529382,0.4834472102023506,0.25,,4.427467050926351,in,,,,
Prect,64,5,1,63,0.03680445142516507,0.024526445804505866,0.5973979685414591,0.6046322021780356,0.4837057617424286,0.24999999999999997,,4.439406482883705,in,,,,
Prect,64,5,1,62,0.061316118963542665,0.02449688927224932,0.6103655993924512,0.6051001996406156,0.48408015971249246,0.25,,4.450950519571092,in,,,,
Prect,64,5,1,61,0.08579085196461399,0.024452576729893316,0.6237186024442406,0.6056409980762434,0.4845127984609947,0.25,,4.462072249520373,in,,,,
Prect,64,5,1,60,0.1102139077643884,0.02439353486965551,0.6374773011322055,0.6062077864132662,0.484966229130613,0.25,,4.472736606632182,in,,,,
Prect,64,5,1,59,0.1345705748272889,0.024319799256145483,0.6516686921156937,0.6067654156791867,0.4854123325433495,0.24999999999999997,,4.482901882711595,in,,,,
Prect,64,5,1,58,0.15884618160783143,0.024231414304939608,0.666324916900152,0.6072854419418786,0.4858283535535029,0.25,,4.49252126470768,in,,,,
Prect,64,5,1,57,0.18302610538821473,0.024128433255826948,0.6814818873550795,0.6077437047437388,0.48619496379499105,0.25,,4.501544218033135,in,,,,
Prect,64,5,1,56,0.20709578108649893,0.024010918140741466,0.6971781549662867,0.6081189380484029,0.4864951504387223,0.25,,4.509917626120212,in,,,,
Prect,64,5,1,55,0.23104071003006676,0.023878939746394212,0.7134540415637873,0.6083918863767862,0.4867135091014291,0.24999999999999997,,4.517586668466279,in,,,,
Prect,64,5,1,54,0.2548464686890811,0.02373257757163444,0.7303510048706124,0.6085447004650145,0.4868357603720116,0.25,,4.524495463818469,in,,,,
Prect,64,5,1,53,0.27849871736468024,0.023571919779563855,0.7479111921431733,0.608560501905875,0.4868484015247,0.25,,4.530587525221507,in,,,,
Prect,64,5,1,52,0.3019832088266768,0.023397063144429242,0.7661771311211468,0.6084230569319014,0.4867384455455211,0.25,,4.53580607770553,in,,,,
Prect,64,5,1,51,0.3252857968955557,0.023208112993328534,0.7851915118042067,0.6081165243511844,0.4864932194809476,0.24999999999999997,,4.5400942850913495,in,,,,
Prect,64,5,1,50,0.34839244496360405,0.023005183142768226,0.8049970199863573,0.6076252559244951,0.4861002047395961,0.25,,4.543395424977247,in,,,,
Prect,64,5,1,49,0.3712892344500389,0.02278839583010156,0.8256361910722928,0.6069336350921856,0.48554690807374845,0.25,,4.5456530433777464,in,,,,
Prect,64,5,1,48,0.39396237318503974,0.022557881639900024,0.8471512591744419,0.6060259446075719,0.4848207556860575,0.25,,4.546811114010597,in,,,,
Prect,64,5,1,47,0.4163982037176358,0.022313779425292113,0.8695839814404551,0.6048862566233625,0.48390900529868996,0.25,,4.546814222277181,in,,,,
Prect,64,5,1,46,0.4385832115424443,0.022056236224324843,0.8929754210681865,0.6034983407943088,0.482798672635447,0.25,,4.545607790474258,in,,,,
Prect,64,5,1,45,0.4605040332403022,0.02178540717139099,0.9173656747824259,0.6018455873809043,0.48147646990472354,0.24999999999999997,,4.543138358457877,in,,,,
Prect,64,5,1,44,0.4821474645278908,0.021501455403786285,0.9427935319823091,0.5999109433854566,0.47992875470836527,0.25,,4.539353932545582,in,,,,
Prect,64,5,1,43,0.5035004682115028,0.02120455196343768,0.9692960536297901,0.5976768605566941,0.4781414884453553,0.25,,4.534204414581713,in,,,,
Prect,64,5,1,42,0.5245501820401594,0.02089487569387538,0.9969080595235653,0.5951252547463396,0.4761002037970717,0.25,,4.527642122516594,in,,,,
Prect,64,5,1,41,0.5452839264533496,0.020572613132504913,1.0256615131720062,0.5922374766450734,0.47378998131605876,0.25,,4.519622413281343,in,,,,
Prect,64,5,1,40,0.5656892122187236,0.020237958398243383,1.055584794332054,0.5889942944013035,0.47119543552104276,0.25,,4.510104417886669,in,,,,
Prect,64,5,1,39,0.5857537479551393,0.019891113074588018,1.086701850722903,0.5853758890561439,0.4683007112449151,0.25,,4.499051897232237,in,,,,
Prect,64,5,1,38,0.6054654475365301,0.019532286088193462,1.1190312227976735,0.5813618641239487,0.465089491299159,0.25,,4.486434224738857,in,,,,
Prect,64,5,1,37,0.6248124373721361,0.019161693583018558,1.1525849391264145,0.576931271012712,0.4615450168101697,0.24999999999999997,,4.472227498245722,in,,,,
Prect,64,5,1,36,0.643783063558711,0.018779558790131157,1.1873672853120538,0.5720626523074486,0.4576501218459589,0.25,,4.456415778246657,in,,,,
Prect,64,5,1,35,0.6623658989003975,0.018386111893241908,1.2233734568004242,0.5667341052181649,0.45338728417453195,0.25,,4.438992442099973,in,,,,
Prect,64,5,1,34,0.6805497497920427,0.0179815898900485,1.260588115783909,0.5609233676989378,0.44873869415915024,0.25,,4.419961634008134,in,,,,
Prect,64,5,1,33,0.6983236629618073,0.01756623644948052,1.2989838847984323,0.5546079298428543,0.44368634387428346,0.25,,4.399339778163375,in,,,,
Prect,64,5,1,32,0.7156769320690071,0.01714030176491932,1.338519824485172,0.5477651731068709,0.4382121384854967,0.25,,4.377157107583836,in,,,,
Prect,64,5,1,31,0.7325991041532128,0.016704042403492103,1.3791399598417273,0.5403725396712132,0.43229803173697057,0.25,,4.353459144311485,in,,,,
Prect,64,5,1,30,0.7490799859307218,0.016257721151525684,1.4207719370675844,0.5324077337362348,0.4259261869889879,0.25,,4.328308048863137,in,,,,
Prect,64,5,1,29,0.7651096499346108,0.015801606856252426,1.4633259101225147,0.5238489557551979,0.4190791646041583,0.25,,4.301783739812096,in,,,,
Prect,64,5,1,28,0.7806784404946716,0.015335974263869234,1.506693769960966,0.5146751694563,0.41174013556503997,0.25,,4.2739846705337055,in,,,,
Prect,64,5,1,27,0.7957769795536256,0.014861103854038604,1.5507488370867468,0.5048664000083734,0.4038931200066987,0.25,,4.245028142466879,in,,,,
Prect,64,5,1,26,0.8103961723161142,0.014377281670938769,1.5953461363138,0.49440405985762914,0.3955232478861033,0.25,,4.215050036002314,in,,,,
Prect,64,5,1,25,0.8245272127270644,0.013884799150961746,1.640323358408753,0.4832712966844281,0.38661703734754255,0.24999999999999997,,4.184203854318311,in,,,,
Prect,64,5,1,24,0.8381615887761262,0.01338395294716177,1.6855025845210068,0.4714533557344789,0.3771626845875831,0.25,,4.152659004255119,in,,,,
Prect,64,5,1,23,0.8512910876249895,0.01287504475056489,1.7306928055343387,0.4589379466601723,0.36715035732813783,0.25,,4.120598282090651,in,,,,
Prect,64,5,1,22,0.8639078005544917,0.012358381108439342,1.7756932113079353,0.44571560319932824,0.3565724825594626,0.25,,4.088214589246556,in,,,,
Prect,64,5,1,21,0.8760041277285331,0.011834273239643589,1.8202971576124007,0.4317800227695261,0.34542401821562085,0.25,,4.055706970116133,in,,,,
Prect,64,5,1,20,0.8875727827719351,0.011303036847160275,1.8642966455399985,0.417128372594766,0.33370269807581276,0.25,,4.023276137231936,in,,,,
Prect,64,5,1,19,0.8986067971594793,0.010764991927928125,1.9074870720690427,0.40176154948111636,0.3214092395848931,0.25,,3.991119725090436,in,,,,
Prect,64,5,1,18,0.909099524413487,0.010220462580087353,1.9496719306854526,0.3856843819214136,0.3085475055371309,0.24999999999999997,,3.9594275937280345,in,,,,
Prect,64,5,1,17,0.9190446441074087,0.009669776807756048,1.9906670528037151,0.3689057658790682,0.2951246127032546,0.25,,3.9283775913036934,in,,,,
Prect,64,5,1,16,0.9284361656730128,0.009113266323452107,2.0303038784351153,0.35143872940395404,0.28115098352316326,0.24999999999999997,,3.8981322872378974,in,,,,
Prect,64,5,1,15,0.9372684320088798,0.00855126634828185,2.068431130071192,0.3333004262301641,0.26664034098413125,0.25,,3.868837301937688,in,,,,
Prect,64,5,1,14,0.9455361228880287,0.00798411541001598,2.104914161688784,0.3145120648086805,0.2516096518469444,0.25,,3.8406219611992443,in,,,,
Prect,64,5,1,13,0.9532342581626227,0.00741215513917215,2.1396312310298367,0.2950987869345403,0.23607902954763227,0.24999999999999997,,3.8136030271327863,in,,,,
Prect,64,5,1,12,0.9603582007638243,0.006835730063231016,2.172466124023903,0.2750895191566566,0.2200716153253253,0.24999999999999997,,3.7878920767399213,in,,,,
Prect,64,5,1,11,0.9669036594949919,0.006255187399104134,2.2032971506806454,0.2545168300666036,0.2036134640532829,0.24999999999999997,,3.763606508814347,in,,,,
Prect,64,5,1,10,0.9728666916165363,0.005670876843984485,2.2319838330541275,0.2334168365447794,0.1867334692358235,0.25,,3.7408828585624088,in,,,,
Prect,64,5,1,9,0.9782437052208794,0.005083150364701972,2.25835496113019,0.21182921153730566,0.16946336922984453,0.25,,3.71988874409069,in,,,,
Prect,64,5,1,8,0.9830314613960858,0.004492361985710791,2.2822050373522305,0.1897973572557469,0.1518378858045975,0.25,,3.7008264240438558,in,,,,
Prect,64,5,1,7,0.9872270761768611,0.003898867575839793,2.303308499751269,0.16736883639836447,0.1338950691186916,0.25,,3.683918576425592,in,,,,
Prect,64,5,1,6,0.9908280222817455,0.0033030246339289526,2.321456813644571,0.14459626738910242,0.11567701391128193,0.25,,3.669371208637175,in,,,,
Prect,64,5,1,5,0.9938321306354534,0.0027051920734868506,2.3365072850657715,0.12153933955177819,0.09723147164142257,0.24999999999999997,,3.6573248455696823,in,,,,
rect,128,5,1,1,0.9999623509195723,7.529816085549701E-05,2.3713125760832763,0.015117110175342239,0.01209368814027379,0.25,366.1484240607286,3.6286497748362962,in;sweep=0.0,0.43614487691343395,8.000000000000004,0.38,RunDiagnostics { ResidualInf = 4.2033043712308427E-13; Kappa1 = 4392.43112850283 }
rect,128,5,1,2,0.9998117602676744,0.00022588314294025302,2.3706073914361196,0.026111632105749075,0.02088930568459926,0.25,210.82541119403473,3.6292043688315543,in;sweep=0.0,0.43614487691343395,8.000000000000004,0.38,RunDiagnostics { ResidualInf = 4.2033043712308427E-13; Kappa1 = 4392.43112850283 }
rect,128,5,1,3,0.9995106016422769,0.0003764341078547062,2.369193509953088,0.03790791622732426,0.03032633298185941,0.25,183.65962994748608,3.6303170916891894,in;sweep=0.0,0.43614487691343395,8.000000000000004,0.38,RunDiagnostics { ResidualInf = 4.2033043712308427E-13; Kappa1 = 4392.43112850283 }
rect,128,5,1,4,0.999058920396761,0.0005269283831771387,2.3670641262605168,0.049820695215001674,0.03985655617200134,0.25,172.43719538387612,3.6319947941362445,in;sweep=0.0,0.43614487691343395,8.000000000000004,0.38,RunDiagnostics { ResidualInf = 4.2033043712308427E-13; Kappa1 = 4392.43112850283 }
Prect,128,5,1,128,0.006135769142859881,0.012271538285719884,0.583041081170404,0.6040410554732952,0.4832328443786363,0.24999999999999997,,4.423094687972456,in,,,,
Prect,128,5,1,127,0.018406383404315982,0.01226969023719232,0.5892471763307306,0.6041447872441115,0.48331582979528925,0.24999999999999997,,4.429159207073585,in,,,,
Prect,128,5,1,126,0.030674225732135504,0.012265994418446724,0.595546670826372,0.6043077494370711,0.4834461995496569,0.25,,4.435127554905764,in,,,,
Prect,128,5,1,125,0.042937448634388434,0.012260451386059142,0.6019399226382981,0.6045120806702804,0.48360966453622434,0.25,,4.4409975259960905,in,,,,
Prect,128,5,1,124,0.05519420531481327,0.012253061974790522,0.6084279000199636,0.6047462485583401,0.4837969988466721,0.25,,4.44676630529485,in,,,,
Prect,128,5,1,123,0.06744264995093793,0.0122438272974588,0.6150121490694244,0.6050016680470324,0.4840013344376259,0.25,,4.452430500881514,in,,,,
Prect,128,5,1,122,0.07968093797205354,0.012232748744772426,0.6216947536727955,0.6052714726353647,0.4842171781082918,0.25,,4.4579861842992585,in,,,,
Prect,128,5,1,121,0.0919072263370002,0.01221982798512089,0.6284782900455272,0.6055499235679751,0.4844399388543801,0.25,,4.463428936291472,in,,,,
Prect,128,5,1,120,0.10411967381172185,0.012205066964322414,0.6353657781364049,0.605832078504579,0.4846656628036632,0.25,,4.468753895675317,in,,,,
Prect,128,5,1,119,0.1163164412465496,0.012188467905333095,0.6423606319811571,0.6061135862099595,0.48489086896796757,0.25,,4.473955809265393,in,,,,
Prect,128,5,1,118,0.12849569185317114,0.012170033307909958,0.649466610806708,0.6063905499841801,0.48511243998734405,0.25,,4.4790290810464635,in,,,,
Prect,128,5,1,117,0.14065559148124387,0.012149765948235525,0.6566877723021798,0.6066594318330019,0.4853275454664015,0.25,,4.483967819179064,in,,,,
Prect,128,5,1,116,0.15279430889461146,0.012127668878499642,0.6640284290859478,0.6069169823511693,0.4855335858809354,0.25,,4.488765879808663,in,,,,
Prect,128,5,1,115,0.16491001604708128,0.012103745426439966,0.6714931090299903,0.607160187661382,0.48572815012910564,0.25,,4.493416907017091,in,,,,
Prect,128,5,1,114,0.1770008883577211,0.012077999194839678,0.6790865197795626,0.6073862281346052,0.48590898250768416,0.25,,4.497914368578159,in,,,,
Prect,128,5,1,113,0.18906510498563456,0.01205043406098727,0.6868135175471404,0.6075924455284407,0.4860739564227526,0.25,,4.5022515874384945,in,,,,
Prect,128,5,1,112,0.2011008491041733,0.012021054176090257,0.6946790800615413,0.6077763163155088,0.48622105305240704,0.25,,4.506421769042632,in,,,,
Prect,128,5,1,111,0.21310630817454407,0.01198986396465121,0.7026882834172347,0.6079354296769717,0.4863483437415773,0.25,,4.51041802475731,in,,,,
Prect,128,5,1,110,0.2250796742187704,0.011956868123801478,0.7108462824736925,0.6080674690876029,0.48645397527008233,0.25,,4.514233391745078,in,,,,
Prect,128,5,1,109,0.2370191440919675,0.011922071622592734,0.7191582944090597,0.6081701967175367,0.48653615737402933,0.25,,4.517860849682908,in,,,,
Prect,128,5,1,108,0.2489229197538892,0.011885479701250645,0.7276295850162795,0.6082414400789999,0.4865931520632,0.25,,4.52129333473761,in,,,,
Prect,128,5,1,107,0.26078920853970644,0.011847097870383794,0.736265457320841,0.6082790804878464,0.48662326439027714,0.25,,4.524523751218865,in,,,,
Prect,128,5,1,106,0.2726162234299756,0.011806931910154639,0.7450712421345249,0.6082810430106304,0.4866248344085043,0.25,,4.527544981295451,in,,,,
Prect,128,5,1,105,0.28440218331975753,0.011764987869409216,0.754052290167522,0.6082452876411615,0.4865962301129292,0.25,,4.530349893152236,in,,,,
Prect,128,5,1,104,0.2961453132868451,0.01172127206476592,0.7632139653649661,0.6081698015047887,0.486535841203831,0.25,,4.532931347921879,in,,,,
Prect,128,5,1,103,0.30784384485905975,0.011675791079663322,0.7725616391610296,0.6080525919294936,0.4864420735435949,0.24999999999999997,,4.535282205698031,in,,,,
Prect,128,5,1,102,0.3194960162805771,0.011628551763371464,0.7821006853751642,0.60789168025412,0.48631334420329597,0.25,,4.5373953309054125,in,,,,
Prect,128,5,1,101,0.3311000727772414,0.01157956122995707,0.7918364755075055,0.6076850962683389,0.4861480770146711,0.25,,4.539263597269736,in,,,,
Prect,128,5,1,100,0.34265426682082717,0.011528826857214458,0.8017743742147124,0.6074308731980296,0.48594469855842376,0.24999999999999997,,4.540879892606115,in,,,,
Prect,128,5,1,99,0.3541568583922113,0.011476356285553768,0.8119197347747807,0.607127043164992,0.4857016345319936,0.25,,4.54223712361743,in,,,,
Prect,128,5,1,98,0.3656061152434128,0.011422157416849321,0.822277894365023,0.6067716330621666,0.4854173064497333,0.25,,4.54332822087839,in,,,,
Prect,128,5,1,97,0.3770003131584636,0.011366238413252239,0.8328541690020642,0.6063626607955918,0.4850901286364735,0.24999999999999997,,4.544146144156399,in,,,,
Prect,128,5,1,96,0.3883377362130689,0.011308607695958262,0.8436538480010974,0.6058981318525795,0.4847185054820636,0.25,,4.544683888211972,in,,,,
Prect,128,5,1,95,0.39961667703301884,0.011249273943941762,0.854682187827376,0.6053760361625036,0.48430082893000287,0.25,,4.544934489205643,in,,,,
Prect,128,5,1,94,0.41083543705131337,0.011188246092647236,0.8659444052204339,0.604794345222408,0.48383547617792644,0.25,,4.544891031830879,in,,,,
Prect,128,5,1,93,0.4219923267639594,0.011125533332644877,0.8774456694814656,0.604151009464615,0.483320807571692,0.25,,4.544546657282494,in,,,,
Prect,128,5,1,92,0.4330856659844046,0.011061145108245518,0.8891910938196366,0.6034439558477727,0.4827551646782181,0.25,,4.543894572164768,in,,,,
Prect,128,5,1,91,0.44411378409656704,0.010995091116079325,0.9011857256540363,0.6026710856564952,0.48213686852519616,0.25,,4.542928058442531,in,,,,
Prect,128,5,1,90,0.4550750203064234,0.010927381303633354,0.9134345357799172,0.6018302724980433,0.48146421799843464,0.25,,4.541640484526506,in,,,,
Prect,128,5,1,89,0.4659677238921189,0.010858025867757637,0.925942406299127,0.6009193604873676,0.4807354883898941,0.25,,4.540025317592992,in,,,,
Prect,128,5,1,88,0.47679025445256024,0.010787035253125077,0.9387141172282327,0.599936162614499,0.4799489300915992,0.25,,4.538076137224328,in,,,,
Prect,128,5,1,87,0.4875409821544534,0.010714420150661208,0.951754331692689,0.5988784592906257,0.4791027674325005,0.25,,4.535786650461764,in,,,,
Prect,128,5,1,86,0.4982182879777507,0.010640191495933482,0.9650675796155532,0.5977439970713838,0.47819519765710705,0.25,,4.533150708362197,in,,,,
Prect,128,5,1,85,0.5088205639594696,0.010564360467504197,0.9786582398213851,0.5965304875579676,0.47722439004637407,0.25,,4.530162324138084,in,,,,
Prect,128,5,1,84,0.5193462134358452,0.010486938485247066,0.9925305204667475,0.5952356064785297,0.47618848518282375,0.25,,4.526815692969098,in,,,,
Prect,128,5,1,83,0.5297936512827829,0.010407937208628315,1.006688437721808,0.5938569929541899,0.47508559436335196,0.25,,4.523105213560975,in,,,,
Prect,128,5,1,82,0.5401613041545716,0.0103273685349492,1.0211357926242066,0.5923922489556666,0.47391379916453336,0.24999999999999997,,4.519025511530365,in,,,,
Prect,128,5,1,81,0.550447610720824,0.010245244597555714,1.0358761460417498,0.5908389389582379,0.4726711511665903,0.25,,4.514571464679074,in,,,,
Prect,128,5,1,80,0.5606510219016076,0.010161577764011387,1.0509127916808192,0.5891945898043007,0.47135567184344057,0.25,,4.509738230220789,in,,,,
Prect,128,5,1,79,0.5707700011007293,0.010076380634231996,1.0662487270913186,0.587456690784346,0.46996535262747685,0.25,,4.504521274009411,in,,,,
Prect,128,5,1,78,0.580803024437142,0.009989666038593525,1.08188662263267,0.5856226939486514,0.4684981551589211,0.25,,4.498916401804472,in,,,,
Prect,128,5,1,77,0.5907485809744362,0.009901447035994493,1.0978287883792903,0.5836900146634025,0.4669520117307221,0.24999999999999997,,4.492919792595146,in,,,,
Prect,128,5,1,76,0.6006051729483795,0.009811736911892077,1.1140771389665187,0.5816560324263141,0.4653248259410514,0.24999999999999997,,4.486528033981861,in,,,,
Prect,128,5,1,75,0.6103713159924762,0.009720549176301385,1.1306331563954226,0.5795180919580719,0.46361447356645763,0.24999999999999997,,4.479738159597054,in,,,,
Prect,128,5,1,74,0.6200455393615065,0.009627897561759413,1.1474978508509377,0.5772735045871167,0.46181880366969336,0.25,,4.472547688510569,in,,,,
Prect,128,5,1,73,0.6296263861530158,0.009533796021259144,1.1646717196119438,0.5749195499463228,0.4599356399570582,0.25,,4.464954666541072,in,,,,
Prect,128,5,1,72,0.6391124135267183,0.009438258726145898,1.1821547041736762,0.5724534780010366,0.4579627824008294,0.24999999999999997,,4.456957709353042,in,,,,
Prect,128,5,1,71,0.6485021929217839,0.009341300063985258,1.1999461457416436,0.5698725114286753,0.45589800914294026,0.25,,4.448556047180141,in,,,,
Prect,128,5,1,70,0.6577943102719742,0.009242934636395361,1.2180447393065326,0.5671738483706031,0.4537390786964825,0.25,,4.439749570965442,in,,,,
Prect,128,5,1,69,0.6669873662185952,0.009143177256846546,1.2364484865609302,0.5643546655772764,0.45148373246182116,0.25,,4.430538879657665,in,,,,
Prect,128,5,1,68,0.6760799763212357,0.009042042948434692,1.2551546479740083,0.5614121219675946,0.4491296975740758,0.24999999999999997,,4.420925328347227,in,,,,
Prect,128,5,1,67,0.68507077126626,0.008939546941613807,1.274159694407535,0.5583433626230394,0.4466746900984315,0.25,,4.410911076858725,in,,,,
Prect,128,5,1,66,0.6939583970730199,0.008835704671905864,1.293459258717211,0.5551455232363792,0.4441164185891034,0.25,,4.400499138355809,in,,,,
Prect,128,5,1,65,0.7027415152977601,0.008730531777574657,1.3130480878620554,0.5518157350335013,0.4414525880268011,0.25,,4.389693427435704,in,,,,
Prect,128,5,1,64,0.711418803235183,0.008624044097271133,1.3329199961016986,0.5483511301851424,0.4386809041481139,0.25,,4.378498807133485,in,,,,
Prect,128,5,1,63,0.7199889541176427,0.008516257667648186,1.3530678199540809,0.5447488477230311,0.43579907817842495,0.24999999999999997,,4.366921134163562,in,,,,
Prect,128,5,1,62,0.7284506773119397,0.008407188720945924,1.3734833756359903,0.5410060399719584,0.4328048319775667,0.25,,4.354967301675949,in,,,,
Prect,128,5,1,61,0.7368026985136857,0.00829685368254618,1.3941574197946298,0.537119879505751,0.4296959036046008,0.25,,4.342645278719056,in,,,,
Prect,128,5,1,60,0.745043759939209,0.008185269168500264,1.4150796143881865,0.5330875666307946,0.42647005330463567,0.25,,4.329964145551022,in,,,,
Prect,128,5,1,59,0.7531726205149718,0.00807245198302542,1.4362384966231327,0.5289063373957351,0.4231250699165881,0.25,,4.316934123891839,in,,,,
Prect,128,5,1,58,0.7611880560644717,0.007958419115974391,1.457621454916203,0.5245734721203063,0.419658777696245,0.25,,4.303566601148269,in,,,,
Prect,128,5,1,57,0.769088859492598,0.007843187740278035,1.479214711838041,0.5200863044296746,0.4160690435437397,0.25,,4.289874147654557,in,,,,
Prect,128,5,1,56,0.7768738409674157,0.007726775209357495,1.501003315035303,0.5154422307736656,0.41235378461893246,0.25,,4.275870525932113,in,,,,
Prect,128,5,1,55,0.7845418280993504,0.007609199054511739,1.5229711370854058,0.5106387204024152,0.4085109763219322,0.25,,4.261570691013944,in,,,,
Prect,128,5,1,54,0.7920916661177448,0.007490476982277228,1.545100885201934,0.5056733257617441,0.40453866060939525,0.25,,4.246990780915811,in,,,,
Prect,128,5,1,53,0.7995222180447641,0.0073706268717613765,1.5673741216400692,0.5005436932628988,0.4004349546103191,0.25,,4.2321480964046945,in,,,,
Prect,128,5,1,52,0.8068323648666198,0.007249666771949825,1.5897712955432095,0.4952475743723707,0.39619805949789655,0.25,,4.21706106932341,in,,,,
Prect,128,5,1,51,0.8140210057020891,0.007127614898988943,1.6122717868378906,0.4897828369585338,0.39182626956682703,0.25,,4.201749218864198,in,,,,
Prect,128,5,1,50,0.8210870579683043,0.007004489633441469,1.6348539626260903,0.48414747682303716,0.3873179814584297,0.25,,4.186233095342214,in,,,,
Prect,128,5,1,49,0.8280294575437852,0.006880309517520278,1.6574952463153694,0.47833962933642776,0.3826717034691422,0.25,,4.170534211228416,in,,,,
Prect,128,5,1,48,0.8348471589286917,0.006755093252292732,1.6801721995228023,0.47235758108972714,0.3778860648717817,0.25,,4.154674959405889,in,,,,
Prect,128,5,1,47,0.8415391354022725,0.006628859694869038,1.7028606165202607,0.4661997814667358,0.37295982517338866,0.25,,4.138678518882012,in,,,,
Prect,128,5,1,46,0.848104379177486,0.006501627855557968,1.7255356307386684,0.4598648540361501,0.3678918832289201,0.25,,4.122568748438818,in,,,,
Prect,128,5,1,45,0.8545419015527685,0.0063734168950069225,1.7481718325560291,0.4533516076582011,0.3626812861265609,0.24999999999999997,,4.106370068996739,in,,,,
Prect,128,5,1,44,0.8608507330609294,0.006244246121314689,1.7707433972994648,0.4466590471978193,0.3573272377582554,0.25,,4.090107335761465,in,,,,
Prect,128,5,1,43,0.8670299236151491,0.006114134987124653,1.793224222100208,0.439786383735439,0.3518291069883512,0.25,,4.073805701514941,in,,,,
Prect,128,5,1,42,0.8730785426520589,0.005983103086695141,1.8155880699211049,0.432733044167601,0.3461864353340808,0.25,,4.057490472730954,in,,,,
Prect,128,5,1,41,0.8789956792718807,0.005851170152948448,1.8378087187832999,0.4254986800926911,0.3403989440741529,0.25,,4.041186960488581,in,,,,
Prect,128,5,1,40,0.8847804423756044,0.005718356054498885,1.859860113901803,0.4180831758824464,0.33446654070595716,0.25,,4.024920328473802,in,,,,
Prect,128,5,1,39,0.8904319607991845,0.0055846807926613895,1.881716520116373,0.41048665584732735,0.3283893246778619,0.24999999999999997,,4.008715440682812,in,,,,
Prect,128,5,1,38,0.8959493834447345,0.005450164498438714,1.9033526716786597,0.4027094904135526,0.32216759233084213,0.24999999999999997,,3.992596711766075,in,,,,
Prect,128,5,1,37,0.9013318794086986,0.0053148274294894104,1.924743916097573,0.39475230124142974,0.31580184099314385,0.24999999999999997,,3.9765879633111254,in,,,,
Prect,128,5,1,36,0.9065786381069829,0.005178689967079042,1.9458663483676695,0.38661596522863867,0.30929277218291096,0.25,,3.9607122897393134,in,,,,
Prect,128,5,1,35,0.9116888693970265,0.005041772613008311,1.9666969314852742,0.3783016173582875,0.30264129388662997,0.25,,3.9449919379117517,in,,,,
Prect,128,5,1,34,0.9166618036967942,0.004904095986526968,1.9872135987241935,0.3698106523699507,0.2958485218959606,0.24999999999999997,,3.9294482049726005,in,,,,
Prect,128,5,1,33,0.9214966921006722,0.004765680821229079,2.0073953326803107,0.3611447252524814,0.28891578020198516,0.25,,3.9141013594203615,in,,,,
Prect,128,5,1,32,0.9261928064922511,0.00462654796192874,2.027222215657456,0.3523057505802636,0.28184460046421095,0.24999999999999997,,3.898970590834795,in,,,,
Prect,128,5,1,31,0.9307494396539772,0.0044867183615233674,2.04667544559502,0.34329590073974564,0.2746367205917965,0.25,,3.884073994058957,in,,,,
Prect,128,5,1,30,0.9351659053736568,0.004346213077836003,2.0657373115002424,0.33411760312049177,0.2672940824963934,0.25,,3.869428593873414,in,,,,
Prect,128,5,1,29,0.9394415385477978,0.0042050532704458465,2.084391122383885,0.3247735363744539,0.2598188290995631,0.25,,3.855050416163913,in,,,,
Prect,128,5,1,28,0.943575695281771,0.004063260197500584,2.10262108407965,0.31526662587816245,0.25221330070252995,0.25,,3.840954611202121,in,,,,
Prect,128,5,1,27,0.947567752986779,0.003920855212515395,2.1204121193393513,0.3056000385644669,0.2444800308515735,0.25,,3.8271556336474277,in,,,,
Prect,128,5,1,26,0.9514171104736153,0.0037778597611571874,2.137749628326028,0.2957771773219446,0.23662174185755566,0.25,,3.8136674821475873,in,,,,
Prect,128,5,1,25,0.9551231880432014,0.0036342953780149623,2.154619189461894,0.2858016751896602,0.22864134015172816,0.25,,3.800503998581307,in,,,,
Prect,128,5,1,24,0.9586854275738873,0.003490183683356962,2.1710062047656566,0.2756773896002294,0.22054191168018353,0.25,,3.7876792228082308,in,,,,
Prect,128,5,1,23,0.9621032926055029,0.0033455463798740537,2.1868954997228225,0.26540839694231866,0.21232671755385493,0.25,,3.775207792882681,in,,,,
Prect,128,5,1,22,0.9653762684201459,0.0032004052494122304,2.2022708958016253,0.2549989877213293,0.20399919017706347,0.24999999999999997,,3.7631053726185204,in,,,,
Prect,128,5,1,21,0.968503862119698,0.0030547821496919036,2.2171147842342442,0.24445366258988213,0.1955629300719057,0.25,,3.751389077885454,in,,,,
Prect,128,5,1,20,0.971485602700052,0.0029086990110160915,2.2314077427783294,0.23377712949347795,0.18702170359478237,0.25,,3.7400778599217226,in,,,,
Prect,128,5,1,19,0.9743210411220442,0.0027621778329683933,2.2451282522015585,0.22297430212689462,0.17837944170151573,0.24999999999999997,,3.7291927889204857,in,,,,
Prect,128,5,1,18,0.977009750379078,0.0026152406810990847,2.2582525841856342,0.21205029982123383,0.16964023985698706,0.25,,3.7187571661934435,in,,,,
Prect,128,5,1,17,0.979551325561429,0.002467909683602887,2.2707549428289537,0.20101044888319314,0.1608083591065545,0.25,,3.7087963827324755,in,,,,
Prect,128,5,1,16,0.9819453839172234,0.0023202070279858544,2.282607940290135,0.1898602853031376,0.15188822824251008,0.25,,3.699337443627088,in,,,,
Prect,128,5,1,15,0.9841915649100788,0.0021721549577249366,2.293783463015868,0.1786055586783716,0.14288444694269728,0.25,,3.6904081018942105,in,,,,
Prect,128,5,1,14,0.9862895302733998,0.002023775768917213,2.3042539287350237,0.16725223724745428,0.13380178979796345,0.24999999999999997,,3.682035601538376,in,,,,
Prect,128,5,1,13,0.9882389640613197,0.0018750918069225797,2.313993844537812,0.1558065142526973,0.12464521140215785,0.24999999999999997,,3.6742451195235075,in,,,,
Prect,128,5,1,12,0.9900395726962805,0.0017261254629989953,2.3229814692727704,0.14427481669133765,0.11541985335307015,0.24999999999999997,,3.6670581034235106,in,,,,
Prect,128,5,1,11,0.991691085013245,0.0015768991709299574,2.331200297182298,0.13266381928950507,0.10613105543160406,0.25,,3.660490787830947,in,,,,
Prect,128,5,1,10,0.993193252300533,0.0014274354036460934,2.3386400619449943,0.12098046997216609,0.09678437597773287,0.25,,3.654553190355539,in,,,,
Prect,128,5,1,9,0.9945458483372764,0.0012777566698407572,2.3452970396598802,0.10923203978449485,0.08738563182759587,0.25,,3.649248808677396,in,,,,
Prect,128,5,1,8,0.9957486694274874,0.0011278855105811836,2.351173588507302,0.09742622408276996,0.07794097926621597,0.25,,3.6445750809201853,in,,,,
Prect,128,5,1,7,0.9968015344307342,0.0009778444959122057,2.356277039936235,0.08557135370562184,0.06845708296449747,0.25,,3.6405244944944988,in,,,,
Prect,128,5,1,6,0.9977042847894197,0.0008276562214589722,2.360618180690309,0.07367685755867767,0.058941486046942146,0.24999999999999997,,3.6370861040991103,in,,,,
Prect,128,5,1,5,0.9984567845526608,0.0006773433050232258,2.3642095993864998,0.06175436389974055,0.04940349111979244,0.25,,3.6342471851661613,in,,,,
rect,256,5,1,1,0.9999905876413006,1.882471739889091E-05,2.3738852368406027,0.007599700333587075,0.006079760266869661,0.24999999999999997,736.2762001987135,3.6261053508006977,in;sweep=0.0,0.43569557925323815,8.000000000000016,2.41,RunDiagnostics { ResidualInf = 2.390754261227812E-12; Kappa1 = 17529.198778044687 }
rect,256,5,1,2,0.9999529385608728,5.64734434566061E-05,2.37371038122858,0.013128132254054731,0.010502505803243786,0.24999999999999997,423.9663940501369,3.626242557332293,in;sweep=0.0,0.43569557925323815,8.000000000000016,2.41,RunDiagnostics { ResidualInf = 2.390754261227812E-12; Kappa1 = 17529.198778044687 }
rect,256,5,1,3,0.999877641817484,9.41200433210998E-05,2.373360446218629,0.019063714854762805,0.015250971883810244,0.25,369.40109183830174,3.626517195598855,in;sweep=0.0,0.43569557925323815,8.000000000000016,2.41,RunDiagnostics { ResidualInf = 2.390754261227812E-12; Kappa1 = 17529.198778044687 }
rect,256,5,1,4,0.9997647002460138,0.00013176309961915322,2.3728349874635937,0.025064653351602434,0.02005172268128195,0.25,346.929044210202,3.6269297127824203,in;sweep=0.0,0.43569557925323815,8.000000000000016,2.41,RunDiagnostics { ResidualInf = 2.390754261227812E-12; Kappa1 = 17529.198778044687 }
Prect,256,5,1,256,0.0030679423245771656,0.0061358846491544545,0.5821696740089063,0.6039157524277492,0.48313260194219937,0.25,,4.420898268315671,in,,,,
Prect,256,5,1,255,0.009203711467437108,0.00613565363656543,0.5852495207920165,0.6039474400773979,0.48315795206191836,0.24999999999999997,,4.4239541906754205,in,,,,
Prect,256,5,1,254,0.01533913409576226,0.006135191620084872,0.5883528720336363,0.6039996984442593,0.48319975875540744,0.25,,4.426986262062126,in,,,,
Prect,256,5,1,253,0.021473979214358417,0.006134498617107447,0.591479693659356,0.6040680755933431,0.4832544604746746,0.24999999999999997,,4.4299942855550025,in,,,,
Prect,256,5,1,252,0.0276080158497743,0.006133574653724317,0.5946299915896884,0.6041497050475145,0.4833197640380117,0.24999999999999997,,4.432978024260086,in,,,,
Prect,256,5,1,251,0.03374101305899766,0.006132419764722407,0.5978038111914604,0.6042424594908988,0.4833939675927191,0.25,,4.435937201867537,in,,,,
Prect,256,5,1,250,0.039872739938149854,0.006131033993581968,0.601001236550279,0.6043446431583449,0.4834757145266759,0.25,,4.438871503387871,in,,,,
Prect,256,5,1,249,0.04600296563117942,0.006129417392477174,0.6042223895941903,0.6044548440163204,0.4835638752130563,0.25,,4.441780576036988,in,,,,
Prect,256,5,1,248,0.05213145933855396,0.006127570022271905,0.6074674290651746,0.6045718510225704,0.4836574808180564,0.24999999999999997,,4.44466403027338,in,,,,
Prect,256,5,1,247,0.05825799032594922,0.006125491952518616,0.6107365493619806,0.6046946030415368,0.48375568243322953,0.24999999999999997,,4.4475214409639685,in,,,,
Prect,256,5,1,246,0.06438232793293626,0.006123183261455452,0.6140299792823475,0.6048221550522165,0.4838577240417732,0.25,,4.450352348650589,in,,,,
Prect,256,5,1,245,0.07050424158166566,0.006120644036003348,0.6173479806521068,0.6049536546149418,0.48396292369195343,0.25,,4.453156260929559,in,,,,
Prect,256,5,1,244,0.07662350078554866,0.0061178743717626854,0.6206908468998613,0.6050883248139953,0.48407065985119624,0.25,,4.455932653885688,in,,,,
Prect,256,5,1,243,0.08273987515793488,0.0061148743730097405,0.6240589015576115,0.6052254514909605,0.4841803611927684,0.25,,4.458680973600323,in,,,,
Prect,256,5,1,242,0.08885313442078616,0.006111644152692816,0.6274524967334176,0.6053643734341965,0.48429149874735716,0.25,,4.461400637687368,in,,,,
Prect,256,5,1,241,0.0949630484133466,0.006108183832428074,0.6308720115524477,0.6055044746713657,0.4844035797370926,0.25,,4.464091036860899,in,,,,
Prect,256,5,1,240,0.10106938710080762,0.006104493542493955,0.6343178505945803,0.6056451782990454,0.4845161426392363,0.25,,4.4667515365062265,in,,,,
Prect,256,5,1,239,0.10717192058296883,0.006100573421828459,0.6377904423390157,0.6057859414618469,0.4846287531694776,0.24999999999999997,,4.469381478243953,in,,,,
Prect,256,5,1,238,0.1132704191028939,0.006096423618021693,0.6412902376253676,0.605926251208422,0.4847410009667376,0.25,,4.471980181477526,in,,,,
Prect,256,5,1,237,0.11936465305556046,0.006092044287311402,0.6448177081444996,0.6060656210281022,0.48485249682248177,0.25,,4.4745469449110615,in,,,,
Prect,256,5,1,236,0.12545439299650463,0.006087435594576959,0.6483733449760746,0.6062035879240001,0.48496287033920005,0.25,,4.4770810480204295,in,,,,
Prect,256,5,1,235,0.13153940965045963,0.006082597713332999,0.6519576571644503,0.6063397099146968,0.48507176793175744,0.25,,4.479581752486009,in,,,,
Prect,256,5,1,234,0.13761947391998763,0.006077530825723015,0.6555711703535226,0.6064735638826046,0.48517885110608383,0.24999999999999997,,4.482048303566465,in,,,,
Prect,256,5,1,233,0.14369435689410537,0.006072235122512509,0.6592144254815877,0.6066047437058412,0.48528379496467294,0.25,,4.484479931412517,in,,,,
Prect,256,5,1,232,0.14976382985690245,0.00606671080308166,0.6628879775419484,0.606732858624301,0.48538628689944086,0.25,,4.486875852314954,in,,,,
Prect,256,5,1,231,0.1558276642961523,0.006060958075417983,0.6665923943964996,0.6068575318009523,0.4854860254407618,0.25,,4.489235269899653,in,,,,
Prect,256,5,1,230,0.16188563191191563,0.006054977156108671,0.6703282556752601,0.6069783990473344,0.48558271923786755,0.25,,4.491557376236655,in,,,,
Prect,256,5,1,229,0.1679375046251356,0.006048768270331295,0.6740961517269644,0.6070951076881167,0.48567608615049335,0.25,,4.493841352898171,in,,,,
Prect,256,5,1,228,0.17398305458622498,0.0060423316518475045,0.6778966826469506,0.6072073155443876,0.48576585243551007,0.25,,4.496086371939274,in,,,,
Prect,256,5,1,227,0.18002205418364484,0.0060356675429921736,0.6817304573666132,0.6073146900189234,0.4858517520151387,0.25,,4.498291596817032,in,,,,
Prect,256,5,1,226,0.18605427605247354,0.006028776194665242,0.6855980928098412,0.6074169072696258,0.48593352581570065,0.25,,4.500456183242632,in,,,,
Prect,256,5,1,225,0.19207949308296718,0.006021657866322028,0.6895002131075981,0.6075136514596079,0.4860109211676863,0.25,,4.502579279975369,in,,,,
Prect,256,5,1,224,0.19809747842911002,0.006014312825963625,0.6934374488793005,0.6076046140743004,0.48608369125944034,0.25,,4.50466002954981,in,,,,
Prect,256,5,1,223,0.20410800551715513,0.006006741350126632,0.6974104365659854,0.6076894932974154,0.4861515946379324,0.24999999999999997,,4.50669756895117,in,,,,
Prect,256,5,1,222,0.21011084805415486,0.005998943723872802,0.7014198178180364,0.6077679934388647,0.48621439475109174,0.25,,4.508691030236118,in,,,,
Prect,256,5,1,221,0.21610578003648045,0.005990920240778408,0.7054662389363077,0.6078398244087443,0.4862718595269954,0.25,,4.510639541100173,in,,,,
Prect,256,5,1,220,0.22209257575833116,0.005982671202923007,0.7095503503609731,0.6079047012323174,0.48632376098585395,0.25,,4.5125422253973575,in,,,,
Prect,256,5,1,219,0.2280710098202319,0.005974196920878472,0.7136728062006295,0.6079623436016169,0.4863698748812936,0.25,,4.514398203619602,in,,,,
Prect,256,5,1,218,0.23404085713751918,0.0059654977136960885,0.7178342638072533,0.6080124754599092,0.4864099803679275,0.24999999999999997,,4.516206593330266,in,,,,
Prect,256,5,1,217,0.24000189294881555,0.005956573908896645,0.7220353833884384,0.6080548246157109,0.4864438596925688,0.24999999999999997,,4.517966509560377,in,,,,
Prect,256,5,1,216,0.24595389282449198,0.00594742584245625,0.7262768276503518,0.6080891223834721,0.4864712979067777,0.25,,4.51967706517414,in,,,,
Prect,256,5,1,215,0.2518966326751173,0.005938053858794395,0.7305592614756247,0.6081151032484182,0.48649208259873455,0.25,,4.521337371199492,in,,,,
Prect,256,5,1,214,0.257829888759895,0.005928458310760942,0.7348833516339054,0.6081325045533207,0.48650600364265656,0.25,,4.52294653712599,in,,,,
Prect,256,5,1,213,0.26375343769508686,0.005918639559622851,0.739249766505633,0.6081410662051956,0.4865128529641566,0.24999999999999997,,4.5245036711894535,in,,,,
Prect,256,5,1,212,0.2696670564624236,0.005908597975050556,0.7436591758423459,0.6081405304002393,0.48651242432019143,0.25,,4.526007880620077,in,,,,
Prect,256,5,1,211,0.2755705224175009,0.005898333935104083,0.7481122505407696,0.6081306413654042,0.48650451309232345,0.24999999999999997,,4.527458271876732,in,,,,
Prect,256,5,1,210,0.28146361329816233,0.005887847826218762,0.7526096624311923,0.6081111451152331,0.4864889160921865,0.25,,4.52885395086697,in,,,,
Prect,256,5,1,209,0.2873461072328669,0.005877140043190454,0.7571520840918886,0.6080817892227446,0.48646543137819576,0.24999999999999997,,4.530194023140979,in,,,,
Prect,256,5,1,208,0.293217782749043,0.00586621098916168,0.7617401886635365,0.608042322603199,0.48643385808255923,0.25,,4.531477594085506,in,,,,
Prect,256,5,1,207,0.29907841878142594,0.00585506107560424,0.7663746496849247,0.6079924953098016,0.4863939962478413,0.25,,4.532703769096502,in,,,,
Prect,256,5,1,206,0.30492779468038145,0.0058436907223067824,0.7710561409318532,0.6079320583404009,0.4863456466723208,0.24999999999999997,,4.533871653748528,in,,,,
Prect,256,5,1,205,0.31076569022021316,0.00583210035735654,0.775785336266224,0.6078607634543889,0.4862886107635112,0.24999999999999997,,4.53498035395399,in,,,,
Prect,256,5,1,204,0.31659188560745355,0.00582029041712423,0.7805629094879797,0.6077783629990515,0.4862226903992412,0.25,,4.536028976119474,in,,,,
Prect,256,5,1,203,0.32240616148913925,0.005808261346247234,0.7853895341903934,0.6076846097447112,0.486147687795769,0.24999999999999997,,4.537016627298746,in,,,,
Prect,256,5,1,202,0.3282082989610696,0.0057960135976134475,0.7902658836198129,0.6075792567280573,0.48606340538244586,0.25,,4.537942415341257,in,,,,
Prect,256,5,1,201,0.3339980795760481,0.005783547632343622,0.7951926305356197,0.6074620571031104,0.48596964568248835,0.25,,4.538805449040429,in,,,,
Prect,256,5,1,200,0.3397752853521071,0.005770863919774327,0.800170447062626,0.6073327639993057,0.48586621119944456,0.25,,4.539604838289481,in,,,,
Prect,256,5,1,199,0.34553969878071433,0.005757962937440131,0.805200004551951,0.6071911303862779,0.48575290430902235,0.25,,4.540339694228764,in,,,,
Prect,256,5,1,198,0.3512911028349624,0.005744845171056001,0.8102819734304954,0.6070369089448928,0.48562952715591423,0.25,,4.541009129404467,in,,,,
Prect,256,5,1,197,0.3570292809777393,0.005731511114497767,0.8154170230451414,0.6068698519441628,0.4854958815553302,0.25,,4.541612257932599,in,,,,
Prect,256,5,1,196,0.362754017169881,0.005717961269785687,0.8206058215075115,0.6066897111237167,0.48535176889897336,0.25,,4.54214819566237,in,,,,
Prect,256,5,1,195,0.36846509587830567,0.005704196147063634,0.8258490355248537,0.6064962375814842,0.48519699006518735,0.25,,4.542616060353452,in,,,,
Prect,256,5,1,194,0.3741623020841278,0.005690216264580716,0.8311473302255191,0.6062891816663238,0.4850313453330591,0.25,,4.543014971858608,in,,,,
Prect,256,5,1,193,0.37984542129075394,0.005676022148671522,0.8365013689757622,0.6060682928753357,0.48485463430026854,0.25,,4.543344052314992,in,,,,
Prect,256,5,1,192,0.38551423953195796,0.005661614333736464,0.841911813185979,0.6058333197556157,0.48466665580449264,0.24999999999999997,,4.543602426345979,in,,,,
Prect,256,5,1,191,0.3911685433799371,0.005646993362221797,0.8473793221047656,0.6055840098102355,0.4844672078481884,0.25,,4.543789221275171,in,,,,
Prect,256,5,1,190,0.3968081199533473,0.005632159784598689,0.8529045526019703,0.6053201094082596,0.4842560875266077,0.25,,4.543903567351377,in,,,,
Prect,256,5,1,189,0.4024327569253182,0.005617114159343073,0.8584881589420483,0.6050413636986233,0.4840330909588986,0.25,,4.54394459798327,in,,,,
Prect,256,5,1,188,0.4080422425314468,0.00560185705291405,0.8641307925344516,0.604747516527689,0.4837980132221512,0.25,,4.543911449996995,in,,,,
Prect,256,5,1,187,0.4136363655777704,0.005586389039733186,0.8698331016826018,0.6044383103603835,0.48355064828830685,0.25,,4.543803263895168,in,,,,
Prect,256,5,1,186,0.41921491544871836,0.005570710702162696,0.8755957313048179,0.6041134862047337,0.48329078896378697,0.25,,4.5436191841439,in,,,,
Prect,256,5,1,185,0.42477768211504074,0.005554822630482181,0.881419322649385,0.6037727835397331,0.4830182268317865,0.24999999999999997,,4.543358359465656,in,,,,
Prect,256,5,1,184,0.4303244561417169,0.005538725422870094,0.8873045129865854,0.6034159402464059,0.4827327521971247,0.25,,4.543019943155132,in,,,,
Prect,256,5,1,183,0.4358550286958397,0.005522419685375424,0.8932519352849115,0.6030426925419914,0.4824341540335932,0.24999999999999997,,4.5426030934109285,in,,,,
Prect,256,5,1,182,0.4413691915544783,0.005505906031901764,0.8992622178692172,0.6026527749171745,0.4821222199337396,0.25,,4.542106973685261,in,,,,
Prect,256,5,1,181,0.4468667371125179,0.005489185084177561,0.9053359840603968,0.6022459200762916,0.4817967360610333,0.25,,4.541530753052121,in,,,,
Prect,256,5,1,180,0.4523474583904752,0.005472257471737019,0.9114738517943325,0.6018218588804548,0.4814574871043639,0.24999999999999997,,4.540873606596143,in,,,,
Prect,256,5,1,179,0.4578111490422919,0.005455123831896336,0.9176764332197876,0.6013803202935474,0.4811042562348379,0.25,,4.5401347158225045,in,,,,
Prect,256,5,1,178,0.46325760336310307,0.005437784809725954,0.923944334274942,0.6009210313310582,0.4807368250648466,0.25,,4.5393132690881615,in,,,,
Prect,256,5,1,177,0.46868661629698183,0.005420241058031683,0.9302781542453186,0.6004437170117343,0.4803549736093874,0.25,,4.538408462051663,in,,,,
Prect,256,5,1,176,0.4740979834446598,0.005402493237324224,0.9366784852959257,0.5999481003120147,0.4799584802496118,0.25,,4.537419498148734,in,,,,
Prect,256,5,1,175,0.47949150107122235,0.005384542015800853,0.9431459119774076,0.5994339021232433,0.47954712169859476,0.24999999999999997,,4.5363455890938145,in,,,,
Prect,256,5,1,174,0.4848669661137792,0.005366388069312944,0.9496810107168367,0.5989008412116759,0.4791206729693407,0.25,,4.535185955396942,in,,,,
Prect,256,5,1,173,0.49022417618910985,0.005348032081348264,0.9562843492737808,0.5983486341812533,0.4786789073450026,0.25,,4.533939826915329,in,,,,
Prect,256,5,1,172,0.4955629296012828,0.005329474742997609,0.9629564861763077,0.597776995439184,0.47822159635134714,0.25,,4.532606443424975,in,,,,
Prect,256,5,1,171,0.5008830253492496,0.005310716752935873,0.9696979701347505,0.5971856371643517,0.47774850973148136,0.25,,4.531185055214499,in,,,,
Prect,256,5,1,170,0.5061842631344122,0.005291758817389636,0.9765093394174886,0.5965742692785487,0.477259415422839,0.25,,4.529674923716923,in,,,,
Prect,256,5,1,169,0.5114664433681644,0.005272601650114561,0.9833911212120422,0.5959425994206144,0.4767540795364916,0.24999999999999997,,4.528075322156122,in,,,,
Prect,256,5,1,168,0.5167293671794057,0.005253245972367981,0.9903438309488907,0.5952903329234802,0.47623226633878424,0.24999999999999997,,4.526385536230515,in,,,,
Prect,256,5,1,167,0.5219728364220292,0.0052336925128790845,0.9973679716026699,0.5946171727941967,0.4756937382353573,0.25,,4.524604864819359,in,,,,
Prect,256,5,1,166,0.5271966536823818,0.005213942007825989,1.0044640329593066,0.5939228196969806,0.47513825575758445,0.25,,4.522732620723075,in,,,,
Prect,256,5,1,165,0.5324006222866959,0.005193995200802326,1.0116324908609549,0.5932069719393631,0.4745655775514905,0.25,,4.520768131425741,in,,,,
Prect,256,5,1,164,0.537584546308495,0.005173852842795812,1.0188738064114309,0.5924693254614762,0.4739754603691811,0.24999999999999997,,4.518710739897064,in,,,,
Prect,256,5,1,163,0.5427482305759695,0.0051535156921533876,1.026188425157809,0.5917095738285847,0.47336765906286776,0.25,,4.516559805418161,in,,,,
Prect,256,5,1,162,0.5478914806793256,0.0051329845145585695,1.033576776241357,0.5909274082269274,0.47274192658154196,0.24999999999999997,,4.514314704437968,in,,,,
Prect,256,5,1,161,0.5530141029781034,0.005112260082997144,1.041039271509853,0.590122517462943,0.4720980139703544,0.25,,4.51197483146825,in,,,,
Prect,256,5,1,160,0.5581159046084689,0.005091343177733965,1.0485763046087633,0.5892945879660034,0.47143567037280276,0.25,,4.509539599999705,in,,,,
Prect,256,5,1,159,0.5631966934904746,0.005070234586277422,1.0561882500297468,0.588443303794716,0.4707546430357728,0.25,,4.507008443460728,in,,,,
Prect,256,5,1,158,0.5682562783352902,0.005048935103353802,1.0638754621349533,0.5875683466469291,0.4700546773175433,0.25,,4.504380816200337,in,,,,
Prect,256,5,1,157,0.5732944686524062,0.005027445530878194,1.071638274146342,0.5866693958735335,0.4693355166988268,0.25,,4.501656194506064,in,,,,
Prect,256,5,1,156,0.5783110747568049,0.005005766677919077,1.0794769970992732,0.5857461284961699,0.46859690279693594,0.25,,4.4988340776575315,in,,,,
Prect,256,5,1,155,0.5833059077761016,0.004983899360674449,1.0873919187700192,0.584798219228982,0.46783857538318563,0.25,,4.495913989006082,in,,,,
Prect,256,5,1,154,0.5882787796576565,0.004961844402435189,1.0953833025628368,0.5838253405045124,0.46706027240361,0.24999999999999997,,4.4928954770948195,in,,,,
Prect,256,5,1,153,0.5932295031756537,0.0049396026335593035,1.1034513863746092,0.5828271625039051,0.4662617300031241,0.25,,4.489778116801045,in,,,,
Prect,256,5,1,152,0.598157891938151,0.004917174891435394,1.1115963814179364,0.5818033531915104,0.46544268255320836,0.25,,4.486561510520215,in,,,,
Prect,256,5,1,151,0.6030637603940971,0.004894562020456683,1.1198184710181345,0.5807535783540616,0.46460286268324935,0.24999999999999997,,4.4832452893759625,in,,,,
Prect,256,5,1,150,0.6079469238403175,0.004871764871984152,1.1281178093814161,0.5796775016445571,0.4637420013156457,0.25,,4.4798291144589015,in,,,,
Prect,256,5,1,149,0.6128071984284682,0.004848784304317233,1.1364945203201724,0.5785747846309739,0.4628598277047791,0.25,,4.476312678108296,in,,,,
Prect,256,5,1,148,0.617644401171958,0.004825621182662387,1.1449486959715558,0.5774450868500209,0.46195606948001683,0.24999999999999997,,4.472695705200403,in,,,,
Prect,256,5,1,147,0.6224583499528378,0.004802276379097026,1.1534803954589907,0.5762880658660001,0.4610304526928002,0.24999999999999997,,4.468977954493847,in,,,,
Prect,256,5,1,146,0.6272488635286566,0.004778750772540863,1.162089643554044,0.5751033773350263,0.460082701868021,0.25,,4.465159219974613,in,,,,
Prect,256,5,1,145,0.6320157615392863,0.0047550452487182815,1.170776429286901,0.5738906750746791,0.4591125400597432,0.25,,4.461239332252385,in,,,,
Prect,256,5,1,144,0.6367588645137106,0.004731160700130355,1.1795407045546846,0.5726496111393287,0.458119688911463,0.24999999999999997,,4.457218159959027,in,,,,
Prect,256,5,1,143,0.6414779938767835,0.004707098026015544,1.1883823826873674,0.5713798359012281,0.45710386872098246,0.25,,4.453095611189417,in,,,,
Prect,256,5,1,142,0.6461729719559519,0.004682858132321166,1.1973013370077423,0.5700809981375945,0.4560647985100756,0.25,,4.44887163494821,in,,,,
Prect,256,5,1,141,0.6508436219879445,0.004658441931664092,1.2062973993585393,0.5687527451238003,0.4550021960990402,0.25,,4.4445462226294055,in,,,,
Prect,256,5,1,140,0.6554897681254276,0.004633850343302104,1.215370358626379,0.567394722732883,0.45391577818630646,0.25,,4.440119409499048,in,,,,
Prect,256,5,1,139,0.6601112354436253,0.004609084293093257,1.2245199592386726,0.5660065755414989,0.45280526043319913,0.25,,4.435591276204953,in,,,,
Prect,256,5,1,138,0.6647078499469047,0.004584144713465577,1.2337458996595247,0.564587946942518,0.4516703575540144,0.25,,4.43096195028738,in,,,,
Prect,256,5,1,137,0.669279438575328,0.00455903254338097,1.2430478308665749,0.5631384792643941,0.4505107834115153,0.25,,4.426231607708754,in,,,,
Prect,256,5,1,136,0.6738258292111672,0.004533748728297371,1.2524253548329796,0.5616578138975017,0.44932625111800134,0.25,,4.421400474378188,in,,,,
Prect,256,5,1,135,0.6783468506853845,0.004508294220137321,1.2618780230023363,0.560145591427569,0.4481164731420552,0.25,,4.416468827683048,in,,,,
Prect,256,5,1,134,0.6828423327840767,0.004482669977247111,1.2714053347586136,0.5586014517763576,0.446881161421086,0.25,,4.411436998025463,in,,,,
Prect,256,5,1,133,0.6873121062548836,0.004456876964366696,1.2810067359206867,0.5570250343497768,0.44562002747982143,0.25,,4.406305370334197,in,,,,
Prect,256,5,1,132,0.6917560028133605,0.00443091615258695,1.2906816172273574,0.5554159781935122,0.44433278255480974,0.25,,4.401074385586003,in,,,,
Prect,256,5,1,131,0.6961738551493133,0.004404788519318914,1.3004293128519377,0.5537739221563499,0.44301913772507995,0.25,,4.3957445422973755,in,,,,
Prect,256,5,1,130,0.700565496933099,0.004378495048252273,1.310249098929854,0.5520985050612898,0.4416788040490318,0.25,,4.390316398003245,in,,,,
Prect,256,5,1,129,0.7049307628218863,0.004352036729322384,1.3201401921091807,0.55038936588457,0.440311492707656,0.25,,4.384790570712706,in,,,,
Prect,256,5,1,128,0.709269488465882,0.004325414558669083,1.330101748142378,0.5486461439427253,0.4389169151541802,0.25,,4.379167740323504,in,,,,
Prect,256,5,1,127,0.7135815105145176,0.00429862953860205,1.340132860506113,0.5468684790877391,0.43749478327019126,0.25,,4.373448650008404,in,,,,
Prect,256,5,1,126,0.7178666666226001,0.00427168267756306,1.3502325590636766,0.5450560119103769,0.4360448095283016,0.24999999999999997,,4.367634107558923,in,,,,
Prect,256,5,1,125,0.7221247954564243,0.004244574990085126,1.360399808785002,0.5432083839517816,0.4345667071614253,0.25,,4.3617249866714225,in,,,,
Prect,256,5,1,124,0.726355736699846,0.004217307496758416,1.3706335085101038,0.5413252379233386,0.43306019033867094,0.25,,4.355722228189742,in,,,,
Prect,256,5,1,123,0.7305593310603189,0.004189881224187508,1.3809324897867645,0.5394062179348785,0.4315249743479028,0.25,,4.349626841273555,in,,,,
Prect,256,5,1,122,0.7347354202748912,0.004162297204957088,1.3912955157704103,0.5374509697311955,0.42996077578495645,0.25,,4.34343990450448,in,,,,
Prect,256,5,1,121,0.7388838471161643,0.004134556477589091,1.401721280202819,0.5354591409368825,0.428367312749506,0.25,,4.337162566913346,in,,,,
Prect,256,5,1,120,0.7430044553982125,0.0041066600865070635,1.4122084064760585,0.5334303813094475,0.426744305047558,0.25,,4.330796048922154,in,,,,
Prect,256,5,1,119,0.7470970899824625,0.004078609081993201,1.4227554467869672,0.5313643430006525,0.425091474400522,0.25,,4.3243416431954955,in,,,,
Prect,256,5,1,118,0.7511615967835358,0.004050404520153261,1.4333608813931633,0.5292606808259894,0.42340854466079153,0.25,,4.317800715390373,in,,,,
Prect,256,5,1,117,0.7551978227750484,0.004022047462872158,1.4440231179715661,0.5271190525421839,0.42169524203374714,0.25,,4.3111747048034825,in,,,,
Prect,256,5,1,116,0.7592056159953731,0.0039935389777771,1.45474049109978,0.5249391191325972,0.4199512953060777,0.25,,4.304465124895593,in,,,,
Prect,256,5,1,115,0.7631848255533603,0.003964880138197291,1.4655112618496327,0.5227205451003409,0.4181764360802728,0.25,,4.297673563703728,in,,,,
Prect,256,5,1,114,0.7671353016340192,0.003936072023120518,1.4763336175218096,0.5204629987689364,0.41637039901514916,0.25,,4.290801684112209,in,,,,
Prect,256,5,1,113,0.7710568955041582,0.003907115717157517,1.4872056715117998,0.5181661525902637,0.414532922072211,0.24999999999999997,,4.283851223992359,in,,,,
Prect,256,5,1,112,0.7749494595179847,0.003878012310495338,1.4981254633201133,0.5158296834595498,0.41266374676763984,0.25,,4.276823996197871,in,,,,
Prect,256,5,1,111,0.7788128471226634,0.003848762898862157,1.5090909587241537,0.5134532730371185,0.4107626184296948,0.25,,4.26972188839851,in,,,,
Prect,256,5,1,110,0.7826469128638347,0.0038193685834805313,1.520100050101415,0.511036608076544,0.40882928646123523,0.25,,4.26254686276242,in,,,,
Prect,256,5,1,109,0.7864515123910907,0.003789830471031208,1.53115055691542,0.5085793807588567,0.4068635046070853,0.25,,4.255300955475671,in,,,,
Prect,256,5,1,108,0.7902265024634092,0.003760149673605939,1.5422402263921453,0.5060812890324334,0.40486503122594675,0.25,,4.247986276071264,in,,,,
Prect,256,5,1,107,0.7939717409545478,0.0037303273086712885,1.5533667343505217,0.5035420369580781,0.40283362956646246,0.25,,4.240605006604026,in,,,,
Prect,256,5,1,106,0.7976870868583943,0.003700364499021669,1.5645276862400643,0.5009613350588903,0.4007690680471122,0.25,,4.23315940061833,in,,,,
Prect,256,5,1,105,0.801372400294275,0.0036702623727397077,1.5757206183494927,0.4983389006743614,0.3986711205394891,0.25,,4.225651781944782,in,,,,
Prect,256,5,1,104,0.8050275425122221,0.003640022063154502,1.5869429992176578,0.4956744583181938,0.39653956665455503,0.25,,4.218084543294564,in,,,,
Prect,256,5,1,103,0.8086523758981969,0.003609644708795323,1.5981922312370804,0.49296774003925337,0.39437419203140267,0.25,,4.210460144661116,in,,,,
Prect,256,5,1,102,0.8122467639792715,0.0035791314533537566,1.6094656524589028,0.4902184857850526,0.3921747886280421,0.25,,4.202781111520369,in,,,,
Prect,256,5,1,101,0.815810571428766,0.0035484834456351866,1.6207605385938777,0.4874264437671159,0.38994115501369275,0.25,,4.195050032834889,in,,,,
Prect,256,5,1,100,0.8193436640713441,0.003517701839521048,1.6320741052212557,0.484591370827565,0.38767309666205196,0.25,,4.187269558850088,in,,,,
Prect,256,5,1,99,0.8228459088880649,0.0034867877939204206,1.6434035101944557,0.4817130328062097,0.38537042624496776,0.25,,4.179442398693609,in,,,,
Prect,256,5,1,98,0.8263171740213904,0.0034557424727306163,1.6547458562513346,0.478791204907423,0.3830329639259384,0.25,,4.171571317770056,in,,,,
Prect,256,5,1,97,0.8297573287801505,0.0034245670447896615,1.6660981938199222,0.4758256720660323,0.3806605376528259,0.24999999999999997,,4.163659134960229,in,,,,
Prect,256,5,1,96,0.8331662436444627,0.0033932626838346636,1.6774575240223728,0.47281622931145634,0.3782529834491651,0.25,,4.1557087196220905,in,,,,
Prect,256,5,1,95,0.836543790270609,0.0033618305684580685,1.6888208018743531,0.4697626821292843,0.3758101457034274,0.25,,4.147722988396255,in,,,,
Prect,256,5,1,94,0.8398898414958682,0.003330271882060254,1.7001849396639275,0.46666484681946124,0.37333187745556906,0.24999999999999997,,4.139704901831941,in,,,,
Prect,256,5,1,93,0.8432042713433028,0.003298587812808784,1.7115468105188112,0.4635225508502671,0.3708180406802137,0.25,,4.131657460824491,in,,,,
Prect,256,5,1,92,0.8464869550265022,0.0032667795535900046,1.7229032521409458,0.4603356332072176,0.3682685065657741,0.25,,4.123583702885556,in,,,,
Prect,256,5,1,91,0.8497377689542811,0.003234848301967963,1.7342510707094894,0.4571039447360475,0.365683155788838,0.25,,4.1154866982447915,in,,,,
Prect,256,5,1,90,0.8529565907353327,0.0032027952601353382,1.7455870449405266,0.45382734847890704,0.3630618787831256,0.25,,4.107369545794806,in,,,,
Prect,256,5,1,89,0.8561432991828362,0.0031706216348715843,1.7569079302812145,0.450505720002897,0.3604045760023176,0.25,,4.099235368901621,in,,,,
Prect,256,5,1,88,0.8592977743190195,0.0031383286374950803,1.7682104632491085,0.4471389477201088,0.35771115817608706,0.25,,4.091087311069911,in,,,,
Prect,256,5,1,87,0.8624198973796768,0.003105917483819609,1.7794913658784979,0.44372693319828443,0.35498154655862757,0.25,,4.08292853150118,in,,,,
Prect,256,5,1,86,0.8655095508186397,0.003073389394105952,1.790747350278996,0.44026959146127564,0.3522156731690205,0.25,,4.074762200539644,in,,,,
Prect,256,5,1,85,0.868566618312202,0.003040745593018701,1.8019751232728412,0.43676685127845694,0.3494134810227656,0.24999999999999997,,4.0665914950393605,in,,,,
Prect,256,5,1,84,0.8715909847635007,0.0030079873095787413,1.8131713911126104,0.4332186554422991,0.3465749243538393,0.25,,4.05841959365089,in,,,,
Prect,256,5,1,83,0.8745825363068482,0.0029751157771163994,1.8243328642419152,0.4296249610333028,0.3436999688266423,0.24999999999999997,,4.050249672064933,in,,,,
Prect,256,5,1,82,0.87754116031202,0.002942132233227035,1.8354562620993244,0.4259857396715521,0.34078859173724174,0.24999999999999997,,4.042084898212696,in,,,,
Prect,256,5,1,81,0.8804667453884942,0.0029090379197214133,1.846538317925186,0.4223009777541448,0.3378407822033159,0.24999999999999997,,4.033928427463309,in,,,,
Prect,256,5,1,80,0.8833591813896464,0.002875834082582851,1.8575757835607232,0.4185706766778191,0.33485654134225534,0.24999999999999997,,4.025783397828924,in,,,,
Prect,256,5,1,79,0.8862183594168958,0.0028425219719160344,1.868565434221425,0.41479485304614117,0.3318358824369129,0.25,,4.0176529251954705,in,,,,
Prect,256,5,1,78,0.8890441718238058,0.0028091028419040542,1.8795040731988486,0.41097353886062205,0.32877883108849765,0.25,,4.009540098624957,in,,,,
Prect,256,5,1,77,0.8918365122201366,0.0027755779507573353,1.890388536487914,0.407106781695244,0.3256854253561952,0.25,,4.001447975732222,in,,,,
Prect,256,5,1,76,0.8945952754758502,0.0027419485606698935,1.9012156973024514,0.4031946448538803,0.3225557158831043,0.24999999999999997,,3.9933795781733985,in,,,,
Prect,256,5,1,75,0.8973203577250695,0.002708215937768821,1.9119824704402373,0.39923720751015934,0.3193897660081275,0.24999999999999997,,3.9853378872848326,in,,,,
Prect,256,5,1,74,0.9000116563699879,0.0026743813520679893,1.922685816487496,0.3952345648294192,0.31618765186353537,0.25,,3.977325839882492,in,,,,
Prect,256,5,1,73,0.9026690700847326,0.002640446077421421,1.9333227458104811,0.3911868280724172,0.31294946245793376,0.25,,3.969346324274251,in,,,,
Prect,256,5,1,72,0.9052924988191793,0.0026064113914719966,1.9438903223142416,0.38709412468056703,0.3096752997444537,0.24999999999999997,,3.9614021765049374,in,,,,
Prect,256,5,1,71,0.9078818438027189,0.0025722785756070454,1.9543856669264374,0.38295659834253093,0.30636527867402474,0.25,,3.9534961768762815,in,,,,
Prect,256,5,1,70,0.9104370075479761,0.002538048914907387,1.9648059607633523,0.3787744090420758,0.30301952723366066,0.25,,3.945631046784624,in,,,,
Prect,256,5,1,69,0.9129578938544802,0.0025037236981009237,1.975148447952786,0.3745477330872003,0.29963818646976026,0.25,,3.937809445901695,in,,,,
Prect,256,5,1,68,0.9154444078122866,0.002469304217511903,1.9854104380640496,0.37027676312061153,0.2962214104964892,0.25,,3.930033969748237,in,,,,
Prect,256,5,1,67,0.9178964558055501,0.0024347917690150656,1.9955893080963814,0.36596170811171935,0.29276936648937546,0.25,,3.9223071477091693,in,,,,
Prect,256,5,1,66,0.9203139455160497,0.0024001876519841314,2.0056825039956943,0.36160279333043466,0.2892822346643477,0.25,,3.9146314415203554,in,,,,
Prect,256,5,1,65,0.9226967859266643,0.0023654931692449477,2.015687541647356,0.3572002603031396,0.2857602082425117,0.25,,3.9070092442793083,in,,,,
Prect,256,5,1,64,0.9250448873247991,0.002330709627024641,2.0256020072859466,0.3527543667512959,0.28220349340103673,0.25,,3.8994428800388525,in,,,,
Prect,256,5,1,63,0.9273581613057634,0.002295838334904099,2.035423557308649,0.34826538651330863,0.2786123092106469,0.25,,3.891934603997114,in,,,,
Prect,256,5,1,62,0.9296365207760996,0.002260880605768234,2.0451499174018304,0.3437336094503057,0.27498688756024453,0.25,,3.8844866033742695,in,,,,
Prect,256,5,1,61,0.9318798799568613,0.0022258377557551334,2.054778880968019,0.3391593413366775,0.2713274730693421,0.24999999999999997,,3.8771009989888423,in,,,,
Prect,256,5,1,60,0.9340881543868432,0.0021907111042087646,2.064308306789408,0.3345429037362972,0.2676343229890378,0.25,,3.8697798475974348,in,,,,
Prect,256,5,1,59,0.9362612609257612,0.0021555019736272385,2.0737361158982397,0.3298846338654798,0.2639077070923838,0.25,,3.8625251450275213,in,,,,
Prect,256,5,1,58,0.9383991177573824,0.0021202116896150702,2.0830602875930277,0.32518488444384136,0.2601479075550731,0.25,,3.8553388301643543,in,,,,
Prect,256,5,1,57,0.9405016443926053,0.0020848415808307763,2.0922788545920303,0.32044402353437107,0.25635521882749684,0.25,,3.848222789800575,in,,,,
Prect,256,5,1,56,0.9425687616724905,0.0020493929789396903,2.101389897269931,0.3156624343741111,0.2525299474992889,0.24999999999999997,,3.841178864402559,in,,,,
Prect,256,5,1,55,0.9446003917712409,0.002013867218560894,2.110391536980471,0.3108405151969864,0.24867241215758912,0.25,,3.8342088547907696,in,,,,
Prect,256,5,1,54,0.9465964581991312,0.0019782656372198115,2.119281928421037,0.3059786790504049,0.2447829432403239,0.25,,3.8273145297780946,in,,,,
Prect,256,5,1,53,0.9485568858053889,0.0019425895752955835,2.1280592510871768,0.3010773536073879,0.24086188288591032,0.25,,3.8204976347182122,in,,,,
Prect,256,5,1,52,0.9504816007810225,0.0019068403759716634,2.136721699780361,0.2961369809760398,0.23690958478083185,0.25,,3.8137599010006613,in,,,,
Prect,256,5,1,51,0.952370530661601,0.001871019385185524,2.1452674742503812,0.2911580175082831,0.23292641400662645,0.25,,3.80710305641122,in,,,,
Prect,256,5,1,50,0.9542236043299823,0.0018351279515768093,2.1536947679902747,0.28614093360980863,0.22891274688784694,0.24999999999999997,,3.8005288363397076,in,,,,
Prect,256,5,1,49,0.9560407520189897,0.001799167426438153,2.1620017562973337,0.28108621355327557,0.22486897084262045,0.25,,3.7940389957216563,in,,,,
Prect,256,5,1,48,0.9578219053140402,0.0017631391636626637,2.170186583691511,0.2759943552967548,0.22079548423740386,0.25,,3.787635321622529,in,,,,
Prect,256,5,1,47,0.9595669971557186,0.0017270445196942985,2.178247350826741,0.27086587030943937,0.2166926962475515,0.25,,3.7813196463289778,in,,,,
Prect,256,5,1,46,0.9612759618423037,0.0016908848534756826,2.1861821011157776,0.2657012834065817,0.2125610267252654,0.25,,3.7750938607265265,in,,,,
Prect,256,5,1,45,0.9629487350322407,0.001654661526398371,2.193988807247746,0.2605011325955161,0.20840090607641287,0.25,,3.7689599277844943,in,,,,
Prect,256,5,1,44,0.9645852537465646,0.001618375902249447,2.201665357916294,0.25526596893449455,0.20421277514759564,0.25,,3.7629198958302705,in,,,,
Prect,256,5,1,43,0.9661854563712706,0.0015820293471627833,2.2092095450615066,0.24999635640588155,0.19999708512470524,0.25,,3.7569759113097643,in,,,,
Prect,256,5,1,42,0.9677492826596348,0.0015456232295653072,2.216619052025181,0.24469287180498073,0.1957542974439846,0.25,,3.7511302306344536,in,,,,
Prect,256,5,1,41,0.9692766737344807,0.0015091589201265965,2.223891443067397,0.2393561046454773,0.19148488371638184,0.25,,3.7453852306670834,in,,,,
Prect,256,5,1,40,0.9707675720903979,0.0014726377917078093,2.231024154752348,0.23398665708205066,0.18718932566564053,0.25,,3.7397434173380497,in,,,,
Prect,256,5,1,39,0.9722219215959059,0.0014360612193082822,2.238014489776432,0.22858514385029297,0.18286811508023437,0.25,,3.7342074318194736,in,,,,
Prect,256,5,1,38,0.973639667495568,0.0013994305800157925,2.244859613844895,0.22315219222346988,0.17852175377877594,0.24999999999999997,,3.7287800536506728,in,,,,
Prect,256,5,1,37,0.9750207564120521,0.0013627472529526008,2.251556556270856,0.2176884419850787,0.17415075358806295,0.25,,3.723464200141196,in,,,,
Prect,256,5,1,36,0.9763651363481414,0.0013260126192259358,2.2581022149522196,0.21219454541543037,0.16975563633234433,0.24999999999999997,,3.7182629213959215,in,,,,
Prect,256,5,1,35,0.9776727566886909,0.0012892280618731489,2.264493366369133,0.20667116728974527,0.16533693383179623,0.24999999999999997,,3.7131793903195573,in,,,,
Prect,256,5,1,34,0.978943568202534,0.0012523949658129752,2.270726681195065,0.20111898488446317,0.16089518790757057,0.24999999999999997,,3.708216887007469,in,,,,
Prect,256,5,1,33,0.9801775230443355,0.0012155147177899117,2.2767987459727324,0.1955386879877054,0.15643095039016433,0.25,,3.703378777071603,in,,,,
Prect,256,5,1,32,0.9813745747563929,0.0011785887063248124,2.282706091129915,0.1899309789091165,0.1519447831272932,0.25,,3.6986684836264776,in,,,,
Prect,256,5,1,31,0.9825346782703858,0.001141618321661042,2.288445225346608,0.1842965724837724,0.14743725798701793,0.25,,3.694089452923778,in,,,,
Prect,256,5,1,30,0.9836577899090726,0.0011046049557127402,2.294012675927464,0.1786361960645062,0.14290895685160496,0.25,,3.689645113981608,in,,,,
Prect,256,5,1,29,0.9847438673879352,0.0010675500020121964,2.299405034493068,0.17295058949710349,0.13836047159768278,0.25,,3.6853388328948675,in,,,,
Prect,256,5,1,28,0.98579286981677,0.0010304548556573367,2.30461900676508,0.16724050507331045,0.13379240405864837,0.25,,3.68117386305169,in,,,,
Prect,256,5,1,27,0.9868047577012284,0.0009933209132598764,2.3096514648842175,0.16150670745781961,0.1292053659662557,0.24999999999999997,,3.6771532928170108,in,,,,
Prect,256,5,1,26,0.987779492944304,0.0009561495728910296,2.314499500172985,0.15574997358736767,0.12459997886989413,0.25,,3.673279992771319,in,,,,
Prect,256,5,1,25,0.9887170388477653,0.0009189422340315501,2.319160474055408,0.14997109254302543,0.11997687403442037,0.24999999999999997,,3.6695565647923574,in,,,,
Prect,256,5,1,24,0.989617360113539,0.0008817002975159971,2.323632064564975,0.1441708654007124,0.11533669232056991,0.25,,3.665985295548564,in,,,,
Prect,256,5,1,23,0.9904804228450386,0.0008444251654829982,2.327912306010572,0.13835010507038764,0.11068008405631011,0.25,,3.662568116834467,in,,,,
Prect,256,5,1,22,0.9913061945484398,0.0008071182413195155,2.331999619504358,0.13250963614118513,0.10600770891294811,0.25,,3.659306575044081,in,,,,
Prect,256,5,1,21,0.9920946441339047,0.0007697809296104419,2.335892832623522,0.1266502947586366,0.10132023580690927,0.25,,3.656201811510383,in,,,,
Prect,256,5,1,20,0.9928457419167522,0.0007324146360845329,2.3395911870176054,0.12077292857178107,0.09661834285742485,0.25,,3.6532545548991466,in,,,,
Prect,256,5,1,19,0.9935594596185753,0.0006950207675615605,2.3430943335785734,0.11487839680365038,0.0919027174429203,0.25,,3.650465126040002,in,,,,
Prect,256,5,1,18,0.9942357703683058,0.0006576007318993549,2.3464023155545872,0.10896757052066519,0.08717405641653216,0.25,,3.6478334548137186,in,,,,
Prect,256,5,1,17,0.9948746487032261,0.0006201559379414023,2.349515540683098,0.10304133320908639,0.08243306656726912,0.24999999999999997,,3.6453591080201275,in,,,,
Prect,256,5,1,16,0.9954760705699284,0.0005826877954629994,2.3524347440330757,0.09710058181668946,0.07768046545335157,0.25,,3.643041326536853,in,,,,
Prect,256,5,1,15,0.996040013325219,0.0005451977151181842,2.3551609436278547,0.09114622849814567,0.07291698279851655,0.24999999999999997,,3.6408790696973643,in,,,,
Prect,256,5,1,14,0.9965664557369718,0.0005076871083876666,2.3576953911077903,0.08517920343570669,0.06814336274856535,0.25,,3.638871064629181,in,,,,
Prect,256,5,1,13,0.9970553779849279,0.00047015738752453906,2.360039519704798,0.07920045933614621,0.06336036746891696,0.25,,3.6370158582801304,in,,,,
Prect,256,5,1,12,0.9975067616614409,0.00043260996550142927,2.362194891609849,0.073210978613843,0.0585687828910744,0.25,,3.635311870051592,in,,,,
Prect,256,5,1,11,0.9979205897721704,0.00039504625595754295,2.3641631465278037,0.06721178502971838,0.0537694280237747,0.25,,3.6337574432443667,in,,,,
Prect,256,5,1,10,0.9982968467367219,0.000357467673145595,2.365945952857543,0.061203963034911636,0.04896317042792931,0.25,,3.6323508938791784,in,,,,
Prect,256,5,1,9,0.9986355183892336,0.0003198756318776308,2.367544962533907,0.05518869110867575,0.0441509528869406,0.25,,3.631090555855327,in,,,,
Prect,256,5,1,8,0.9989365919789088,0.00028227154747295646,2.368961770251943,0.04916730205264579,0.03933384164211663,0.25,,3.629974821726966,in,,,,
Prect,256,5,1,7,0.9992000561704975,0.0002446568357041823,2.370197877402293,0.04314139905668085,0.034513119245344684,0.24999999999999997,,3.6290021787682045,in,,,,
Prect,256,5,1,6,0.9994259010447213,0.0002070329127435988,2.371254660858903,0.03711309792385124,0.029690478339081,0.24999999999999997,,3.628171240185818,in,,,,
Prect,256,5,1,5,0.9996141180986486,0.0001694011951111074,2.3721333465302985,0.03108558957554788,0.024868471660438308,0.24999999999999997,,3.62748077156835,in,,,,
rectc,64,5,0,1,0.9921875,0.015625,4.39660974780808,0.2490338045546051,0.1992270436436841,0.25,29.067724620780133,0.6033902521919199,in;sweep=0.0,0.6832021835118108,8,0.05,RunDiagnostics { ResidualInf = 6.483702463810914E-14; Kappa1 = 45.626443340829915 }
rectc,64,5,0,2,0.9765625,0.015625,4.017118665895891,0.36147462835443456,0.28917970268354765,0.25,42.19204285618037,0.9828813341041087,in;sweep=0.0,0.6832021835118108,8,0.05,RunDiagnostics { ResidualInf = 6.483702463810914E-14; Kappa1 = 45.626443340829915 }
rectc,64,5,0,3,0.9609375,0.015625,3.7089488406944406,0.43846206579758296,0.35076965263806636,0.25,51.1781708031848,1.2910511593055594,in;sweep=0.0,0.6832021835118108,8,0.05,RunDiagnostics { ResidualInf = 6.483702463810914E-14; Kappa1 = 45.626443340829915 }
rectc,64,5,0,4,0.9453125,0.015625,3.4586870674193637,0.4975698367756123,0.3980558694204898,0.25,58.07734825746799,1.5413129325806363,in;sweep=0.0,0.6832021835118108,8,0.05,RunDiagnostics { ResidualInf = 6.483702463810914E-14; Kappa1 = 45.626443340829915 }
Prectc,64,5,0,64,0.0078125,0.015625,1.13369349347533,0.9769010884255533,0.7815208707404426,0.25,,3.86630650652467,in,,,,
Prectc,64,5,0,63,0.0234375,0.015625,1.1341746815556888,0.9768170288139973,0.7814536230511979,0.25,,3.865825318444311,in,,,,
Prectc,64,5,0,62,0.0390625,0.015625,1.1351380353762592,0.9766487124185484,0.7813189699348387,0.25,,3.8648619646237408,in,,,,
Prectc,64,5,0,61,0.0546875,0.015625,1.136585514845107,0.9763957438590634,0.7811165950872507,0.25,,3.863414485154893,in,,,,
Prectc,64,5,0,60,0.0703125,0.015625,1.138520071335165,0.9760575274667269,0.7808460219733815,0.25,,3.861479928664835,in,,,,
Prectc,64,5,0,59,0.0859375,0.015625,1.140945661614844,0.9756332641378085,0.7805066113102468,0.25,,3.859054338385156,in,,,,
Prectc,64,5,0,58,0.1015625,0.015625,1.1438672666173397,0.9751219470916405,0.7800975576733123,0.25,,3.85613273338266,in,,,,
Prectc,64,5,0,57,0.1171875,0.015625,1.1472909152240347,0.9745223564915695,0.7796178851932556,0.25,,3.8527090847759653,in,,,,
Prectc,64,5,0,56,0.1328125,0.015625,1.1512237132799188,0.9738330528760487,0.779066442300839,0.25,,3.8487762867200814,in,,,,
Prectc,64,5,0,55,0.1484375,0.015625,1.1556738781147256,0.9730523693346511,0.7784418954677209,0.25,,3.8443261218852744,in,,,,
Prectc,64,5,0,54,0.1640625,0.015625,1.1606507789001614,0.9721784023502901,0.7777427218802321,0.25,,3.8393492210998383,in,,,,
Prectc,64,5,0,53,0.1796875,0.015625,1.1661649832327896,0.971209001214089,0.7769672009712713,0.25,,3.8338350167672104,in,,,,
Prectc,64,5,0,52,0.1953125,0.015625,1.1722283104044686,0.970141755902914,0.7761134047223311,0.25,,3.827771689595531,in,,,,
Prectc,64,5,0,51,0.2109375,0.015625,1.178853891894892,0.9689739832911812,0.7751791866329449,0.25,,3.8211461081051077,in,,,,
Prectc,64,5,0,50,0.2265625,0.015625,1.186056239714251,0.9677027115478752,0.7741621692383002,0.25,,3.813943760285749,in,,,,
Prectc,64,5,0,49,0.2421875,0.015625,1.1938513233152857,0.9663246625462025,0.773059730036962,0.25,,3.8061486766847143,in,,,,
Prectc,64,5,0,48,0.2578125,0.015625,1.2022566559125323,0.9648362320865541,0.7718689856692433,0.25,,3.7977433440874675,in,,,,
Prectc,64,5,0,47,0.2734375,0.015625,1.2112913911739125,0.9632334677027377,0.7705867741621901,0.25,,3.7887086088260875,in,,,,
Prectc,64,5,0,46,0.2890625,0.015625,1.220976431395129,0.961512043786021,0.7692096350288168,0.25,,3.779023568604871,in,,,,
Prectc,64,5,0,45,0.3046875,0.015625,1.2313345484508715,0.959667233720604,0.7677337869764832,0.25,,3.7686654515491282,in,,,,
Prectc,64,5,0,44,0.3203125,0.015625,1.242390519004598,0.9576938786763666,0.7661551029410932,0.25,,3.757609480995402,in,,,,
Prectc,64,5,0,43,0.3359375,0.015625,1.2541712757074042,0.9555863526490977,0.7644690821192782,0.25,,3.745828724292596,in,,,,
Prectc,64,5,0,42,0.3515625,0.015625,1.26670607638414,0.9533385232729681,0.7626708186183745,0.25,,3.73329392361586,in,,,,
Prectc,64,5,0,41,0.3671875,0.015625,1.2800266935367537,0.9509437078529659,0.7607549662823727,0.25,,3.7199733064632463,in,,,,
Prectc,64,5,0,40,0.3828125,0.015625,1.2941676268800246,0.948394623973786,0.7587156991790288,0.25,,3.7058323731199754,in,,,,
Prectc,64,5,0,39,0.3984375,0.015625,1.3091663420817359,0.9456833339331855,0.7565466671465484,0.25,,3.6908336579182643,in,,,,
Prectc,64,5,0,38,0.4140625,0.015625,1.3250635394354437,0.9428011821183391,0.7542409456946713,0.25,,3.674936460564556,in,,,,
Prectc,64,5,0,37,0.4296875,0.015625,1.3419034568343609,0.9397387242882486,0.7517909794305988,0.25,,3.658096543165639,in,,,,
Prectc,64,5,0,36,0.4453125,0.015625,1.3597342122274492,0.9364856475380736,0.7491885180304589,0.25,,3.6402657877725506,in,,,,
Prectc,64,5,0,35,0.4609375,0.015625,1.3786081916646118,0.9330306794941996,0.7464245435953597,0.25,,3.621391808335388,in,,,,
Prectc,64,5,0,34,0.4765625,0.015625,1.3985824902166073,0.9293614850126962,0.743489188010157,0.25,,3.601417509783393,in,,,,
Prectc,64,5,0,33,0.4921875,0.015625,1.4197194144417642,0.9254645483155174,0.740371638652414,0.25,,3.580280585558236,in,,,,
Prectc,64,5,0,32,0.5078125,0.015625,1.4420870567985766,0.9213250380824883,0.7370600304659907,0.25,,3.5579129432014236,in,,,,
Prectc,64,5,0,31,0.5234375,0.015625,1.4657599545071403,0.9169266525015549,0.7335413220012439,0.25,,3.5342400454928597,in,,,,
Prectc,64,5,0,30,0.5390625,0.015625,1.4908198479654617,0.9122514406374251,0.7298011525099402,0.25,,3.5091801520345385,in,,,,
Prectc,64,5,0,29,0.5546875,0.015625,1.5173565570413416,0.9072795956730962,0.725823676538477,0.25,,3.4826434429586586,in,,,,
Prectc,64,5,0,28,0.5703125,0.015625,1.5454689975880613,0.9019892145615678,0.7215913716492542,0.25,,3.4545310024119384,in,,,,
Prectc,64,5,0,27,0.5859375,0.015625,1.5752663655550352,0.8963560173310264,0.7170848138648211,0.25,,3.424733634444965,in,,,,
Prectc,64,5,0,26,0.6015625,0.015625,1.6068695224208553,0.8903530176281634,0.7122824141025308,0.25,,3.3931304775791444,in,,,,
Prectc,64,5,0,25,0.6171875,0.015625,1.640412623744468,0.8839501339405234,0.7071601071524187,0.25,,3.359587376255532,in,,,,
Prectc,64,5,0,24,0.6328125,0.015625,1.676045042961739,0.8771137281435742,0.7016909825148594,0.25,,3.3239549570382607,in,,,,
Prectc,64,5,0,23,0.6484375,0.015625,1.7139336559274525,0.869806054339122,0.6958448434712976,0.25,,3.2860663440725473,in,,,,
Prectc,64,5,0,22,0.6640625,0.015625,1.7542655691673126,0.8619845960596577,0.6895876768477261,0.25,,3.2457344308326874,in,,,,
Prectc,64,5,0,21,0.6796875,0.015625,1.7972513979374165,0.8536012633366479,0.6828810106693183,0.25,,3.2027486020625835,in,,,,
Prectc,64,5,0,20,0.6953125,0.015625,1.8431292312692853,0.844601412183159,0.6756811297465272,0.25,,3.1568707687307147,in,,,,
Prectc,64,5,0,19,0.7109375,0.015625,1.8921694636708992,0.8349226367076233,0.6679381093660987,0.25,,3.107830536329101,in,,,,
Prectc,64,5,0,18,0.7265625,0.015625,1.944680732409493,0.8244932668284961,0.6595946134627969,0.25,,3.055319267590507,in,,,,
Prectc,64,5,0,17,0.7421875,0.015625,2.0010172838606297,0.8132304800551101,0.6505843840440881,0.25,,2.9989827161393703,in,,,,
Prectc,64,5,0,16,0.7578125,0.015625,2.0615882161196484,0.8010379003623972,0.6408303202899177,0.25,,2.9384117838803516,in,,,,
Prectc,64,5,0,15,0.7734375,0.015625,2.1268692311559834,0.7878025049125619,0.6302420039300495,0.25,,2.8731307688440166,in,,,,
Prectc,64,5,0,14,0.7890625,0.015625,2.197417817973952,0.7733905805256184,0.6187124644204947,0.25,,2.802582182026048,in,,,,
Prectc,64,5,0,13,0.8046875,0.015625,2.2738932481360803,0.7576423498174278,0.6061138798539423,0.25,,2.7261067518639197,in,,,,
Prectc,64,5,0,12,0.8203125,0.015625,2.357083521446352,0.7403646927085241,0.5922917541668193,0.25,,2.642916478553648,in,,,,
Prectc,64,5,0,11,0.8359375,0.015625,2.447942680959748,0.721321069437873,0.5770568555502984,0.25,,2.552057319040252,in,,,,
Prectc,64,5,0,10,0.8515625,0.015625,2.5476441487115875,0.700217205070334,0.5601737640562672,0.25,,2.4523558512884125,in,,,,
Prectc,64,5,0,9,0.8671875,0.015625,2.657659722662838,0.6766801201761674,0.5413440961409339,0.25,,2.342340277337162,in,,,,
Prectc,64,5,0,8,0.8828125,0.015625,2.7798811568362747,0.6502262586747329,0.5201810069397863,0.25,,2.2201188431637253,in,,,,
Prectc,64,5,0,7,0.8984375,0.015625,2.91681471108198,0.6202107994270369,0.49616863954162954,0.25,,2.08318528891802,in,,,,
Prectc,64,5,0,6,0.9140625,0.015625,3.0719038232566813,0.5857423555302397,0.46859388442419175,0.25,,1.9280961767433187,in,,,,
Prectc,64,5,0,5,0.9296875,0.015625,3.25007822613711,0.5455286886209488,0.4364229508967591,0.25,,1.7499217738628898,in,,,,
