wing,n,alpha,twist,k_from_tip,eta,deta,alpha_i_deg,gamma,cl_local,chord,self_deg,alpha_eff,verdict,CL,AR,seconds,diag
ell,16,14,0,1,0.9975923633360984,0.004815273327803182,-3.0659995299710165,0.17024991640319265,1.5424740524609246,0.022074914794394,64.48203324551568,17.065999529971016,out:alpha+cl;sweep=0.0,1.1764394804119724,7.993848189520612,0.02,RunDiagnostics { ResidualInf = 1.199040866595169E-14; Kappa1 = 206.02382492670435 }
ell,16,14,0,2,0.9879850035377136,0.014399446268966387,-0.08382743224633094,0.3104909508918543,1.2622937739736573,0.049194721117008997,39.32565052888004,14.08382743224633,out:alpha+cl;sweep=0.0,1.1764394804119724,7.993848189520612,0.02,RunDiagnostics { ResidualInf = 1.199040866595169E-14; Kappa1 = 206.02382492670435 }
ell,16,14,0,3,0.9688628080677196,0.023844944671021606,1.2071538364595507,0.47181087194769755,1.1972927784144973,0.07881294875468776,36.08646863688818,12.79284616354045,out:alpha+cl;sweep=0.0,1.1764394804119724,7.993848189520612,0.02,RunDiagnostics { ResidualInf = 1.199040866595169E-14; Kappa1 = 206.02382492670435 }
ell,16,14,0,4,0.9404099341217478,0.033060803220922086,1.8077292053480352,0.6376376623861156,1.1782030749819896,0.1082390083553063,35.17493633204199,12.192270794651964,out:alpha+cl;sweep=0.0,1.1764394804119724,7.993848189520612,0.02,RunDiagnostics { ResidualInf = 1.199040866595169E-14; Kappa1 = 206.02382492670435 }
Pell,16,14,0,16,0.049008570164780295,0.0980171403295607,2.6897999395489753,1.8725382513092157,1.1779659761041972,0.3179273916725724,,11.310200060451024,out,,,,
Pell,16,14,0,15,0.14655373117284443,0.09707318168656755,2.686892029882538,1.8543087200341217,1.177813725394856,0.3148730024202213,,11.313107970117462,out,,,,
Pell,16,14,0,14,0.24268749963529518,0.09519435523833397,2.680854299437367,1.8180347093869056,1.1775070368022067,0.30879385898604905,,11.319145700562633,out,,,,
Pell,16,14,0,13,0.33648405480977595,0.09239875511062756,2.671208790667737,1.7640857328196002,1.177042062858283,0.2997489704889158,,11.328791209332262,out,,,,
Pell,16,14,0,12,0.4270400845955437,0.08871330446090797,2.6571443377439925,1.6930148064352146,1.176414635202193,0.2878262061308397,,11.342855662256007,out,,,,
Pell,16,14,0,11,0.5134834849227998,0.08417349619360426,2.637375001968039,1.6055576231837427,1.1756231474284042,0.27314154653994194,,11.362624998031961,out,,,,
Pell,16,14,0,10,0.5949817585916237,0.07882305114404342,2.6098909181183587,1.5026327822861152,1.174674593552511,0.25583813432821023,,11.390109081881642,out,,,,
Pell,16,14,0,9,0.6707500326750964,0.07271349702290208,2.5715154157411866,1.3853447043655172,1.1735973166566593,0.23608518606911666,,11.428484584258813,out,,,,
Pell,16,14,0,8,0.7400586172746422,0.06590367217618953,2.5170906028554394,1.2549921549108274,1.1724686189506277,0.21407688608912354,,11.48290939714456,out,,,,
Pell,16,14,0,7,0.8022400328326411,0.05845915893980835,2.4379027625061567,1.113087822845744,1.1714770721834302,0.19003151649756853,,11.562097237493843,out,,,,
Pell,16,14,0,6,0.8566954383254501,0.05045165204580959,2.31843178565532,0.961399706661821,1.171071767158149,0.16419142423608396,,11.68156821434468,out,,,,
Pell,16,14,0,5,0.9029003984298208,0.0419582681629318,2.129050718147899,0.8020372914427856,1.1723510522231,0.13682544830269097,,11.870949281852102,out,,,,
ell,32,14,0,1,0.9993977281025862,0.001204543794827595,-7.554030161662368,0.08214373546594154,1.4873337061608323,0.01104577071381975,124.37257138771236,21.554030161662368,out:alpha+cl;sweep=0.0,1.1672712636888096,7.998427922830615,0.02,RunDiagnostics { ResidualInf = 7.682743330406083E-14; Kappa1 = 726.1842669824138 }
ell,32,14,0,2,0.9969900914386847,0.0036107295329755873,-2.958621078655704,0.1487478630769315,1.2054966214582068,0.024678271250068107,75.13262055340157,16.958621078655703,out:alpha+cl;sweep=0.0,1.1672712636888096,7.998427922830615,0.02,RunDiagnostics { ResidualInf = 7.682743330406083E-14; Kappa1 = 726.1842669824138 }
ell,32,14,0,3,0.9921806183184889,0.006008216707415803,-0.7184294630611728,0.22645891727472378,1.1400364401913814,0.03972836468923878,68.7411190235033,14.718429463061172,out:alpha+cl;sweep=0.0,1.1672712636888096,7.998427922830615,0.02,RunDiagnostics { ResidualInf = 7.682743330406083E-14; Kappa1 = 726.1842669824138 }
ell,32,14,0,4,0.9849808951840058,0.008391229561550584,0.4277083731059962,0.3086077701405412,1.123017529227317,0.05496045468727034,67.07397024537065,13.572291626894003,out:alpha+cl;sweep=0.0,1.1672712636888096,7.998427922830615,0.02,RunDiagnostics { ResidualInf = 7.682743330406083E-14; Kappa1 = 726.1842669824138 }
Pell,32,14,0,32,0.024533837163708973,0.04906767432741807,2.7022643293639854,1.868902531732241,1.1746196531717803,0.3182140749451476,,11.297735670636015,out,,,,
Pell,32,14,0,31,0.07354240732848932,0.04894946600214264,2.701701834507118,1.86427135458106,1.1745367773432656,0.3174479319068977,,11.298298165492882,out,,,,
Pell,32,14,0,30,0.12237380739246115,0.04871333412580099,2.700565350579593,1.8550204061101674,1.174370166936054,0.3159174948985528,,11.299434649420407,out,,,,
Pell,32,14,0,29,0.17091039823574491,0.048359847560766556,2.6988314362404213,1.8411724842465085,1.1741180879928812,0.3136264576919918,,11.301168563759578,out,,,,
Pell,32,14,0,28,0.21903525095969603,0.04788985788713568,2.6964637681204002,1.8227617522656987,1.1737778980391045,0.3105803500493197,,11.3035362318796,out,,,,
Pell,32,14,0,27,0.26663242857886305,0.047304497351198294,2.693411663005694,1.799833700531173,1.173345995129026,0.3067865246914242,,11.306588336994306,out,,,,
Pell,32,14,0,26,0.313587265323341,0.046605176137757776,2.689607958372609,1.7724450990847602,1.1728177480754256,0.30225413999631456,,11.310392041627392,out,,,,
Pell,32,14,0,25,0.3597866428786548,0.045793578972869786,2.6849661048094093,1.740663944480578,1.172187406332696,0.29699413849299355,,11.315033895190592,out,,,,
Pell,32,14,0,24,0.4051192628976858,0.04487166106519214,2.679376260798557,1.7045694055149385,1.1714479877105195,0.2910192212368477,,11.320623739201443,out,,,,
Pell,32,14,0,23,0.4494759151281398,0.043841643395715835,2.672700094240284,1.6642517741014005,1.170591141932648,0.2843438181761256,,11.327299905759716,out,,,,
Pell,32,14,0,22,0.4927497405096097,0.042706007367223964,2.664763874619481,1.6198124296104541,1.1696069881500737,0.27698405464769915,,11.335236125380519,out,,,,
Pell,32,14,0,21,0.5348364886064119,0.041467488826380294,2.6553492677098136,1.5713638277306488,1.1684839250969332,0.2689577141765633,,11.344650732290187,out,,,,
Pell,32,14,0,20,0.5756347687560177,0.0401290714728314,2.6441809946868893,1.519029528586144,1.1672084140465566,0.2602841978014655,,11.35581900531311,out,,,,
Pell,32,14,0,19,0.6150462943280394,0.03869397967121202,2.6309101478173766,1.4629442838600608,1.1657647378086775,0.25098448021510766,,11.369089852182624,out,,,,
Pell,32,14,0,18,0.6529761195053319,0.037165670683373064,2.615091398541226,1.4032542096017426,1.1641347450073358,0.24108106310200372,,11.384908601458774,out,,,,
Pell,32,14,0,17,0.689332868016783,0.03554782633952902,2.5961514809116895,1.3401170810977716,1.1622976001513505,0.2305979261977769,,11.40384851908831,out,,,,
Pell,32,14,0,16,0.7240289532707531,0.03384434416841142,2.5733449993709034,1.273702799954869,1.1602295808964334,0.21956047681024687,,11.426655000629097,out,,,,
Pell,32,14,0,15,0.7569807893588479,0.03205932800777811,2.545691476642914,1.2041941033639345,1.1579040025430283,0.20799549888751437,,11.454308523357085,out,,,,
Pell,32,14,0,14,0.7881089924216909,0.03019707811790784,2.5118840603480934,1.1317876144903767,1.1552914218384476,0.19593110328636068,,11.488115939651907,out,,,,
Pell,32,14,0,13,0.8173385718915951,0.028262080821900515,2.470154410948551,1.056695376038868,1.1523604083772654,0.18339668186394717,,11.52984558905145,out,,,,
Pell,32,14,0,12,0.8445991111514086,0.02625899769772666,2.4180680295208186,0.9791470744534894,1.1490794351426514,0.17042286973518658,,11.581931970479182,out,,,,
Pell,32,14,0,11,0.8698249371743134,0.02419265434808293,2.352205743601375,0.8993932639093739,1.1454209631654515,0.1570415232184746,,11.647794256398626,out,,,,
Pell,32,14,0,10,0.8929552787358992,0.0220680287750884,2.2676521108091636,0.8177100621910799,1.141369874552634,0.14328572716387591,,11.732347889190837,out,,,,
Pell,32,14,0,9,0.913934412817365,0.0198902393878434,2.1571421863598563,0.7344060620242665,1.1369407371363949,0.12918985801740385,,11.842857813640144,out,,,,
Pell,32,14,0,8,0.9327117988471537,0.017664532671733957,2.0095722939333713,0.6498326779124739,1.1322137036597053,0.11478975670617492,,11.99042770606663,out,,,,
Pell,32,14,0,7,0.9492422004576148,0.015396270549188129,1.8072515400225788,0.5644000457512122,1.1274118958382109,0.10012313118828514,,12.192748459977421,out,,,,
Pell,32,14,0,6,0.9634857944633763,0.01309091746233515,1.5204652459003636,0.47860244842782523,1.1230781416312658,0.08523048053141831,,12.479534754099637,out,,,,
Pell,32,14,0,5,0.9754082667988873,0.010754027208686456,1.0957485887590255,0.39306157818200765,1.1205144441282673,0.07015734250312139,,12.904251411240974,out,,,,
ell,64,14,0,1,0.9998494093481021,0.00030118130379575003,-14.085974201661413,0.0394232377523961,1.4273632267276803,0.005523925096876194,238.72452609577886,28.085974201661415,out:alpha+cl;sweep=0.0,1.1630941465325957,7.99960269757012,0.08,RunDiagnostics { ResidualInf = 1.1368683772161603E-13; Kappa1 = 2790.7198611089634 }
ell,64,14,0,2,0.9992471374506884,0.000903362491031845,-7.5602240767722595,0.07066790837222671,1.1444874038159225,0.01234926800183339,142.67009253973748,21.560224076772258,out:alpha+cl;sweep=0.0,1.1630941465325957,7.99960269757012,0.08,RunDiagnostics { ResidualInf = 1.1368683772161603E-13; Kappa1 = 2790.7198611089634 }
ell,64,14,0,3,0.9980429564419313,0.001504999526482198,-4.0647450509063745,0.10695692481956627,1.0746972057411646,0.019904569258799455,129.61202748168517,18.064745050906375,out:alpha+cl;sweep=0.0,1.1630941465325957,7.99960269757012,0.08,RunDiagnostics { ResidualInf = 1.1368683772161603E-13; Kappa1 = 2790.7198611089634 }
ell,64,14,0,4,0.9962375916754436,0.0021057300064933893,-2.1741029817698987,0.14553308438533935,1.0551216246569122,0.027586030081159882,126.0467950897312,16.1741029817699,out:alpha+cl;sweep=0.0,1.1630941465325957,7.99960269757012,0.08,RunDiagnostics { ResidualInf = 1.1368683772161603E-13; Kappa1 = 2790.7198611089634 }
Pell,64,14,0,64,0.01227061426145604,0.024541228522912205,2.7084558959831173,1.8673030658258636,1.1733494564756157,0.318285921644294,,11.291544104016882,out,,,,
Pell,64,14,0,63,0.03680445142516507,0.024526445804505866,2.708336460745583,1.8661367556846657,1.1733232465958299,0.3180942269913939,,11.291663539254417,out,,,,
Pell,64,14,0,62,0.061316118963542665,0.02449688927224932,2.708096946824691,1.8638048437686696,1.173270751261169,0.31771095320755816,,11.291903053175309,out,,,,
Pell,64,14,0,61,0.08579085196461399,0.024452576729893316,2.7077360608361403,1.8603087465689032,1.1731918188836552,0.3171363312674769,,11.29226393916386,out,,,,
Pell,64,14,0,60,0.1102139077643884,0.02439353486965551,2.707251846364258,1.8556505882201542,1.1730862209826929,0.31637070746013507,,11.292748153635742,out,,,,
Pell,64,14,0,59,0.1345705748272889,0.024319799256145483,2.706641664060861,1.8498331997864563,1.1729536508551457,0.31541454318128076,,11.29335833593914,out,,,,
Pell,64,14,0,58,0.15884618160783143,0.024231414304939608,2.7059021646092796,1.8428601183211704,1.172793721782633,0.31426841465693456,,11.29409783539072,out,,,,
Pell,64,14,0,57,0.18302610538821473,0.024128433255826948,2.7050292541072603,1.834735585712855,1.1726059647590277,0.312933012598123,,11.29497074589274,out,,,,
Pell,64,14,0,56,0.20709578108649893,0.024010918140741466,2.704018051300002,1.8254645473313402,1.1723898257164946,0.3114091417870716,,11.295981948699998,out,,,,
Pell,64,14,0,55,0.23104071003006676,0.023878939746394212,2.7028628359345044,1.8150526504916789,1.172144662223378,0.309697720595136,,11.297137164065497,out,,,,
Pell,64,14,0,54,0.2548464686890811,0.02373257757163444,2.7015569873604752,1.8035062427574835,1.171869739621999,0.30779978043280243,,11.298443012639524,out,,,,
Pell,64,14,0,53,0.27849871736468024,0.023571919779563855,2.7000929123018835,1.790832370109085,1.1715642265686153,0.30571646513213174,,11.299907087698116,out,,,,
Pell,64,14,0,52,0.3019832088266768,0.023397063144429242,2.6984619605245923,1.777038775006582,1.1712271899315834,0.3034490302620769,,11.301538039475407,out,,,,
Pell,64,14,0,51,0.3252857968955557,0.023208112993328534,2.696654326864213,1.7621338943827825,1.1708575889968595,0.30099884237715074,,11.303345673135787,out,,,,
Pell,64,14,0,50,0.34839244496360405,0.023005183142768226,2.6946589378035157,1.7461268576068472,1.1704542689224897,0.29836737819997305,,11.305341062196485,out,,,,
Pell,64,14,0,49,0.3712892344500389,0.02278839583010156,2.692463320435584,1.7290274844657978,1.1700159533753305,0.2955562237382829,,11.307536679564416,out,,,,
Pell,64,14,0,48,0.39396237318503974,0.022557881639900024,2.6900534512628616,1.7108462832185487,1.1695412362740867,0.2925670733370542,,11.309946548737138,out,,,,
Pell,64,14,0,47,0.4163982037176358,0.022313779425292113,2.6874135817882774,1.6915944487854198,1.1690285725523608,0.2894017286664143,,11.312586418211723,out,,,,
Pell,64,14,0,46,0.4385832115424443,0.022056236224324843,2.684526037295511,1.6712838611459295,1.1684762678440548,0.28606209764612517,,11.31547396270449,out,,,,
Pell,64,14,0,45,0.4605040332403022,0.02178540717139099,2.6813709845392815,1.6499270840289586,1.167882466980728,0.2825501933074547,,11.318629015460719,out,,,,
Pell,64,14,0,44,0.4821474645278908,0.021501455403786285,2.6779261632187286,1.6275373639922228,1.16724514117618,0.27886813259333465,,11.322073836781271,out,,,,
Pell,64,14,0,43,0.5035004682115028,0.02120455196343768,2.674166575141354,1.6041286300034512,1.166562073757872,0.2750181350977812,,11.325833424858645,out,,,,
Pell,64,14,0,42,0.5245501820401594,0.02089487569387538,2.6700641237563154,1.5797154936532487,1.1658308442870913,0.27100252174563955,,11.329935876243685,out,,,,
Pell,64,14,0,41,0.5452839264533496,0.020572613132504913,2.6655871952693753,1.5543132501505104,1.1650488108903443,0.2668237134138072,,11.334412804730626,out,,,,
Pell,64,14,0,40,0.5656892122187236,0.020237958398243383,2.660700170743665,1.5279378802756864,1.1642130906029204,0.2624842294952036,,11.339299829256335,out,,,,
Pell,64,14,0,39,0.5857537479551393,0.019891113074588018,2.6553628563779434,1.5006060534961259,1.1633205375020776,0.2579866864068745,,11.344637143622057,out,,,,
Pell,64,14,0,38,0.6054654475365301,0.019532286088193462,2.6495298163918273,1.4723351324816947,1.1623677183815897,0.2533337960437657,,11.350470183608174,out,,,,
Pell,64,14,0,37,0.6248124373721361,0.019161693583018558,2.643149589568842,1.4431431792995488,1.1613508856921129,0.24852836417987495,,11.356850410431157,out,,,,
Pell,64,14,0,36,0.643783063558711,0.018779558790131157,2.6361637662283397,1.4130489636148569,1.1602659474427617,0.24357328881869397,,11.36383623377166,out,,,,
Pell,64,14,0,35,0.6623658989003975,0.018386111893241908,2.628505897093248,1.3820719732818982,1.1591084337298694,0.23847155849510288,,11.371494102906752,out,,,,
Pell,64,14,0,34,0.6805497497920427,0.0179815898900485,2.620100198788743,1.3502324277786333,1.1578734595298668,0.2332262505311885,,11.379899801211257,out,,,,
Pell,64,14,0,33,0.6983236629618073,0.01756623644948052,2.6108600121999896,1.3175512950204498,1.1565556833670088,0.22784052924883727,,11.38913998780001,out,,,,
Pell,64,14,0,32,0.7156769320690071,0.01714030176491932,2.6006859590008253,1.284050312188018,1.155149261446237,0.22231764414243715,,11.399314040999174,out,,,,
Pell,64,14,0,31,0.7325991041532128,0.016704042403492103,2.5894637278737744,1.2497520113253235,1.1536477968331493,0.21666092801563658,,11.410536272126226,out,,,,
Pell,64,14,0,30,0.7490799859307218,0.016257721151525684,2.577061403584625,1.2146797506077451,1.1520442832711422,0.2108737950868962,,11.422938596415374,out,,,,
Pell,64,14,0,29,0.7651096499346108,0.015801606856252426,2.5633262289800482,1.1788577523601074,1.150331043268737,0.20495973906960036,,11.43667377101995,out,,,,
Pell,64,14,0,28,0.7806784404946716,0.015335974263869234,2.5480806588213833,1.142311149119573,1.1484996601781199,0.19892233123384867,,11.451919341178616,out,,,,
Pell,64,14,0,27,0.7957769795536256,0.014861103854038604,2.5311175237086205,1.1050660393053977,1.1465409041530819,0.19276521845885292,,11.46888247629138,out,,,,
Pell,64,14,0,26,0.8103961723161142,0.014377281670938769,2.512194067776029,1.0671495543856224,1.1444446521595038,0.18649212128729342,,11.48780593222397,out,,,,
Pell,64,14,0,25,0.8245272127270644,0.013884799150961746,2.4910245502911987,1.0285899398375073,1.1421998026800533,0.18010683199629834,,11.508975449708801,out,,,,
Pell,64,14,0,24,0.8381615887761262,0.01338395294716177,2.4672710009880356,0.9894166527051796,1.13979418650642,0.17361321270427563,,11.532728999011965,out,,,,
Pell,64,14,0,23,0.8512910876249895,0.01287504475056489,2.4405315806459593,0.9496604791931422,1.137214476203,0.1670151935392039,,11.55946841935404,out,,,,
Pell,64,14,0,22,0.8639078005544917,0.012358381108439342,2.410325805219057,0.9093536765359731,1.1344460987004952,0.1603167709030222,,11.589674194780944,out,,,,
Pell,64,14,0,21,0.8760041277285331,0.011834273239643589,2.376075618280621,0.868530144404674,1.1314731584278683,0.1535220058797432,,11.623924381719378,out,,,,
Pell,64,14,0,20,0.8875727827719351,0.011303036847160275,2.337080903394753,0.8272256324199941,1.1282783830495917,0.1466350228538651,,11.662919096605247,out,,,,
Pell,64,14,0,19,0.8986067971594793,0.010764991927928125,2.292487453696866,0.7854779920435979,1.1248431112845825,0.13966000843381152,,11.707512546303134,out,,,,
Pell,64,14,0,18,0.909099524413487,0.010220462580087353,2.2412445616782493,0.7433274833533394,1.121147354189953,0.13260121081771725,,11.758755438321751,out,,,,
Pell,64,14,0,17,0.9190446441074087,0.009669776807756048,2.182048096104532,0.7008171501920522,1.1171699806863582,0.12546293980464632,,11.817951903895468,out,,,,
Pell,64,14,0,16,0.9284361656730128,0.009113266323452107,2.1132629230546134,0.6579932812308846,1.1128891102188267,0.1182495677581936,,11.886737076945387,out,,,,
Pell,64,14,0,15,0.9372684320088798,0.00855126634828185,2.032815334115539,0.6149059801071469,1.1082828497059989,0.11096553199758832,,11.96718466588446,out,,,,
Pell,64,14,0,14,0.9455361228880287,0.00798411541001598,1.9380409290270666,0.5716098757842921,1.1033306057811616,0.10361533937139188,,12.061959070972934,out,,,,
Pell,64,14,0,13,0.9532342581626227,0.00741215513917215,1.825464616910614,0.5281650159737568,1.0980153702029445,0.09620357424980978,,12.174535383089387,out,,,,
Pell,64,14,0,12,0.9603582007638243,0.006835730063231016,1.69047408549352,0.4846380041838612,1.0923276827796171,0.08873491202760984,,12.30952591450648,out,,,,
Pell,64,14,0,11,0.9669036594949919,0.006255187399104134,1.5268203018183852,0.44110346899864694,1.0862725607483144,0.08121414181626357,,12.473179698181614,out,,,,
Pell,64,14,0,10,0.9728666916165363,0.005670876843984485,1.3258258534107554,0.3976460009273003,1.0798818498833218,0.0736462050862814,,12.674174146589245,out,,,,
Pell,64,14,0,9,0.9782437052208794,0.005083150364701972,1.0750764862248607,0.35436277537272365,1.0732369077550046,0.06603626334729379,,12.92492351377514,out,,,,
Pell,64,14,0,8,0.9830314613960858,0.004492361985710791,0.7561480950834958,0.3113672410747182,1.0665120440211653,0.058389821815934224,,13.243851904916504,out,,,,
Pell,64,14,0,7,0.9872270761768611,0.003898867575839793,0.34042137901530795,0.26879459597745514,1.060062551328956,0.05071296889801052,,13.659578620984693,out,,,,
Pell,64,14,0,6,0.9908280222817455,0.0033030246339289526,-0.21913688689942784,0.22681057980762948,1.0546171005047227,0.043012877318048724,,14.219136886899427,out,,,,
Pell,64,14,0,5,0.9938321306354534,0.0027051920734868506,-1.0051308587574697,0.18562713794468394,1.0517425839826913,0.035298967783877214,,15.00513085875747,out,,,,
ell,128,14,0,1,0.9999623509195723,7.529816085549701E-05,-22.371560977828697,0.018996318894313618,1.3755019906866903,0.002762092533916306,460.10594256653343,36.37156097782869,out:alpha+cl;sweep=0.0,1.1610842110003547,7.99990013806961,0.34,RunDiagnostics { ResidualInf = 8.060219158778636E-13; Kappa1 = 11025.603250611575 }
ell,128,14,0,2,0.9998117602676744,0.00022588314294025302,-14.270522307614222,0.03366570338099978,1.0902280552806232,0.0061759011278304105,271.81700974076557,28.270522307614222,out:alpha+cl;sweep=0.0,1.1610842110003547,7.99990013806961,0.34,RunDiagnostics { ResidualInf = 8.060219158778636E-13; Kappa1 = 11025.603250611575 }
ell,128,14,0,3,0.9995106016422769,0.0003764341078547062,-9.334822656204636,0.05049158286185693,1.0141582888909968,0.009957337708509099,244.62609256235632,23.334822656204636,out:alpha+cl;sweep=0.0,1.1610842110003547,7.99990013806961,0.34,RunDiagnostics { ResidualInf = 8.060219158778636E-13; Kappa1 = 11025.603250611575 }
ell,128,14,0,4,0.999058920396761,0.0005269283831771387,-6.469846026016996,0.06832719501085958,0.9898000762548747,0.013806261819940546,236.49107715727013,20.469846026016995,out:alpha;sweep=0.0,1.1610842110003547,7.99990013806961,0.34,RunDiagnostics { ResidualInf = 8.060219158778636E-13; Kappa1 = 11025.603250611575 }
Pell,128,14,0,128,0.006135769142859881,0.012271538285719884,2.7115543360902645,1.866536132493712,1.1728013171225786,0.31830389431573697,,11.288445663909735,out,,,,
Pell,128,14,0,127,0.018406383404315982,0.01226969023719232,2.711527151003324,1.8662435262455095,1.1727940755574005,0.3182559607249942,,11.288472848996676,out,,,,
Pell,128,14,0,126,0.030674225732135504,0.012265994418446724,2.7114727429414565,1.8656583578866928,1.1727795870147453,0.3181601007629468,,11.288527257058544,out,,,,
Pell,128,14,0,125,0.042937448634388434,0.012260451386059142,2.711391036033204,1.8647807156884801,1.1727578406617634,0.31801632886738535,,11.288608963966796,out,,,,
Pell,128,14,0,124,0.05519420531481327,0.012253061974790522,2.7112819162263317,1.8636107320477944,1.1727288202285118,0.31782466669228115,,11.288718083773668,out,,,,
Pell,128,14,0,123,0.06744264995093793,0.0122438272974588,2.711145230996577,1.8621485834754306,1.1726925039831144,0.31758514310452923,,11.288854769003423,out,,,,
Pell,128,14,0,122,0.07968093797205354,0.012232748744772426,2.7109807889550406,1.860394490580312,1.1726488646985256,0.3172977941796068,,11.289019211044959,out,,,,
Pell,128,14,0,121,0.0919072263370002,0.01221982798512089,2.7107883593536943,1.8583487180498868,1.1725978696108315,0.3169626631961469,,11.289211640646306,out,,,,
Pell,128,14,0,120,0.10411967381172185,0.012205066964322414,2.7105676714893754,1.8560115746267245,1.1725394803689744,0.31657980062942964,,11.289432328510625,out,,,,
Pell,128,14,0,119,0.1163164412465496,0.012188467905333095,2.7103184139976544,1.8533834130813571,1.1724736529757718,0.3161492641437898,,11.289681586002345,out,,,,
Pell,128,14,0,118,0.12849569185317114,0.012170033307909958,2.7100402340508145,1.8504646301815089,1.1724003377201109,0.3156711185839446,,11.289959765949185,out,,,,
Pell,128,14,0,117,0.14065559148124387,0.012149765948235525,2.709732736425117,1.8472556666576587,1.1723194791000584,0.3151454359652407,,11.290267263574883,out,,,,
Pell,128,14,0,116,0.15279430889461146,0.012127668878499642,2.7093954824667885,1.8437570071651856,1.172231015736784,0.3145722954628234,,11.290604517533211,out,,,,
Pell,128,14,0,115,0.16491001604708128,0.012103745426439966,2.709027988934615,1.8399691802431335,1.172134880279022,0.3139517833997289,,11.290972011065385,out,,,,
Pell,128,14,0,114,0.1770008883577211,0.012077999194839678,2.7086297267134976,1.8358927582697109,1.1720309992978208,0.3132839932339022,,11.291370273286503,out,,,,
Pell,128,14,0,113,0.18906510498563456,0.01205043406098727,2.708200119402164,1.8315283574146979,1.1719192931713232,0.3125690255441415,,11.291799880597836,out,,,,
Pell,128,14,0,112,0.2011008491041733,0.012021054176090257,2.707738541763247,1.826876637588897,1.171799675959264,0.311806988014973,,11.292261458236753,out,,,,
Pell,128,14,0,111,0.21310630817454407,0.01198986396465121,2.707244318030091,1.821938302390784,1.1716720552668505,0.3109979954204565,,11.29275568196991,out,,,,
Pell,128,14,0,110,0.2250796742187704,0.011956868123801478,2.70671672006187,1.8167140990505444,1.1715363320976615,0.310142169606926,,11.29328327993813,out,,,,
Pell,128,14,0,109,0.2370191440919675,0.011922071622592734,2.7061549653412036,1.8112048183717018,1.1713924006951744,0.309239639474667,,11.293845034658796,out,,,,
Pell,128,14,0,108,0.2489229197538892,0.011885479701250645,2.7055582148066453,1.8054112946705583,1.1712401483725017,0.3082905409585336,,11.294441785193355,out,,,,
Pell,128,14,0,107,0.26078920853970644,0.011847097870383794,2.7049255705057056,1.7993344057136564,1.171079455329854,0.3072950170075085,,11.295074429494294,out,,,,
Pell,128,14,0,106,0.2726162234299756,0.011806931910154639,2.7042560730568668,1.7929750726535088,1.170910194459229,0.3062532175632091,,11.295743926943134,out,,,,
Pell,128,14,0,105,0.28440218331975753,0.011764987869409216,2.703548698921362,1.786334259962929,1.1707322311358244,0.3051652995373431,,11.296451301078637,out,,,,
Pell,128,14,0,104,0.2961453132868451,0.01172127206476592,2.7028023574560573,1.7794129753681787,1.1705454229955465,0.30403142678811684,,11.297197642543942,out,,,,
Pell,128,14,0,103,0.30784384485905975,0.011675791079663322,2.7020158877419447,1.7722122697812863,1.1703496196980165,0.30285177009560055,,11.297984112258055,out,,,,
Pell,128,14,0,102,0.3194960162805771,0.011628551763371464,2.701188055172665,1.764733237231875,1.1701446626743992,0.3016265071360538,,11.298811944827335,out,,,,
Pell,128,14,0,101,0.3311000727772414,0.01157956122995707,2.7003175477893517,1.7569770147988792,1.1699303848593445,0.300355822455216,,11.299682452210648,out,,,,
Pell,128,14,0,100,0.34265426682082717,0.011528826857214458,2.6994029723348905,1.7489447825425053,1.1697066104062452,0.2990399074405654,,11.300597027665109,out,,,,
Pell,128,14,0,99,0.3541568583922113,0.011476356285553768,2.6984428500188007,1.7406377634369028,1.1694731543850132,0.29767896029255086,,11.3015571499812,out,,,,
Pell,128,14,0,98,0.3656061152434128,0.011422157416849321,2.6974356119669185,1.7320572233039875,1.169229822461472,0.29627318599480246,,11.302564388033081,out,,,,
Pell,128,14,0,97,0.3770003131584636,0.011366238413252239,2.696379594330949,1.7232044707488932,1.1689764105574123,0.2948227962833235,,11.30362040566905,out,,,,
Pell,128,14,0,96,0.3883377362130689,0.011308607695958262,2.6952730330369747,1.7140808570975978,1.1687127044903052,0.2933280096146703,,11.304726966963026,out,,,,
Pell,128,14,0,95,0.39961667703301884,0.011249273943941762,2.6941140581384695,1.7046877763372705,1.1684384795915657,0.2917890511331249,,11.305885941861531,out,,,,
Pell,128,14,0,94,0.41083543705131337,0.011188246092647236,2.692900687765179,1.6950266650600219,1.1681535003022567,0.2902061526368646,,11.307099312234822,out,,,,
Pell,128,14,0,93,0.4219923267639594,0.011125533332644877,2.6916308215954863,1.685099002410561,1.1678575197448762,0.28857955254313533,,11.308369178404513,out,,,,
Pell,128,14,0,92,0.4330856659844046,0.011061145108245518,2.690302233861837,1.674906310038635,1.1675502792700114,0.2869094958524336,,11.309697766138163,out,,,,
Pell,128,14,0,91,0.44411378409656704,0.010995091116079325,2.68891256581998,1.664450152056907,1.167231507976357,0.2851962341117031,,11.31108743418002,out,,,,
Pell,128,14,0,90,0.4550750203064234,0.010927381303633354,2.687459317652448,1.6537321350051102,1.1669009222025828,0.283440025376552,,11.312540682347553,out,,,,
Pell,128,14,0,89,0.4659677238921189,0.010858025867757637,2.685939839753018,1.6427539078213538,1.1665582249894058,0.28164113417249664,,11.314060160246981,out,,,,
Pell,128,14,0,88,0.47679025445256024,0.010787035253125077,2.6843513233553242,1.631517161821565,1.166203105510139,0.27979983145523885,,11.315648676644676,out,,,,
Pell,128,14,0,87,0.4875409821544534,0.010714420150661208,2.682690790428103,1.6200236306880043,1.1658352384677781,0.2779163945699826,,11.317309209571897,out,,,,
Pell,128,14,0,86,0.4982182879777507,0.010640191495933482,2.6809550828008684,1.608275090468042,1.1654542834566735,0.27599110720979747,,11.319044917199133,out,,,,
Pell,128,14,0,85,0.5088205639594696,0.010564360467504197,2.679140850435322,1.596273359584315,1.1650598842865765,0.27402425937303504,,11.320859149564678,out,,,,
Pell,128,14,0,84,0.5193462134358452,0.010486938485247066,2.6772445387781922,1.5840202988575611,1.16465166826677,0.27201614731980656,,11.322755461221808,out,,,,
Pell,128,14,0,83,0.5297936512827829,0.010407937208628315,2.6752623751124247,1.5715178115435053,1.1642292454477854,0.2699670735275283,,11.324737624887575,out,,,,
Pell,128,14,0,82,0.5401613041545716,0.0103273685349492,2.673190353822812,1.5587678433852914,1.1637922078180551,0.2678773466455424,,11.326809646177189,out,,,,
Pell,128,14,0,81,0.550447610720824,0.010245244597555714,2.6710242204732313,1.5457723826830447,1.1633401284526281,0.2657472814488217,,11.328975779526768,out,,,,
Pell,128,14,0,80,0.5606510219016076,0.010161577764011387,2.6687594545898548,1.532533460382299,1.162872560610878,0.2635771987907654,,11.331240545410145,out,,,,
Pell,128,14,0,79,0.5707700011007293,0.010076380634231996,2.666391251044426,1.5190531501832116,1.1623890367799476,0.2613674255550957,,11.333608748955573,out,,,,
Pell,128,14,0,78,0.580803024437142,0.009989666038593525,2.6639144998858013,1.505333568672498,1.1618890676603235,0.2591182946068617,,11.336085500114198,out,,,,
Pell,128,14,0,77,0.5907485809744362,0.009901447035994493,2.6613237644976464,1.491376875480372,1.1613721410898068,0.25683014474256216,,11.338676235502353,out,,,,
Pell,128,14,0,76,0.6006051729483795,0.009811736911892077,2.6586132579134585,1.477185273464823,1.1608377209017648,0.25450332063939346,,11.341386742086542,out,,,,
Pell,128,14,0,75,0.6103713159924762,0.009720549176301385,2.655776817116736,1.4627610089258136,1.1602852457132808,0.2521381728036345,,11.344223182883264,out,,,,
Pell,128,14,0,74,0.6200455393615065,0.009627897561759413,2.6528078751261983,1.4481063718521743,1.1597141276384653,0.24973505751817723,,11.347192124873802,out,,,,
Pell,128,14,0,73,0.6296263861530158,0.009533796021259144,2.6496994306666988,1.4332236962042808,1.159123750921899,0.2472943367892132,,11.350300569333301,out,,,,
Pell,128,14,0,72,0.6391124135267183,0.009438258726145898,2.6464440151647644,1.418115360235724,1.1585134704866777,0.24481637829208677,,11.353555984835236,out,,,,
Pell,128,14,0,71,0.6485021929217839,0.009341300063985258,2.643033656821541,1.4027837868576154,1.1578826103912334,0.24230155531632575,,11.35696634317846,out,,,,
Pell,128,14,0,70,0.6577943102719742,0.009242934636395361,2.6394598414597925,1.3872314440493902,1.1572304621885783,0.23975024670986095,,11.360540158540207,out,,,,
Pell,128,14,0,69,0.6669873662185952,0.009143177256846546,2.6357134698126483,1.3714608453203274,1.1565562831811451,0.2371628368224468,,11.364286530187352,out,,,,
Pell,128,14,0,68,0.6760799763212357,0.009042042948434692,2.6317848108926167,1.3554745502264156,1.1558592945638957,0.23453971544829502,,11.368215189107383,out,,,,
Pell,128,14,0,67,0.68507077126626,0.008939546941613807,2.62766345103064,1.3392751649475827,1.155138679447785,0.2318812777679342,,11.37233654896936,out,,,,
Pell,128,14,0,66,0.6939583970730199,0.008835704671905864,2.623338238109479,1.3228653429307127,1.1543935807550003,0.22918792428931006,,11.37666176189052,out,,,,
Pell,128,14,0,65,0.7027415152977601,0.008730531777574657,2.6187972205031724,1.3062477856045065,1.1536230989768619,0.22646006078813888,,11.381202779496828,out,,,,
Pell,128,14,0,64,0.711418803235183,0.008624044097271133,2.6140275801165282,1.2894252431726216,1.1528262897843842,0.22369809824753142,,11.385972419883473,out,,,,
Pell,128,14,0,63,0.7199889541176427,0.008516257667648186,2.609015558897514,1.2724005154922902,1.152002161480878,0.2209024527969014,,11.390984441102486,out,,,,
Pell,128,14,0,62,0.7284506773119397,0.008407188720945924,2.6037463780705963,1.2551764530461424,1.1511496722849957,0.21807354565017717,,11.396253621929404,out,,,,
Pell,128,14,0,61,0.7368026985136857,0.00829685368254618,2.5982041492829997,1.2377559580158233,1.1502677274318427,0.2152118030433336,,11.401795850717,out,,,,
Pell,128,14,0,60,0.745043759939209,0.008185269168500264,2.5923717767216816,1.2201419854667208,1.149355176078717,0.2123176561712644,,11.40762822327832,out,,,,
Pell,128,14,0,59,0.7531726205149718,0.00807245198302542,2.5862308491449966,1.202337544654045,1.1484108080010134,0.2093915411240163,,11.413769150855003,out,,,,
Pell,128,14,0,58,0.7611880560644717,0.007958419115974391,2.579761520642082,1.184345700461532,1.147433350062742,0.20643389882240595,,11.420238479357918,out,,,,
Pell,128,14,0,57,0.769088859492598,0.007843187740278035,2.572942378759734,1.1661695749851186,1.1464214624448696,0.20344517495304634,,11.427057621240266,out,,,,
Pell,128,14,0,56,0.7768738409674157,0.007726775209357495,2.5657502984356113,1.147812349275112,1.1453737346133506,0.20042581990280833,,11.434249701564388,out,,,,
Pell,128,14,0,55,0.7845418280993504,0.007609199054511739,2.5581602800056884,1.1292772652518939,1.1442886810075006,0.1973762886927467,,11.441839719994311,out,,,,
Pell,128,14,0,54,0.7920916661177448,0.007490476982277228,2.550145269248745,1.1105676278115368,1.1431647364277169,0.19429704091152375,,11.449854730751255,out,,,,
Pell,128,14,0,53,0.7995222180447641,0.0073706268717613765,2.5416759571675005,1.0916868071394967,1.1420002511001197,0.19118854064836593,,11.4583240428325,out,,,,
Pell,128,14,0,52,0.8068323648666198,0.007249666771949825,2.5327205568718725,1.072638241252433,1.1407934853940687,0.18805125642559353,,11.467279443128128,out,,,,
Pell,128,14,0,51,0.8140210057020891,0.007127614898988943,2.5232445545005397,1.0534254387902389,1.1395426041667522,0.18488566113076862,,11.47675544549946,out,,,,
Pell,128,14,0,50,0.8210870579683043,0.007004489633441469,2.5132104306911778,1.0340519820827985,1.1382456707074158,0.1816922319485105,,11.486789569308822,out,,,,
Pell,128,14,0,49,0.8280294575437852,0.006880309517520278,2.5025773485208704,1.0145215305185424,1.1369006402519348,0.17847145029203723,,11.49742265147913,out,,,,
Pell,128,14,0,48,0.8348471589286917,0.006755093252292732,2.491300803219375,0.9948378242448659,1.1355053530367556,0.17522380173449761,,11.508699196780626,out,,,,
Pell,128,14,0,47,0.8415391354022725,0.006628859694869038,2.479332228172982,0.9750046882337533,1.1340575268594972,0.17194977594016717,,11.520667771827018,out,,,,
Pell,128,14,0,46,0.848104379177486,0.006501627855557968,2.4666185508454563,0.955026036749739,1.13255474911201,0.16864986659559478,,11.533381449154543,out,,,,
Pell,128,14,0,45,0.8545419015527685,0.0063734168950069225,2.4531016911303714,0.9349058782614414,1.1309944682502517,0.16532457134079945,,11.546898308869629,out,,,,
Pell,128,14,0,44,0.8608507330609294,0.006244246121314689,2.4387179933781122,0.914648320842757,1.1293739846645086,0.16197439170063088,,11.561282006621887,out,,,,
Pell,128,14,0,43,0.8670299236151491,0.006114134987124653,2.423397581777635,0.8942575781151448,1.1276904409130095,0.15859983301643119,,11.576602418222365,out,,,,
Pell,128,14,0,42,0.8730785426520589,0.005983103086695141,2.407063626871928,0.8737379757885041,1.1259408112823575,0.15520140437815477,,11.592936373128072,out,,,,
Pell,128,14,0,41,0.8789956792718807,0.005851170152948448,2.389631508747235,0.8530939588651896,1.1241218906398165,0.151779618557136,,11.610368491252764,out,,,,
Pell,128,14,0,40,0.8847804423756044,0.005718356054498885,2.3710078596469266,0.8323300995796138,1.1222302825456076,0.14833499193972924,,11.628992140353073,out,,,,
Pell,128,14,0,39,0.8904319607991845,0.0055846807926613895,2.3510894653903924,0.8114511061549907,1.1202623865987924,0.1448680444620875,,11.648910534609607,out,,,,
Pell,128,14,0,38,0.8959493834447345,0.005450164498438714,2.329762000829951,0.7904618324692864,1.1182143849988821,0.14137929954640613,,11.670237999170048,out,,,,
Pell,128,14,0,37,0.9013318794086986,0.0053148274294894104,2.3068985694634576,0.7693672887345092,1.1160822283181764,0.1378692840390207,,11.693101430536542,out,,,,
Pell,128,14,0,36,0.9065786381069829,0.005178689967079042,2.2823580109655217,0.7481726533074928,1.1138616204986675,0.13433852815083827,,11.717641989034478,out,,,,
Pell,128,14,0,35,0.9116888693970265,0.005041772613008311,2.2559829324963894,0.7268832857666431,1.1115480031144198,0.13078756540068556,,11.744017067503611,out,,,,
Pell,128,14,0,34,0.9166618036967942,0.004904095986526968,2.2275974096828857,0.7055047414081486,1.1091365389786634,0.12721693256229843,,11.772402590317114,out,,,,
Pell,128,14,0,33,0.9214966921006722,0.004765680821229079,2.1970042906496725,0.6840427873376251,1.1066220952290347,0.12362716961584806,,11.802995709350327,out,,,,
Pell,128,14,0,32,0.9261928064922511,0.00462654796192874,2.1639820204951645,0.6625034203595578,1.1039992261001337,0.1200188197051269,,11.836017979504835,out,,,,
Pell,128,14,0,31,0.9307494396539772,0.0044867183615233674,2.12828088320748,0.6408928868984055,1.1012621556988536,0.11639242910180622,,11.87171911679252,out,,,,
Pell,128,14,0,30,0.9351659053736568,0.004346213077836003,2.089618531693477,0.6192177052228235,1.0984047612465888,0.11274854717855887,,11.910381468306523,out,,,,
Pell,128,14,0,29,0.9394415385477978,0.0042050532704458465,2.047674642358428,0.5974846902896465,1.0954205574608662,0.10908772639333848,,11.952325357641572,out,,,,
Pell,128,14,0,28,0.943575695281771,0.004063260197500584,2.0020844858827673,0.5757009815791088,1.0923026830423008,0.1054105222877703,,11.997915514117233,out,,,,
Pell,128,14,0,27,0.947567752986779,0.003920855212515395,1.9524311465635809,0.553874074359565,1.0890438906470414,0.10171749350349653,,12.047568853436418,out,,,,
Pell,128,14,0,26,0.9514171104736153,0.0037778597611571874,1.8982360435348584,0.532011854902115,1.0856365423135292,0.09800920182151923,,12.101763956465142,out,,,,
Pell,128,14,0,25,0.9551231880432014,0.0036342953780149623,1.838947300606094,0.5101226402672596,1.0820726131541807,0.09428621223122557,,12.161052699393906,out,,,,
Pell,128,14,0,24,0.9586854275738873,0.003490183683356962,1.7739253662139736,0.48821522341268875,1.0783437073357176,0.09054909303805009,,12.226074633786027,out,,,,
Pell,128,14,0,23,0.9621032926055029,0.0033455463798740537,1.7024250847752147,0.4662989245312588,1.074441092136029,0.08679841602190384,,12.297574915224786,out,,,,
Pell,128,14,0,22,0.9653762684201459,0.0032004052494122304,1.6235731410864775,0.4443836497312608,1.0703557584561134,0.08303475666300746,,12.376426858913522,out,,,,
Pell,128,14,0,21,0.968503862119698,0.0030547821496919036,1.5363394034842226,0.4224799584312613,1.066078520013633,0.0792586944582391,,12.463660596515778,out,,,,
Pell,128,14,0,20,0.971485602700052,0.0029086990110160915,1.4395001221519175,0.40059914117827095,1.0616001692317882,0.07547081336058166,,12.560499877848082,out,,,,
Pell,128,14,0,19,0.9743210411220442,0.0027621778329683933,1.3315901061821411,0.37875331003677687,1.0569117166625328,0.07167170238831047,,12.66840989381786,out,,,,
Pell,128,14,0,18,0.977009750379078,0.0026152406810990847,1.2108397613235595,0.356955504274163,1.0520047544524387,0.06786195647185186,,12.789160238676441,out,,,,
Pell,128,14,0,17,0.979551325561429,0.002467909683602887,1.0750909772752157,0.33521981483620134,1.046872005899583,0.0640421776391174,,12.924909022724783,out,,,,
Pell,128,14,0,16,0.9819453839172234,0.0023202070279858544,0.921682892485876,0.31356153213927734,1.0415081577614622,0.06021297669203523,,13.078317107514124,out,,,,
Pell,128,14,0,15,0.9841915649100788,0.0021721549577249366,0.7472937898824236,0.29199732311803045,1.0359111288400449,0.05637497561108213,,13.252706210117577,out,,,,
Pell,128,14,0,14,0.9862895302733998,0.002023775768917213,0.5477174002745147,0.27054544545776504,1.0300840242704004,0.052528811064590585,,13.452282599725486,out,,,,
Pell,128,14,0,13,0.9882389640613197,0.0018750918069225797,0.3175380199564104,0.249226009924312,1.0240381918459547,0.048675139640065854,,13.68246198004359,out,,,,
Pell,128,14,0,12,0.9900395726962805,0.0017261254629989953,0.04964371642570044,0.22806130668048272,1.0177980987773285,0.04481464584271687,,13.9503562835743,out,,,,
Pell,128,14,0,11,0.991691085013245,0.0015768991709299574,-0.26553033899905293,0.2070762210280363,1.011409321134225,0.04094805469971639,,14.265530338999053,out,,,,
Pell,128,14,0,10,0.993193252300533,0.0014274354036460934,-0.6412275398463728,0.18629878458500942,1.0049520933404807,0.0370761523498595,,14.641227539846373,out,,,,
Pell,128,14,0,9,0.9945458483372764,0.0012777566698407572,-1.0964430461667938,0.16576095409844158,0.9985653434200221,0.03319982116157185,,15.096443046166794,out,,,,
Pell,128,14,0,8,0.9957486694274874,0.0011278855105811836,-1.659586750343763,0.145499811255295,0.9924918202548179,0.029320102853429775,,15.659586750343763,out,,,,
Pell,128,14,0,7,0.9968015344307342,0.0009778444959122057,-2.375259171099295,0.12555959241148174,0.9871689225839287,0.0254383195295143,,16.375259171099295,out,,,,
Pell,128,14,0,6,0.9977042847894197,0.0008276562214589722,-3.317352771160465,0.10599546077682245,0.9834279089463464,0.021556325545079753,,17.317352771160465,out,,,,
Pell,128,14,0,5,0.9984567845526608,0.0006773433050232258,-4.613018592473583,0.0868814206011401,0.9829832560813131,0.017677090644960734,,18.613018592473583,out,,,,
ell,256,14,0,1,0.9999905876413006,1.882471739889091E-05,-31.63284243517427,0.0092437999034506,1.338650466334573,0.0013810625157083041,895.560294427741,45.63284243517427,out:alpha+cl;sweep=0.0,1.1600924452651438,7.999974967424271,2.41,RunDiagnostics { ResidualInf = 3.906208689841151E-12; Kappa1 = 43921.60962952892 }
ell,256,14,0,2,0.9999529385608728,5.64734434566061E-05,-22.565770662864853,0.016221441429140615,1.0505744176430731,0.0030881089729050985,523.8632499976623,36.56577066286485,out:alpha+cl;sweep=0.0,1.1600924452651438,7.999974967424271,2.41,RunDiagnostics { ResidualInf = 3.906208689841151E-12; Kappa1 = 43921.60962952892 }
ell,256,14,0,3,0.999877641817484,9.41200433210998E-05,-16.59293072926165,0.024073790432661994,0.9669546866071688,0.004979300636544124,466.48224327012736,30.59293072926165,out:alpha;sweep=0.0,1.1600924452651438,7.999974967424271,2.41,RunDiagnostics { ResidualInf = 3.906208689841151E-12; Kappa1 = 43921.60962952892 }
ell,256,14,0,4,0.9997647002460138,0.00013176309961915322,-12.833135243348556,0.03232516192736929,0.9363115741169529,0.006904787427808004,447.42440176956484,26.833135243348558,out:alpha;sweep=0.0,1.1600924452651438,7.999974967424271,2.41,RunDiagnostics { ResidualInf = 3.906208689841151E-12; Kappa1 = 43921.60962952892 }
Pell,256,14,0,256,0.0030679423245771656,0.0061358846491544545,2.713112437908143,1.8661576843822338,1.172546972516467,0.3183083881709525,,11.286887562091858,out,,,,
Pell,256,14,0,255,0.009203711467437108,0.00613565363656543,2.7131059772705797,1.8660844058690644,1.1725450752958897,0.31829640415284866,,11.28689402272942,out,,,,
Pell,256,14,0,254,0.01533913409576226,0.006135191620084872,2.7130930537032563,1.8659378515971246,1.1725412804946862,0.31827243656784515,,11.286906946296744,out,,,,
Pell,256,14,0,253,0.021473979214358417,0.006134498617107447,2.7130736626107343,1.8657180270751235,1.172535587392601,0.3182364863183335,,11.286926337389266,out,,,,
Pell,256,14,0,252,0.0276080158497743,0.006133574653724317,2.713047797100141,1.8654249405659775,1.1725279949089091,0.31818855475785857,,11.286952202899858,out,,,,
Pell,256,14,0,251,0.03374101305899766,0.006132419764722407,2.7130154479784996,1.865058603086622,1.1725185016019917,0.3181286436910675,,11.2869845520215,out,,,,
Pell,256,14,0,250,0.039872739938149854,0.006131033993581968,2.7129766037313128,1.8646190284077253,1.1725071056687577,0.318056755373642,,11.287023396268687,out,,,,
Pell,256,14,0,249,0.04600296563117942,0.006129417392477174,2.7129312505387535,1.8641062330534277,1.1724938049439724,0.3179728925122131,,11.287068749461246,out,,,,
Pell,256,14,0,248,0.05213145933855396,0.006127570022271905,2.7128793722471234,1.8635202363009191,1.1724785968993865,0.31787705826425977,,11.287120627752877,out,,,,
Pell,256,14,0,247,0.05825799032594922,0.006125491952518616,2.7128209503664147,1.8628610601800142,1.1724614786427587,0.31776925623798946,,11.287179049633586,out,,,,
Pell,256,14,0,246,0.06438232793293626,0.006123183261455452,2.712755964059667,1.8621287294726534,1.1724424469167287,0.31764949049220303,,11.287244035940333,out,,,,
Pell,256,14,0,245,0.07050424158166566,0.006120644036003348,2.712684390123039,1.8613232717123231,1.1724214980975347,0.31751776553614136,,11.287315609876961,out,,,,
Pell,256,14,0,244,0.07662350078554866,0.0061178743717626854,2.7126062029751044,1.8604447171834433,1.172398628193605,0.31737408632931585,,11.287393797024896,out,,,,
Pell,256,14,0,243,0.08273987515793488,0.0061148743730097405,2.712521374644749,1.8594930989206886,1.1723738328439992,0.31721845828132195,,11.28747862535525,out,,,,
Pell,256,14,0,242,0.08885313442078616,0.006111644152692816,2.712429874742064,1.8584684527082194,1.172347107316688,0.31705088725163516,,11.287570125257936,out,,,,
Pell,256,14,0,241,0.0949630484133466,0.006108183832428074,2.712331670449771,1.8573708170788952,1.1723184465067067,0.316871379549391,,11.287668329550229,out,,,,
Pell,256,14,0,240,0.10106938710080762,0.006104493542493955,2.712226726489536,1.856200233313381,1.1722878449341358,0.316679941933147,,11.287773273510464,out,,,,
Pell,256,14,0,239,0.10717192058296883,0.006100573421828459,2.7121150051115626,1.8549567454392526,1.1722552967419657,0.31647658161062875,,11.287884994888437,out,,,,
Pell,256,14,0,238,0.1132704191028939,0.006096423618021693,2.7119964660610174,1.8536404002299913,1.1722207956937745,0.31626130623845844,,11.288003533938983,out,,,,
Pell,256,14,0,237,0.11936465305556046,0.006092044287311402,2.7118710665536567,1.8522512472039467,1.1721843351712742,0.31603412392186664,,11.288128933446343,out,,,,
Pell,256,14,0,236,0.12545439299650463,0.006087435594576959,2.7117387612514543,1.8507893386232483,1.1721459081717007,0.31579504321438745,,11.288261238748547,out,,,,
Pell,256,14,0,235,0.13153940965045963,0.006082597713332999,2.7115995022283927,1.8492547294926376,1.172105507305037,0.31554407311753624,,11.288400497771608,out,,,,
Pell,256,14,0,234,0.13761947391998763,0.006077530825723015,2.7114532389337156,1.8476474775582448,1.1720631247910742,0.3152812230804713,,11.288546761066284,out,,,,
Pell,256,14,0,233,0.14369435689410537,0.006072235122512509,2.711299918173115,1.8459676433063634,1.1720187524563492,0.3150065029996377,,11.288700081826885,out,,,,
Pell,256,14,0,232,0.14976382985690245,0.00606671080308166,2.7111394840602063,1.8442152899620994,1.1719723817308718,0.3147199232183953,,11.288860515939794,out,,,,
Pell,256,14,0,231,0.1558276642961523,0.006060958075417983,2.710971877978456,1.8423904834879965,1.1719240036447065,0.31442149452662904,,11.289028122021545,out,,,,
Pell,256,14,0,230,0.16188563191191563,0.006054977156108671,2.710797038559427,1.8404932925826587,1.1718736088244188,0.3141112281603432,,11.289202961440573,out,,,,
Pell,256,14,0,229,0.1679375046251356,0.006048768270331295,2.7106149016151897,1.838523788679212,1.1718211874892817,0.3137891358012382,,11.28938509838481,out,,,,
Pell,256,14,0,228,0.17398305458622498,0.0060423316518475045,2.7104254001184107,1.836482045943838,1.1717667294473886,0.3134552295762712,,11.28957459988159,out,,,,
Pell,256,14,0,227,0.18002205418364484,0.0060356675429921736,2.710228464143186,1.8343681412741697,1.1717102240915327,0.3131095220571995,,11.289771535856815,out,,,,
Pell,256,14,0,226,0.18605427605247354,0.006028776194665242,2.7100240208210304,1.8321821542976822,1.1716516603949383,0.3127520262601076,,11.28997597917897,out,,,,
Pell,256,14,0,225,0.19207949308296718,0.006021657866322028,2.7098119942948724,1.8299241673700375,1.1715910269068102,0.312382755644917,,11.290188005705128,out,,,,
Pell,256,14,0,224,0.19809747842911002,0.006014312825963625,2.709592305661878,1.8275942655733663,1.171528311747688,0.31200172411488,,11.290407694338121,out,,,,
Pell,256,14,0,223,0.20410800551715513,0.006006741350126632,2.70936487292112,1.825192536714519,1.171463502604623,0.311608946016056,,11.290635127078879,out,,,,
Pell,256,14,0,222,0.21011084805415486,0.005998943723872802,2.7091296109218708,1.8227190713232886,1.171396586726172,0.311204436136772,,11.29087038907813,out,,,,
Pell,256,14,0,221,0.21610578003648045,0.005990920240778408,2.7088864312990513,1.820173962650561,1.1713275509171792,0.3107882097070659,,11.291113568700949,out,,,,
Pell,256,14,0,220,0.22209257575833116,0.005982671202923007,2.708635242408779,1.8175573066664372,1.1712563815333659,0.31036028239811303,,11.291364757591221,out,,,,
Pell,256,14,0,219,0.2280710098202319,0.005974196920878472,2.7083759492757395,1.8148692020583554,1.1711830644757433,0.3099206703216367,,11.291624050724261,out,,,,
Pell,256,14,0,218,0.23404085713751918,0.0059654977136960885,2.708108453517549,1.812109750229125,1.171107585184788,0.30946939002930185,,11.29189154648245,out,,,,
Pell,256,14,0,217,0.24000189294881555,0.005956573908896645,2.7078326532771246,1.809279055294957,1.1710299286344257,0.30900645851209174,,11.292167346722875,out,,,,
Pell,256,14,0,216,0.24595389282449198,0.00594742584245625,2.7075484431541024,1.8063772240834632,1.1709500793258036,0.3085318931996689,,11.292451556845897,out,,,,
Pell,256,14,0,215,0.2518966326751173,0.005938053858794395,2.7072557141282827,1.803404366131617,1.1708680212808389,0.30804571195971897,,11.292744285871716,out,,,,
Pell,256,14,0,214,0.257829888759895,0.005928458310760942,2.706954353474581,1.8003605936836768,1.1707837380355395,0.30754793309727824,,11.29304564652542,out,,,,
Pell,256,14,0,213,0.26375343769508686,0.005918639559622851,2.7066442447036887,1.7972460216891446,1.170697212633134,0.30703857535404494,,11.29335575529631,out,,,,
Pell,256,14,0,212,0.2696670564624236,0.005908597975050556,2.706325267452334,1.794060767800598,1.1706084276169098,0.30651765790767355,,11.293674732547666,out,,,,
Pell,256,14,0,211,0.2755705224175009,0.005898333935104083,2.70599729741309,1.790804952371592,1.1705173650228635,0.3059852003710534,,11.29400270258691,out,,,,
Pell,256,14,0,210,0.28146361329816233,0.005887847826218762,2.7056602062369652,1.7874786984544984,1.1704240063720885,0.30544122279157054,,11.294339793763035,out,,,,
Pell,256,14,0,209,0.2873461072328669,0.005877140043190454,2.7053138614446497,1.7840821317983497,1.1703283326629237,0.3048857456503531,,11.29468613855535,out,,,,
Pell,256,14,0,208,0.293217782749043,0.00586621098916168,2.7049581263261895,1.780615380846653,1.1702303243628398,0.30431878986150046,,11.29504187367381,out,,,,
Pell,256,14,0,207,0.29907841878142594,0.00585506107560424,2.704592859837697,1.7770785767351982,1.170129961400069,0.30374037677129656,,11.295407140162304,out,,,,
Pell,256,14,0,206,0.30492779468038145,0.0058436907223067824,2.704217916505267,1.7734718532898797,1.1700272231549815,0.3031505281574061,,11.295782083494732,out,,,,
Pell,256,14,0,205,0.31076569022021316,0.00583210035735654,2.703833146307669,1.7697953470244712,1.1699220884511656,0.3025492662280554,,11.29616685369233,out,,,,
Pell,256,14,0,204,0.31659188560745355,0.00582029041712423,2.7034383945672364,1.766049197138432,1.169814535546247,0.3019366136211963,,11.296561605432764,out,,,,
Pell,256,14,0,203,0.32240616148913925,0.005808261346247234,2.703033501833948,1.7622335455147087,1.169704542122424,0.30131259340365446,,11.296966498166052,out,,,,
Pell,256,14,0,202,0.3282082989610696,0.0057960135976134475,2.7026183037661937,1.7583485367175382,1.1695920852767026,0.3006772290702613,,11.297381696233806,out,,,,
Pell,256,14,0,201,0.3339980795760481,0.005783547632343622,2.702192630999892,1.754394317990246,1.1694771415108276,0.3000305445429697,,11.297807369000108,out,,,,
Pell,256,14,0,200,0.3397752853521071,0.005770863919774327,2.701756309025969,1.7503710392530842,1.1693596867209237,0.29937256416995384,,11.298243690974031,out,,,,
Pell,256,14,0,199,0.34553969878071433,0.005757962937440131,2.7013091580482618,1.7462788531010505,1.1692396961867975,0.2987033127246931,,11.29869084195174,out,,,,
Pell,256,14,0,198,0.3512911028349624,0.005744845171056001,2.70085099285353,1.7421179148017627,1.1691171445609423,0.29802281540503944,,11.29914900714647,out,,,,
Pell,256,14,0,197,0.3570292809777393,0.005731511114497767,2.700381622658644,1.7378883822933064,1.1689920058571763,0.2973310978322697,,11.299618377341357,out,,,,
Pell,256,14,0,196,0.362754017169881,0.005717961269785687,2.699900850940231,1.733590416182111,1.168864253438942,0.2966281860501209,,11.300099149059768,out,,,,
Pell,256,14,0,195,0.36846509587830567,0.005704196147063634,2.699408475348466,1.7292241797410288,1.1687338600073713,0.2959141065238107,,11.300591524651534,out,,,,
Pell,256,14,0,194,0.3741623020841278,0.005690216264580716,2.6989042874621783,1.7247898389071217,1.1686007975887704,0.29518888613904126,,11.301095712537823,out,,,,
Pell,256,14,0,193,0.37984542129075394,0.005676022148671522,2.6983880726732004,1.720287562279764,1.1684650375219232,0.2944525522009874,,11.3016119273268,out,,,,
Pell,256,14,0,192,0.38551423953195796,0.005661614333736464,2.697859609995085,1.7157175211186657,1.1683265504449294,0.2937051324332697,,11.302140390004915,out,,,,
Pell,256,14,0,191,0.3911685433799371,0.005646993362221797,2.697318671889663,1.7110798893419812,1.1681853062816816,0.29294665497691047,,11.302681328110337,out,,,,
Pell,256,14,0,190,0.3968081199533473,0.005632159784598689,2.696765024080238,1.7063748435244612,1.1680412742279294,0.29217714838927555,,11.303234975919763,out,,,,
Pell,256,14,0,189,0.4024327569253182,0.005617114159343073,2.6961984253545093,1.7016025628956517,1.167894422736928,0.2913966416429995,,11.30380157464549,out,,,,
Pell,256,14,0,188,0.4080422425314468,0.00560185705291405,2.695618627372058,1.6967632293381856,1.1677447195046786,0.2906051641248954,,11.304381372627942,out,,,,
Pell,256,14,0,187,0.4136363655777704,0.005586389039733186,2.695025374452061,1.691857027386114,1.1675921314547177,0.28980274563484903,,11.304974625547938,out,,,,
Pell,256,14,0,186,0.41921491544871836,0.005570710702162696,2.6944184033558627,1.6868841442233182,1.1674366247224544,0.2889894163846979,,11.305581596644137,out,,,,
Pell,256,14,0,185,0.42477768211504074,0.005554822630482181,2.6937974430707516,1.6818447696820267,1.1672781646390689,0.2881652069970941,,11.306202556929248,out,,,,
Pell,256,14,0,184,0.4303244561417169,0.005538725422870094,2.6931622145771534,1.6767390962413968,1.1671167157149176,0.28733014850435246,,11.306837785422847,out,,,,
Pell,256,14,0,183,0.4358550286958397,0.005522419685375424,2.692512430603941,1.6715673190261844,1.1669522416224465,0.2864842723472826,,11.30748756939606,out,,,,
Pell,256,14,0,182,0.4413691915544783,0.005505906031901764,2.6918477953876114,1.66632963580554,1.1667847051786173,0.28562761037400636,,11.308152204612389,out,,,,
Pell,256,14,0,181,0.4468667371125179,0.005489185084177561,2.6911680044070057,1.6610262469918822,1.1666140683267976,0.2847601948387592,,11.308831995592994,out,,,,
Pell,256,14,0,180,0.4523474583904752,0.005472257471737019,2.6904727441214646,1.6556573556399097,1.1664402921181314,0.2838820584006768,,11.309527255878535,out,,,,
Pell,256,14,0,179,0.4578111490422919,0.005455123831896336,2.689761691692712,1.650223167445725,1.166263336692354,0.28299323412256655,,11.310238308307287,out,,,,
Pell,256,14,0,178,0.46325760336310307,0.005437784809725954,2.689034514689356,1.644723890746072,1.1660831612580296,0.28209375546966314,,11.310965485310644,out,,,,
Pell,256,14,0,177,0.46868661629698183,0.005420241058031683,2.688290870803901,1.6391597365177564,1.1658997240722369,0.28118365630837,,11.3117091291961,out,,,,
Pell,256,14,0,176,0.4740979834446598,0.005402493237324224,2.6875304075242648,1.6335309183771474,1.165712982419607,0.28026297090498486,,11.312469592475736,out,,,,
Pell,256,14,0,175,0.47949150107122235,0.005384542015800853,2.6867527618266305,1.627837652579893,1.1655228925907835,0.279331733924411,,11.31324723817337,out,,,,
Pell,256,14,0,174,0.4848669661137792,0.005366388069312944,2.6859575598329806,1.6220801580207596,1.1653294098602156,0.2783899804288527,,11.31404244016702,out,,,,
Pell,256,14,0,173,0.49022417618910985,0.005348032081348264,2.685144416465818,1.61625865623366,1.1651324884633028,0.27743774587649667,,11.314855583534182,out,,,,
Pell,256,14,0,172,0.4955629296012828,0.005329474742997609,2.6843129350920116,1.610373371391869,1.1649320815728639,0.2764750661201777,,11.315687064907989,out,,,,
Pell,256,14,0,171,0.5008830253492496,0.005310716752935873,2.683462707142618,1.604424530308412,1.164728141274889,0.2755019774060305,,11.316537292857383,out,,,,
Pell,256,14,0,170,0.5061842631344122,0.005291758817389636,2.682593311729796,1.598412362436677,1.1645206185435861,0.2745185163721257,,11.317406688270204,out,,,,
Pell,256,14,0,169,0.5114664433681644,0.005272601650114561,2.6817043152418654,1.5923370998712294,1.1643094632156696,0.27352472004709194,,11.318295684758134,out,,,,
Pell,256,14,0,168,0.5167293671794057,0.005253245972367981,2.6807952709184097,1.5861989773488385,1.1640946239638696,0.27252062584872305,,11.31920472908159,out,,,,
Pell,256,14,0,167,0.5219728364220292,0.0052336925128790845,2.6798657184261785,1.5799982322497768,1.1638760482696753,0.27150627158257046,,11.320134281573822,out,,,,
Pell,256,14,0,166,0.5271966536823818,0.005213942007825989,2.6789151833933635,1.5737351045993224,1.1636536823952188,0.27048169544052114,,11.321084816606636,out,,,,
Pell,256,14,0,165,0.5324006222866959,0.005193995200802326,2.6779431769501754,1.5674098370695622,1.1634274713543427,0.26944693599936137,,11.322056823049824,out,,,,
Pell,256,14,0,164,0.537584546308495,0.005173852842795812,2.6769491952301854,1.561022674981437,1.1631973588827693,0.26840203221932557,,11.323050804769814,out,,,,
Pell,256,14,0,163,0.5427482305759695,0.0051535156921533876,2.675932718871971,1.5545738663071065,1.1629632874073847,0.267347023442631,,11.324067281128029,out,,,,
Pell,256,14,0,162,0.5478914806793256,0.0051329845145585695,2.6748932124770954,1.5480636616725743,1.162725198014563,0.2662819493919981,,11.325106787522905,out,,,,
Pell,256,14,0,161,0.5530141029781034,0.005112260082997144,2.673830124073622,1.541492314360681,1.1624830304175562,0.2652068501691568,,11.326169875926379,out,,,,
Pell,256,14,0,160,0.5581159046084689,0.005091343177733965,2.6727428845369237,1.5348600803143866,1.1622367229228605,0.264121766253338,,11.327257115463077,out,,,,
Pell,256,14,0,159,0.5631966934904746,0.005070234586277422,2.6716309069898583,1.5281672181404073,1.161986212395551,0.2630267384997516,,11.328369093010142,out,,,,
Pell,256,14,0,158,0.5682562783352902,0.005048935103353802,2.67049358619105,1.521413989113243,1.1617314342235736,0.2619218081380501,,11.32950641380895,out,,,,
Pell,256,14,0,157,0.5732944686524062,0.005027445530878194,2.669330297887234,1.5146006571795625,1.1614723222809125,0.26080701677077806,,11.330669702112766,out,,,,
Pell,256,14,0,156,0.5783110747568049,0.005005766677919077,2.668140398141433,1.5077274889629957,1.161208808889627,0.25968240637180784,,11.331859601858568,out,,,,
Pell,256,14,0,155,0.5833059077761016,0.004983899360674449,2.666923222631937,1.500794753769338,1.1609408247807016,0.25854801928476134,,11.333076777368063,out,,,,
Pell,256,14,0,154,0.5882787796576565,0.004961844402435189,2.665678085926998,1.4938027235922042,1.1606682990536845,0.2574038982214179,,11.334321914073001,out,,,,
Pell,256,14,0,153,0.5932295031756537,0.0049396026335593035,2.664404280728177,1.4867516731191375,1.1603911591350646,0.25625008626010837,,11.335595719271822,out,,,,
Pell,256,14,0,152,0.598157891938151,0.004917174891435394,2.663101077072774,1.4796418797381798,1.1601093307353274,0.2550866268440956,,11.336898922927226,out,,,,
Pell,256,14,0,151,0.6030637603940971,0.004894562020456683,2.6617677215176108,1.4724736235449716,1.1598227378046797,0.253913563779941,,11.338232278482389,out,,,,
Pell,256,14,0,150,0.6079469238403175,0.004871764871984152,2.6604034362805984,1.4652471873503627,1.1595313024873666,0.252730941235858,,11.339596563719402,out,,,,
Pell,256,14,0,149,0.6128071984284682,0.004848784304317233,2.659007418342379,1.4579628566885614,1.159234945074533,0.25153880374005144,,11.340992581657622,out,,,,
Pell,256,14,0,148,0.617644401171958,0.004825621182662387,2.6575788385126478,1.4506209198258666,1.1589335839555912,0.25033719617904393,,11.342421161487351,out,,,,
Pell,256,14,0,147,0.6224583499528378,0.004802276379097026,2.656116840469346,1.4432216677700178,1.1586271355680515,0.24912616379598862,,11.343883159530654,out,,,,
Pell,256,14,0,146,0.6272488635286566,0.004778750772540863,2.6546205397212352,1.4357653942801119,1.1583155143456978,0.2479057521889687,,11.345379460278764,out,,,,
Pell,256,14,0,145,0.6320157615392863,0.0047550452487182815,2.653089022575797,1.4282523958772593,1.1579986326651615,0.24667600730928366,,11.346910977424203,out,,,,
Pell,256,14,0,144,0.6367588645137106,0.004731160700130355,2.651521345015985,1.4206829718558494,1.1576764007907125,0.2454369754597224,,11.348478654984016,out,,,,
Pell,256,14,0,143,0.6414779938767835,0.004707098026015544,2.6499165315505664,1.4130574242955598,1.1573487268172815,0.2441887032928233,,11.350083468449434,out,,,,
Pell,256,14,0,142,0.6461729719559519,0.004682858132321166,2.648273574018037,1.405376058074127,1.157015516611641,0.2429312378091209,,11.351726425981962,out,,,,
Pell,256,14,0,141,0.6508436219879445,0.004658441931664092,2.646591430318162,1.3976391808808615,1.156676673751632,0.24166462635538027,,11.353408569681838,out,,,,
Pell,256,14,0,140,0.6554897681254276,0.004633850343302104,2.644869023104501,1.389847103231005,1.1563320994634234,0.240388916622818,,11.355130976895499,out,,,,
Pell,256,14,0,139,0.6601112354436253,0.004609084293093257,2.6431052384194573,1.3820001384809408,1.1559816925567012,0.23910415664531007,,11.356894761580543,out,,,,
Pell,256,14,0,138,0.6647078499469047,0.004584144713465577,2.641298924238895,1.374098602844245,1.155625349357672,0.23781039479758836,,11.358701075761104,out,,,,
Pell,256,14,0,137,0.669279438575328,0.00455903254338097,2.6394488889935745,1.366142815408736,1.1552629636399052,0.2365076797934227,,11.360551111006426,out,,,,
Pell,256,14,0,136,0.6738258292111672,0.004533748728297371,2.6375538999970236,1.358133098154457,1.1548944265528278,0.23519606068379148,,11.362446100002977,out,,,,
Pell,256,14,0,135,0.6783468506853845,0.004508294220137321,2.6356126818028143,1.3500697759726619,1.154519626547819,0.23387558685503965,,11.364387318197185,out,,,,
Pell,256,14,0,134,0.6828423327840767,0.004482669977247111,2.6336239144858644,1.341953176685864,1.1541384493018196,0.232546308027024,,11.366376085514135,out,,,,
Pell,256,14,0,133,0.6873121062548836,0.004456876964366696,2.6315862318568346,1.3337836310690137,1.1537507776383782,0.2312082742512462,,11.368413768143165,out,,,,
Pell,256,14,0,132,0.6917560028133605,0.00443091615258695,2.6294982195826377,1.3255614728718141,1.153356491446001,0.22986153590897362,,11.370501780417362,out,,,,
Pell,256,14,0,131,0.6961738551493133,0.004404788519318914,2.6273584132164136,1.3172870388422306,1.1529554675937064,0.22850614370934813,,11.372641586783587,out,,,,
Pell,256,14,0,130,0.700565496933099,0.004378495048252273,2.625165296134871,1.308960668751265,1.152547579843689,0.2271421486874822,,11.37483470386513,out,,,,
Pell,256,14,0,129,0.7049307628218863,0.004352036729322384,2.6229172973963593,1.3005827054190806,1.152132698761007,0.22576960220254413,,11.37708270260364,out,,,,
Pell,256,14,0,128,0.709269488465882,0.004325414558669083,2.6206127894591917,1.2921534947424353,1.1517106916200863,0.22438855593582988,,11.37938721054081,out,,,,
Pell,256,14,0,127,0.7135815105145176,0.00429862953860205,2.618250085836232,1.283673385723629,1.1512814223080456,0.22299906188882454,,11.381749914163768,out,,,,
Pell,256,14,0,126,0.7178666666226001,0.00427168267756306,2.61582743859243,1.2751427305008791,1.1508447512245796,0.22160117238125085,,11.38417256140757,out,,,,
Pell,256,14,0,125,0.7221247954564243,0.004244574990085126,2.613343035746612,1.2665618843803044,1.1504005351783673,0.22019494004910675,,11.386656964253389,out,,,,
Pell,256,14,0,124,0.726355736699846,0.004217307496758416,2.6107949985435877,1.2579312058695526,1.1499486272798298,0.21878041784269134,,11.389205001456412,out,,,,
Pell,256,14,0,123,0.7305593310603189,0.004189881224187508,2.6081813785768517,1.2492510567131094,1.1494888768300662,0.21735765902461907,,11.391818621423148,out,,,,
Pell,256,14,0,122,0.7347354202748912,0.004162297204957088,2.605500154795262,1.2405218019294422,1.1490211292058712,0.2159267171678227,,11.394499845204738,out,,,,
Pell,256,14,0,121,0.7388838471161643,0.004134556477589091,2.6027492303211517,1.231743809849956,1.1485452257405897,0.21448764615354513,,11.397250769678848,out,,,,
Pell,256,14,0,120,0.7430044553982125,0.0041066600865070635,2.5999264291493245,1.222917452159961,1.148061003600737,0.21304050016931975,,11.400073570850676,out,,,,
Pell,256,14,0,119,0.7470970899824625,0.004078609081993201,2.5970294926456092,1.214043103941648,1.1475682956581277,0.21158533370694022,,11.402970507354391,out,,,,
Pell,256,14,0,118,0.7511615967835358,0.004050404520153261,2.5940560758925413,1.2051211437192242,1.1470669303573846,0.21012220156041844,,11.405943924107458,out,,,,
Pell,256,14,0,117,0.7551978227750484,0.004022047462872158,2.591003743824576,1.1961519535062661,1.1465567315785885,0.20865115882393268,,11.408996256175424,out,,,,
Pell,256,14,0,116,0.7592056159953731,0.0039935389777771,2.587869967178304,1.1871359188554205,1.1460375184949032,0.20717226088976423,,11.412130032821697,out,,,,
Pell,256,14,0,115,0.7631848255533603,0.003964880138197291,2.5846521182225906,1.1780734289105508,1.1455091054249493,0.20568556344622352,,11.415347881777409,out,,,,
Pell,256,14,0,114,0.7671353016340192,0.003936072023120518,2.581347466296466,1.1689648764614757,1.1449713016797356,0.20419112247556603,,11.418652533703535,out,,,,
Pell,256,14,0,113,0.7710568955041582,0.003907115717157517,2.5779531730247,1.1598106580012582,1.1444239114037646,0.20268899425189743,,11.4220468269753,out,,,,
Pell,256,14,0,112,0.7749494595179847,0.003878012310495338,2.5744662873964956,1.1506111737864695,1.1438667334103576,0.20117923533906854,,11.425533712603505,out,,,,
Pell,256,14,0,111,0.7788128471226634,0.003848762898862157,2.5708837404841214,1.141366827900253,1.1432995610106425,0.19966190258856023,,11.42911625951588,out,,,,
Pell,256,14,0,110,0.7826469128638347,0.0038193685834805313,2.567202339931345,1.1320780283185217,1.142722181836135,0.19813705313735833,,11.432797660068655,out,,,,
Pell,256,14,0,109,0.7864515123910907,0.003789830471031208,2.5634187641115926,1.1227451869793277,1.142134377654524,0.19660474440581785,,11.436581235888408,out,,,,
Pell,256,14,0,108,0.7902265024634092,0.003760149673605939,2.559529555979332,1.1133687198556146,1.1415359241784182,0.19506503409551898,,11.440470444020669,out,,,,
Pell,256,14,0,107,0.7939717409545478,0.0037303273086712885,2.555531116578446,1.1039490470314788,1.140926590866724,0.1935179801871118,,11.444468883421553,out,,,,
Pell,256,14,0,106,0.7976870868583943,0.003700364499021669,2.5514196981852324,1.0944865927821206,1.1403061407183315,0.19196364093815244,,11.448580301814768,out,,,,
Pell,256,14,0,105,0.801372400294275,0.0036702623727397077,2.5471913970729276,1.0849817856576611,1.1396743300577656,0.19040207488092983,,11.452808602927073,out,,,,
Pell,256,14,0,104,0.8050275425122221,0.003640022063154502,2.5428421458614268,1.075435058570997,1.1390309083124406,0.18883334082028283,,11.457157854138574,out,,,,
Pell,256,14,0,103,0.8086523758981969,0.003609644708795323,2.5383677054198412,1.0658468488898782,1.1383756177811146,0.18725749783140871,,11.46163229458016,out,,,,
Pell,256,14,0,102,0.8122467639792715,0.0035791314533537566,2.5337636563281563,1.0562175985334665,1.137708193393214,0.18567460525766247,,11.466236343671843,out,,,,
Pell,256,14,0,101,0.815810571428766,0.0035484834456351866,2.5290253898178423,1.0465477540735169,1.1370283624585187,0.18408472270834794,,11.470974610182157,out,,,,
Pell,256,14,0,100,0.8193436640713441,0.003517701839521048,2.524148098192669,1.0368377668404485,1.136335844406826,0.1824879100564999,,11.475851901807332,out,,,,
Pell,256,14,0,99,0.8228459088880649,0.0034867877939204206,2.519126764681653,1.027088093034538,1.1356303505171055,0.18088422743665789,,11.480873235318347,out,,,,
Pell,256,14,0,98,0.8263171740213904,0.0034557424727306163,2.513956152690659,1.0172991938424873,1.1349115836356696,0.1792737352426322,,11.486043847309341,out,,,,
Pell,256,14,0,97,0.8297573287801505,0.0034245670447896615,2.5086307943961668,1.0074715355596089,1.1341792378828124,0.1776564941252618,,11.491369205603833,out,,,,
Pell,256,14,0,96,0.8331662436444627,0.0033932626838346636,2.5031449786718025,0.9976055897179541,1.133432998347429,0.17603256499016454,,11.496855021328198,out,,,,
Pell,256,14,0,95,0.836543790270609,0.0033618305684580685,2.4974927382372614,0.9877018332205966,1.1326725407689489,0.17440200899547992,,11.502507261762739,out,,,,
Pell,256,14,0,94,0.8398898414958682,0.003330271882060254,2.491667836049336,0.9777607484824741,1.1318975312060897,0.17276488754960428,,11.508332163950664,out,,,,
Pell,256,14,0,93,0.8432042713433028,0.003298587812808784,2.485663750825689,0.9677828235780545,1.1311076256917107,0.17112126230891997,,11.514336249174312,out,,,,
Pell,256,14,0,92,0.8464869550265022,0.0032667795535900046,2.4794736616626287,0.9577685523961854,1.1303024698731245,0.16947119517551687,,11.52052633833737,out,,,,
Pell,256,14,0,91,0.8497377689542811,0.003234848301967963,2.4730904316660745,0.9477184348024862,1.129481698637144,0.1678147482949078,,11.526909568333926,out,,,,
Pell,256,14,0,90,0.8529565907353327,0.0032027952601353382,2.4665065905562864,0.9376329768096977,1.128644935719145,0.16615198405373802,,11.533493409443714,out,,,,
Pell,256,14,0,89,0.8561432991828362,0.0031706216348715843,2.459714316098873,0.9275126907563238,1.1277917932952723,0.1644829650774888,,11.540285683901127,out,,,,
Pell,256,14,0,88,0.8592977743190195,0.0031383286374950803,2.4527054143836704,0.9173580954941133,1.1269218715570908,0.16280775422817576,,11.54729458561633,out,,,,
Pell,256,14,0,87,0.8624198973796768,0.003105917483819609,2.445471298739799,0.9071697165846988,1.126034758267628,0.16112641460204183,,11.554528701260201,out,,,,
Pell,256,14,0,86,0.8655095508186397,0.003073389394105952,2.4380029672756325,0.896948086505971,1.1251300282979946,0.1594390095272457,,11.561997032724367,out,,,,
Pell,256,14,0,85,0.868566618312202,0.003040745593018701,2.430290978887878,0.8866937448686647,1.12420724314354,0.15774560256154668,,11.569709021112121,out,,,,
Pell,256,14,0,84,0.8715909847635007,0.0030079873095787413,2.422325427646232,0.8764072386437026,1.1232659504185194,0.15604625748998457,,11.577674572353768,out,,,,
Pell,256,14,0,83,0.8745825363068482,0.0029751157771163994,2.414095915392044,0.8660891224008472,1.1223056833281209,0.15434103832255736,,11.585904084607956,out,,,,
Pell,256,14,0,82,0.87754116031202,0.002942132233227035,2.4055915224407074,0.8557399585593047,1.1213259601167342,0.15263000929189566,,11.594408477559293,out,,,,
Pell,256,14,0,81,0.8804667453884942,0.0029090379197214133,2.3968007762139867,0.8453603176509021,1.1203262834911798,0.15091323485093575,,11.603199223786014,out,,,,
Pell,256,14,0,80,0.8833591813896464,0.002875834082582851,2.3877116176235673,0.8349507785965066,1.1193061400175797,0.14919077967059002,,11.612288382376432,out,,,,
Pell,256,14,0,79,0.8862183594168958,0.0028425219719160344,2.3783113650478325,0.8245119289964589,1.1182649994905134,0.14746270863741784,,11.621688634952168,out,,,,
Pell,256,14,0,78,0.8890441718238058,0.0028091028419040542,2.36858667565948,0.8140443654357372,1.1172023142729277,0.14572908685129518,,11.63141332434052,out,,,,
Pell,256,14,0,77,0.8918365122201366,0.0027755779507573353,2.3585235038993266,0.8035486938047118,1.1161175186052696,0.14398997962308624,,11.641476496100672,out,,,,
Pell,256,14,0,76,0.8945952754758502,0.0027419485606698935,2.3481070568562794,0.7930255296363643,1.1150100278821948,0.14224545247231635,,11.651892943143721,out,,,,
Pell,256,14,0,75,0.8973203577250695,0.002708215937768821,2.3373217462459657,0.7824754984608597,1.1138792378950333,0.14049557112484692,,11.662678253754034,out,,,,
Pell,256,14,0,74,0.9000116563699879,0.0026743813520679893,2.326151136723828,0.7718992361785245,1.1127245240382249,0.13874040151055533,,11.673848863276172,out,,,,
Pell,256,14,0,73,0.9026690700847326,0.002640446077421421,2.3145778901747365,0.761297389452247,1.111545240477698,0.1369800097610191,,11.685422109825264,out,,,,
Pell,256,14,0,72,0.9052924988191793,0.0026064113914719966,2.302583705618988,0.7506706161204426,1.1103407192791184,0.13521446220720623,,11.697416294381012,out,,,,
Pell,256,14,0,71,0.9078818438027189,0.0025722785756070454,2.290149254328587,0.7400195856317988,1.1091102694937882,0.13344382537717428,,11.709850745671414,out,,,,
Pell,256,14,0,70,0.9104370075479761,0.002538048914907387,2.277254109691143,0.7293449795030832,1.107853176199855,0.13166816599377795,,11.722745890308857,out,,,,
Pell,256,14,0,69,0.9129578938544802,0.0025037236981009237,2.2638766713414262,0.7186474918014082,1.1065686994963526,0.12988755097238802,,11.736123328658573,out,,,,
Pell,256,14,0,68,0.9154444078122866,0.002469304217511903,2.249994082959816,0.7079278296524109,1.1052560734474086,0.12810204741862405,,11.750005917040184,out,,,,
Pell,256,14,0,67,0.9178964558055501,0.0024347917690150656,2.2355821431846072,0.697186713775992,1.1039145049739343,0.12631172262610207,,11.764417856815392,out,,,,
Pell,256,14,0,66,0.9203139455160497,0.0024001876519841314,2.2206152088469877,0.6864248790512382,1.1025431726897372,0.12451664407420036,,11.779384791153012,out,,,,
Pell,256,14,0,65,0.9226967859266643,0.0023654931692449477,2.2050660898780627,0.6756430751124735,1.1011412256791355,0.12271687942584596,,11.794933910121937,out,,,,
Pell,256,14,0,64,0.9250448873247991,0.002330709627024641,2.188905934885647,0.6648420669782978,1.0997077822126435,0.12091249652532542,,11.811094065114354,out,,,,
Pell,256,14,0,63,0.9273581613057634,0.002295838334904099,2.172104106549174,0.6540226357158424,1.0982419283974731,0.11910356339612269,,11.827895893450826,out,,,,
Pell,256,14,0,62,0.9296365207760996,0.002260880605768234,2.1546280456500027,0.6431855791424681,1.0967427167591652,0.11729014823878806,,11.845371954349996,out,,,,
Pell,256,14,0,61,0.9318798799568613,0.0022258377557551334,2.1364431225883083,0.6323317125674502,1.0952091647507,0.1154723194288438,,11.863556877411693,out,,,,
Pell,256,14,0,60,0.9340881543868432,0.0021907111042087646,2.1175124749271768,0.6214618695762721,1.0936402531851122,0.11365014551473025,,11.882487525072824,out,,,,
Pell,256,14,0,59,0.9362612609257612,0.0021555019736272385,2.0977968294640457,0.6105769028604839,1.092034924587646,0.11182369521579884,,11.902203170535955,out,,,,
Pell,256,14,0,58,0.9383991177573824,0.0021202116896150702,2.0772543070366694,0.5996776850962638,1.0903920814632801,0.10999303742035813,,11.92274569296333,out,,,,
Pell,256,14,0,57,0.9405016443926053,0.0020848415808307763,2.0558402080497795,0.5887651098750969,1.0887105844753422,0.10815824118378113,,11.94415979195022,out,,,,
Pell,256,14,0,56,0.9425687616724905,0.0020493929789396903,2.033506776477387,0.57784009269033,1.0869892505309728,0.10631937572668111,,11.966493223522614,out,,,,
Pell,256,14,0,55,0.9446003917712409,0.002013867218560894,2.010202939735213,0.5669035719836464,1.085226850769083,0.10447651043316719,,11.989797060264788,out,,,,
Pell,256,14,0,54,0.9465964581991312,0.0019782656372198115,1.9858740214412214,0.5559565102558945,1.0834221084465598,0.10262971484919026,,12.014125978558779,out,,,,
Pell,256,14,0,53,0.9485568858053889,0.0019425895752955835,1.9604614237421878,0.5449998952471398,1.0815736967186829,0.10077905868099049,,12.039538576257812,out,,,,
Pell,256,14,0,52,0.9504816007810225,0.0019068403759716634,1.9339022752667943,0.5340347411912477,1.0796802363099,0.09892461179366518,,12.066097724733206,out,,,,
Pell,256,14,0,51,0.952370530661601,0.001871019385185524,1.906129040287288,0.5230620901508322,1.0777402930716302,0.0970664442098701,,12.093870959712712,out,,,,
Pell,256,14,0,50,0.9542236043299823,0.0018351279515768093,1.8770690839254132,0.5120830134389817,1.0757523754243552,0.0952046261086765,,12.122930916074587,out,,,,
Pell,256,14,0,49,0.9560407520189897,0.001799167426438153,1.8466441874970845,0.5010986131348691,1.0737149316822643,0.09333922782460759,,12.153355812502916,out,,,,
Pell,256,14,0,48,0.9578219053140402,0.0017631391636626637,1.8147700070602075,0.4901100237009896,1.0716263472598193,0.09147031984687866,,12.185229992939792,out,,,,
Pell,256,14,0,47,0.9595669971557186,0.0017270445196942985,1.7813554672116718,0.47911841371074354,1.0694849417615384,0.08959797281887713,,12.218644532788328,out,,,,
Pell,256,14,0,46,0.9612759618423037,0.0016908848534756826,1.746302080760803,0.4681249876958845,1.0672889659583837,0.08772225753791554,,12.253697919239197,out,,,,
Pell,256,14,0,45,0.9629487350322407,0.001654661526398371,1.709503183383878,0.45713098812454944,1.0650365986573727,0.08584324495530518,,12.290496816616121,out,,,,
Pell,256,14,0,44,0.9645852537465646,0.001618375902249447,1.6708430704106174,0.4461376975216777,1.0627259434748322,0.08396100617679958,,12.329156929589383,out,,,,
Pell,256,14,0,43,0.9661854563712706,0.0015820293471627833,1.6301960206528738,0.435146440745149,1.0603550255291936,0.0820756124634727,,12.369803979347125,out,,,,
Pell,256,14,0,42,0.9677492826596348,0.0015456232295653072,1.5874251894028435,0.4241585874324574,1.0579217880759415,0.08018713523310284,,12.412574810597157,out,,,,
Pell,256,14,0,41,0.9692766737344807,0.0015091589201265965,1.5423813493769962,0.41317555463464367,1.0554240891163906,0.07829564606215451,,12.457618650623004,out,,,,
Pell,256,14,0,40,0.9707675720903979,0.0014726377917078093,1.4949014543494514,0.402198809656265,1.052859698023672,0.07640121668845987,,12.505098545650549,out,,,,
Pell,256,14,0,39,0.9722219215959059,0.0014360612193082822,1.4448069951607074,0.3912298731226803,1.0502262922446104,0.07450391901473327,,12.555193004839293,out,,,,
Pell,256,14,0,38,0.973639667495568,0.0013994305800157925,1.3919021117311117,0.38027032229873237,1.0475214541561932,0.07260382511307137,,12.608097888268889,out,,,,
Pell,256,14,0,37,0.9750207564120521,0.0013627472529526008,1.335971417052378,0.3693217946862426,1.0447426681815029,0.0707010072306304,,12.664028582947623,out,,,,
Pell,256,14,0,36,0.9763651363481414,0.0013260126192259358,1.2767774797713607,0.35838599193164405,1.0418873183044397,0.0687955377967128,,12.723222520228639,out,,,,
Pell,256,14,0,35,0.9776727566886909,0.0012892280618731489,1.2140579000675393,0.3474646840796372,1.0389526861677543,0.06688748943155125,,12.785942099932461,out,,,,
Pell,256,14,0,34,0.978943568202534,0.0012523949658129752,1.1475218987912594,0.3365597142142334,1.0359359499989296,0.06497693495714309,,12.85247810120874,out,,,,
Pell,256,14,0,33,0.9801775230443355,0.0012155147177899117,1.0768463208965493,0.3256730035350341,1.0328341846878963,0.06306394741058005,,12.92315367910345,out,,,,
Pell,256,14,0,32,0.9813745747563929,0.0011785887063248124,1.001670930209416,0.3148065569243867,1.0296443634467236,0.061148600060427674,,12.998329069790584,out,,,,
Pell,256,14,0,31,0.9825346782703858,0.001141618321661042,0.9215928416690429,0.30396246907054075,1.0263633616240762,0.05923096642685349,,13.078407158330958,out,,,,
Pell,256,14,0,30,0.9836577899090726,0.0011046049557127402,0.8361598971330528,0.2931429312234115,1.022987963439608,0.0573111203063959,,13.163840102866947,out,,,,
Pell,256,14,0,29,0.9847438673879352,0.0010675500020121964,0.744862738462637,0.28235023867379044,1.0195148726656305,0.055389135802512736,,13.255137261537364,out,,,,
Pell,256,14,0,28,0.98579286981677,0.0010304548556573367,0.6471252625807905,0.27158679906448996,1.0159407286426445,0.053465087363383026,,13.35287473741921,out,,,,
Pell,256,14,0,27,0.9868047577012284,0.0009933209132598764,0.5422930511786366,0.26085514166413615,1.012262129512552,0.05153904982887173,,13.457706948821363,out,,,,
Pell,256,14,0,26,0.987779492944304,0.0009561495728910296,0.4296192439618101,0.250157927762912,1.0084756652484717,0.04961109848917917,,13.57038075603819,out,,,,
Pell,256,14,0,25,0.9887170388477653,0.0009189422340315501,0.30824715608550396,0.23949796238676496,1.0045779640428307,0.04768130915851023,,13.691752843914497,out,,,,
Pell,256,14,0,24,0.989617360113539,0.0008817002975159971,0.17718870939464984,0.2288782075763452,1.000565757022998,0.04574975826822832,,13.82281129060535,out,,,,
Pell,256,14,0,23,0.9904804228450386,0.0008444251654829982,0.0352974277014239,0.21830179754569545,0.9964359683110177,0.04381652298556065,,13.964702572298576,out,,,,
Pell,256,14,0,22,0.9913061945484398,0.0008071182413195155,-0.11876569697259651,0.20777205613305583,0.992185840470614,0.041881681366165296,,14.118765696972597,out,,,,
Pell,256,14,0,21,0.9920946441339047,0.0007697809296104419,-0.28657577391310085,0.19729251709772297,0.9878131099381379,0.039945312552103804,,14.286575773913102,out,,,,
Pell,256,14,0,20,0.9928457419167522,0.0007324146360845329,-0.4700001655110109,0.18686694802510734,0.9833162540021017,0.03800749703151107,,14.470000165511012,out,,,,
Pell,256,14,0,19,0.9935594596185753,0.0006950207675615605,-0.6712714937313489,0.1764993789023885,0.9786948417040126,0.036068316983276255,,14.671271493731348,out,,,,
Pell,256,14,0,18,0.9942357703683058,0.0006576007318993549,-0.8930832494088511,0.16619413683307135,0.9739500379167838,0.0341278567406907,,14.893083249408852,out,,,,
Pell,256,14,0,17,0.9948746487032261,0.0006201559379414023,-1.1387156900833164,0.15595588882750785,0.9690853361660348,0.03218620342446039,,15.138715690083316,out,,,,
Pell,256,14,0,16,0.9954760705699284,0.0005826877954629994,-1.4122025282355295,0.14578969494107213,0.9641076361521428,0.030243447821435062,,15.412202528235529,out,,,,
Pell,256,14,0,15,0.996040013325219,0.0005451977151181842,-1.7185542685320279,0.13570107373820306,0.9590288424019469,0.028299685627458576,,15.718554268532028,out,,,,
Pell,256,14,0,14,0.9965664557369718,0.0005076871083876666,-2.064067454670559,0.12569608034100066,0.9538682494098022,0.026355019242704437,,16.06406745467056,out,,,,
Pell,256,14,0,13,0.9970553779849279,0.00047015738752453906,-2.4567837962912913,0.11578139409329902,0.9486561172147656,0.024409560428120307,,16.45678379629129,out,,,,
Pell,256,14,0,12,0.9975067616614409,0.00043260996550142927,-2.9072345425728816,0.10596441269075894,0.9434391114074898,0.022463434345577144,,16.90723454257288,out,,,,
Pell,256,14,0,11,0.9979205897721704,0.00039504625595754295,-3.429692874213217,0.09625336646560335,0.9382889398976718,0.020516785900961506,,17.429692874213217,out,,,,
Pell,256,14,0,10,0.9982968467367219,0.000357467673145595,-4.04419184386657,0.08665751061900089,0.9333170730034962,0.01856979008004845,,18.04419184386657,out,,,,
Pell,256,14,0,9,0.9986355183892336,0.0003198756318776308,-4.779613557179814,0.0771874959072918,0.928701562424032,0.016622669548616326,,18.779613557179815,out,,,,
Pell,256,14,0,8,0.9989365919789088,0.00028227154747295646,-5.678504014979602,0.06785602122493538,0.9247381703787612,0.014675726253874088,,19.678504014979602,out,,,,
Pell,256,14,0,7,0.9992000561704975,0.0002446568357041823,-6.805148966196039,0.058678869924347773,0.9219422876450626,0.012729401983335095,,20.80514896619604,out,,,,
Pell,256,14,0,6,0.9994259010447213,0.0002070329127435988,-8.261264278907843,0.04967648778652747,0.9212653054476962,0.010784404338853679,,22.261264278907845,out,,,,
Pell,256,14,0,5,0.9996141180986486,0.0001694011951111074,-10.215310608570256,0.04087699440093426,0.9246098629970912,0.008841998346942326,,24.215310608570256,out,,,,
rect,16,18,0,1,0.9975923633360984,0.004815273327803182,6.730796274786338,0.34262407992492927,0.27409926393994344,0.25,129.76862355756907,11.26920372521366,out:alpha;sweep=0.0,1.4390011787407078,8,0.00,RunDiagnostics { ResidualInf = 4.3520742565306136E-14; Kappa1 = 70.92354575065265 }
rect,16,18,0,2,0.9879850035377136,0.014399446268966387,6.585229607709685,0.5873269215682615,0.4698615372546092,0.25,74.38868410642088,11.414770392290315,out:alpha;sweep=0.0,1.4390011787407078,8,0.00,RunDiagnostics { ResidualInf = 4.3520742565306136E-14; Kappa1 = 70.92354575065265 }
rect,16,18,0,3,0.9688628080677196,0.023844944671021606,6.30824500558174,0.836124102286038,0.6688992818288304,0.25,63.95097694365167,11.691754994418261,out:alpha;sweep=0.0,1.4390011787407078,8,0.00,RunDiagnostics { ResidualInf = 4.3520742565306136E-14; Kappa1 = 70.92354575065265 }
rect,16,18,0,4,0.9404099341217478,0.033060803220922086,5.937552697117833,1.0662337898963392,0.8529870319170714,0.25,58.8182095993648,12.062447302882166,out:alpha;sweep=0.0,1.4390011787407078,8,0.00,RunDiagnostics { ResidualInf = 4.3520742565306136E-14; Kappa1 = 70.92354575065265 }
Prect,16,18,0,16,0.049008570164780295,0.0980171403295607,2.4113604257336503,2.0629659189658285,1.6503727351726627,0.25,,15.588639574266349,out,,,,
Prect,16,18,0,15,0.14655373117284443,0.09707318168656755,2.4509991569286527,2.055718604350455,1.6445748834803642,0.25,,15.549000843071347,out,,,,
Prect,16,18,0,14,0.24268749963529518,0.09519435523833397,2.531721064114826,2.040827186074057,1.6326617488592459,0.25,,15.468278935885174,out,,,,
Prect,16,18,0,13,0.33648405480977595,0.09239875511062756,2.656358764831076,2.0174771477265376,1.6139817181812302,0.25,,15.343641235168924,out,,,,
Prect,16,18,0,12,0.4270400845955437,0.08871330446090797,2.8289671099680165,1.9843969536162933,1.5875175628930347,0.25,,15.171032890031984,out,,,,
Prect,16,18,0,11,0.5134834849227998,0.08417349619360426,3.0544239680407643,1.9398072750267144,1.5518458200213714,0.25,,14.945576031959236,out,,,,
Prect,16,18,0,10,0.5949817585916237,0.07882305114404342,3.337574053025022,1.881373882950705,1.5050991063605639,0.25,,14.662425946974977,out,,,,
Prect,16,18,0,9,0.6707500326750964,0.07271349702290208,3.6815763998080713,1.806194974263097,1.4449559794104776,0.25,,14.31842360019193,out,,,,
Prect,16,18,0,8,0.7400586172746422,0.06590367217618953,4.0851045208704395,1.7108802575231576,1.3687042060185262,0.25,,13.91489547912956,out,,,,
Prect,16,18,0,7,0.8022400328326411,0.05845915893980835,4.538505157860063,1.5918138899557828,1.2734511119646261,0.25,,13.461494842139938,out,,,,
Prect,16,18,0,6,0.8566954383254501,0.05045165204580959,5.020466377042055,1.4457078579145712,1.156566286331657,0.25,,12.979533622957945,out,,,,
Prect,16,18,0,5,0.9029003984298208,0.0419582681629318,5.498707877051907,1.2704746630843542,1.0163797304674833,0.25,,12.501292122948094,out,,,,
rect,32,18,0,1,0.9993977281025862,0.001204543794827595,6.819468162875703,0.17867249850953923,0.1429379988076314,0.25,270.52529264525924,11.180531837124297,out:alpha;sweep=0.0,1.427956955265259,8,0.03,RunDiagnostics { ResidualInf = 8.704148513061227E-14; Kappa1 = 278.4241873146198 }
rect,32,18,0,2,0.9969900914386847,0.0036107295329755873,6.785697100495185,0.3080719187683636,0.24645753501469086,0.25,155.60728132282955,11.214302899504816,out:alpha;sweep=0.0,1.427956955265259,8,0.03,RunDiagnostics { ResidualInf = 8.704148513061227E-14; Kappa1 = 278.4241873146198 }
rect,32,18,0,3,0.9921806183184889,0.006008216707415803,6.716506206989,0.44516525459930606,0.35613220367944487,0.25,135.1289590173917,11.283493793011,out:alpha;sweep=0.0,1.427956955265259,8,0.03,RunDiagnostics { ResidualInf = 8.704148513061227E-14; Kappa1 = 278.4241873146198 }
rect,32,18,0,4,0.9849808951840058,0.008391229561550584,6.611757011306304,0.5807267182478396,0.4645813745982717,0.25,126.21732305284668,11.388242988693696,out:alpha;sweep=0.0,1.427956955265259,8,0.03,RunDiagnostics { ResidualInf = 8.704148513061227E-14; Kappa1 = 278.4241873146198 }
Prect,32,18,0,32,0.024533837163708973,0.04906767432741807,2.424640380988107,2.060557353974913,1.6484458831799305,0.25,,15.575359619011893,out,,,,
Prect,32,18,0,31,0.07354240732848932,0.04894946600214264,2.4347362678447304,2.05870379049775,1.6469630323981999,0.25,,15.56526373215527,out,,,,
Prect,32,18,0,30,0.12237380739246115,0.04871333412580099,2.4550229779701667,2.054970722967454,1.643976578373963,0.25,,15.544977022029833,out,,,,
Prect,32,18,0,29,0.17091039823574491,0.048359847560766556,2.485689678843204,2.049305902984556,1.6394447223876447,0.25,,15.514310321156795,out,,,,
Prect,32,18,0,28,0.21903525095969603,0.04788985788713568,2.527018157161272,2.0416300484927135,1.6333040387941709,0.25,,15.472981842838728,out,,,,
Prect,32,18,0,27,0.26663242857886305,0.047304497351198294,2.579379880340046,2.031835778293683,1.6254686226349464,0.25,,15.420620119659954,out,,,,
Prect,32,18,0,26,0.313587265323341,0.046605176137757776,2.643231055945669,2.0197862394864785,1.6158289915891828,0.25,,15.35676894405433,out,,,,
Prect,32,18,0,25,0.3597866428786548,0.045793578972869786,2.719104703207384,2.005313479484986,1.604250783587989,0.25,,15.280895296792616,out,,,,
Prect,32,18,0,24,0.4051192628976858,0.04487166106519214,2.8075983672381755,1.9882166413383306,1.5905733130706645,0.25,,15.192401632761825,out,,,,
Prect,32,18,0,23,0.4494759151281398,0.043841643395715835,2.9093556380103713,1.96826009937423,1.574608079499384,0.25,,15.090644361989629,out,,,,
Prect,32,18,0,22,0.4927497405096097,0.042706007367223964,3.0250390874139734,1.9451717057731361,1.5561373646185088,0.25,,14.974960912586027,out,,,,
Prect,32,18,0,21,0.5348364886064119,0.041467488826380294,3.1552916528116506,1.9186413924407397,1.5349131139525918,0.25,,14.84470834718835,out,,,,
Prect,32,18,0,20,0.5756347687560177,0.0401290714728314,3.3006829961985944,1.888320471677446,1.5106563773419568,0.25,,14.699317003801406,out,,,,
Prect,32,18,0,19,0.6150462943280394,0.03869397967121202,3.4616372143955374,1.8538221076059331,1.4830576860847464,0.25,,14.538362785604463,out,,,,
Prect,32,18,0,18,0.6529761195053319,0.037165670683373064,3.6383389409731324,1.8147235872406469,1.4517788697925176,0.25,,14.361661059026869,out,,,,
Prect,32,18,0,17,0.689332868016783,0.03554782633952902,3.8306171050383866,1.7705711929116483,1.4164569543293186,0.25,,14.169382894961613,out,,,,
Prect,32,18,0,16,0.7240289532707531,0.03384434416841142,4.037810338026861,1.7208886314013287,1.376710905121063,0.25,,13.962189661973138,out,,,,
Prect,32,18,0,15,0.7569807893588479,0.03205932800777811,4.258626034551154,1.6651900389541818,1.3321520311633455,0.25,,13.741373965448846,out,,,,
Prect,32,18,0,14,0.7881089924216909,0.03019707811790784,4.4910161707184155,1.6029984417758643,1.2823987534206913,0.25,,13.508983829281584,out,,,,
Prect,32,18,0,13,0.8173385718915951,0.028262080821900515,4.732104697769107,1.533870068201198,1.2270960545609584,0.25,,13.267895302230894,out,,,,
Prect,32,18,0,12,0.8445991111514086,0.02625899769772666,4.9782080012522725,1.4574239750323204,1.1659391800258563,0.25,,13.021791998747727,out,,,,
Prect,32,18,0,11,0.8698249371743134,0.02419265434808293,5.224983727274021,1.3733751066779192,1.0987000853423354,0.25,,12.775016272725978,out,,,,
Prect,32,18,0,10,0.8929552787358992,0.0220680287750884,5.467718476491185,1.2815674520936031,1.0252539616748826,0.25,,12.532281523508814,out,,,,
Prect,32,18,0,9,0.913934412817365,0.0198902393878434,5.701722638046891,1.1820029645953012,0.945602371676241,0.25,,12.298277361953108,out,,,,
Prect,32,18,0,8,0.9327117988471537,0.017664532671733957,5.922746817812109,1.0748620056800144,0.8598896045440115,0.25,,12.077253182187892,out,,,,
Prect,32,18,0,7,0.9492422004576148,0.015396270549188129,6.127267798671609,0.9605127785341592,0.7684102228273273,0.25,,11.872732201328391,out,,,,
Prect,32,18,0,6,0.9634857944633763,0.01309091746233515,6.3124116785738265,0.8395110805160765,0.6716088644128612,0.25,,11.687588321426173,out,,,,
Prect,32,18,0,5,0.9754082667988873,0.010754027208686456,6.475269341006257,0.7125990619726493,0.5700792495781195,0.25,,11.524730658993743,out,,,,
rect,64,18,0,1,0.9998494093481021,0.00030118130379575003,6.856503078767836,0.09124567724280311,0.07299654179424249,0.25,552.5315093317685,11.143496921232163,out:alpha;sweep=0.0,1.4222787956173863,8.000000000000004,0.08,RunDiagnostics { ResidualInf = 2.864375403532904E-13; Kappa1 = 1103.368859559128 }
rect,64,18,0,2,0.9992471374506884,0.000903362491031845,6.848427656594176,0.1575535671481622,0.12604285371852977,0.25,318.08189208877485,11.151572343405824,out:alpha;sweep=0.0,1.4222787956173863,8.000000000000004,0.08,RunDiagnostics { ResidualInf = 2.864375403532904E-13; Kappa1 = 1103.368859559128 }
rect,64,18,0,3,0.9980429564419313,0.001504999526482198,6.832113734444251,0.2285234734528731,0.1828187787622985,0.25,276.92821919993617,11.16788626555575,out:alpha;sweep=0.0,1.4222787956173863,8.000000000000004,0.08,RunDiagnostics { ResidualInf = 2.864375403532904E-13; Kappa1 = 1103.368859559128 }
rect,64,18,0,4,0.9962375916754436,0.0021057300064933893,6.807285560383819,0.29990264800853267,0.23992211840682615,0.25,259.746900713714,11.192714439616182,out:alpha;sweep=0.0,1.4222787956173863,8.000000000000004,0.08,RunDiagnostics { ResidualInf = 2.864375403532904E-13; Kappa1 = 1103.368859559128 }
Prect,64,18,0,64,0.01227061426145604,0.024541228522912205,2.4324161705561775,2.059186404540965,1.6473491236327722,0.25,,15.567583829443823,out,,,,
Prect,64,18,0,63,0.03680445142516507,0.024526445804505866,2.4349666044577916,2.0587168430056204,1.6469734744044964,0.25,,15.565033395542208,out,,,,
Prect,64,18,0,62,0.061316118963542665,0.02449688927224932,2.4400735387449175,2.0577760577737676,1.646220846219014,0.25,,15.559926461255083,out,,,,
Prect,64,18,0,61,0.08579085196461399,0.024452576729893316,2.4477490958709174,2.056360718495031,1.6450885747960249,0.25,,15.552250904129082,out,,,,
Prect,64,18,0,60,0.1102139077643884,0.02439353486965551,2.458011432434396,2.054465814606583,1.6435726516852665,0.25,,15.541988567565603,out,,,,
Prect,64,18,0,59,0.1345705748272889,0.024319799256145483,2.4708847044495648,2.0520846373821287,1.6416677099057029,0.25,,15.529115295550435,out,,,,
Prect,64,18,0,58,0.15884618160783143,0.024231414304939608,2.486399017254896,2.0492087561581442,1.6393670049265154,0.25,,15.513600982745103,out,,,,
Prect,64,18,0,57,0.18302610538821473,0.024128433255826948,2.504590356721718,2.045827988885227,1.6366623911081817,0.25,,15.495409643278283,out,,,,
Prect,64,18,0,56,0.20709578108649893,0.024010918140741466,2.5255004974327226,2.0419303672017177,1.6335442937613742,0.25,,15.474499502567276,out,,,,
Prect,64,18,0,55,0.23104071003006676,0.023878939746394212,2.549176882444863,2.0375020962850945,1.6300016770280756,0.25,,15.450823117555137,out,,,,
Prect,64,18,0,54,0.2548464686890811,0.02373257757163444,2.575672468070569,2.0325275098057918,1.6260220078446335,0.25,,15.424327531929432,out,,,,
Prect,64,18,0,53,0.27849871736468024,0.023571919779563855,2.605045525792234,2.026989020390617,1.6215912163124937,0.25,,15.394954474207767,out,,,,
Prect,64,18,0,52,0.3019832088266768,0.023397063144429242,2.6373593919719713,2.0208670661017076,1.616693652881366,0.25,,15.362640608028029,out,,,,
Prect,64,18,0,51,0.3252857968955557,0.023208112993328534,2.6726821543779775,2.014140053554802,1.6113120428438417,0.25,,15.327317845622023,out,,,,
Prect,64,18,0,50,0.34839244496360405,0.023005183142768226,2.711086262745764,2.0067842984413025,1.605427438753042,0.25,,15.288913737254235,out,,,,
Prect,64,18,0,49,0.3712892344500389,0.02278839583010156,2.7526480485829135,1.9987739643857834,1.5990191715086266,0.25,,15.247351951417087,out,,,,
Prect,64,18,0,48,0.39396237318503974,0.022557881639900024,2.797447137260755,1.9900810012691061,1.592064801015285,0.25,,15.202552862739246,out,,,,
Prect,64,18,0,47,0.4163982037176358,0.022313779425292113,2.845565733085937,1.9806750843815473,1.584540067505238,0.25,,15.154434266914063,out,,,,
Prect,64,18,0,46,0.4385832115424443,0.022056236224324843,2.897087755611678,1.9705235560461423,1.5764188448369139,0.25,,15.102912244388321,out,,,,
Prect,64,18,0,45,0.4605040332403022,0.02178540717139099,2.952097802968083,1.9595913716750206,1.5676730973400166,0.25,,15.047902197031917,out,,,,
Prect,64,18,0,44,0.4821474645278908,0.021501455403786285,3.0106799156463673,1.9478410525969156,1.5582728420775325,0.25,,14.989320084353633,out,,,,
Prect,64,18,0,43,0.5035004682115028,0.02120455196343768,3.0729161121209514,1.9352326484271893,1.5481861187417514,0.25,,14.927083887879048,out,,,,
Prect,64,18,0,42,0.5245501820401594,0.02089487569387538,3.1388846662763217,1.9217237122472743,1.5373789697978195,0.25,,14.861115333723678,out,,,,
Prect,64,18,0,41,0.5452839264533496,0.020572613132504913,3.2086580961776185,1.9072692924201327,1.525815433936106,0.25,,14.791341903822381,out,,,,
Prect,64,18,0,40,0.5656892122187236,0.020237958398243383,3.282300834873632,1.8918219454912453,1.5134575563929962,0.25,,14.717699165126369,out,,,,
Prect,64,18,0,39,0.5857537479551393,0.019891113074588018,3.3598665572965034,1.8753317753035221,1.5002654202428176,0.25,,14.640133442703497,out,,,,
Prect,64,18,0,38,0.6054654475365301,0.019532286088193462,3.441395143811085,1.857746504174687,1.4861972033397497,0.25,,14.558604856188914,out,,,,
Prect,64,18,0,37,0.6248124373721361,0.019161693583018558,3.526909271549584,1.8390115827206326,1.4712092661765062,0.25,,14.473090728450416,out,,,,
Prect,64,18,0,36,0.643783063558711,0.018779558790131157,3.6164106404536582,1.8190703456165849,1.455256276493268,0.25,,14.383589359546342,out,,,,
Prect,64,18,0,35,0.6623658989003975,0.018386111893241908,3.709875863032641,1.7978642212089937,1.438291376967195,0.25,,14.290124136967359,out,,,,
Prect,64,18,0,34,0.6805497497920427,0.0179815898900485,3.807252076162658,1.7753330033413426,1.420266402673074,0.25,,14.192747923837342,out,,,,
Prect,64,18,0,33,0.6983236629618073,0.01756623644948052,3.908452370282786,1.7514151939274518,1.4011321551419615,0.25,,14.091547629717214,out,,,,
Prect,64,18,0,32,0.7156769320690071,0.01714030176491932,4.0133511758335505,1.7260484245621743,1.3808387396497395,0.25,,13.98664882416645,out,,,,
Prect,64,18,0,31,0.7325991041532128,0.016704042403492103,4.121779797204658,1.6991699646462162,1.3593359717169728,0.25,,13.878220202795342,out,,,,
Prect,64,18,0,30,0.7490799859307218,0.016257721151525684,4.233522337773146,1.6707173219547404,1.3365738575637924,0.25,,13.766477662226855,out,,,,
Prect,64,18,0,29,0.7651096499346108,0.015801606856252426,4.348312310650701,1.6406289391425155,1.3125031513140124,0.25,,13.651687689349298,out,,,,
Prect,64,18,0,28,0.7806784404946716,0.015335974263869234,4.465830271416,1.60884498623494,1.2870759889879522,0.25,,13.534169728584,out,,,,
Prect,64,18,0,27,0.7957769795536256,0.014861103854038604,4.58570283241483,1.5753082446616562,1.260246595729325,0.25,,13.41429716758517,out,,,,
Prect,64,18,0,26,0.8103961723161142,0.014377281670938769,4.707503413373894,1.539965072920924,1.2319720583367393,0.25,,13.292496586626106,out,,,,
Prect,64,18,0,25,0.8245272127270644,0.013884799150961746,4.830755041043846,1.5027664377448842,1.2022131501959072,0.25,,13.169244958956154,out,,,,
Prect,64,18,0,24,0.8381615887761262,0.01338395294716177,4.954935425110303,1.4636689880697638,1.170935190455811,0.25,,13.045064574889697,out,,,,
Prect,64,18,0,23,0.8512910876249895,0.01287504475056489,5.079484407206465,1.4226361427718008,1.1381089142174408,0.25,,12.920515592793535,out,,,,
Prect,64,18,0,22,0.8639078005544917,0.012358381108439342,5.203813709262175,1.3796391577076246,1.1037113261660996,0.25,,12.796186290737825,out,,,,
Prect,64,18,0,21,0.8760041277285331,0.011834273239643589,5.327318706461241,1.334658133839101,1.067726507071281,0.25,,12.672681293538758,out,,,,
Prect,64,18,0,20,0.8875727827719351,0.011303036847160275,5.4493917305965125,1.2876829268092151,1.0301463414473722,0.25,,12.550608269403487,out,,,,
Prect,64,18,0,19,0.8986067971594793,0.010764991927928125,5.5694361790902605,1.238713919788515,0.9909711358308121,0.25,,12.43056382090974,out,,,,
Prect,64,18,0,18,0.909099524413487,0.010220462580087353,5.686880460409321,1.1877626260447223,0.9502101008357778,0.25,,12.31311953959068,out,,,,
Prect,64,18,0,17,0.9190446441074087,0.009669776807756048,5.801190532712663,1.1348520956484007,0.9078816765187205,0.25,,12.198809467287337,out,,,,
Prect,64,18,0,16,0.9284361656730128,0.009113266323452107,5.911879471326181,1.0800171121258666,0.8640136897006933,0.25,,12.08812052867382,out,,,,
Prect,64,18,0,15,0.9372684320088798,0.00855126634828185,6.018512138783953,1.023304179935657,0.8186433439485257,0.25,,11.981487861216047,out,,,,
Prect,64,18,0,14,0.9455361228880287,0.00798411541001598,6.120702706559082,0.9647713227669052,0.7718170582135242,0.25,,11.879297293440917,out,,,,
Prect,64,18,0,13,0.9532342581626227,0.00741215513917215,6.218102696786369,0.904487736167017,0.7235901889336136,0.25,,11.781897303213631,out,,,,
Prect,64,18,0,12,0.9603582007638243,0.006835730063231016,6.310377769446484,0.8425333656558716,0.6740266925246973,0.25,,11.689622230553516,out,,,,
Prect,64,18,0,11,0.9669036594949919,0.006255187399104134,6.397173316008084,0.7789985118672041,0.6231988094937633,0.25,,11.602826683991916,out,,,,
Prect,64,18,0,10,0.9728666916165363,0.005670876843984485,6.478072973158787,0.7139835947741733,0.5711868758193386,0.25,,11.521927026841212,out,,,,
Prect,64,18,0,9,0.9782437052208794,0.005083150364701972,6.552561509815198,0.6475992377354489,0.5180793901883591,0.25,,11.447438490184801,out,,,,
Prect,64,18,0,8,0.9830314613960858,0.004492361985710791,6.6200139646318865,0.5799668655955543,0.4639734924764435,0.25,,11.379986035368113,out,,,,
Prect,64,18,0,7,0.9872270761768611,0.003898867575839793,6.679740286295272,0.5112200964497272,0.4089760771597818,0.25,,11.32025971370473,out,,,,
Prect,64,18,0,6,0.9908280222817455,0.0033030246339289526,6.731101297067864,0.4415075494434603,0.35320603955476826,0.25,,11.268898702932136,out,,,,
Prect,64,18,0,5,0.9938321306354534,0.0027051920734868506,6.773661155209991,0.37099906148304285,0.2967992491864343,0.25,,11.226338844790009,out,,,,
rect,128,18,0,1,0.9999623509195723,7.529816085549701E-05,6.873366582049259,0.046108833659131855,0.036887066927305485,0.25,1116.7926001562794,11.12663341795074,out:alpha;sweep=0.0,1.4194023991115938,8.000000000000002,0.32,RunDiagnostics { ResidualInf = 1.0667022820598504E-12; Kappa1 = 4393.00270529365 }
rect,128,18,0,2,0.9998117602676744,0.00022588314294025302,6.871387741334192,0.07964408739707456,0.06371526991765965,0.25,643.0466470521757,11.128612258665807,out:alpha;sweep=0.0,1.4194023991115938,8.000000000000002,0.32,RunDiagnostics { ResidualInf = 1.0667022820598504E-12; Kappa1 = 4393.00270529365 }
rect,128,18,0,3,0.9995106016422769,0.0003764341078547062,6.86741902916183,0.11562731840306088,0.0925018547224487,0.25,560.2014730215959,11.13258097083817,out:alpha;sweep=0.0,1.4194023991115938,8.000000000000002,0.32,RunDiagnostics { ResidualInf = 1.0667022820598504E-12; Kappa1 = 4393.00270529365 }
rect,128,18,0,4,0.999058920396761,0.0005269283831771387,6.861439066182584,0.15197004969323297,0.12157603975458638,0.25,525.992040824806,11.138560933817416,out:alpha;sweep=0.0,1.4194023991115938,8.000000000000002,0.32,RunDiagnostics { ResidualInf = 1.0667022820598504E-12; Kappa1 = 4393.00270529365 }
Prect,128,18,0,128,0.006135769142859881,0.012271538285719884,2.436600991275169,2.0584593694947433,1.6467674955957947,0.25,,15.563399008724831,out,,,,
Prect,128,18,0,127,0.018406383404315982,0.01226969023719232,2.4372421257002723,2.0583411430181653,1.6466729144145322,0.25,,15.562757874299727,out,,,,
Prect,128,18,0,126,0.030674225732135504,0.012265994418446724,2.438524777674616,2.058104584807918,1.6464836678463342,0.25,,15.561475222325384,out,,,,
Prect,128,18,0,125,0.042937448634388434,0.012260451386059142,2.440449713281021,2.0577494842534376,1.6461995874027502,0.25,,15.559550286718979,out,,,,
Prect,128,18,0,124,0.05519420531481327,0.012253061974790522,2.4430180812334648,2.057275525198079,1.6458204201584632,0.25,,15.556981918766535,out,,,,
Prect,128,18,0,123,0.06744264995093793,0.0122438272974588,2.4462314123679674,2.0566822856504885,1.6453458285203908,0.25,,15.553768587632032,out,,,,
Prect,128,18,0,122,0.07968093797205354,0.012232748744772426,2.4500916189615647,2.055969237400423,1.6447753899203383,0.25,,15.549908381038435,out,,,,
Prect,128,18,0,121,0.0919072263370002,0.01221982798512089,2.4546009938462667,2.0551357455394625,1.64410859643157,0.25,,15.545399006153733,out,,,,
Prect,128,18,0,120,0.10411967381172185,0.012205066964322414,2.459762209314898,2.054181067887347,1.6433448543098776,0.25,,15.540237790685103,out,,,,
Prect,128,18,0,119,0.1163164412465496,0.012188467905333095,2.465578315800182,2.053104354324767,1.6424834834598137,0.25,,15.534421684199819,out,,,,
Prect,128,18,0,118,0.12849569185317114,0.012170033307909958,2.472052740292757,2.05190464603355,1.6415237168268402,0.25,,15.527947259707243,out,,,,
Prect,128,18,0,117,0.14065559148124387,0.012149765948235525,2.47918928448691,2.050580874645471,1.6404646997163765,0.25,,15.52081071551309,out,,,,
Prect,128,18,0,116,0.15279430889461146,0.012127668878499642,2.486992122608467,2.049131861300968,1.6393054890407743,0.25,,15.513007877391534,out,,,,
Prect,128,18,0,115,0.16491001604708128,0.012103745426439966,2.495465798898618,2.0475563156193655,1.6380450524954924,0.25,,15.504534201101382,out,,,,
Prect,128,18,0,114,0.1770008883577211,0.012077999194839678,2.5046152247234788,2.0458528345824125,1.63668226766593,0.25,,15.495384775276522,out,,,,
Prect,128,18,0,113,0.18906510498563456,0.01205043406098727,2.5144456752475874,2.044019901333066,1.6352159210664527,0.25,,15.485554324752412,out,,,,
Prect,128,18,0,112,0.2011008491041733,0.012021054176090257,2.5249627856365904,2.0420558838918454,1.6336447071134763,0.25,,15.47503721436341,out,,,,
Prect,128,18,0,111,0.21310630817454407,0.01198986396465121,2.5361725467360823,2.039959033793336,1.631967227034669,0.25,,15.463827453263917,out,,,,
Prect,128,18,0,110,0.2250796742187704,0.011956868123801478,2.5480813001689473,2.0377274846457114,1.630181987716569,0.25,,15.451918699831053,out,,,,
Prect,128,18,0,109,0.2370191440919675,0.011922071622592734,2.560695732787568,2.0353592506164824,1.628287400493186,0.25,,15.439304267212432,out,,,,
Prect,128,18,0,108,0.2489229197538892,0.011885479701250645,2.5740228704070662,2.0328522248480505,1.6262817798784404,0.25,,15.425977129592933,out,,,,
Prect,128,18,0,107,0.26078920853970644,0.011847097870383794,2.588070070758745,2.0302041778071334,1.6241633422457067,0.25,,15.411929929241255,out,,,,
Prect,128,18,0,106,0.2726162234299756,0.011806931910154639,2.6028450155744056,2.0274127555724695,1.6219302044579755,0.25,,15.397154984425594,out,,,,
Prect,128,18,0,105,0.28440218331975753,0.011764987869409216,2.6183557017099424,2.0244754780657304,1.6195803824525843,0.25,,15.381644298290057,out,,,,
Prect,128,18,0,104,0.2961453132868451,0.01172127206476592,2.6346104312284773,2.021389737231184,1.6171117897849474,0.25,,15.365389568771523,out,,,,
Prect,128,18,0,103,0.30784384485905975,0.011675791079663322,2.651617800326494,2.0181527951701037,1.614522236136083,0.25,,15.348382199673505,out,,,,
Prect,128,18,0,102,0.3194960162805771,0.011628551763371464,2.6693866870014276,2.014761782236662,1.6118094257893296,0.25,,15.330613312998572,out,,,,
Prect,128,18,0,101,0.3311000727772414,0.01157956122995707,2.68792623734446,2.0112136951027164,1.6089709560821732,0.25,,15.31207376265554,out,,,,
Prect,128,18,0,100,0.34265426682082717,0.011528826857214458,2.7072458503293153,2.007505394799618,1.6060043158396944,0.25,,15.292754149670685,out,,,,
Prect,128,18,0,99,0.3541568583922113,0.011476356285553768,2.727355160957944,2.0036336047460197,1.6029068837968157,0.25,,15.272644839042055,out,,,,
Prect,128,18,0,98,0.3656061152434128,0.011422157416849321,2.7482640216331093,1.9995949087716054,1.5996759270172842,0.25,,15.251735978366892,out,,,,
Prect,128,18,0,97,0.3770003131584636,0.011366238413252239,2.76998248158593,1.9953857491475304,1.5963085993180244,0.25,,15.23001751841407,out,,,,
Prect,128,18,0,96,0.3883377362130689,0.011308607695958262,2.7925207642103405,1.9910024246355311,1.592801939708425,0.25,,15.207479235789659,out,,,,
Prect,128,18,0,95,0.39961667703301884,0.011249273943941762,2.815889242124191,1.9864410885687454,1.5891528708549962,0.25,,15.184110757875809,out,,,,
Prect,128,18,0,94,0.41083543705131337,0.011188246092647236,2.840098409776565,1.9816977469785293,1.5853581975828235,0.25,,15.159901590223434,out,,,,
Prect,128,18,0,93,0.4219923267639594,0.011125533332644877,2.8651588534007084,1.9767682567828888,1.581414605426311,0.25,,15.134841146599292,out,,,,
Prect,128,18,0,92,0.4330856659844046,0.011061145108245518,2.8910812181283494,1.971648324053676,1.5773186592429407,0.25,,15.108918781871651,out,,,,
Prect,128,18,0,91,0.44411378409656704,0.010995091116079325,2.9178761720281994,1.9663335023810808,1.5730668019048646,0.25,,15.0821238279718,out,,,,
Prect,128,18,0,90,0.4550750203064234,0.010927381303633354,2.9455543668739286,1.9608191913558417,1.5686553530846734,0.25,,15.054445633126072,out,,,,
Prect,128,18,0,89,0.4659677238921189,0.010858025867757637,2.974126395389434,1.9551006351911786,1.564080508152943,0.25,,15.025873604610567,out,,,,
Prect,128,18,0,88,0.47679025445256024,0.010787035253125077,3.0036027447612987,1.9491729215085785,1.5593383372068628,0.25,,14.996397255238701,out,,,,
Prect,128,18,0,87,0.4875409821544534,0.010714420150661208,3.0339937461481896,1.94303098031339,1.554424784250712,0.25,,14.96600625385181,out,,,,
Prect,128,18,0,86,0.4982182879777507,0.010640191495933482,3.0653095199778306,1.9366695831886156,1.5493356665508924,0.25,,14.93469048002217,out,,,,
Prect,128,18,0,85,0.5088205639594696,0.010564360467504197,3.0975599167584384,1.9300833427373534,1.5440666741898827,0.25,,14.902440083241562,out,,,,
Prect,128,18,0,84,0.5193462134358452,0.010486938485247066,3.1307544531791955,1.9232667123069556,1.5386133698455644,0.25,,14.869245546820805,out,,,,
Prect,128,18,0,83,0.5297936512827829,0.010407937208628315,3.1649022432664866,1.9162139860304748,1.5329711888243798,0.25,,14.835097756733514,out,,,,
Prect,128,18,0,82,0.5401613041545716,0.0103273685349492,3.2000119243550107,1.908919299223577,1.5271354393788616,0.25,,14.79998807564499,out,,,,
Prect,128,18,0,81,0.550447610720824,0.010245244597555714,3.236091577684197,1.901376629178013,1.5211013033424103,0.25,,14.763908422315803,out,,,,
Prect,128,18,0,80,0.5606510219016076,0.010161577764011387,3.2731486434209596,1.8935797963954946,1.5148638371163956,0.25,,14.72685135657904,out,,,,
Prect,128,18,0,79,0.5707700011007293,0.010076380634231996,3.311189829958855,1.885522466308812,1.5084179730470495,0.25,,14.688810170041144,out,,,,
Prect,128,18,0,78,0.580803024437142,0.009989666038593525,3.3502210173637077,1.87719815153992,1.501758521231936,0.25,,14.649778982636292,out,,,,
Prect,128,18,0,77,0.5907485809744362,0.009901447035994493,3.3902471549004414,1.8686002147477787,1.494880171798223,0.25,,14.609752845099559,out,,,,
Prect,128,18,0,76,0.6006051729483795,0.009811736911892077,3.4312721526345613,1.8597218721216002,1.4877774976972802,0.25,,14.56872784736544,out,,,,
Prect,128,18,0,75,0.6103713159924762,0.009720549176301385,3.4732987671235698,1.850556197577825,1.48044495806226,0.25,,14.52670123287643,out,,,,
Prect,128,18,0,74,0.6200455393615065,0.009627897561759413,3.5163284813878737,1.8410961277220987,1.472876902177679,0.25,,14.483671518612127,out,,,,
Prect,128,18,0,73,0.6296263861530158,0.009533796021259144,3.5603613793366415,1.8313344676395265,1.4650675741116213,0.25,,14.43963862066336,out,,,,
Prect,128,18,0,72,0.6391124135267183,0.009438258726145898,3.605396015025314,1.8212638975788367,1.4570111180630694,0.25,,14.394603984974687,out,,,,
Prect,128,18,0,71,0.6485021929217839,0.009341300063985258,3.6514292771940333,1.8108769805975162,1.448701584478013,0.25,,14.348570722805967,out,,,,
Prect,128,18,0,70,0.6577943102719742,0.009242934636395361,3.6984562496864553,1.8001661712360413,1.440132936988833,0.25,,14.301543750313545,out,,,,
Prect,128,18,0,69,0.6669873662185952,0.009143177256846546,3.746470068533262,1.7891238252897859,1.4312990602318287,0.25,,14.253529931466737,out,,,,
Prect,128,18,0,68,0.6760799763212357,0.009042042948434692,3.795461776609142,1.777742210746536,1.4221937685972288,0.25,,14.204538223390859,out,,,,
Prect,128,18,0,67,0.68507077126626,0.008939546941613807,3.845420177005312,1.7660135199562252,1.4128108159649801,0.25,,14.154579822994688,out,,,,
Prect,128,18,0,66,0.6939583970730199,0.008835704671905864,3.896331686432535,1.7539298830968097,1.4031439064774478,0.25,,14.103668313567464,out,,,,
Prect,128,18,0,65,0.7027415152977601,0.008730531777574657,3.9481801901781597,1.7414833829962248,1.3931867063969798,0.25,,14.05181980982184,out,,,,
Prect,128,18,0,64,0.711418803235183,0.008624044097271133,4.000946900371077,1.7286660713650164,1.3829328570920132,0.25,,13.999053099628924,out,,,,
Prect,128,18,0,63,0.7199889541176427,0.008516257667648186,4.054610219517429,1.7154699864870953,1.3723759891896763,0.25,,13.945389780482571,out,,,,
Prect,128,18,0,62,0.7284506773119397,0.008407188720945924,4.1091456114749985,1.7018871724071394,1.3615097379257115,0.25,,13.890854388525002,out,,,,
Prect,128,18,0,61,0.7368026985136857,0.00829685368254618,4.164525482255077,1.687909699642359,1.3503277597138872,0.25,,13.835474517744924,out,,,,
Prect,128,18,0,60,0.745043759939209,0.008185269168500264,4.220719073206553,1.6735296874333827,1.3388237499467062,0.25,,13.779280926793447,out,,,,
Prect,128,18,0,59,0.7531726205149718,0.00807245198302542,4.277692369307532,1.658739327533983,1.3269914620271863,0.25,,13.722307630692468,out,,,,
Prect,128,18,0,58,0.7611880560644717,0.007958419115974391,4.335408025400877,1.6435309095221375,1.31482472761771,0.25,,13.664591974599123,out,,,,
Prect,128,18,0,57,0.769088859492598,0.007843187740278035,4.393825313276848,1.6278968475955635,1.3023174780764508,0.25,,13.606174686723152,out,,,,
Prect,128,18,0,56,0.7768738409674157,0.007726775209357495,4.452900092530762,1.611829708793562,1.2894637670348497,0.25,,13.547099907469239,out,,,,
Prect,128,18,0,55,0.7845418280993504,0.007609199054511739,4.512584808084913,1.5953222425638443,1.2762577940510753,0.25,,13.487415191915087,out,,,,
Prect,128,18,0,54,0.7920916661177448,0.007490476982277228,4.572828517077443,1.5783674115681317,1.2626939292545054,0.25,,13.427171482922557,out,,,,
Prect,128,18,0,53,0.7995222180447641,0.0073706268717613765,4.633576947684444,1.5609584235945984,1.2487667388756787,0.25,,13.366423052315556,out,,,,
Prect,128,18,0,52,0.8068323648666198,0.007249666771949825,4.694772592060677,1.543088764418364,1.234471011534691,0.25,,13.305227407939324,out,,,,
Prect,128,18,0,51,0.8140210057020891,0.007127614898988943,4.756354835252541,1.5247522314245854,1.2198017851396683,0.25,,13.24364516474746,out,,,,
Prect,128,18,0,50,0.8210870579683043,0.007004489633441469,4.818260121392461,1.5059429677821357,1.2047543742257085,0.25,,13.181739878607539,out,,,,
Prect,128,18,0,49,0.8280294575437852,0.006880309517520278,4.880422157924244,1.4866554969307,1.18932439754456,0.25,,13.119577842075756,out,,,,
Prect,128,18,0,48,0.8348471589286917,0.006755093252292732,4.942772157961147,1.466884757120801,1.1735078056966408,0.25,,13.057227842038852,out,,,,
Prect,128,18,0,47,0.8415391354022725,0.006628859694869038,5.005239120093631,1.4466261357254502,1.15730090858036,0.25,,12.99476087990637,out,,,,
Prect,128,18,0,46,0.848104379177486,0.006501627855557968,5.067750144208072,1.4258755030250203,1.1407004024200162,0.25,,12.932249855791927,out,,,,
Prect,128,18,0,45,0.8545419015527685,0.0063734168950069225,5.130230781007074,1.4046292451537719,1.1237033961230174,0.25,,12.869769218992925,out,,,,
Prect,128,18,0,44,0.8608507330609294,0.006244246121314689,5.19260541203886,1.382884295888243,1.1063074367105945,0.25,,12.80739458796114,out,,,,
Prect,128,18,0,43,0.8670299236151491,0.006114134987124653,5.254797656152682,1.360638166954895,1.088510533563916,0.25,,12.745202343847318,out,,,,
Prect,128,18,0,42,0.8730785426520589,0.005983103086695141,5.316730797363976,1.33788897653743,1.070311181229944,0.25,,12.683269202636023,out,,,,
Prect,128,18,0,41,0.8789956792718807,0.005851170152948448,5.378328228181661,1.3146354756734386,1.0517083805387508,0.25,,12.621671771818338,out,,,,
Prect,128,18,0,40,0.8847804423756044,0.005718356054498885,5.4395139015123535,1.2908770722457636,1.0327016577966108,0.25,,12.560486098487647,out,,,,
Prect,128,18,0,39,0.8904319607991845,0.0055846807926613895,5.500212783257352,1.266613852296118,1.0132910818368943,0.25,,12.499787216742648,out,,,,
Prect,128,18,0,38,0.8959493834447345,0.005450164498438714,5.560351296706393,1.241846598417361,0.9934772787338888,0.25,,12.439648703293607,out,,,,
Prect,128,18,0,37,0.9013318794086986,0.0053148274294894104,5.6198577487050185,1.2165768050161248,0.9732614440128998,0.25,,12.38014225129498,out,,,,
Prect,128,18,0,36,0.9065786381069829,0.005178689967079042,5.678662726400068,1.1908066902794725,0.952645352223578,0.25,,12.321337273599932,out,,,,
Prect,128,18,0,35,0.9116888693970265,0.005041772613008311,5.736699452048663,1.1645392047277647,0.9316313637822118,0.25,,12.263300547951337,out,,,,
Prect,128,18,0,34,0.9166618036967942,0.004904095986526968,5.7939040819886864,1.1377780362911927,0.9102224290329541,0.25,,12.206095918011314,out,,,,
Prect,128,18,0,33,0.9214966921006722,0.004765680821229079,5.850215934418201,1.1105276119095946,0.8884220895276757,0.25,,12.149784065581798,out,,,,
Prect,128,18,0,32,0.9261928064922511,0.00462654796192874,5.905577629250824,1.0827930957244445,0.8662344765795555,0.25,,12.094422370749175,out,,,,
Prect,128,18,0,31,0.9307494396539772,0.0044867183615233674,5.959935122083838,1.0545803840083028,0.8436643072066422,0.25,,12.040064877916162,out,,,,
Prect,128,18,0,30,0.9351659053736568,0.004346213077836003,6.013237613637644,1.025896097060638,0.8207168776485103,0.25,,11.986762386362356,out,,,,
Prect,128,18,0,29,0.9394415385477978,0.0042050532704458465,6.065437315961773,0.9967475683887098,0.7973980547109678,0.25,,11.934562684038227,out,,,,
Prect,128,18,0,28,0.943575695281771,0.004063260197500584,6.116489058058215,0.9671428315874412,0.7737142652699529,0.25,,11.883510941941786,out,,,,
Prect,128,18,0,27,0.947567752986779,0.003920855212515395,6.166349716503279,0.9370906054298508,0.7496724843438807,0.25,,11.83365028349672,out,,,,
Prect,128,18,0,26,0.9514171104736153,0.0037778597611571874,6.214977462186647,0.9066002777765936,0.7252802222212749,0.25,,11.785022537813353,out,,,,
Prect,128,18,0,25,0.9551231880432014,0.0036342953780149623,6.262330822996581,0.8756818890038445,0.7005455112030756,0.25,,11.737669177003418,out,,,,
Prect,128,18,0,24,0.9586854275738873,0.003490183683356962,6.308367575325848,0.8443461157263825,0.675476892581106,0.25,,11.691632424674152,out,,,,
Prect,128,18,0,23,0.9621032926055029,0.0033455463798740537,6.3530434957023925,0.8126042556482954,0.6500834045186363,0.25,,11.646956504297608,out,,,,
Prect,128,18,0,22,0.9653762684201459,0.0032004052494122304,6.396311028919713,0.7804682143962439,0.6243745715169952,0.25,,11.603688971080288,out,,,,
Prect,128,18,0,21,0.968503862119698,0.0030547821496919036,6.438117961872634,0.7479504951669086,0.5983603961335269,0.25,,11.561882038127365,out,,,,
Prect,128,18,0,20,0.971485602700052,0.0029086990110160915,6.478406233058938,0.7150641919369414,0.572051353549553,0.25,,11.521593766941063,out,,,,
Prect,128,18,0,19,0.9743210411220442,0.0027621778329683933,6.517111054559115,0.6818229868266318,0.5454583894613054,0.25,,11.482888945440884,out,,,,
Prect,128,18,0,18,0.977009750379078,0.0026152406810990847,6.554160569923301,0.6482411519700642,0.5185929215760513,0.25,,11.445839430076699,out,,,,
Prect,128,18,0,17,0.979551325561429,0.002467909683602887,6.589476303984136,0.6143335559339712,0.49146684474717695,0.25,,11.410523696015865,out,,,,
Prect,128,18,0,16,0.9819453839172234,0.0023202070279858544,6.62297465547048,0.5801156743939565,0.4640925395151652,0.25,,11.377025344529521,out,,,,
Prect,128,18,0,15,0.9841915649100788,0.0021721549577249366,6.654569607971924,0.5456036045478017,0.43648288363824134,0.25,,11.345430392028076,out,,,,
Prect,128,18,0,14,0.9862895302733998,0.002023775768917213,6.68417665931805,0.5108140828827945,0.4086512663062356,0.25,,11.31582334068195,out,,,,
Prect,128,18,0,13,0.9882389640613197,0.0018750918069225797,6.711717689104238,0.4757645068861121,0.38061160550888967,0.25,,11.288282310895763,out,,,,
Prect,128,18,0,12,0.9900395726962805,0.0017261254629989953,6.7371261502426965,0.4404729638632805,0.3523783710906244,0.25,,11.262873849757304,out,,,,
Prect,128,18,0,11,0.991691085013245,0.0015768991709299574,6.760351701599087,0.4049582754590871,0.32396662036726964,0.25,,11.239648298400912,out,,,,
Prect,128,18,0,10,0.993193252300533,0.0014274354036460934,6.7813633437252685,0.3692400770000651,0.2953920616000521,0.25,,11.218636656274732,out,,,,
Prect,128,18,0,9,0.9945458483372764,0.0012777566698407572,6.800150367610771,0.3333389712033411,0.2666711769626729,0.25,,11.19984963238923,out,,,,
Prect,128,18,0,8,0.9957486694274874,0.0011278855105811836,6.816720922893039,0.2972768381194594,0.2378214704955675,0.25,,11.18327907710696,out,,,,
Prect,128,18,0,7,0.9968015344307342,0.0009778444959122057,6.831098564156586,0.2610774804772432,0.20886198438179457,0.25,,11.168901435843413,out,,,,
Prect,128,18,0,6,0.9977042847894197,0.0008276562214589722,6.843317521636791,0.22476803591255576,0.1798144287300446,0.25,,11.156682478363209,out,,,,
Prect,128,18,0,5,0.9984567845526608,0.0006773433050232258,6.853417549784962,0.18838233742808302,0.15070586994246643,0.25,,11.146582450215039,out,,,,
rect,256,18,0,1,0.9999905876413006,1.882471739889091E-05,6.881403980422535,0.023176996180526977,0.018541596944421583,0.25,2245.4399424673024,11.118596019577465,out:alpha;sweep=0.0,1.417955174123054,7.9999999999999964,2.40,RunDiagnostics { ResidualInf = 7.424283410273347E-12; Kappa1 = 17531.47978561132 }
rect,256,18,0,2,0.9999529385608728,5.64734434566061E-05,6.88091378179111,0.04003728888185755,0.03202983110548604,0.25,1292.9840030779765,11.11908621820889,out:alpha;sweep=0.0,1.417955174123054,7.9999999999999964,2.40,RunDiagnostics { ResidualInf = 7.424283410273347E-12; Kappa1 = 17531.47978561132 }
rect,256,18,0,3,0.999877641817484,9.41200433210998E-05,6.879932681824711,0.05813959422803466,0.04651167538242773,0.25,1126.5815582373834,11.12006731817529,out:alpha;sweep=0.0,1.417955174123054,7.9999999999999964,2.40,RunDiagnostics { ResidualInf = 7.424283410273347E-12; Kappa1 = 17531.47978561132 }
rect,256,18,0,4,0.9997647002460138,0.00013176309961915322,6.878459285154859,0.07644174076856997,0.06115339261485597,0.25,1058.0581223521506,11.12154071484514,out:alpha;sweep=0.0,1.417955174123054,7.9999999999999964,2.40,RunDiagnostics { ResidualInf = 7.424283410273347E-12; Kappa1 = 17531.47978561132 }
Prect,256,18,0,256,0.0030679423245771656,0.0061358846491544545,2.4387694056737677,2.058085575939906,1.6464684607519249,0.25,,15.561230594326233,out,,,,
Prect,256,18,0,255,0.009203711467437108,0.00613565363656543,2.438930144256502,2.058055910586075,1.64644472846886,0.25,,15.561069855743497,out,,,,
Prect,256,18,0,254,0.01533913409576226,0.006135191620084872,2.4392516454900948,2.0579965732553833,1.6463972586043067,0.25,,15.560748354509904,out,,,,
Prect,256,18,0,253,0.021473979214358417,0.006134498617107447,2.43973395750388,2.0579075507002336,1.646326040560187,0.25,,15.56026604249612,out,,,,
Prect,256,18,0,252,0.0276080158497743,0.006133574653724317,2.4403771524825606,2.057788823045417,1.6462310584363338,0.25,,15.559622847517439,out,,,,
Prect,256,18,0,251,0.03374101305899766,0.006132419764722407,2.441181326671679,2.0576403637835816,1.6461122910268653,0.25,,15.558818673328322,out,,,,
Prect,256,18,0,250,0.039872739938149854,0.006131033993581968,2.4421466003462555,2.0574621397690915,1.6459697118152732,0.25,,15.557853399653744,out,,,,
Prect,256,18,0,249,0.04600296563117942,0.006129417392477174,2.443273117813002,2.057254111210464,1.6458032889683711,0.25,,15.556726882186998,out,,,,
Prect,256,18,0,248,0.05213145933855396,0.006127570022271905,2.4445610473915727,2.0570162316612435,1.6456129853289947,0.25,,15.555438952608426,out,,,,
Prect,256,18,0,247,0.05825799032594922,0.006125491952518616,2.44601058139104,2.0567484480093623,1.6453987584074898,0.25,,15.55398941860896,out,,,,
Prect,256,18,0,246,0.06438232793293626,0.006123183261455452,2.4476219360955165,2.056450700465015,1.645160560372012,0.25,,15.552378063904484,out,,,,
Prect,256,18,0,245,0.07050424158166566,0.006120644036003348,2.449395351729148,2.056122922546997,1.6448983380375974,0.25,,15.550604648270852,out,,,,
Prect,256,18,0,244,0.07662350078554866,0.0061178743717626854,2.4513310924437177,2.055765041067593,1.6446120328540743,0.25,,15.548668907556282,out,,,,
Prect,256,18,0,243,0.08273987515793488,0.0061148743730097405,2.4534294462720494,2.055376976115907,1.6443015808927257,0.25,,15.54657055372795,out,,,,
Prect,256,18,0,242,0.08885313442078616,0.006111644152692816,2.4556907250980493,2.054958641039749,1.643966912831799,0.25,,15.54430927490195,out,,,,
Prect,256,18,0,241,0.0949630484133466,0.006108183832428074,2.4581152646285918,2.0545099424260522,1.6436079539408417,0.25,,15.541884735371408,out,,,,
Prect,256,18,0,240,0.10106938710080762,0.006104493542493955,2.460703424340025,2.0540307800797675,1.643224624063814,0.25,,15.539296575659975,out,,,,
Prect,256,18,0,239,0.10717192058296883,0.006100573421828459,2.463455587441044,2.0535210470013268,1.6428168376010615,0.25,,15.536544412558957,out,,,,
Prect,256,18,0,238,0.1132704191028939,0.006096423618021693,2.4663721608047733,2.052980629362601,1.6423845034900808,0.25,,15.533627839195226,out,,,,
Prect,256,18,0,237,0.11936465305556046,0.006092044287311402,2.4694535749471185,2.0524094064815204,1.6419275251852163,0.25,,15.530546425052881,out,,,,
Prect,256,18,0,236,0.12545439299650463,0.006087435594576959,2.4727002839370464,2.05180725079511,1.6414458006360881,0.25,,15.527299716062954,out,,,,
Prect,256,18,0,235,0.13153940965045963,0.006082597713332999,2.4761127653542987,2.0511740278312116,1.6409392222649692,0.25,,15.523887234645702,out,,,,
Prect,256,18,0,234,0.13761947391998763,0.006077530825723015,2.479691520207344,2.0505095961787108,1.6404076769429685,0.25,,15.520308479792655,out,,,,
Prect,256,18,0,233,0.14369435689410537,0.006072235122512509,2.483437072867103,2.049813807456412,1.6398510459651294,0.25,,15.516562927132897,out,,,,
Prect,256,18,0,232,0.14976382985690245,0.00606671080308166,2.487349970990254,2.0490865062805024,1.639269205024402,0.25,,15.512650029009746,out,,,,
Prect,256,18,0,231,0.1558276642961523,0.006060958075417983,2.4914307854191486,2.0483275302306083,1.6386620241844867,0.25,,15.508569214580852,out,,,,
Prect,256,18,0,230,0.16188563191191563,0.006054977156108671,2.4956801101190793,2.0475367098145782,1.6380293678516626,0.25,,15.504319889880922,out,,,,
Prect,256,18,0,229,0.1679375046251356,0.006048768270331295,2.5000985620462797,2.0467138684317794,1.6373710947454234,0.25,,15.49990143795372,out,,,,
Prect,256,18,0,228,0.17398305458622498,0.0060423316518475045,2.5046867810703213,2.0458588223352026,1.636687057868162,0.25,,15.49531321892968,out,,,,
Prect,256,18,0,227,0.18002205418364484,0.0060356675429921736,2.5094454298467586,2.044971380592161,1.635977104473729,0.25,,15.490554570153241,out,,,,
Prect,256,18,0,226,0.18605427605247354,0.006028776194665242,2.5143751937055105,2.0440513450437483,1.6352410760349987,0.25,,15.485624806294489,out,,,,
Prect,256,18,0,225,0.19207949308296718,0.006021657866322028,2.5194767805235343,2.0430985102630013,1.634478808210401,0.25,,15.480523219476465,out,,,,
Prect,256,18,0,224,0.19809747842911002,0.006014312825963625,2.524750920578179,2.042112663511791,1.633690130809433,0.25,,15.475249079421822,out,,,,
Prect,256,18,0,223,0.20410800551715513,0.006006741350126632,2.5301983664165317,2.041093584696542,1.6328748677572336,0.25,,15.469801633583469,out,,,,
Prect,256,18,0,222,0.21011084805415486,0.005998943723872802,2.5358198926958457,2.0400410463226963,1.6320328370581572,0.25,,15.464180107304154,out,,,,
Prect,256,18,0,221,0.21610578003648045,0.005990920240778408,2.5416162960070263,2.038954813447988,1.6311638507583903,0.25,,15.458383703992974,out,,,,
Prect,256,18,0,220,0.22209257575833116,0.005982671202923007,2.5475883947236815,2.0378346436346426,1.630267714907714,0.25,,15.452411605276318,out,,,,
Prect,256,18,0,219,0.2280710098202319,0.005974196920878472,2.553737028792436,2.036680286900352,1.6293442295202816,0.25,,15.446262971207563,out,,,,
Prect,256,18,0,218,0.23404085713751918,0.0059654977136960885,2.560063059558132,2.0354914856682456,1.6283931885345964,0.25,,15.439936940441868,out,,,,
Prect,256,18,0,217,0.24000189294881555,0.005956573908896645,2.5665673695320956,2.034267974715707,1.6274143797725658,0.25,,15.433432630467905,out,,,,
Prect,256,18,0,216,0.24595389282449198,0.00594742584245625,2.573250862186546,2.0330094811222437,1.626407584897795,0.25,,15.426749137813454,out,,,,
Prect,256,18,0,215,0.2518966326751173,0.005938053858794395,2.58011446171123,2.0317157242163137,1.625372579373051,0.25,,15.41988553828877,out,,,,
Prect,256,18,0,214,0.257829888759895,0.005928458310760942,2.58715911277115,2.0303864155212223,1.6243091324169778,0.25,,15.41284088722885,out,,,,
Prect,256,18,0,213,0.26375343769508686,0.005918639559622851,2.594385780229427,2.029021258700057,1.6232170069600458,0.25,,15.405614219770573,out,,,,
Prect,256,18,0,212,0.2696670564624236,0.005908597975050556,2.6017954488863655,2.027619949499815,1.6220959595998519,0.25,,15.398204551113635,out,,,,
Prect,256,18,0,211,0.2755705224175009,0.005898333935104083,2.609389123164725,2.026182175694614,1.620945740555691,0.25,,15.390610876835275,out,,,,
Prect,256,18,0,210,0.28146361329816233,0.005887847826218762,2.6171678268140797,2.0247076170281906,1.6197660936225524,0.25,,15.382832173185921,out,,,,
Prect,256,18,0,209,0.2873461072328669,0.005877140043190454,2.625132602564817,2.0231959451555874,1.61855675612447,0.25,,15.374867397435183,out,,,,
Prect,256,18,0,208,0.293217782749043,0.00586621098916168,2.633284511792347,2.0216468235842133,1.6173174588673707,0.25,,15.366715488207653,out,,,,
Prect,256,18,0,207,0.29907841878142594,0.00585506107560424,2.6416246341404284,2.020059907614221,1.6160479260913767,0.25,,15.358375365859573,out,,,,
Prect,256,18,0,206,0.30492779468038145,0.0058436907223067824,2.650154067142952,2.018434844278337,1.6147478754226696,0.25,,15.349845932857047,out,,,,
Prect,256,18,0,205,0.31076569022021316,0.00583210035735654,2.6588739257985905,2.0167712722811126,1.61341701782489,0.25,,15.341126074201409,out,,,,
Prect,256,18,0,204,0.31659188560745355,0.00582029041712423,2.667785342146037,2.0150688219377635,1.6120550575502108,0.25,,15.332214657853964,out,,,,
Prect,256,18,0,203,0.32240616148913925,0.005808261346247234,2.6768894648231685,2.0133271151126344,1.6106616920901076,0.25,,15.32311053517683,out,,,,
Prect,256,18,0,202,0.3282082989610696,0.0057960135976134475,2.686187458563871,2.0115457651572313,1.609236612125785,0.25,,15.313812541436128,out,,,,
Prect,256,18,0,201,0.3339980795760481,0.005783547632343622,2.6956805037027127,2.0097243768480824,1.607779501478466,0.25,,15.304319496297287,out,,,,
Prect,256,18,0,200,0.3397752853521071,0.005770863919774327,2.705369795659063,2.007862546324417,1.6062900370595337,0.25,,15.294630204340937,out,,,,
Prect,256,18,0,199,0.34553969878071433,0.005757962937440131,2.715256544346589,2.0059598610256395,1.6047678888205117,0.25,,15.28474345565341,out,,,,
Prect,256,18,0,198,0.3512911028349624,0.005744845171056001,2.725341973621064,2.0040158996289192,1.6032127197031354,0.25,,15.274658026378937,out,,,,
Prect,256,18,0,197,0.3570292809777393,0.005731511114497767,2.735627320638563,2.0020302319867143,1.6016241855893714,0.25,,15.264372679361436,out,,,,
Prect,256,18,0,196,0.362754017169881,0.005717961269785687,2.7461138352165633,2.000002419064513,1.6000019352516106,0.25,,15.253886164783436,out,,,,
Prect,256,18,0,195,0.36846509587830567,0.005704196147063634,2.7568027791518332,1.9979320128788034,1.5983456103030427,0.25,,15.243197220848167,out,,,,
Prect,256,18,0,194,0.3741623020841278,0.005690216264580716,2.7676954255116852,1.9958185564353956,1.5966548451483165,0.25,,15.232304574488314,out,,,,
Prect,256,18,0,193,0.37984542129075394,0.005676022148671522,2.778793057874958,1.9936615836681535,1.5949292669345227,0.25,,15.221206942125042,out,,,,
Prect,256,18,0,192,0.38551423953195796,0.005661614333736464,2.7900969695474718,1.9914606193783115,1.5931684955026493,0.25,,15.209903030452528,out,,,,
Prect,256,18,0,191,0.3911685433799371,0.005646993362221797,2.8016084627521303,1.9892151791744754,1.5913721433395804,0.25,,15.19839153724787,out,,,,
Prect,256,18,0,190,0.3968081199533473,0.005632159784598689,2.8133288477414076,1.9869247694133345,1.5895398155306677,0.25,,15.186671152258592,out,,,,
Prect,256,18,0,189,0.4024327569253182,0.005617114159343073,2.8252594419148735,1.984588887141371,1.5876711097130969,0.25,,15.174740558085126,out,,,,
Prect,256,18,0,188,0.4080422425314468,0.00560185705291405,2.837401568859846,1.9822070200375388,1.585765616030031,0.25,,15.162598431140154,out,,,,
Prect,256,18,0,187,0.4136363655777704,0.005586389039733186,2.849756557363974,1.9797786463571503,1.5838229170857203,0.25,,15.150243442636025,out,,,,
Prect,256,18,0,186,0.41921491544871836,0.005570710702162696,2.862325740381761,1.9773032348770672,1.5818425879016538,0.25,,15.137674259618239,out,,,,
Prect,256,18,0,185,0.42477768211504074,0.005554822630482181,2.875110453945098,1.9747802448423373,1.57982419587387,0.25,,15.124889546054902,out,,,,
Prect,256,18,0,184,0.4303244561417169,0.005538725422870094,2.888112036028243,1.9722091259144527,1.5777673007315622,0.25,,15.111887963971757,out,,,,
Prect,256,18,0,183,0.4358550286958397,0.005522419685375424,2.9013318253720595,1.9695893181214044,1.5756714544971235,0.25,,15.09866817462794,out,,,,
Prect,256,18,0,182,0.4413691915544783,0.005505906031901764,2.9147711602391264,1.9669202518096467,1.5735362014477174,0.25,,15.085228839760873,out,,,,
Prect,256,18,0,181,0.4468667371125179,0.005489185084177561,2.9284313771305017,1.9642013475982047,1.5713610780785638,0.25,,15.0715686228695,out,,,,
Prect,256,18,0,180,0.4523474583904752,0.005472257471737019,2.9423138094249786,1.9614320163350412,1.569145613068033,0.25,,15.057686190575021,out,,,,
Prect,256,18,0,179,0.4578111490422919,0.005455123831896336,2.9564197859916974,1.9586116590559741,1.5668893272447793,0.25,,15.043580214008303,out,,,,
Prect,256,18,0,178,0.46325760336310307,0.005437784809725954,2.9707506297027293,1.9557396669462048,1.564591733556964,0.25,,15.02924937029727,out,,,,
Prect,256,18,0,177,0.46868661629698183,0.005420241058031683,2.9853076559286,1.9528154213048228,1.5622523370438581,0.25,,15.014692344071399,out,,,,
Prect,256,18,0,176,0.4740979834446598,0.005402493237324224,3.00009217092655,1.949838293512335,1.559870634809868,0.25,,14.99990782907345,out,,,,
Prect,256,18,0,175,0.47949150107122235,0.005384542015800853,3.0151054701962274,1.946807645001589,1.5574461160012711,0.25,,14.984894529803773,out,,,,
Prect,256,18,0,174,0.4848669661137792,0.005366388069312944,3.030348836751509,1.9437228272322302,1.5549782617857841,0.25,,14.969651163248491,out,,,,
Prect,256,18,0,173,0.49022417618910985,0.005348032081348264,3.045823539320532,1.9405831816689558,1.5524665453351647,0.25,,14.954176460679468,out,,,,
Prect,256,18,0,172,0.4955629296012828,0.005329474742997609,3.061530830488791,1.9373880397638608,1.5499104318110886,0.25,,14.938469169511208,out,,,,
Prect,256,18,0,171,0.5008830253492496,0.005310716752935873,3.077471944757036,1.9341367229430695,1.5473093783544556,0.25,,14.922528055242964,out,,,,
Prect,256,18,0,170,0.5061842631344122,0.005291758817389636,3.0936480965247695,1.930828542597958,1.5446628340783666,0.25,,14.90635190347523,out,,,,
Prect,256,18,0,169,0.5114664433681644,0.005272601650114561,3.110060477993457,1.9274628000812437,1.541970240064995,0.25,,14.889939522006543,out,,,,
Prect,256,18,0,168,0.5167293671794057,0.005253245972367981,3.1267102570090586,1.9240387867082693,1.5392310293666154,0.25,,14.873289742990941,out,,,,
Prect,256,18,0,167,0.5219728364220292,0.0052336925128790845,3.1435985748008575,1.92055578376371,1.536444627010968,0.25,,14.856401425199142,out,,,,
Prect,256,18,0,166,0.5271966536823818,0.005213942007825989,3.160726543651924,1.9170130625140762,1.533610450011261,0.25,,14.839273456348076,out,,,,
Prect,256,18,0,165,0.5324006222866959,0.005193995200802326,3.1780952444746924,1.913409884226304,1.5307279073810434,0.25,,14.821904755525308,out,,,,
Prect,256,18,0,164,0.537584546308495,0.005173852842795812,3.195705724321594,1.9097455001928212,1.527796400154257,0.25,,14.804294275678405,out,,,,
Prect,256,18,0,163,0.5427482305759695,0.0051535156921533876,3.2135589937799907,1.906019151763338,1.5248153214106703,0.25,,14.78644100622001,out,,,,
Prect,256,18,0,162,0.5478914806793256,0.0051329845145585695,3.23165602429721,1.9022300703838215,1.5217840563070573,0.25,,14.76834397570279,out,,,,
Prect,256,18,0,161,0.5530141029781034,0.005112260082997144,3.249997745417158,1.8983774776429863,1.518701982114389,0.25,,14.750002254582842,out,,,,
Prect,256,18,0,160,0.5581159046084689,0.005091343177733965,3.2685850419192524,1.8944605853266643,1.5155684682613315,0.25,,14.731414958080748,out,,,,
Prect,256,18,0,159,0.5631966934904746,0.005070234586277422,3.287418750862232,1.8904785954804544,1.5123828763843634,0.25,,14.712581249137768,out,,,,
Prect,256,18,0,158,0.5682562783352902,0.005048935103353802,3.306499658541273,1.8864307004810843,1.5091445603848674,0.25,,14.693500341458726,out,,,,
Prect,256,18,0,157,0.5732944686524062,0.005027445530878194,3.3258284973597534,1.8823160831168928,1.5058528664935142,0.25,,14.674171502640247,out,,,,
Prect,256,18,0,156,0.5783110747568049,0.005005766677919077,3.3454059425888336,1.878133916677822,1.5025071333422575,0.25,,14.654594057411167,out,,,,
Prect,256,18,0,155,0.5833059077761016,0.004983899360674449,3.3652326090470304,1.8738833650554103,1.4991066920443283,0.25,,14.63476739095297,out,,,,
Prect,256,18,0,154,0.5882787796576565,0.004961844402435189,3.3853090476863583,1.8695635828532222,1.4956508662825778,0.25,,14.61469095231364,out,,,,
Prect,256,18,0,153,0.5932295031756537,0.0049396026335593035,3.405635742082494,1.8651737155081598,1.492138972406528,0.25,,14.594364257917507,out,,,,
Prect,256,18,0,152,0.598157891938151,0.004917174891435394,3.4262131048178683,1.860712899423122,1.4885703195384976,0.25,,14.573786895182131,out,,,,
Prect,256,18,0,151,0.6030637603940971,0.004894562020456683,3.4470414738090183,1.8561802621115766,1.4849442096892613,0.25,,14.55295852619098,out,,,,
Prect,256,18,0,150,0.6079469238403175,0.004871764871984152,3.468121108521995,1.8515749223544335,1.481259937883547,0.25,,14.531878891478005,out,,,,
Prect,256,18,0,149,0.6128071984284682,0.004848784304317233,3.4894521860755914,1.846895990369713,1.4775167922957704,0.25,,14.510547813924408,out,,,,
Prect,256,18,0,148,0.617644401171958,0.004825621182662387,3.5110347973132474,1.842142567995675,1.4737140543965401,0.25,,14.488965202686753,out,,,,
Prect,256,18,0,147,0.6224583499528378,0.004802276379097026,3.5328689427500604,1.8373137488877485,1.4698509991101987,0.25,,14.46713105724994,out,,,,
Prect,256,18,0,146,0.6272488635286566,0.004778750772540863,3.554954528452127,1.832408618729877,1.4659268949839015,0.25,,14.445045471547873,out,,,,
Prect,256,18,0,145,0.6320157615392863,0.0047550452487182815,3.577291361851836,1.8274262554608125,1.46194100436865,0.25,,14.422708638148164,out,,,,
Prect,256,18,0,144,0.6367588645137106,0.004731160700130355,3.5998791474682448,1.8223657295158344,1.4578925836126675,0.25,,14.400120852531755,out,,,,
Prect,256,18,0,143,0.6414779938767835,0.004707098026015544,3.622717482569415,1.8172261040844868,1.4537808832675894,0.25,,14.377282517430585,out,,,,
Prect,256,18,0,142,0.6461729719559519,0.004682858132321166,3.645805852799538,1.8120064353849097,1.4496051483079277,0.25,,14.354194147200463,out,,,,
Prect,256,18,0,141,0.6508436219879445,0.004658441931664092,3.6691436276939937,1.8067057729551552,1.4453646183641242,0.25,,14.330856372306005,out,,,,
Prect,256,18,0,140,0.6554897681254276,0.004633850343302104,3.6927300562137093,1.8013231599622443,1.4410585279697954,0.25,,14.307269943786292,out,,,,
Prect,256,18,0,139,0.6601112354436253,0.004609084293093257,3.7165642621698947,1.79585763352927,1.436686106823416,0.25,,14.283435737830105,out,,,,
Prect,256,18,0,138,0.6647078499469047,0.004584144713465577,3.740645239672671,1.790308225081298,1.4322465800650384,0.25,,14.25935476032733,out,,,,
Prect,256,18,0,137,0.669279438575328,0.00455903254338097,3.764971848523376,1.784673960710431,1.4277391685683447,0.25,,14.235028151476623,out,,,,
Prect,256,18,0,136,0.6738258292111672,0.004533748728297371,3.789542809597917,1.778953861560618,1.4231630892484943,0.25,,14.210457190402083,out,,,,
Prect,256,18,0,135,0.6783468506853845,0.004508294220137321,3.8143567002264636,1.7731469442327092,1.4185175553861673,0.25,,14.185643299773536,out,,,,
Prect,256,18,0,134,0.6828423327840767,0.004482669977247111,3.839411949594873,1.767252221210267,1.4138017769682136,0.25,,14.160588050405128,out,,,,
Prect,256,18,0,133,0.6873121062548836,0.004456876964366696,3.864706834134015,1.76126870130653,1.409014961045224,0.25,,14.135293165865985,out,,,,
Prect,256,18,0,132,0.6917560028133605,0.00443091615258695,3.890239472981156,1.7551953901330934,1.4041563121064748,0.25,,14.109760527018844,out,,,,
Prect,256,18,0,131,0.6961738551493133,0.004404788519318914,3.9160078234368116,1.7490312905906011,1.3992250324724809,0.25,,14.08399217656319,out,,,,
Prect,256,18,0,130,0.700565496933099,0.004378495048252273,3.9420096765454797,1.742775403382026,1.3942203227056207,0.25,,14.05799032345452,out,,,,
Prect,256,18,0,129,0.7049307628218863,0.004352036729322384,3.9682426526930916,1.7364267275487197,1.3891413820389757,0.25,,14.031757347306907,out,,,,
Prect,256,18,0,128,0.709269488465882,0.004325414558669083,3.994704197330684,1.7299842610297123,1.3839874088237698,0.25,,14.005295802669316,out,,,,
Prect,256,18,0,127,0.7135815105145176,0.00429862953860205,4.021391576809565,1.7234470012445224,1.378757600995618,0.25,,13.978608423190435,out,,,,
Prect,256,18,0,126,0.7178666666226001,0.00427168267756306,4.048301874319022,1.7168139456996878,1.3734511565597503,0.25,,13.951698125680977,out,,,,
Prect,256,18,0,125,0.7221247954564243,0.004244574990085126,4.075431985999378,1.71008409261932,1.368067274095456,0.25,,13.924568014000622,out,,,,
Prect,256,18,0,124,0.726355736699846,0.004217307496758416,4.102778617212009,1.7032564415997866,1.3626051532798293,0.25,,13.89722138278799,out,,,,
Prect,256,18,0,123,0.7305593310603189,0.004189881224187508,4.130338278969812,1.6963299942886099,1.3570639954308878,0.25,,13.869661721030187,out,,,,
Prect,256,18,0,122,0.7347354202748912,0.004162297204957088,4.158107284637027,1.6893037550877739,1.351443004070219,0.25,,13.841892715362974,out,,,,
Prect,256,18,0,121,0.7388838471161643,0.004134556477589091,4.186081746792564,1.682176731881228,1.3457413855049825,0.25,,13.813918253207436,out,,,,
Prect,256,18,0,120,0.7430044553982125,0.0041066600865070635,4.214257574368684,1.6749479367866582,1.3399583494293266,0.25,,13.785742425631316,out,,,,
Prect,256,18,0,119,0.7470970899824625,0.004078609081993201,4.242630470103904,1.6676163869314098,1.3340931095451278,0.25,,13.757369529896096,out,,,,
Prect,256,18,0,118,0.7511615967835358,0.004050404520153261,4.271195928214438,1.6601811052521402,1.3281448842017123,0.25,,13.72880407178556,out,,,,
Prect,256,18,0,117,0.7551978227750484,0.004022047462872158,4.299949232451687,1.652641121318151,1.3221128970545208,0.25,,13.700050767548312,out,,,,
Prect,256,18,0,116,0.7592056159953731,0.0039935389777771,4.328885454471378,1.6449954721778486,1.315996377742279,0.25,,13.67111454552862,out,,,,
Prect,256,18,0,115,0.7631848255533603,0.003964880138197291,4.3579994525827495,1.637243203227939,1.309794562582351,0.25,,13.64200054741725,out,,,,
Prect,256,18,0,114,0.7671353016340192,0.003936072023120518,4.3872858708594356,1.6293833691047404,1.3035066952837924,0.25,,13.612714129140564,out,,,,
Prect,256,18,0,113,0.7710568955041582,0.003907115717157517,4.416739138713008,1.621415034597067,1.2971320276776537,0.25,,13.583260861286991,out,,,,
Prect,256,18,0,112,0.7749494595179847,0.003878012310495338,4.446353470833473,1.6133372755797728,1.2906698204638183,0.25,,13.553646529166528,out,,,,
Prect,256,18,0,111,0.7788128471226634,0.003848762898862157,4.476122867661867,1.6051491799672999,1.2841193439738399,0.25,,13.523877132338132,out,,,,
Prect,256,18,0,110,0.7826469128638347,0.0038193685834805313,4.506041116260373,1.5968498486860676,1.2774798789488542,0.25,,13.493958883739626,out,,,,
Prect,256,18,0,109,0.7864515123910907,0.003789830471031208,4.536101791747313,1.5884383966648412,1.270750717331873,0.25,,13.463898208252687,out,,,,
Prect,256,18,0,108,0.7902265024634092,0.003760149673605939,4.566298259191086,1.5799139538417708,1.2639311630734167,0.25,,13.433701740808914,out,,,,
Prect,256,18,0,107,0.7939717409545478,0.0037303273086712885,4.596623676092101,1.5712756661869505,1.2570205329495603,0.25,,13.4033763239079,out,,,,
Prect,256,18,0,106,0.7976870868583943,0.003700364499021669,4.627070995354512,1.5625226967389978,1.2500181573911981,0.25,,13.372929004645489,out,,,,
Prect,256,18,0,105,0.801372400294275,0.0036702623727397077,4.657632968867506,1.5536542266543005,1.2429233813234404,0.25,,13.342367031132493,out,,,,
Prect,256,18,0,104,0.8050275425122221,0.003640022063154502,4.688302151645475,1.5446694562672618,1.2357355650138095,0.25,,13.311697848354525,out,,,,
Prect,256,18,0,103,0.8086523758981969,0.003609644708795323,4.719070906537228,1.535567606159854,1.228454084927883,0.25,,13.280929093462772,out,,,,
Prect,256,18,0,102,0.8122467639792715,0.0035791314533537566,4.749931409561603,1.526347918238757,1.2210783345910055,0.25,,13.250068590438396,out,,,,
Prect,256,18,0,101,0.815810571428766,0.0035484834456351866,4.780875655815099,1.5170096568181064,1.213607725454485,0.25,,13.219124344184902,out,,,,
Prect,256,18,0,100,0.8193436640713441,0.003517701839521048,4.811895465984403,1.5075521097059124,1.20604168776473,0.25,,13.188104534015597,out,,,,
Prect,256,18,0,99,0.8228459088880649,0.0034867877939204206,4.842982493491593,1.4979745892921026,1.198379671433682,0.25,,13.157017506508407,out,,,,
Prect,256,18,0,98,0.8263171740213904,0.0034557424727306163,4.874128232188129,1.4882764336359342,1.1906211469087473,0.25,,13.125871767811871,out,,,,
Prect,256,18,0,97,0.8297573287801505,0.0034245670447896615,4.9053240246883965,1.4784570075506471,1.1827656060405176,0.25,,13.094675975311603,out,,,,
Prect,256,18,0,96,0.8331662436444627,0.0033932626838346636,4.936561071271974,1.4685157036829863,1.174812562946389,0.25,,13.063438928728026,out,,,,
Prect,256,18,0,95,0.836543790270609,0.0033618305684580685,4.967830439346726,1.45845194358521,1.166761554868168,0.25,,13.032169560653273,out,,,,
Prect,256,18,0,94,0.8398898414958682,0.003330271882060254,4.999123073501721,1.448265178777218,1.1586121430217744,0.25,,13.000876926498279,out,,,,
Prect,256,18,0,93,0.8432042713433028,0.003298587812808784,5.030429806067243,1.437954891796248,1.1503639134369983,0.25,,12.969570193932757,out,,,,
Prect,256,18,0,92,0.8464869550265022,0.0032667795535900046,5.061741368210265,1.4275205972316767,1.1420164777853414,0.25,,12.938258631789735,out,,,,
Prect,256,18,0,91,0.8497377689542811,0.003234848301967963,5.0930484015250626,1.4169618427423856,1.1335694741939084,0.25,,12.906951598474937,out,,,,
Prect,256,18,0,90,0.8529565907353327,0.0032027952601353382,5.12434147006866,1.4062782100540985,1.1250225680432788,0.25,,12.87565852993134,out,,,,
Prect,256,18,0,89,0.8561432991828362,0.0031706216348715843,5.155611072846639,1.3954693159341853,1.1163754527473482,0.25,,12.84438892715336,out,,,,
Prect,256,18,0,88,0.8592977743190195,0.0031383286374950803,5.186847656679915,1.3845348131413415,1.1076278505130732,0.25,,12.813152343320084,out,,,,
Prect,256,18,0,87,0.8624198973796768,0.003105917483819609,5.218041629424711,1.3734743913476148,1.098779513078092,0.25,,12.781958370575289,out,,,,
Prect,256,18,0,86,0.8655095508186397,0.003073389394105952,5.249183373504811,1.3622877780302927,1.0898302224242342,0.25,,12.75081662649519,out,,,,
Prect,256,18,0,85,0.868566618312202,0.003040745593018701,5.280263259701689,1.3509747393311915,1.0807797914649533,0.25,,12.71973674029831,out,,,,
Prect,256,18,0,84,0.8715909847635007,0.0030079873095787413,5.3112716611674,1.3395350808809496,1.0716280647047598,0.25,,12.6887283388326,out,,,,
Prect,256,18,0,83,0.8745825363068482,0.0029751157771163994,5.3421989675660955,1.3279686485859639,1.062374918868771,0.25,,12.657801032433905,out,,,,
Prect,256,18,0,82,0.87754116031202,0.002942132233227035,5.373035599343678,1.316275329375787,1.0530202635006296,0.25,,12.626964400656323,out,,,,
Prect,256,18,0,81,0.8804667453884942,0.0029090379197214133,5.4037720219980265,1.3044550519087696,1.0435640415270158,0.25,,12.596227978001973,out,,,,
Prect,256,18,0,80,0.8833591813896464,0.002875834082582851,5.4343987603498265,1.2925077872339659,1.0340062297871726,0.25,,12.565601239650174,out,,,,
Prect,256,18,0,79,0.8862183594168958,0.0028425219719160344,5.464906412681638,1.2804335494073318,1.0243468395258655,0.25,,12.53509358731836,out,,,,
Prect,256,18,0,78,0.8890441718238058,0.0028091028419040542,5.495285664702807,1.268232396060453,1.0145859168483624,0.25,,12.504714335297193,out,,,,
Prect,256,18,0,77,0.8918365122201366,0.0027755779507573353,5.525527303274514,1.255904428920205,1.004723543136164,0.25,,12.474472696725485,out,,,,
Prect,256,18,0,76,0.8945952754758502,0.0027419485606698935,5.555622229760019,1.2434497942777936,0.9947598354222349,0.25,,12.444377770239981,out,,,,
Prect,256,18,0,75,0.8973203577250695,0.002708215937768821,5.58556147297062,1.2308686834059401,0.9846949467247521,0.25,,12.414438527029379,out,,,,
Prect,256,18,0,74,0.9000116563699879,0.0026743813520679893,5.615336201568526,1.2181613329230705,0.9745290663384564,0.25,,12.384663798431474,out,,,,
Prect,256,18,0,73,0.9026690700847326,0.002640446077421421,5.644937735858519,1.2053280251036025,0.964262420082882,0.25,,12.35506226414148,out,,,,
Prect,256,18,0,72,0.9052924988191793,0.0026064113914719966,5.6743575588347355,1.192369088133603,0.9538952705068825,0.25,,12.325642441165265,out,,,,
Prect,256,18,0,71,0.9078818438027189,0.0025722785756070454,5.7035873264004815,1.179284896311374,0.9434279170490992,0.25,,12.29641267359952,out,,,,
Prect,256,18,0,70,0.9104370075479761,0.002538048914907387,5.732618876627104,1.1660758701927108,0.9328606961541686,0.25,,12.267381123372896,out,,,,
Prect,256,18,0,69,0.9129578938544802,0.0025037236981009237,5.761444237946672,1.1527424766808483,0.9221939813446787,0.25,,12.238555762053327,out,,,,
Prect,256,18,0,68,0.9154444078122866,0.002469304217511903,5.790055636131077,1.1392852290613713,0.911428183249097,0.25,,12.209944363868923,out,,,,
Prect,256,18,0,67,0.9178964558055501,0.0024347917690150656,5.81844549994241,1.1257046869826568,0.9005637495861254,0.25,,12.18155450005759,out,,,,
Prect,256,18,0,66,0.9203139455160497,0.0024001876519841314,5.846606465322538,1.1120014563827008,0.8896011651061606,0.25,,12.153393534677463,out,,,,
Prect,256,18,0,65,0.9226967859266643,0.0023654931692449477,5.874531377955133,1.098176189363471,0.8785409514907767,0.25,,12.125468622044867,out,,,,
Prect,256,18,0,64,0.9250448873247991,0.002330709627024641,5.902213294087565,1.0842295840142897,0.8673836672114318,0.25,,12.097786705912435,out,,,,
Prect,256,18,0,63,0.9273581613057634,0.002295838334904099,5.929645479447123,1.0701623841860333,0.8561299073488267,0.25,,12.070354520552877,out,,,,
Prect,256,18,0,62,0.9296365207760996,0.002260880605768234,5.956821406104213,1.0559753792183078,0.8447803033746462,0.25,,12.043178593895787,out,,,,
Prect,256,18,0,61,0.9318798799568613,0.0022258377557551334,5.983734747161456,1.0416694036221217,0.8333355228976973,0.25,,12.016265252838544,out,,,,
Prect,256,18,0,60,0.9340881543868432,0.0021907111042087646,6.010379369083845,1.0272453367208885,0.8217962693767108,0.25,,11.989620630916155,out,,,,
Prect,256,18,0,59,0.9362612609257612,0.0021555019736272385,6.036749321578771,1.0127041022530276,0.8101632818024221,0.25,,11.963250678421229,out,,,,
Prect,256,18,0,58,0.9383991177573824,0.0021202116896150702,6.062838824894458,0.9980466679397604,0.7984373343518083,0.25,,11.937161175105542,out,,,,
Prect,256,18,0,57,0.9405016443926053,0.0020848415808307763,6.088642254360115,0.9832740450220256,0.7866192360176205,0.25,,11.911357745639885,out,,,,
Prect,256,18,0,56,0.9425687616724905,0.0020493929789396903,6.114154122211179,0.9683872877709631,0.7747098302167704,0.25,,11.885845877788821,out,,,,
Prect,256,18,0,55,0.9446003917712409,0.002013867218560894,6.139369056499976,0.9533874929765404,0.7627099943812323,0.25,,11.860630943500023,out,,,,
Prect,256,18,0,54,0.9465964581991312,0.0019782656372198115,6.164281777119521,0.9382757994194268,0.7506206395355415,0.25,,11.83571822288048,out,,,,
Prect,256,18,0,53,0.9485568858053889,0.0019425895752955835,6.188887068971397,0.9230533873314325,0.738442709865146,0.25,,11.811112931028603,out,,,,
Prect,256,18,0,52,0.9504816007810225,0.0019068403759716634,6.21317975224181,0.9077214778501222,0.7261771822800978,0.25,,11.78682024775819,out,,,,
Prect,256,18,0,51,0.952370530661601,0.001871019385185524,6.237154649984518,0.8922813324734956,0.7138250659787965,0.25,,11.762845350015482,out,,,,
Prect,256,18,0,50,0.9542236043299823,0.0018351279515768093,6.260806553127129,0.8767342525207552,0.7013874020166042,0.25,,11.739193446872871,out,,,,
Prect,256,18,0,49,0.9560407520189897,0.001799167426438153,6.284130183188804,0.861081578605364,0.6888652628842913,0.25,,11.715869816811196,out,,,,
Prect,256,18,0,48,0.9578219053140402,0.0017631391636626637,6.307120153007737,0.8453246901265337,0.6762597521012269,0.25,,11.692879846992263,out,,,,
Prect,256,18,0,47,0.9595669971557186,0.0017270445196942985,6.3297709259930715,0.8294650047854039,0.663572003828323,0.25,,11.67022907400693,out,,,,
Prect,256,18,0,46,0.9612759618423037,0.0016908848534756826,6.352076774401763,0.8135039781318075,0.650803182505446,0.25,,11.647923225598237,out,,,,
Prect,256,18,0,45,0.9629487350322407,0.001654661526398371,6.374031737413995,0.797443103147442,0.6379544825179536,0.25,,11.625968262586005,out,,,,
Prect,256,18,0,44,0.9645852537465646,0.001618375902249447,6.395629579808898,0.7812839098706242,0.6250271278964994,0.25,,11.604370420191103,out,,,,
Prect,256,18,0,43,0.9661854563712706,0.0015820293471627833,6.416863752325854,0.7650279650674126,0.6120223720539301,0.25,,11.583136247674146,out,,,,
Prect,256,18,0,42,0.9677492826596348,0.0015456232295653072,6.437727354870832,0.7486768719529178,0.5989414975623342,0.25,,11.562272645129168,out,,,,
Prect,256,18,0,41,0.9692766737344807,0.0015091589201265965,6.458213103990892,0.7322322699657676,0.5857858159726141,0.25,,11.541786896009107,out,,,,
Prect,256,18,0,40,0.9707675720903979,0.0014726377917078093,6.478313306219818,0.7156958345973579,0.5725566676778863,0.25,,11.521686693780183,out,,,,
Prect,256,18,0,39,0.9722219215959059,0.0014360612193082822,6.498019839044945,0.6990692772761771,0.5592554218209417,0.25,,11.501980160955055,out,,,,
Prect,256,18,0,38,0.973639667495568,0.0013994305800157925,6.51732414139658,0.6823543453056501,0.54588347624452,0.25,,11.48267585860342,out,,,,
Prect,256,18,0,37,0.9750207564120521,0.0013627472529526008,6.536217215791443,0.6655528218521393,0.5324422574817114,0.25,,11.463782784208558,out,,,,
Prect,256,18,0,36,0.9763651363481414,0.0013260126192259358,6.554689644102733,0.6486665259774164,0.518933220781933,0.25,,11.445310355897266,out,,,,
Prect,256,18,0,35,0.9776727566886909,0.0012892280618731489,6.572731619038403,0.6316973127076901,0.5053578501661521,0.25,,11.427268380961596,out,,,,
Prect,256,18,0,34,0.978943568202534,0.0012523949658129752,6.590332993107504,0.6146470731287358,0.49171765850298865,0.25,,11.409667006892496,out,,,,
Prect,256,18,0,33,0.9801775230443355,0.0012155147177899117,6.607483346527248,0.5975177344943446,0.4780141875954757,0.25,,11.392516653472752,out,,,,
Prect,256,18,0,32,0.9813745747563929,0.0011785887063248124,6.624172074897079,0.5803112603330415,0.46424900826643317,0.25,,11.375827925102922,out,,,,
Prect,256,18,0,31,0.9825346782703858,0.001141618321661042,6.640388496651565,0.5630296505363369,0.45042372042906953,0.25,,11.359611503348436,out,,,,
Prect,256,18,0,30,0.9836577899090726,0.0011046049557127402,6.656121979291905,0.5456749414107481,0.4365399531285985,0.25,,11.343878020708095,out,,,,
Prect,256,18,0,29,0.9847438673879352,0.0010675500020121964,6.671362082139148,0.5282492056760307,0.4225993645408246,0.25,,11.328637917860853,out,,,,
Prect,256,18,0,28,0.98579286981677,0.0010304548556573367,6.686098711869369,0.5107545523936393,0.40860364191491144,0.25,,11.31390128813063,out,,,,
Prect,256,18,0,27,0.9868047577012284,0.0009933209132598764,6.700322285901792,0.4931931268131436,0.39455450145051485,0.25,,11.299677714098209,out,,,,
Prect,256,18,0,26,0.987779492944304,0.0009561495728910296,6.714023897191572,0.4755671101304379,0.3804536881043503,0.25,,11.285976102808428,out,,,,
Prect,256,18,0,25,0.9887170388477653,0.0009189422340315501,6.727195473207134,0.4578787191606121,0.3663029753284897,0.25,,11.272804526792866,out,,,,
Prect,256,18,0,24,0.989617360113539,0.0008817002975159971,6.739829921167196,0.44013020594059865,0.3521041647524789,0.25,,11.260170078832804,out,,,,
Prect,256,18,0,23,0.9904804228450386,0.0008444251654829982,6.751921251867663,0.4223238572933425,0.337859085834674,0.25,,11.248078748132336,out,,,,
Prect,256,18,0,22,0.9913061945484398,0.0008071182413195155,6.763464675065463,0.40446199440628117,0.32356959552502496,0.25,,11.236535324934536,out,,,,
Prect,256,18,0,21,0.9920946441339047,0.0007697809296104419,6.774456660889549,0.3865469725040773,0.30923757800326185,0.25,,11.225543339110452,out,,,,
Prect,256,18,0,20,0.9928457419167522,0.0007324146360845329,6.7848949636944225,0.3685811807313679,0.2948649445850943,0.25,,11.215105036305577,out,,,,
Prect,256,18,0,19,0.9935594596185753,0.0006950207675615605,6.794778607120708,0.35056704240923453,0.28045363392738765,0.25,,11.205221392879292,out,,,,
Prect,256,18,0,18,0.9942357703683058,0.0006576007318993549,6.8041078315490795,0.33250701589646325,0.2660056127171706,0.25,,11.195892168450921,out,,,,
Prect,256,18,0,17,0.9948746487032261,0.0006201559379414023,6.812884007319153,0.3144035963861884,0.2515228771089507,0.25,,11.187115992680848,out,,,,
Prect,256,18,0,16,0.9954760705699284,0.0005826877954629994,6.821109519008034,0.2962593191210911,0.2370074552968729,0.25,,11.178890480991967,out,,,,
Prect,256,18,0,15,0.996040013325219,0.0005451977151181842,6.828787627137908,0.27807676475521204,0.22246141180416962,0.25,,11.171212372862092,out,,,,
Prect,256,18,0,14,0.9965664557369718,0.0005076871083876666,6.8359223145054955,0.25985856799638196,0.20788685439710558,0.25,,11.164077685494505,out,,,,
Prect,256,18,0,13,0.9970553779849279,0.00047015738752453906,6.84251812405515,0.24160743136257815,0.19328594509006253,0.25,,11.15748187594485,out,,,,
Prect,256,18,0,12,0.9975067616614409,0.00043260996550142927,6.848579994943855,0.22332614713258825,0.1786609177060706,0.25,,11.151420005056146,out,,,,
Prect,256,18,0,11,0.9979205897721704,0.00039504625595754295,6.85411310221501,0.20501763288843497,0.16401410631074798,0.25,,11.14588689778499,out,,,,
Prect,256,18,0,10,0.9982968467367219,0.000357467673145595,6.859122704715886,0.18668499055801857,0.14934799244641486,0.25,,11.140877295284113,out,,,,
Prect,256,18,0,9,0.9986355183892336,0.0003198756318776308,6.863614004423511,0.1683316081392615,0.13466528651140922,0.25,,11.13638599557649,out,,,,
Prect,256,18,0,8,0.9989365919789088,0.00028227154747295646,6.867592019388577,0.14996134363676586,0.11996907490941269,0.25,,11.132407980611422,out,,,,
Prect,256,18,0,7,0.9992000561704975,0.0002446568357041823,6.871061471404111,0.13157887908938715,0.10526310327150971,0.25,,11.128938528595889,out,,,,
Prect,256,18,0,6,0.9994259010447213,0.0002070329127435988,6.874026688777294,0.11319045935141493,0.09055236748113195,0.25,,11.125973311222706,out,,,,
Prect,256,18,0,5,0.9996141180986486,0.0001694011951111074,6.876491523917736,0.0948056076431069,0.07584448611448552,0.25,,11.123508476082264,out,,,,
